feature,threshold,normalized_gini_gain,normalized_adjacent_gap,score_margin_only,left_n,right_n,score_alpha_0,score_alpha_01,score_alpha_03,score_alpha_05,score_alpha_07,score_alpha_10,selected_score_alpha_0,selected_score_alpha_01,selected_score_alpha_03,selected_score_alpha_05,selected_score_alpha_07,selected_score_alpha_10,selected_score_margin_only
0,-0.8481971095611633,0.0007183908045976795,0.010777521170130899,0.010777521170130899,3,29,0.0007183908045976795,0.0007191650518081773,0.0007207135462291731,0.000722262040650169,0.0007238105350711646,0.0007261332767026583,False,False,False,False,False,False,False
0,-0.7938314572007732,0.008928571428571508,0.009237875288683584,0.009237875288683584,4,28,0.008928571428571508,0.008936819531507833,0.008953315737380481,0.008969811943253131,0.00898630814912578,0.009011052457934755,False,False,False,False,False,False,False
0,-0.639098446636586,0.0004629629629629983,0.0477290223248653,0.0477290223248653,5,27,0.0004629629629629983,0.000465172639922483,0.0004695919938414523,0.00047401134776042174,0.00047843070167939104,0.00048505973255784504,False,False,False,False,False,False,False
0,-0.4718195162969241,0.001602564102564208,0.013856812933025396,0.013856812933025396,6,26,0.001602564102564208,0.0016047847456624495,0.0016092260318589322,0.001613667318055415,0.0016181086042518977,0.0016247705335466218,False,False,False,False,False,False,False
0,-0.42790879708276286,0.008928571428571397,0.0023094688221708907,0.0023094688221708907,7,25,0.008928571428571397,0.008930633454305477,0.008934757505773641,0.008938881557241802,0.008943005608709965,0.00894919168591221,False,False,False,False,False,False,False
0,-0.40490794416105935,0.0,0.006158583525789086,0.006158583525789086,8,24,0.0,0.0,0.0,0.0,0.0,0.0,False,False,False,False,False,False,False
0,-0.3589062383176523,0.0027173913043480047,0.010777521170130857,0.010777521170130857,9,23,0.0027173913043480047,0.0027203199785790187,0.002726177327041047,0.0027320346755030744,0.0027378920239651025,0.002746678046658145,False,False,False,False,False,False,False
0,-0.32126847899122835,0.001136363636363713,0.003079291762894538,0.003079291762894538,10,22,0.001136363636363713,0.0011367135558822238,0.0011374133949192454,0.0011381132339562667,0.0011388130729932885,0.0011398628315488209,False,False,False,False,False,False,False
0,-0.27526677314782133,0.00027056277056281,0.013856812933025401,0.013856812933025401,11,21,0.00027056277056281,0.000270937684332643,0.000271687511872309,0.0002724373394119749,0.0002731871669516409,0.0002743119082611399,False,False,False,False,False,False,False
0,-0.21881013415818543,0.004166666666666652,0.006928406466512714,0.006928406466512714,12,20,0.004166666666666652,0.004169553502694366,0.004175327174749792,0.00418110084680522,0.004186874518860647,0.004195535026943788,False,False,False,False,False,False,False
0,-0.15608053528081223,0.012398785425101089,0.01616628175519629,0.01616628175519629,13,19,0.012398785425101089,0.01241882965096153,0.012458918102682412,0.01249900655440329,0.012539095006124172,0.012599227683705493,False,False,False,False,False,False,False
0,-0.08080501662796438,0.0009920634920637106,0.011547344110854512,0.011547344110854512,14,18,0.0009920634920637106,0.000993209061915978,0.0009955002016205133,0.0009977913413250486,0.0010000824810295836,0.001003519190586386,False,False,False,False,False,False,False
0,-0.02853035089682,0.006127450980392246,0.007698229407236342,0.007698229407236342,15,17,0.006127450980392246,0.006132168032725111,0.006141602137390843,0.006151036242056573,0.006160470346722305,0.006174621503720901,False,False,False,False,False,False,False
0,0.08438292708245183,0.015625,0.03387220939183988,0.03387220939183988,16,16,0.015625,0.01567792532717475,0.01578377598152425,0.01588962663587375,0.01599547729022325,0.0161542532717475,False,False,False,False,False,False,False
0,0.20356916494946087,0.029656862745098156,0.0100076982294072,0.0100076982294072,17,15,0.029656862745098156,0.029686542438376543,0.02974590182493332,0.0298052612114901,0.029864620598046877,0.02995365967788205,False,False,False,False,False,False,False
0,0.25793481730985096,0.04861111111111116,0.010007698229407261,0.010007698229407261,18,14,0.04861111111111116,0.048659759644170776,0.048757056710290014,0.048854353776409246,0.048951650842528484,0.04909759644170735,False,False,False,False,False,False,False
0,0.3185734295579784,0.07312753036437236,0.012317167051578112,0.012317167051578112,19,13,0.07312753036437236,0.07321760276512909,0.07339774756664255,0.07357789236815603,0.07375803716966949,0.07402825437193968,False,False,False,False,False,False,False
0,0.3813030284353517,0.03749999999999998,0.01077752117013091,0.01077752117013091,20,12,0.03749999999999998,0.03754041570438797,0.037621247113163954,0.037702078521939936,0.03778290993071591,0.03790415704387989,False,False,False,False,False,False,False
0,0.41266782787403833,0.06087662337662336,0.0007698229407236064,0.0007698229407236064,21,11,0.06087662337662336,0.060881309798746265,0.06089068264299209,0.06090005548723792,0.060909428331483745,0.060923487597852474,False,False,False,False,False,False,False
0,0.4586695337174452,0.09204545454545454,0.016166281755196278,0.016166281755196278,22,10,0.09204545454545454,0.09219425782070123,0.09249186437119462,0.092789470921688,0.0930870774721814,0.09353348729792146,False,False,False,False,False,False,False
0,0.5506729454042593,0.05102657004830913,0.017705927636643613,0.017705927636643613,23,9,0.05102657004830913,0.05111691732399128,0.05129761187535557,0.051478306426719876,0.051659000978084166,0.05193004280513061,False,False,False,False,False,False,False
0,0.600856624506158,0.08333333333333337,0.0007698229407236575,0.0007698229407236575,24,8,0.08333333333333337,0.08333974852450605,0.08335257890685145,0.08336540928919685,0.08337823967154225,0.08339748524506034,False,False,False,False,False,False,False
0,0.6426763570910735,0.04321428571428587,0.014626635873749023,0.014626635873749023,25,7,0.04321428571428587,0.04327749367645457,0.043403909600791976,0.04353032552512938,0.04365674144946678,0.04384636533597289,False,False,False,False,False,False,False
0,0.7723175281043114,0.07852564102564097,0.03310238645111623,0.03310238645111623,26,6,0.07852564102564097,0.0787855796371962,0.07930545686030668,0.07982533408341717,0.08034521130652765,0.08112502714119336,False,False,False,False,False,False,False
0,1.2720633324940513,0.03749999999999998,0.1508852963818322,0.1508852963818322,27,5,0.03749999999999998,0.03806581986143185,0.03919745958429559,0.040329099307159326,0.041460739030023064,0.04315819861431868,False,False,False,False,False,False,False
0,1.7864460432885119,0.008928571428571508,0.03849114703618169,0.03849114703618169,28,4,0.008928571428571508,0.008962938524139527,0.009031672715275567,0.009100406906411606,0.009169141097547646,0.009272242384251705,False,False,False,False,False,False,False
0,2.087548117899903,0.03520114942528729,0.07236335642802152,0.07236335642802152,29,3,0.03520114942528729,0.035455876757541104,0.035965331422048726,0.03647478608655635,0.03698424075106397,0.0377484227478254,False,False,False,False,False,False,False
1,-0.7366367663440809,0.0007183908045976795,0.010591900311526499,0.010591900311526499,3,29,0.0007183908045976795,0.0007191517169763811,0.0007206735417337843,0.0007221953664911875,0.0007237171912485906,0.0007259999283846954,False,False,False,False,False,False,False
1,-0.7060608562902682,0.008928571428571175,0.0024922118380062168,0.0024922118380062168,4,28,0.008928571428571175,0.00893079661771225,0.008935246995994406,0.008939697374276561,0.008944147752558713,0.008950823319981944,False,False,False,False,False,False,False
1,-0.5997731689603474,0.02268518518518503,0.04299065420560749,0.04299065420560749,5,27,0.02268518518518503,0.022782710280373677,0.022977760470750966,0.023172810661128262,0.02336786085150555,0.023660436137071493,False,False,False,False,False,False,False
1,-0.44252563154073854,0.001602564102564208,0.024299065420560748,0.024299065420560748,6,26,0.001602564102564208,0.001606458183561093,0.001614246345554863,0.0016220345075486327,0.0016298226695424028,0.0016415049125330578,False,False,False,False,False,False,False
1,-0.3653578585477824,0.003214285714285725,0.008722741433021795,0.008722741433021795,7,25,0.003214285714285725,0.0032170894526034823,0.0032226969292389962,0.00322830440587451,0.003233911882510024,0.0032423230974632953,False,False,False,False,False,False,False
1,-0.3216779870423355,0.0,0.009968847352024926,0.009968847352024926,8,24,0.0,0.0,0.0,0.0,0.0,0.0,False,False,False,False,False,False,False
1,-0.26343815836840634,0.0027173913043480047,0.014953271028037384,0.014953271028037384,9,23,0.0027173913043480047,0.0027214546932143196,0.002729581470946949,0.002737708248679579,0.0027458350264122078,0.0027580251930111525,False,False,False,False,False,False,False
1,-0.22412627401350416,0.001136363636363713,0.0018691588785046862,0.0018691588785046862,10,22,0.001136363636363713,0.001136576040781725,0.0011370008496177488,0.0011374256584537727,0.0011378504672897964,0.001138487680543832,False,False,False,False,False,False,False
1,-0.18918237680914662,0.00027056277056281,0.013084112149532697,0.013084112149532697,11,21,0.00027056277056281,0.00027091677792616316,0.0002716247926528696,0.00027233280737957603,0.0002730408221062824,0.00027410284419634204,False,False,False,False,False,False,False
1,-0.1571504710384856,0.004166666666666652,0.000623052959501572,0.000623052959501572,12,20,0.004166666666666652,0.004166926272066444,0.004167445482866029,0.004167964693665613,0.004168483904465198,0.004169262720664575,False,False,False,False,False,False,False
1,-0.1120146038161905,0.012398785425101089,0.018691588785046707,0.018691588785046707,13,19,0.012398785425101089,0.01242196072496109,0.012468311324681096,0.012514661924401097,0.012561012524121102,0.012630538423701109,False,False,False,False,False,False,False
1,0.004465053531667859,0.024801587301587213,0.03115264797507791,0.03115264797507791,14,18,0.024801587301587213,0.024878850813430168,0.02503337783711607,0.025187904860801972,0.02534243188448787,0.025574222420016723,False,False,False,False,False,False,False
1,0.07872083509092756,0.006127450980392246,0.0006230529595015334,0.0006230529595015334,15,17,0.006127450980392246,0.006127832753038999,0.006128596298332506,0.006129359843626014,0.006130123388919519,0.0061312687068597795,False,False,False,False,False,False,False
1,0.12822468946376736,0.015625,0.02056074766355143,0.02056074766355143,16,16,0.015625,0.0156571261682243,0.0157213785046729,0.015785630841121497,0.015849883177570093,0.01594626168224299,False,False,False,False,False,False,False
1,0.20248047102302708,0.029656862745098156,0.01121495327102801,0.01121495327102801,17,15,0.029656862745098156,0.029690122778083312,0.02975664284405363,0.029823162910023942,0.02988968297599425,0.02998946307494972,False,False,False,False,False,False,False
1,0.2825602354496797,0.008928571428571397,0.02305295950155764,0.02305295950155764,18,14,0.008928571428571397,0.008949154428126358,0.008990320427236284,0.009031486426346207,0.009072652425456131,0.009134401424121018,False,False,False,False,False,False,False
1,0.3568160170089394,0.02049595141700411,0.008722741433021805,0.008722741433021805,19,13,0.02049595141700411,0.020513829505467544,0.020549585682394404,0.02058534185932126,0.02062109803624812,0.020674732301638413,False,False,False,False,False,False,False
1,0.4631037043388601,0.03749999999999998,0.0367601246105919,0.0367601246105919,20,12,0.03749999999999998,0.037637850467289694,0.03791355140186913,0.03818925233644857,0.038464953271028016,0.03887850467289718,False,False,False,False,False,False,False
1,0.5737593788193256,0.06087662337662336,0.010591900311526499,0.010591900311526499,21,11,0.06087662337662336,0.06094110328923412,0.061070063114455626,0.061199022939677133,0.061327982764898634,0.0615214225027309,False,False,False,False,False,False,False
1,0.6218072374753172,0.02840909090909094,0.00996884735202489,0.00996884735202489,22,10,0.02840909090909094,0.02843741149815919,0.0284940526762957,0.0285506938544322,0.02860733503256871,0.02869229679977347,False,False,False,False,False,False,False
1,0.7004310061851214,0.05102657004830913,0.02367601246105919,0.02367601246105919,23,9,0.05102657004830913,0.05114738061914002,0.05138900176080179,0.05163062290246357,0.05187224404412535,0.052234675756618,False,False,False,False,False,False,False
1,0.7746867877443813,0.08333333333333337,0.008099688473520305,0.008099688473520305,24,8,0.08333333333333337,0.08340083073727937,0.08353582554517137,0.08367082035306339,0.08380581516095538,0.0840083073727934,False,False,False,False,False,False,False
1,1.0003661238558568,0.1289285714285714,0.0884735202492211,0.0884735202492211,25,7,0.1289285714285714,0.13006924788607027,0.13235060080106803,0.13463195371606582,0.1369133066310636,0.14033533600356024,False,False,False,False,False,False,False
1,1.2260454599673323,0.19391025641025628,0.008099688473520352,0.008099688473520352,26,6,0.19391025641025628,0.19406731767713062,0.19438144021087933,0.19469556274462804,0.19500968527837673,0.19548086907899978,False,False,False,False,False,False,False
1,1.3614530616342178,0.1337962962962964,0.04984423676012457,0.04984423676012457,27,5,0.1337962962962964,0.13446319372331844,0.13579698857736253,0.1371307834314066,0.1384645782854507,0.1404652705665168,False,False,False,False,False,False,False
1,1.4793887146989242,0.0803571428571429,0.0006230529595015363,0.0006230529595015363,28,4,0.0803571428571429,0.08036214953271033,0.08037216288384517,0.08038217623498002,0.08039218958611487,0.08040720961281714,False,False,False,False,False,False,False
1,1.5419965305233982,0.03520114942528729,0.02616822429906543,0.02616822429906543,29,3,0.03520114942528729,0.035293264582661875,0.03547749489741105,0.03566172521216021,0.035845955526909376,0.03612230099903313,False,False,False,False,False,False,False
2,-0.6406773949039699,0.16163793103448276,0.012928248222365882,0.012928248222365882,3,29,0.16163793103448276,0.1618469005639391,0.1622648396228518,0.16268277868176448,0.16310071774067716,0.1637276263290462,False,False,False,False,False,False,False
2,-0.6143668752389823,0.0803571428571429,0.0006464124111182755,0.0006464124111182755,4,28,0.0803571428571429,0.08036233724258939,0.08037272601348236,0.08038311478437533,0.08039350355526831,0.08040908671160776,False,False,False,False,False,False,False
2,-0.5993322925732751,0.03749999999999998,0.007110536522301231,0.007110536522301231,5,27,0.03749999999999998,0.03752666451195861,0.037579993535875864,0.037633322559793125,0.03768665158371039,0.03776664511958627,False,False,False,False,False,False,False
2,-0.5016075052461783,0.014423076923076983,0.043309631544925675,0.043309631544925675,6,26,0.014423076923076983,0.014485542737805241,0.014610474367261757,0.014735405996718274,0.014860337626174794,0.015047735070359568,False,False,False,False,False,False,False
2,-0.3901010171421831,0.04321428571428587,0.014221073044602461,0.014221073044602461,7,25,0.04321428571428587,0.04327574106565719,0.043398651768399826,0.04352156247114246,0.0436444731738851,0.04382883922799905,False,False,False,False,False,False,False
2,-0.2485253637067736,0.02083333333333337,0.058823529411764684,0.058823529411764684,8,24,0.02083333333333337,0.020955882352941213,0.0212009803921569,0.021446078431372584,0.021691176470588276,0.022058823529411804,False,False,False,False,False,False,False
2,-0.12198429293707133,0.007548309178743939,0.006464124111182941,0.006464124111182941,9,23,0.007548309178743939,0.007553188499480038,0.007562947140952234,0.007572705782424431,0.007582464423896627,0.007597102386104921,False,False,False,False,False,False,False
2,-0.10319106460493731,0.001136363636363713,0.0032320620555914706,0.0032320620555914706,10,22,0.001136363636363713,0.0011367309161427577,0.0011374654757008466,0.0011382000352589355,0.0011389345948170247,0.0011400364341541582,False,False,False,False,False,False,False
2,-0.06435172605186038,0.00027056277056281,0.01680672268907562,0.01680672268907562,11,21,0.00027056277056281,0.00027101749790829367,0.0002719269525992611,0.00027283640729022855,0.00027374586198119594,0.0002751100440176471,False,False,False,False,False,False,False
2,-0.002960513500222599,0.004166666666666652,0.014867485455720773,0.014867485455720773,12,20,0.004166666666666652,0.004172861452273202,0.004185251023486302,0.004197640594699403,0.004210030165912503,0.004228614522732155,False,False,False,False,False,False,False
2,0.06970663605069555,0.00025303643724705616,0.022624434389140247,0.022624434389140247,13,19,0.00025303643724705616,0.00025360891787431193,0.0002547538791288235,0.0002558988403833351,0.00025704380163784664,0.00025876124351961396,False,False,False,False,False,False,False
2,0.14613243126804054,0.0009920634920637106,0.016806722689075668,0.016806722689075668,14,18,0.0009920634920637106,0.0009937308256638177,0.0009970654928640318,0.001000400160064246,0.0010037348272644601,0.0010087368280647813,False,False,False,False,False,False,False
2,0.2112822894861051,0.006127450980392246,0.016806722689075612,0.016806722689075612,15,17,0.006127450980392246,0.006137749217334082,0.006158345691217753,0.0061789421651014245,0.006199538638985096,0.006230433349810603,False,False,False,False,False,False,False
2,0.2939724941474947,0.015625,0.02585649644473172,0.02585649644473172,16,16,0.015625,0.015665400775694893,0.01574620232708468,0.015827003878474466,0.015907805429864252,0.016029007756948932,False,False,False,False,False,False,False
2,0.40547898225148976,0.029656862745098156,0.031674208144796386,0.031674208144796386,17,15,0.029656862745098156,0.029750798509449145,0.029938670038151125,0.030126541566853102,0.03031441309555508,0.030596220388608056,False,False,False,False,False,False,False
2,0.47564036802479004,0.008928571428571397,0.004524886877828057,0.004524886877828057,18,14,0.008928571428571397,0.008932611506140886,0.008940691661279865,0.008948771816418843,0.008956851971557822,0.00896897220426629,False,False,False,False,False,False,False
2,0.4994451239121599,0.00025303643724705616,0.007756948933419549,0.007756948933419549,19,13,0.00025303643724705616,0.00025323271631925813,0.0002536252744636621,0.0002540178326080661,0.00025441039075247004,0.00025499922796907597,False,False,False,False,False,False,False
2,0.5257556435771475,0.004166666666666763,0.005817711700064651,0.005817711700064651,20,12,0.004166666666666763,0.004169090713208456,0.0041739388062918435,0.004178786899375231,0.004183634992458618,0.0041909071320837,False,False,False,False,False,False,False
2,0.5445488719092816,0.01325757575757569,0.0038784744667097674,0.0038784744667097674,21,11,0.01325757575757569,0.013262717674482312,0.013273001508295558,0.013283285342108804,0.01329356917592205,0.013308994926641917,False,False,False,False,False,False,False
2,0.6034343206833014,0.001136363636363713,0.026502908855849983,0.026502908855849983,22,10,0.001136363636363713,0.001139375330551878,0.001145398718928208,0.001151422107304538,0.0011574454956808679,0.0011664805782453627,False,False,False,False,False,False,False
2,0.7199523363425321,0.0027173913043480047,0.03361344537815124,0.03361344537815124,23,9,0.0027173913043480047,0.0027265253927659812,0.002744793569601934,0.002763061746437887,0.0027813299232738397,0.0028087321885277693,False,False,False,False,False,False,False
2,0.8728039267772221,0.0,0.0452488687782806,0.0452488687782806,24,8,0.0,0.0,0.0,0.0,0.0,0.0,False,False,False,False,False,False,False
2,0.9780460054371726,0.003214285714285725,0.009049773755656085,0.009049773755656085,25,7,0.003214285714285725,0.0032171945701357572,0.003223012281835822,0.0032288299935358867,0.0032346477052359515,0.0032433742727860483,False,False,False,False,False,False,False
2,1.008115170768587,0.001602564102564208,0.006464124111182955,0.006464124111182955,26,6,0.001602564102564208,0.001603600019889718,0.0016056718545407384,0.0016077436891917586,0.001609815523842779,0.0016129232758193095,False,False,False,False,False,False,False
2,1.158460997425659,0.0004629629629629983,0.07110536522301225,0.07110536522301225,27,5,0.0004629629629629983,0.0004662548780196195,0.00047283870813286187,0.0004794225382461042,0.0004860063683593467,0.0004958821135292102,False,False,False,False,False,False,False
2,1.479198760960746,0.008928571428571508,0.09437621202327086,0.09437621202327086,28,4,0.008928571428571508,0.009012835903592286,0.009181364853633842,0.0093498938036754,0.009518422753716956,0.009771216178779291,False,False,False,False,False,False,False
2,1.8838796110460316,0.03520114942528729,0.11441499676793797,0.11441499676793797,29,3,0.03520114942528729,0.03560390336505949,0.03640941124460388,0.03721491912414827,0.03802042700369265,0.03922868882300924,False,False,False,False,False,False,False
3,-0.659328715448585,0.0007183908045976795,0.013764213046080205,0.013764213046080205,3,29,0.0007183908045976795,0.0007193796130061621,0.0007213572298231276,0.0007233348466400931,0.0007253124634570586,0.0007282788886825069,False,False,False,False,False,False,False
3,-0.6327931784159804,0.008928571428571508,0.0017953321364452383,0.0017953321364452383,4,28,0.008928571428571508,0.008930174403693333,0.008933380353936985,0.008936586304180639,0.008939792254424291,0.00894460117978977,False,False,False,False,False,False,False
3,-0.6225872026342094,0.03749999999999998,0.004189108318372245,0.004189108318372245,5,27,0.03749999999999998,0.03751570915619388,0.037547127468581666,0.03757854578096946,0.03760996409335725,0.037657091561938937,False,False,False,False,False,False,False
3,-0.607278238961553,0.014423076923076983,0.0047875523638539795,0.0047875523638539795,6,26,0.014423076923076983,0.014429982046678695,0.01444379229388212,0.014457602541085546,0.014471412788288972,0.01449212815909411,False,False,False,False,False,False,False
3,-0.49093011504936424,0.003214285714285725,0.06343506882106524,0.06343506882106524,7,25,0.003214285714285725,0.0032346755578353532,0.0032754552449346095,0.0033162349320338663,0.0033570146191331226,0.0034181841497820066,False,False,False,False,False,False,False
3,-0.3613142226208732,0.0,0.012567324955116685,0.012567324955116685,8,24,0.0,0.0,0.0,0.0,0.0,0.0,False,False,False,False,False,False,False
3,-0.3266139049628521,0.0027173913043480047,0.007779772591262689,0.007779772591262689,9,23,0.0027173913043480047,0.002719505372986935,0.002723733510264795,0.002727961647542656,0.0027321897848205158,0.002738531990737307,False,False,False,False,False,False,False
3,-0.30314016066477895,0.001136363636363713,0.005984440454817483,0.005984440454817483,10,22,0.001136363636363713,0.001137043686415397,0.0011384037865187647,0.0011397638866221323,0.0011411239867255,0.0011431641368805515,False,False,False,False,False,False,False
3,-0.27150163574128894,0.00027056277056281,0.012567324955116718,0.012567324955116718,11,21,0.00027056277056281,0.00027090279558865193,0.00027158284564033583,0.00027226289569201974,0.0002729429457437036,0.0002739630208212295,False,False,False,False,False,False,False
3,-0.23271892777055936,0.004166666666666763,0.010173548773189703,0.010173548773189703,12,20,0.004166666666666763,0.004170905645322258,0.004179383602633251,0.004187861559944241,0.004196339517255234,0.0042090564532217215,False,False,False,False,False,False,False
3,-0.1776066585489963,0.00025303643724705616,0.02214242968282463,0.02214242968282463,13,19,0.00025303643724705616,0.0002535967213989497,0.0002547172897027368,0.00025583785800652387,0.0002569584263103109,0.00025863927876599153,False,False,False,False,False,False,False
3,-0.08881466924758907,0.0009920634920637106,0.029922202274087397,0.029922202274087397,14,18,0.0009920634920637106,0.0009950319645115372,0.001000968909407191,0.0010069058543028444,0.001012842799198498,0.0010217482165419784,False,False,False,False,False,False,False
3,-0.005125667837067267,0.006127450980392246,0.01915020945541593,0.01915020945541593,15,17,0.006127450980392246,0.006139185177362477,0.006162653571302937,0.006186121965243398,0.00620959035918386,0.0062447929500945515,False,False,False,False,False,False,False
3,0.045904211071787424,0.0,0.010771992818671429,0.010771992818671429,16,16,0.0,0.0,0.0,0.0,0.0,0.0,False,False,False,False,False,False,False
3,0.09999588271517343,0.0022058823529413907,0.020945541591861176,0.020945541591861176,17,15,0.0022058823529413907,0.0022105026929984195,0.002219743373112477,0.002228984053226534,0.002238224733340591,0.002252085753511677,False,False,False,False,False,False,False
3,0.1397991882640801,0.008928571428571397,0.0023937761819269737,0.0023937761819269737,18,14,0.008928571428571397,0.008930708728733831,0.008934983329058701,0.008939257929383571,0.00894353252970844,0.008949944430195745,False,False,False,False,False,False,False
3,0.22654998240913315,0.00025303643724705616,0.04847396768402157,0.04847396768402157,19,13,0.00025303643724705616,0.00025426300525525556,0.0002567161412716543,0.000259169277288053,0.0002616224133044518,0.00026530211732904993,False,False,False,False,False,False,False
3,0.3898455949174682,0.004166666666666763,0.047277079593057984,0.047277079593057984,20,12,0.004166666666666763,0.0041863654498305375,0.004225763016158087,0.004265160582485637,0.004304558148813186,0.0043636544983045086,False,False,False,False,False,False,False
3,0.5163996946114279,0.00027056277056281,0.026929982046678673,0.026929982046678673,21,11,0.00027056277056281,0.0002712913956181856,0.0002727486457289368,0.00027420589583968804,0.00027566314595043923,0.00027784902111656606,False,False,False,False,False,False,False
3,0.5735531589893452,0.010227272727272751,0.0065828845002992185,0.0065828845002992185,22,10,0.010227272727272751,0.01023400522278442,0.01024747021380776,0.010260935204831099,0.010274400195854438,0.01029459768238945,False,False,False,False,False,False,False
3,0.6511185749308045,0.0027173913043480047,0.03889886295631364,0.03889886295631364,23,9,0.0027173913043480047,0.002727961647542656,0.0027491023339319583,0.0027702430203212602,0.0027913837067105626,0.002823094736294516,False,False,False,False,False,False,False
3,0.7501165400139826,0.0,0.019150209455415887,0.019150209455415887,24,8,0.0,0.0,0.0,0.0,0.0,0.0,False,False,False,False,False,False,False
3,0.884835420333359,0.003214285714285725,0.0598444045481747,0.0598444045481747,25,7,0.003214285714285725,0.0032335214157476386,0.0032719928186714653,0.0033104642215952915,0.0033489356245191186,0.003406642728904859,False,False,False,False,False,False,False
3,1.0501722279980483,0.001602564102564208,0.0371035308198683,0.0371035308198683,26,6,0.001602564102564208,0.0016085101812212386,0.0016204023385352998,0.0016322944958493605,0.001644186653163422,0.0016620248891345136,False,False,False,False,False,False,False
3,1.2859302685569571,0.0004629629629629983,0.10113704368641548,0.10113704368641548,27,5,0.0004629629629629983,0.0004676452335040364,0.0004770097745861126,0.0004863743156681889,0.0004957388567502651,0.0005097856683733794,False,False,False,False,False,False,False
3,1.6308922499808154,0.008928571428571508,0.10113704368641528,0.10113704368641528,28,4,0.008928571428571508,0.00901887236043438,0.009199474224160122,0.009380076087885866,0.009560677951611609,0.009831580747200223,False,False,False,False,False,False,False
3,1.8676708881179014,0.03520114942528729,0.0377019748653501,0.0377019748653501,29,3,0.03520114942528729,0.035333864710373655,0.03559929528054638,0.0358647258507191,0.036130156420891825,0.03652830227615091,False,False,False,False,False,False,False
4,-0.9045510331529762,0.0007183908045976795,0.009166666666666662,0.009166666666666662,3,29,0.0007183908045976795,0.000719049329501894,0.0007203663793103231,0.0007216834291187522,0.0007230004789271812,0.0007249760536398249,False,False,False,False,False,False,False
4,-0.7649129477438269,0.008928571428571175,0.05666666666666667,0.05666666666666667,4,28,0.008928571428571175,0.008979166666666412,0.009080357142856883,0.009181547619047358,0.009282738095237832,0.00943452380952354,False,False,False,False,False,False,False
4,-0.6226235062826051,0.02268518518518503,0.010416666666666687,0.010416666666666687,5,27,0.02268518518518503,0.022708815586419597,0.022756076388888734,0.022803337191357867,0.022850597993827007,0.02292148919753071,False,False,False,False,False,False,False
4,-0.5952261604111897,0.001602564102564208,0.002499999999999996,0.002499999999999996,6,26,0.001602564102564208,0.001602964743589849,0.001603766025641131,0.001604567307692413,0.001605368589743695,0.0016065705128206183,False,False,False,False,False,False,False
4,-0.5863883069042815,0.008928571428571397,0.0016666666666666728,0.0016666666666666728,7,25,0.008928571428571397,0.008930059523809491,0.008933035714285682,0.008936011904761872,0.008938988095238064,0.008943452380952349,False,False,False,False,False,False,False
4,-0.515685478849016,0.0,0.031666666666666655,0.031666666666666655,8,24,0.0,0.0,0.0,0.0,0.0,0.0,False,False,False,False,False,False,False
4,-0.365441969231577,0.0027173913043480047,0.039166666666666655,0.039166666666666655,9,23,0.0027173913043480047,0.002728034420290034,0.0027493206521740934,0.002770606884058153,0.0027918931159422126,0.0028238224637683012,False,False,False,False,False,False,False
4,-0.27617964881180435,0.010227272727272751,0.002916666666666684,0.002916666666666684,10,22,0.010227272727272751,0.010230255681818205,0.010236221590909115,0.010242187500000024,0.010248153409090934,0.010257102272727298,False,False,False,False,False,False,False
4,-0.25231744434315223,0.00027056277056281,0.00833333333333332,0.00833333333333332,11,21,0.00027056277056281,0.00027078823953827897,0.000271239177489217,0.000271690115440155,0.00027214105339109303,0.00027281746031750006,False,False,False,False,False,False,False
4,-0.20812817680861137,0.004166666666666763,0.012499999999999982,0.012499999999999982,12,20,0.004166666666666763,0.0041718750000000965,0.004182291666666763,0.00419270833333343,0.004203125000000097,0.004218750000000097,False,False,False,False,False,False,False
4,-0.10207393472571315,0.00025303643724705616,0.03750000000000003,0.03750000000000003,13,19,0.00025303643724705616,0.0002539853238867326,0.00025588309716608555,0.0002577808704454385,0.0002596786437247914,0.0002625253036438208,False,False,False,False,False,False,False
4,0.06761285260692404,0.0009920634920637106,0.0425,0.0425,14,18,0.0009920634920637106,0.0009962797619049815,0.001004712301587523,0.0010131448412700644,0.001021577380952606,0.0010342261904764183,False,False,False,False,False,False,False
4,0.2567429176547592,0.0022058823529413907,0.046666666666666676,0.046666666666666676,15,17,0.0022058823529413907,0.0022161764705884504,0.0022367647058825703,0.00225735294117669,0.0022779411764708092,0.002308823529411989,False,False,False,False,False,False,False
4,0.3760539399980196,0.0,0.009583333333333324,0.009583333333333324,16,16,0.0,0.0,0.0,0.0,0.0,0.0,False,False,False,False,False,False,False
4,0.41494049542841566,0.0022058823529413907,0.008750000000000013,0.008750000000000013,17,15,0.0022058823529413907,0.0022078125000002144,0.002211672794117862,0.002215533088235509,0.0022193933823531566,0.002225183823529628,False,False,False,False,False,False,False
4,0.49448117699058924,0.0009920634920637106,0.028749999999999956,0.028749999999999956,18,14,0.0009920634920637106,0.0009949156746033936,0.00100062003968276,0.0010063244047621264,0.0010120287698414927,0.0010205853174605423,False,False,False,False,False,False,False
4,0.5704867171499997,0.012398785425101089,0.007083333333333367,0.007083333333333367,19,13,0.012398785425101089,0.012407567898110535,0.012425132844129428,0.012442697790148323,0.012460262736167215,0.012486610155195555,False,False,False,False,False,False,False
4,0.6288165502955937,0.004166666666666652,0.020416666666666673,0.020416666666666673,20,12,0.004166666666666652,0.0041751736111110965,0.004192187499999985,0.004209201388888874,0.004226215277777763,0.004251736111111097,False,False,False,False,False,False,False
4,0.7189626560660571,0.00027056277056281,0.02208333333333332,0.02208333333333332,21,11,0.00027056277056281,0.0002711602633478029,0.0002723552489177886,0.0002735502344877743,0.00027474522005776006,0.00027653769841273865,False,False,False,False,False,False,False
4,0.7958519815761583,0.001136363636363713,0.014166666666666682,0.014166666666666682,22,10,0.001136363636363713,0.0011379734848485617,0.001141193181818259,0.001144412878787956,0.0011476325757576531,0.001152462121212199,False,False,False,False,False,False,False
4,0.8851143019959309,0.0027173913043480047,0.027916666666666583,0.027916666666666583,23,9,0.0027173913043480047,0.002724977355072643,0.002740149456521919,0.0027553215579711955,0.0027704936594204715,0.0027932518115943864,False,False,False,False,False,False,False
4,1.0441956651202782,0.02083333333333348,0.04708333333333339,0.04708333333333339,24,8,0.02083333333333348,0.02093142361111126,0.021127604166666817,0.021323784722222378,0.02151996527777793,0.021814236111111267,False,False,False,False,False,False,False
4,1.2969582754178521,0.060357142857143,0.07208333333333335,0.07208333333333335,25,7,0.060357142857143,0.060792217261904896,0.06166236607142871,0.06253251488095253,0.06340266369047634,0.06470788690476205,False,False,False,False,False,False,False
4,1.4896234818684508,0.04006410256410253,0.018750000000000024,0.018750000000000024,26,6,0.04006410256410253,0.04013922275641023,0.04028946314102561,0.04043970352564099,0.04058994391025638,0.04081530448717946,False,False,False,False,False,False,False
4,1.6257264258748367,0.02268518518518503,0.04541666666666663,0.04541666666666663,27,5,0.02268518518518503,0.022788213734567745,0.022994270833333177,0.023200327932098606,0.02340638503086404,0.023715470679012182,False,False,False,False,False,False,False
4,1.7680158673360586,0.008928571428571175,0.021666666666666723,0.021666666666666723,28,4,0.008928571428571175,0.008947916666666412,0.008986607142856887,0.009025297619047362,0.009063988095237839,0.00912202380952355,False,False,False,False,False,False,False
4,1.8201592030268166,0.0581896551724137,0.00291666666666654,0.00291666666666654,29,3,0.0581896551724137,0.058206627155172316,0.05824057112068956,0.058274515086206805,0.058308459051724035,0.058359374999999894,False,False,False,False,False,False,False
5,-1.0610556478879922,0.03520114942528729,0.05691934178581064,0.05691934178581064,3,29,0.03520114942528729,0.03540151205082642,0.03580223730190469,0.03620296255298295,0.03660368780406121,0.03720477568067861,False,False,False,False,False,False,False
5,-0.8580159773579423,0.008928571428571508,0.012408956029134076,0.012408956029134076,4,28,0.008928571428571508,0.008939650853597521,0.008961809703649546,0.008983968553701573,0.009006127403753597,0.009039365678831634,False,False,False,False,False,False,False
5,-0.7308199191659654,0.0004629629629629983,0.031022390072835162,0.031022390072835162,5,27,0.0004629629629629983,0.00046439918472562965,0.00046727162825089245,0.00047014407177615515,0.0004730165153014179,0.000477325180589312,False,False,False,False,False,False,False
5,-0.5585917161482579,0.001602564102564208,0.027785271108713254,0.027785271108713254,6,26,0.001602564102564208,0.0016070168703700917,0.0016159224059818596,0.0016248279415936272,0.0016337334772053946,0.001647091780623046,False,False,False,False,False,False,False
5,-0.41243475487176273,0.008928571428571397,0.02212031292149986,0.02212031292149986,7,25,0.008928571428571397,0.008948321707965595,0.008987822266753986,0.009027322825542378,0.00906682338433077,0.00912607422251336,False,False,False,False,False,False,False
5,-0.3231605028488226,0.02083333333333348,0.008362557323981635,0.008362557323981635,8,24,0.02083333333333348,0.020850755327758444,0.020885599316608366,0.02092044330545829,0.020955287294308216,0.0210075532775831,False,False,False,False,False,False,False
5,-0.1770035415723275,0.0027173913043480047,0.04154302670623149,0.04154302670623149,9,23,0.0027173913043480047,0.002728680170300786,0.002751257902206348,0.00277383563411191,0.002796413366017472,0.0028302799638758153,False,False,False,False,False,False,False
5,0.05921770935562949,0.010227272727272751,0.03911518748314,0.03911518748314,10,22,0.010227272727272751,0.0102672768962896,0.010347285234323295,0.01042729357235699,0.010507301910390685,0.010627314417441228,False,False,False,False,False,False,False
5,0.17456320311978238,0.021915584415584277,0.00026975991367683515,0.00026975991367683515,11,21,0.021915584415584277,0.02191617561020029,0.021917357999432313,0.021918540388664337,0.021919722777896365,0.0219214963617444,False,False,False,False,False,False,False
5,0.19115399331873578,0.004166666666666652,0.0053951982735365184,0.0053951982735365184,12,20,0.004166666666666652,0.004168914665947292,0.004173410664508573,0.004177906663069854,0.004182402661631133,0.004189146659473054,False,False,False,False,False,False,False
5,0.22433557371664276,0.012398785425101089,0.005934718100890227,0.005934718100890227,13,19,0.012398785425101089,0.01240614375473023,0.012420860413988507,0.012435577073246789,0.01245029373250507,0.01247236872139249,False,False,False,False,False,False,False
5,0.31993012676775573,0.0009920634920637106,0.026706231454005913,0.026706231454005913,14,18,0.0009920634920637106,0.000994712919787323,0.0010000117752345474,0.0010053106306817721,0.0010106094861289966,0.0010185577692998333,False,False,False,False,False,False,False
5,0.4850479911287691,0.006127450980392246,0.02967359050445107,0.02967359050445107,15,17,0.006127450980392246,0.006145633327515072,0.006181998021760723,0.006218362716006374,0.006254727410252025,0.006309274451620503,False,False,False,False,False,False,False
5,0.5814325818084038,0.0,0.003237118964121946,0.003237118964121946,16,16,0.0,0.0,0.0,0.0,0.0,0.0,False,False,False,False,False,False,False
5,0.5940731838647493,0.006127450980392246,0.001079039654707265,0.001079039654707265,17,15,0.006127450980392246,0.006128112156651259,0.006129434509169281,0.006130756861687305,0.006132079214205328,0.006134062742982365,False,False,False,False,False,False,False
5,0.6454256297186527,0.0009920634920637106,0.016455354734286463,0.016455354734286463,18,14,0.0009920634920637106,0.0009936959677317948,0.0009969609190679637,0.0010002258704041322,0.001003490821740301,0.0010083882487445539,False,False,False,False,False,False,False
5,0.8058032683085365,0.012398785425101089,0.03830590774210957,0.03830590774210957,19,13,0.012398785425101089,0.012446280098161901,0.012541269444283529,0.012636258790405157,0.012731248136526782,0.012873732155709224,False,False,False,False,False,False,False
5,0.9480100414424238,0.004166666666666652,0.010250876719719451,0.010250876719719451,20,12,0.004166666666666652,0.004170937865299869,0.004179480262566301,0.004188022659832734,0.004196565057099168,0.004209378652998815,False,False,False,False,False,False,False
5,0.9835617347258956,0.021915584415584277,0.0018883193957377987,0.0018883193957377987,21,11,0.021915584415584277,0.021919722777896365,0.02192799950252054,0.021936276227144717,0.021944552951768892,0.021956968038705154,False,False,False,False,False,False,False
5,1.0443946321220583,0.055681818181818166,0.018883193957377874,0.018883193957377874,22,10,0.055681818181818166,0.05578696323908083,0.05599725335360619,0.056207543468131525,0.05641783358265687,0.05673326875444489,False,False,False,False,False,False,False
5,1.1526297872295168,0.03653381642512077,0.018073914216347475,0.018073914216347475,23,9,0.03653381642512077,0.03659984733152711,0.0367319091443398,0.03686397095715248,0.03699603276996516,0.03719412548918419,False,False,False,False,False,False,False
5,1.3991215273282545,0.02083333333333348,0.06609117885082279,0.06609117885082279,24,8,0.02083333333333348,0.020971023289272694,0.021246403201151128,0.021521783113029557,0.02179716302490799,0.02221023289272563,False,False,False,False,False,False,False
5,1.764908949333753,0.060357142857143,0.058807661181548454,0.058807661181548454,25,7,0.060357142857143,0.060712089097845916,0.06142198157925176,0.06213187406065759,0.06284176654206342,0.06390660526417218,False,False,False,False,False,False,False
5,1.9481976791507631,0.04006410256410253,0.003776638791475522,0.003776638791475522,26,6,0.04006410256410253,0.040079233328491455,0.04010949485726931,0.04013975638604715,0.040170017914824996,0.04021541020799178,False,False,False,False,False,False,False
5,2.0674933610575237,0.02268518518518503,0.036957108173725384,0.036957108173725384,27,5,0.02268518518518503,0.022769023069468017,0.02293669883803399,0.023104374606599965,0.023272050375165946,0.023523564028014907,False,False,False,False,False,False,False
5,2.2768533326157465,0.08035714285714268,0.034529268950634066,0.034529268950634066,28,4,0.08035714285714268,0.08063461019692456,0.08118954487648831,0.08174447955605209,0.08229941423561585,0.08313181625496148,False,False,False,False,False,False,False
5,2.396939052151029,0.0581896551724137,0.00647423792824374,0.00647423792824374,29,3,0.0581896551724137,0.058227328539668576,0.0583026752741783,0.05837802200868803,0.05845336874319777,0.05856638884496236,False,False,False,False,False,False,False
6,-1.1531665853158644,0.0007183908045976795,0.04420992584141468,0.04420992584141468,3,29,0.0007183908045976795,0.0007215668050173212,0.0007279188058566048,0.0007342708066958882,0.0007406228075351719,0.000750150808794097,False,False,False,False,False,False,False
6,-0.9525129206978571,0.008928571428571508,0.030804335424985733,0.030804335424985733,4,28,0.008928571428571508,0.008956075299486674,0.009011083041317005,0.00906609078314734,0.00912109852497767,0.009203610137723169,False,False,False,False,False,False,False
6,-0.7098974630988977,0.0004629629629629983,0.05989731888191673,0.05989731888191673,5,27,0.0004629629629629983,0.00046573598698530945,0.00047128203502993187,0.0004768280830745542,0.0004823741311191765,0.00049069320318611,False,False,False,False,False,False,False
6,-0.5245026322921457,0.001602564102564208,0.009412435824301185,0.009412435824301185,6,26,0.001602564102564208,0.0016040725057411792,0.001607089312095122,0.0016101061184490653,0.0016131229248030079,0.0016176481343339224,False,False,False,False,False,False,False
6,-0.48101495593006804,0.008928571428571397,0.00684540787221905,0.00684540787221905,7,25,0.008928571428571397,0.008934683399885877,0.00894690734251484,0.008959131285143803,0.008971355227772764,0.00898969114171621,False,False,False,False,False,False,False
6,-0.45354905506980847,0.0,0.003422703936109546,0.003422703936109546,8,24,0.0,0.0,0.0,0.0,0.0,0.0,False,False,False,False,False,False,False
6,-0.3696254691079043,0.007548309178743939,0.02795208214489443,0.02795208214489443,9,23,0.007548309178743939,0.0075694082745658715,0.007611606466209733,0.007653804657853595,0.007696002849497457,0.007759300136963251,False,False,False,False,False,False,False
6,-0.21856301437647674,0.001136363636363713,0.02852253280091275,0.02852253280091275,10,22,0.001136363636363713,0.001139604833272908,0.0011460872270912977,0.0011525696209096874,0.0011590520147280769,0.0011687756054556615,False,False,False,False,False,False,False
6,-0.12395824474669373,0.01325757575757569,0.006845407872219053,0.006845407872219053,11,21,0.01325757575757569,0.013266651108921433,0.013284801811612923,0.013302952514304413,0.013321103216995903,0.01334832927103314,False,False,False,False,False,False,False
6,-0.10259587741093631,0.004166666666666763,0.0011409013120364997,0.0011409013120364997,12,20,0.004166666666666763,0.004167142042213444,0.004168092793306808,0.004169043544400172,0.0041699942954935365,0.004171420422133582,False,False,False,False,False,False,False
6,-0.07894468500349065,0.02049595141700411,0.0077010838562464184,0.0077010838562464184,13,19,0.02049595141700411,0.0205117355210617,0.02054330372917688,0.02057487193729206,0.02060644014540724,0.02065379245758001,False,False,False,False,False,False,False
6,-0.0003616908755257747,0.008928571428571397,0.021677124928693697,0.021677124928693697,14,18,0.008928571428571397,0.008947926004400588,0.00898663515605897,0.00902534430771735,0.009064053459375733,0.009122117186863305,False,False,False,False,False,False,False
6,0.10263543735044756,0.029656862745098156,0.01682829435253847,0.01682829435253847,15,17,0.029656862745098156,0.02970677018668289,0.02980658506985236,0.029906399953021832,0.030006214836191293,0.030155937160945497,False,False,False,False,False,False,False
6,0.1888478483840401,0.015625,0.015402167712492918,0.015402167712492918,16,16,0.015625,0.01564906588705077,0.01569719766115231,0.01574532943525385,0.015793461209355392,0.015865658870507702,False,False,False,False,False,False,False
6,0.24988318362906137,0.006127450980392246,0.007415858528237276,0.007415858528237276,17,15,0.006127450980392246,0.006131995011353176,0.0061410830732750365,0.006150171135196895,0.006159259197118754,0.006172891290001544,False,False,False,False,False,False,False
6,0.3177849940891474,0.0009920634920637106,0.017969195664575013,0.017969195664575013,18,14,0.0009920634920637106,0.0009938461503637681,0.0009974114669638828,0.0010009767835639977,0.0010045421001641127,0.0010098900750642851,False,False,False,False,False,False,False
6,0.36737620397572723,0.012398785425101089,0.0005704506560182731,0.0005704506560182731,19,13,0.012398785425101089,0.012399492714629047,0.012400907293684963,0.012402321872740879,0.012403736451796793,0.012405858320380667,False,False,False,False,False,False,False
6,0.5169127753260293,0.03750000000000009,0.055333713633770674,0.055333713633770674,20,12,0.03750000000000009,0.037707501426126735,0.038122504278380015,0.038537507130633294,0.038952509982886574,0.03957501426126649,False,False,False,False,False,False,False
6,0.7335882154458548,0.021915584415584277,0.025670279520821484,0.025670279520821484,21,11,0.021915584415584277,0.0219718423333653,0.022084358168927336,0.02219687400448938,0.022309389840051423,0.022478163593394485,False,False,False,False,False,False,False
6,0.8053047343587547,0.055681818181818166,0.0011409013120364632,0.0011409013120364632,22,10,0.055681818181818166,0.05568817092776018,0.055700876419644225,0.055713581911528275,0.05572628740341232,0.05574534564123838,False,False,False,False,False,False,False
6,1.063941967459532,0.1089975845410629,0.0955504848830576,0.0955504848830576,23,9,0.1089975845410629,0.11003906174646097,0.1121220161572571,0.1142049705680532,0.11628792497884934,0.11941235659504351,False,False,False,False,False,False,False
6,1.340889801133816,0.08333333333333315,0.007986309184255575,0.007986309184255575,24,8,0.08333333333333315,0.08339988590986862,0.08353299106293954,0.08366609621601045,0.08379920136908138,0.08399885909868778,False,False,False,False,False,False,False
6,1.3744592355185778,0.060357142857143,0.004563605248146061,0.004563605248146061,25,7,0.060357142857143,0.0603846874745336,0.06043977670931479,0.06049486594409597,0.06054995517887717,0.06063258903104896,False,False,False,False,False,False,False
6,1.4019251363788372,0.04006410256410253,0.005704506560182483,0.005704506560182483,26,6,0.04006410256410253,0.040086957157693004,0.04013266634487395,0.0401783755320549,0.04022408471923585,0.04029264850000728,False,False,False,False,False,False,False
6,1.6117341012835977,0.02268518518518503,0.07273245864232751,0.07273245864232751,27,5,0.02268518518518503,0.022850180114512533,0.023180169973167533,0.023510159831822537,0.023840149690477538,0.02433513447846004,False,False,False,False,False,False,False
6,2.19996214470749,0.008928571428571175,0.14717626925270966,0.14717626925270966,28,4,0.008928571428571175,0.009059978811832518,0.009322793578355207,0.009585608344877896,0.009848423111400583,0.010242645261184617,False,False,False,False,False,False,False
6,2.6401795001622057,0.0007183908045976795,0.01739874500855675,0.01739874500855675,29,3,0.0007183908045976795,0.0007196407144402482,0.0007221405341253855,0.0007246403538105229,0.0007271401734956603,0.0007308899030233663,False,False,False,False,False,False,False
7,-0.664450528101271,0.0007183908045976795,0.00782038345105951,0.00782038345105951,3,29,0.0007183908045976795,0.0007189526137536465,0.0007200762320655802,0.000721199850377514,0.0007223234686894477,0.0007240088961573485,False,False,False,False,False,False,False
7,-0.6450029475551469,0.008928571428571508,0.0007568113017154569,0.0007568113017154569,4,28,0.008928571428571508,0.008929247152948041,0.008930598601701104,0.008931950050454166,0.00893330149920723,0.008935328672336826,False,False,False,False,False,False,False
7,-0.6364231326083274,0.03749999999999998,0.0030272452068617543,0.0030272452068617543,5,27,0.03749999999999998,0.03751135216952571,0.03753405650857718,0.037556760847628635,0.037579465186680094,0.03761352169525729,False,False,False,False,False,False,False
7,-0.5654966623812863,0.014423076923076983,0.02825428859737638,0.02825428859737638,6,26,0.014423076923076983,0.01446382830086166,0.014545331056431016,0.01462683381200037,0.014708336567569726,0.01483059070092376,False,False,False,False,False,False,False
7,-0.4613949076932097,0.04321428571428587,0.017658930373360266,0.017658930373360266,7,25,0.04321428571428587,0.04329059752054218,0.043443221133054793,0.0435958447455674,0.04374846835808002,0.043977403776848945,False,False,False,False,False,False,False
7,-0.4156358946435056,0.08333333333333337,0.0025227043390514702,0.0025227043390514702,8,24,0.08333333333333337,0.08335435586949214,0.08339640094180965,0.08343844601412718,0.08348049108644472,0.08354355869492099,False,False,False,False,False,False,False
7,-0.40133620306547313,0.05102657004830913,0.003784056508577199,0.003784056508577199,9,23,0.05102657004830913,0.0510458787907593,0.05108449627565963,0.05112311376055997,0.0511617312454603,0.0512196574728108,False,False,False,False,False,False,False
7,-0.36644495561507384,0.02840909090909094,0.011604439959636708,0.011604439959636708,10,22,0.02840909090909094,0.02844205806806718,0.02850799238601966,0.028573926703972144,0.028639861021924624,0.028738762498853345,False,False,False,False,False,False,False
7,-0.32411786854409774,0.01325757575757569,0.007063572149344089,0.007063572149344089,11,21,0.01325757575757569,0.013266940341864594,0.013285669510442398,0.013304398679020205,0.013323127847598011,0.013351221600464723,False,False,False,False,False,False,False
7,-0.16224535988076993,0.03749999999999998,0.06432896064581235,0.06432896064581235,12,20,0.03749999999999998,0.03774123360242177,0.03822370080726537,0.03870616801210896,0.039188635216952546,0.03991233602421794,False,False,False,False,False,False,False
7,0.09114517488196577,0.02049595141700411,0.047426841574167475,0.047426841574167475,13,19,0.02049595141700411,0.02059315724108072,0.020787568889233936,0.020981980537387153,0.02117639218554037,0.021468009657770196,False,False,False,False,False,False,False
7,0.2804730913751159,0.008928571428571397,0.03607467204843594,0.03607467204843594,14,18,0.008928571428571397,0.008960780957186072,0.009025200014415423,0.00908961907164477,0.00915403812887412,0.009250666714718145,False,False,False,False,False,False,False
7,0.526999774180396,0.029656862745098156,0.07265388496468214,0.07265388496468214,15,17,0.029656862745098156,0.029872331374527727,0.030303268633386872,0.03073420589224602,0.031165143151105166,0.031811549039393885,False,False,False,False,False,False,False
7,0.7088918510529694,0.015625,0.007568113017154398,0.007568113017154398,16,16,0.015625,0.015636825176589302,0.01566047552976791,0.015684125882946518,0.015707776236125126,0.015743251765893036,False,False,False,False,False,False,False
7,0.7352032835565492,0.006127450980392246,0.004036326942482397,0.004036326942482397,17,15,0.006127450980392246,0.006129924219940336,0.006134870699036516,0.006139817178132696,0.006144763657228874,0.006152183375873143,False,False,False,False,False,False,False
7,0.7529349011133096,0.024801587301587213,0.003784056508577187,0.003784056508577187,18,14,0.024801587301587213,0.024810972362372376,0.024829742483942697,0.024848512605513025,0.024867282727083346,0.02489543790943883,False,False,False,False,False,False,False
7,0.7660906173650994,0.012398785425101089,0.0020181634712411614,0.0020181634712411614,19,13,0.012398785425101089,0.012401287702684357,0.012406292257850896,0.012411296813017437,0.012416301368183976,0.012423808200933783,False,False,False,False,False,False,False
7,0.7798183212800106,0.004166666666666652,0.004036326942482323,0.004036326942482323,20,12,0.004166666666666652,0.004168348469559353,0.004171712075344755,0.004175075681130156,0.004178439286915558,0.004183484695593662,False,False,False,False,False,False,False
7,0.8484568408545665,0.021915584415584277,0.026236125126135195,0.026236125126135195,21,11,0.021915584415584277,0.02197308241707824,0.02208807842006617,0.022203074423054102,0.02231807042604203,0.022490564430523923,False,False,False,False,False,False,False
7,0.9691462377731608,0.055681818181818166,0.0269929364278507,0.0269929364278507,22,10,0.055681818181818166,0.055832119759655054,0.05613272291532885,0.05643332607100265,0.05673392922667644,0.05718483396018713,False,False,False,False,False,False,False
7,1.084115758060542,0.03653381642512077,0.023713420787083713,0.023713420787083713,23,9,0.03653381642512077,0.03662045060130546,0.03679371895367486,0.036966987306044245,0.03714025565841364,0.03740015818696773,False,False,False,False,False,False,False
7,1.1979413030216806,0.02083333333333348,0.026488395560040404,0.026488395560040404,24,8,0.02083333333333348,0.02088851749075023,0.020998885805583734,0.021109254120417236,0.02121962243525074,0.02138517490750099,False,False,False,False,False,False,False
7,1.6257880750364126,0.008928571428571397,0.1622098890010091,0.1622098890010091,25,7,0.008928571428571397,0.00907340168660801,0.00936306220268124,0.00965272271875447,0.0099423832348277,0.010376874008937545,False,False,False,False,False,False,False
7,2.193771824515863,0.001602564102564208,0.08829465186680117,0.08829465186680117,26,6,0.001602564102564208,0.0016167138865172217,0.0016450134544232498,0.0016733130223292776,0.0017016125902353054,0.001744061942094347,False,False,False,False,False,False,False
7,2.4059792475338657,0.02268518518518503,0.005297679112008198,0.005297679112008198,27,5,0.02268518518518503,0.02269720306835579,0.02272123883469731,0.022745274601038826,0.022769310367380346,0.022805364016892624,False,False,False,False,False,False,False
7,2.4763337300977852,0.008928571428571175,0.02573158425832485,0.02573158425832485,28,4,0.008928571428571175,0.00895154605737325,0.0089974953149774,0.00904344457258155,0.0090893938301857,0.009158317716591926,False,False,False,False,False,False,False
7,2.642210152402962,0.0007183908045976795,0.04742684157416752,0.04742684157416752,29,3,0.0007183908045976795,0.0007217979052854788,0.0007286121066610773,0.0007354263080366759,0.0007422405094122744,0.0007524618114756723,False,False,False,False,False,False,False
8,-0.5368108290951594,0.0581896551724137,0.004650261577213725,0.004650261577213725,3,29,0.0581896551724137,0.058216714884177664,0.058270834307705584,0.0583249537312335,0.05837907315476142,0.05846025229005329,False,False,False,False,False,False,False
8,-0.45031650410660756,0.008928571428571175,0.03468320093005234,0.03468320093005234,4,28,0.008928571428571175,0.00895953857225872,0.009021472859633813,0.009083407147008905,0.009145341434383995,0.009238242865446633,False,False,False,False,False,False,False
8,-0.365526500792707,0.0004629629629629983,0.0038752179810114416,0.0038752179810114416,5,27,0.0004629629629629983,0.00046314237120285995,0.0004635011876825833,0.0004638600041623066,0.00046421882064202994,0.0004647570453616149,False,False,False,False,False,False,False
8,-0.31908373515845995,0.014423076923076983,0.017244720015500856,0.017244720015500856,6,26,0.014423076923076983,0.014447949115407033,0.014497693500067129,0.014547437884727229,0.01459718226938733,0.014671798846377477,False,False,False,False,False,False,False
8,-0.27818001496682954,0.003214285714285725,0.0013563262933540053,0.0013563262933540053,7,25,0.003214285714285725,0.003214721676308589,0.0032155936003543167,0.003216465524400044,0.003217337448445771,0.003218645334514363,False,False,False,False,False,False,False
8,-0.23045900807659414,0.0,0.020344894400309982,0.020344894400309982,8,24,0.0,0.0,0.0,0.0,0.0,0.0,False,False,False,False,False,False,False
8,-0.17634679490641647,0.0027173913043480047,0.004262739779112589,0.004262739779112589,9,23,0.0027173913043480047,0.0027185496575488507,0.0027208663639505426,0.0027231830703522337,0.0027254997767539257,0.0027289748363564636,False,False,False,False,False,False,False
8,-0.15632101522926406,0.010227272727272751,0.004844022476264293,0.004844022476264293,10,22,0.010227272727272751,0.010232226841168932,0.01024213506896129,0.010252043296753648,0.010261951524546007,0.010276813866234545,False,False,False,False,False,False,False
8,-0.14055603973873979,0.00027056277056281,0.002325130788606875,0.002325130788606875,11,21,0.00027056277056281,0.0002706256799456186,0.0002707514987112359,0.00027087731747685317,0.0002710031362424704,0.00027119186439089637,False,False,False,False,False,False,False
8,-0.07195709233402627,0.004166666666666763,0.028870373958535162,0.028870373958535162,12,20,0.004166666666666763,0.004178695989149487,0.004202754634114933,0.004226813279080379,0.004250871924045826,0.004286959891493996,False,False,False,False,False,False,False
8,0.013258991398537045,0.00025303643724705616,0.00988180585157914,0.00988180585157914,13,19,0.00025303643724705616,0.00025328648294168125,0.0002537865743309314,0.0002542866657201815,0.0002547867571094317,0.00025553689419330686,False,False,False,False,False,False,False
8,0.05331055075284179,0.008928571428571397,0.008331718659174576,0.008331718659174576,14,18,0.008928571428571397,0.008936010463088517,0.008950888532122756,0.008965766601156997,0.008980644670191237,0.009002961773742598,False,False,False,False,False,False,False
8,0.08143185838458766,0.0022058823529413907,0.0044565006781631415,0.0044565006781631415,15,17,0.0022058823529413907,0.0022068654045615736,0.0022088315078019403,0.0022107976110423066,0.0022127637142826725,0.002215712869143222,False,False,False,False,False,False,False
8,0.12531814150685783,0.0,0.015500871924045744,0.015500871924045744,16,16,0.0,0.0,0.0,0.0,0.0,0.0,False,False,False,False,False,False,False
8,0.29830679148396144,0.006127450980392246,0.06316605309048633,0.06316605309048633,17,15,0.006127450980392246,0.006166155669785927,0.006243565048573289,0.006320974427360651,0.006398383806148012,0.006514497874329055,False,False,False,False,False,False,False
8,0.4640520743437971,0.0009920634920637106,0.01220693664018601,0.01220693664018601,18,14,0.0009920634920637106,0.000993274497682777,0.0009956965089209097,0.0009981185201590422,0.001000540531397175,0.0010041735482543739,False,False,False,False,False,False,False
8,0.5957109237106075,0.012398785425101089,0.04766518116644064,0.04766518116644064,19,13,0.012398785425101089,0.012457884460454215,0.012576082531160469,0.012694280601866724,0.012812478672572975,0.012989775778632355,False,False,False,False,False,False,False
8,0.796820881319457,0.03750000000000009,0.04378996318542919,0.04378996318542919,20,12,0.03750000000000009,0.03766421236194545,0.03799263708583617,0.038321061809726886,0.03864948653361761,0.03914212361945369,False,False,False,False,False,False,False
8,0.9097321922651036,0.021915584415584277,0.0075566750629723345,0.0075566750629723345,21,11,0.021915584415584277,0.021932145310608647,0.021965267100657392,0.02199838889070613,0.022031510680754873,0.02208119336582799,False,False,False,False,False,False,False
8,0.9757746571578403,0.010227272727272751,0.02247626428986628,0.02247626428986628,22,10,0.010227272727272751,0.010250259815751023,0.010296233992707569,0.010342208169664113,0.010388182346620659,0.010457143612055476,False,False,False,False,False,False,False
8,1.1623978805321538,0.0027173913043480047,0.062391009494283965,0.062391009494283965,23,9,0.0027173913043480047,0.002734345383014931,0.002768253540348783,0.0028021616976826353,0.002836069855016487,0.0028869320910172654,False,False,False,False,False,False,False
8,1.3093956249708256,0.02083333333333348,0.0044565006781632265,0.0044565006781632265,24,8,0.02083333333333348,0.02084261770974632,0.020861186462572002,0.020879755215397682,0.020898323968223362,0.020926177097461883,False,False,False,False,False,False,False
8,1.3583948731170494,0.008928571428571397,0.017826002712652552,0.017826002712652552,25,7,0.008928571428571397,0.00894448750242198,0.008976319650123145,0.00900815179782431,0.009039983945525474,0.009087732167077221,False,False,False,False,False,False,False
8,1.4551151281535089,0.001602564102564208,0.026157721371827158,0.026157721371827158,26,6,0.001602564102564208,0.0016067560450917446,0.001615139930146818,0.0016235238152018912,0.0016319077002569645,0.0016444835278395748,False,False,False,False,False,False,False
8,1.6259733760372983,0.0004629629629629983,0.05154039914745207,0.05154039914745207,27,5,0.0004629629629629983,0.0004653490925531583,0.0004701213517334784,0.00047489361091379833,0.0004796658700941183,0.00048682425886459834,False,False,False,False,False,False,False
8,1.7635973512653882,0.008928571428571508,0.011044371245882591,0.011044371245882591,28,4,0.008928571428571508,0.00893843247432676,0.008958154565837264,0.00897787665734777,0.008997598748858275,0.009027181886124032,False,False,False,False,False,False,False
8,2.254868073983616,0.0007183908045976795,0.2123619453594266,0.2123619453594266,29,3,0.0007183908045976795,0.0007336466914769482,0.0007641584652354855,0.000794670238994023,0.0008251820127525603,0.0008709496733903663,False,False,False,False,False,False,False
9,-0.36453759918120077,0.0007183908045976795,0.01630956188039657,0.01630956188039657,3,29,0.0007183908045976795,0.0007195624685258688,0.0007219057963822476,0.0007242491242386263,0.0007265924520950051,0.0007301074438795732,False,False,False,False,False,False,False
9,-0.298506055409187,0.008928571428571508,0.012472017908538536,0.012472017908538536,4,28,0.008928571428571508,0.008939707158846988,0.008961978619397952,0.008984250079948913,0.009006521540499876,0.009039928731326316,False,False,False,False,False,False,False
9,-0.2647565997034912,0.0004629629629629983,0.002238567316917145,0.002238567316917145,5,27,0.0004629629629629983,0.0004630666003387815,0.000463273875090348,0.0004634811498419144,0.0004636884245934808,0.00046399933672083046,False,False,False,False,False,False,False
9,-0.25595239386722274,0.014423076923076983,0.0015989766549408492,0.0015989766549408492,6,26,0.014423076923076983,0.014425383139406226,0.014429995572064709,0.014434608004723192,0.014439220437381673,0.0144461390863694,False,False,False,False,False,False,False
9,-0.24421345275219805,0.003214285714285725,0.0035177486408698466,0.0035177486408698466,7,25,0.003214285714285725,0.003215416419206004,0.0032176778290465636,0.003219939238887123,0.003222200648727682,0.0032255927634885213,False,False,False,False,False,False,False
9,-0.23357503736670693,0.02083333333333337,0.0011192836584585969,0.0011192836584585969,8,24,0.02083333333333337,0.020835665174288493,0.02084032885619874,0.02084499253810898,0.020849656220019223,0.02085665174288459,False,False,False,False,False,False,False
9,-0.14039719226619873,0.007548309178743939,0.039494723377038694,0.039494723377038694,9,23,0.007548309178743939,0.007578121017041825,0.007637744693637596,0.007697368370233366,0.007756992046829138,0.007846427561722793,False,False,False,False,False,False,False
9,-0.04465145379677895,0.001136363636363713,0.0022385673169171482,0.0022385673169171482,10,22,0.001136363636363713,0.0011366180190133628,0.0011371267843126624,0.0011376355496119615,0.001138144314911261,0.00113890746286021,False,False,False,False,False,False,False
9,-0.017505152468284477,0.01325757575757569,0.009593859929645034,0.009593859929645034,11,21,0.01325757575757569,0.013270294890058173,0.01329573315502314,0.01332117141998811,0.013346609684953077,0.01338476708240053,False,False,False,False,False,False,False
9,0.02248061570476822,0.03749999999999998,0.007834985609210084,0.007834985609210084,12,20,0.03749999999999998,0.037529381196034516,0.0375881435881036,0.03764690598017267,0.03770566837224174,0.037793811960345355,False,False,False,False,False,False,False
9,0.04815954939388467,0.02049595141700411,0.003357850975375789,0.003357850975375789,13,19,0.02049595141700411,0.020502833652049794,0.020516598122141162,0.02053036259223253,0.020544127062323902,0.02056477376746095,False,False,False,False,False,False,False
9,0.07860742791097987,0.008928571428571397,0.009913655260633166,0.009913655260633166,14,18,0.008928571428571397,0.008937422906482678,0.008955125862305235,0.008972828818127795,0.008990531773950355,0.009017086207684193,False,False,False,False,False,False,False
9,0.12299529900216682,0.0022058823529413907,0.009433962264150967,0.009433962264150967,15,17,0.0022058823529413907,0.0022079633740290715,0.002212125416204432,0.0022162874583797937,0.0022204495005551544,0.0022266925638181963,False,False,False,False,False,False,False
9,0.19709736479076004,0.015625,0.022865366165653996,0.022865366165653996,16,16,0.015625,0.015660727134633835,0.015732181403901504,0.015803635673169173,0.01587508994243684,0.015982271346338343,False,False,False,False,False,False,False
9,0.28513942315344504,0.04142156862745083,0.015510073552926149,0.015510073552926149,17,15,0.04142156862745083,0.04148581378505977,0.04161430410027763,0.041742794415495506,0.04187128473071337,0.04206402020354017,False,False,False,False,False,False,False
9,0.36107569849126064,0.0803571428571428,0.017588743204349135,0.017588743204349135,18,14,0.0803571428571428,0.08049848097217774,0.08078115720224764,0.08106383343231753,0.08134650966238742,0.08177052400749227,False,False,False,False,False,False,False
9,0.43187618709125297,0.05693319838056676,0.013271506236008998,0.013271506236008998,19,13,0.05693319838056676,0.05700875731030113,0.05715987516976986,0.05731099302923858,0.057462110888707306,0.057688787677910386,False,False,False,False,False,False,False
9,0.47846510964150724,0.03750000000000009,0.007035497281739717,0.007035497281739717,20,12,0.03750000000000009,0.03752638311480661,0.037579149344419666,0.03763191557403271,0.03768468180364575,0.03776383114806533,False,False,False,False,False,False,False
9,0.5228529807326943,0.021915584415584277,0.01231212024304442,0.01231212024304442,21,11,0.021915584415584277,0.021942567146636404,0.021996532608740658,0.02205049807084491,0.022104463532949162,0.022185411726105542,False,False,False,False,False,False,False
9,0.565773484184503,0.010227272727272751,0.006395906619763372,0.006395906619763372,22,10,0.010227272727272751,0.0102338139954066,0.010246896531674298,0.010259979067941995,0.010273061604209694,0.010292685408611241,False,False,False,False,False,False,False
9,0.8599806958798084,0.0027173913043480047,0.12184202110649181,0.12184202110649181,23,9,0.0027173913043480047,0.0027505005492139013,0.0028167190389456944,0.002882937528677488,0.0029491560184092816,0.0030484837530069717,False,False,False,False,False,False,False
9,1.1618915876818487,0.0,0.009753757595139115,0.009753757595139115,24,8,0.0,0.0,0.0,0.0,0.0,0.0,False,False,False,False,False,False,False
9,1.193073150018633,0.003214285714285725,0.0038375439718580187,0.0038375439718580187,25,7,0.003214285714285725,0.003215519210562394,0.0032179862031157308,0.0032204531956690685,0.0032229201882224053,0.003226620677052412,False,False,False,False,False,False,False
9,1.3361414948579957,0.014423076923076983,0.05852254557083459,0.05852254557083459,26,6,0.014423076923076983,0.014507484440727225,0.01467629947602771,0.014845114511328196,0.015013929546628679,0.01526715209957941,False,False,False,False,False,False,False
9,1.5929308317491602,0.0004629629629629983,0.05340582027502408,0.05340582027502408,27,5,0.0004629629629629983,0.0004654354546423977,0.0004703804380011967,0.0004753254213599956,0.0004802704047187945,0.00048768787975699284,False,False,False,False,False,False,False
9,1.9230885506092283,0.008928571428571508,0.09050207866965129,0.09050207866965129,28,4,0.008928571428571508,0.009009376855955126,0.009170987710722361,0.009332598565489597,0.009494209420256835,0.009736625702407688,False,False,False,False,False,False,False
9,2.4590445808920727,0.0007183908045976795,0.14310841061720503,0.14310841061720503,29,3,0.0007183908045976795,0.0007286715812224784,0.0007492331344720762,0.000769794687721674,0.0007903562409712718,0.0008211985708456683,False,False,False,False,False,False,False
10,-0.19617511656662817,0.0007183908045976795,0.019731943410275506,0.019731943410275506,3,29,0.0007183908045976795,0.0007198083292679578,0.0007226433786085146,0.0007254784279490712,0.0007283134772896281,0.000732566051300463,False,False,False,False,False,False,False
10,-0.12853403871556557,0.008928571428571508,0.015264333581533849,0.015264333581533849,4,28,0.008928571428571508,0.008942200297840734,0.008969458036379187,0.008996715774917641,0.009023973513456095,0.009064860121263776,False,False,False,False,False,False,False
10,-0.098671222430256,0.0004629629629629983,0.0001861504095309312,0.0001861504095309312,5,27,0.0004629629629629983,0.0004629715810375137,0.00046298881718654435,0.0004630060533355749,0.0004630232894846056,0.0004630491437081515,False,False,False,False,False,False,False
10,-0.08212074593478316,0.001602564102564208,0.008376768428890555,0.008376768428890555,6,26,0.001602564102564208,0.0016039065334021712,0.0016065913950780977,0.0016092762567540245,0.001611961118429951,0.0016159884109438409,False,False,False,False,False,False,False
10,-0.034987867219415034,0.008928571428571397,0.016008935219657478,0.016008935219657478,7,25,0.008928571428571397,0.008942865120731806,0.00897145250505262,0.009000039889373439,0.009028627273694256,0.009071508350175481,False,False,False,False,False,False,False
10,0.0006316365425806888,0.02083333333333348,0.0024199553239017046,0.0024199553239017046,8,24,0.02083333333333348,0.020838374906924945,0.020848458054107868,0.020858541201290787,0.020868624348473714,0.0208837490692481,False,False,False,False,False,False,False
10,0.006748116986559683,0.0027173913043480047,0.0007446016381235734,0.0007446016381235734,9,23,0.0027173913043480047,0.0027175936417496685,0.002717998316552997,0.0027184029913563247,0.0027188076661596528,0.002719414678364645,False,False,False,False,False,False,False
10,0.011785218528660036,0.010227272727272751,0.001861504095309012,0.001861504095309012,10,22,0.010227272727272751,0.010229176538279316,0.01023298416029245,0.010236791782305582,0.010240599404318715,0.010246310837338412,False,False,False,False,False,False,False
10,0.07295002296845077,0.00027056277056281,0.02978406552494418,0.02978406552494418,11,21,0.00027056277056281,0.0002713686164915153,0.0002729803083489259,0.00027459200020633656,0.0002762036920637472,0.00027862122984986316,False,False,False,False,False,False,False
10,0.13303544850636279,0.004166666666666763,0.0013030528667162707,0.0013030528667162707,12,20,0.004166666666666763,0.004167209605361228,0.004168295482750158,0.0041693813601390885,0.004170467237528019,0.004172096053611414,False,False,False,False,False,False,False
10,0.15498281951122883,0.00025303643724705616,0.010052122114668684,0.010052122114668684,13,19,0.00025303643724705616,0.00025329079256372297,0.0002537995031970566,0.0002543082138303902,0.00025481692446372383,0.00025557999041372426,False,False,False,False,False,False,False
10,0.20751259273599026,0.0009920634920637106,0.017125837676842864,0.017125837676842864,14,18,0.0009920634920637106,0.000993762483896731,0.0009971604675627721,0.0010005584512288131,0.0010039564348948541,0.0010090534103939155,False,False,False,False,False,False,False
10,0.27371449871788145,0.0022058823529413907,0.017125837676842965,0.017125837676842965,15,17,0.0022058823529413907,0.0022096601112524595,0.0022172156278745967,0.002224771144496734,0.002232326661118871,0.0022436599360520777,False,False,False,False,False,False,False
10,0.3366782679941366,0.015625,0.015450483991064738,0.015450483991064738,16,16,0.015625,0.015649141381236038,0.015697424143708116,0.01574570690618019,0.01579398966865227,0.015866413812360387,False,False,False,False,False,False,False
10,0.3834513537422117,0.006127450980392246,0.008749069247952306,0.008749069247952306,17,15,0.006127450980392246,0.006132811929686335,0.006143533828274512,0.006154255726862688,0.006164977625450866,0.006181060473333132,False,False,False,False,False,False,False
10,0.40791727551812806,0.0009920634920637106,0.00390915860014902,0.00390915860014902,18,14,0.0009920634920637106,0.0009924513054169,0.000993226932123279,0.000994002558829658,0.0009947781855360368,0.0009959416255956052,False,False,False,False,False,False,False
10,0.42842547465382275,0.00025303643724705616,0.006701414743112417,0.006701414743112417,19,13,0.00025303643724705616,0.0002532060074581674,0.0002535451478803898,0.00025388428830261215,0.0002542234287248346,0.0002547321393581682,False,False,False,False,False,False,False
10,0.4618862206120611,0.004166666666666652,0.010610573343261324,0.010610573343261324,20,12,0.004166666666666652,0.0041710877388930106,0.004179929883345729,0.004188772027798447,0.0041976141722511635,0.0042108773889302405,False,False,False,False,False,False,False
10,0.5547128061736257,0.00027056277056281,0.03741623231571111,0.03741623231571111,21,11,0.00027056277056281,0.000271575114510746,0.0002735998024066181,0.0002756244903024902,0.00027764917819836235,0.0002806862100421705,False,False,False,False,False,False,False
10,0.6414229112912113,0.001136363636363713,0.007446016381236042,0.007446016381236042,22,10,0.001136363636363713,0.0011372097745888537,0.0011389020510391347,0.0011405943274894158,0.0011422866039396966,0.0011448250186151183,False,False,False,False,False,False,False
10,0.6961114423197301,0.007548309178743939,0.02084884586746088,0.02084884586746088,23,9,0.007548309178743939,0.007564046532206697,0.007595521239132212,0.007626995946057726,0.00765847065298324,0.007705682713371512,False,False,False,False,False,False,False
10,0.9001140547747966,0.0,0.08469843633655992,0.08469843633655992,24,8,0.0,0.0,0.0,0.0,0.0,0.0,False,False,False,False,False,False,False
10,1.1127516984448924,0.008928571428571397,0.025316455696202538,0.025316455696202538,25,7,0.008928571428571397,0.008951175406871579,0.00899638336347194,0.009041591320072302,0.009086799276672664,0.009154611211573203,False,False,False,False,False,False,False
10,1.1879484286091055,0.001602564102564208,0.01358897989575582,0.01358897989575582,26,6,0.001602564102564208,0.0016047418237013483,0.0016090972659756292,0.0016134527082499106,0.0016178081505241915,0.0016243413139356128,False,False,False,False,False,False,False
10,1.2519915767872396,0.0004629629629629983,0.019545793000744643,0.019545793000744643,27,5,0.0004629629629629983,0.00046386786078710687,0.00046567765643532413,0.0004674874520835414,0.00046929724773175864,0.00047201194120408444,False,False,False,False,False,False,False
10,1.5275929897335905,0.008928571428571175,0.12304542069992552,0.12304542069992552,28,4,0.008928571428571175,0.009038433411338961,0.009258157376874536,0.009477881342410111,0.009697605307945686,0.01002719125624905,False,False,False,False,False,False,False
10,2.0942669132198866,0.0007183908045976795,0.1701414743112436,0.1701414743112436,29,3,0.0007183908045976795,0.0007306136116602684,0.0007550592257854463,0.0007795048399106243,0.0008039504540358022,0.0008406188752235692,False,False,False,False,False,False,False
11,-1.0558006322712192,0.0581896551724137,0.033118537389479986,0.033118537389479986,3,29,0.0581896551724137,0.05838237079946456,0.058767802053566257,0.05915323330766797,0.05953866456176968,0.06011681144292223,False,False,False,False,False,False,False
11,-0.9221811380702822,0.08035714285714268,0.025026225086168134,0.025026225086168134,4,28,0.08035714285714268,0.08055824645158512,0.08096045364046994,0.08136266082935478,0.08176486801823964,0.08236817880156691,False,False,False,False,False,False,False
11,-0.800614948758605,0.02268518518518503,0.027873520155851945,0.027873520155851945,5,27,0.02268518518518503,0.02274841678183488,0.022874879975134578,0.023001343168434274,0.023127806361733973,0.02331750115168352,False,False,False,False,False,False,False
11,-0.7355271023566021,0.001602564102564208,0.00044957290573952995,0.00044957290573952995,6,26,0.001602564102564208,0.0016026361495042301,0.0016027802433842748,0.0016029243372643197,0.0016030684311443644,0.0016032845719644315,False,False,False,False,False,False,False
11,-0.6735386772118375,0.008928571428571397,0.02652480143863333,0.02652480143863333,7,25,0.008928571428571397,0.00895225428699875,0.00899962000385345,0.009046985720708153,0.009094351437562855,0.009165400012844906,False,False,False,False,False,False,False
11,-0.5833110806122355,0.0,0.012737898995953833,0.012737898995953833,8,24,0.0,0.0,0.0,0.0,0.0,0.0,False,False,False,False,False,False,False
11,-0.39837894559702103,0.0027173913043480047,0.06773565113142517,0.06773565113142517,9,23,0.0027173913043480047,0.002735797731285893,0.00277261058516167,0.002809423439037447,0.002846236292913224,0.002901455573726889,False,False,False,False,False,False,False
11,-0.05640946688173622,0.010227272727272751,0.08107298066836502,0.08107298066836502,10,22,0.010227272727272751,0.010310188275683578,0.010476019372505235,0.010641850469326891,0.010807681566148548,0.011056428211381033,False,False,False,False,False,False,False
11,0.16123878140432618,0.00027056277056281,0.013637044807432934,0.013637044807432934,11,21,0.00027056277056281,0.0002709317382253488,0.00027166967355042647,0.0002724076088755041,0.00027314554420058176,0.0002742524471881982,False,False,False,False,False,False,False
11,0.19636555565302607,0.004166666666666763,0.001648433987711658,0.001648433987711658,12,20,0.004166666666666763,0.0041673535141616425,0.0041687272091514025,0.0041701009041411625,0.004171474599130922,0.004173535141615561,False,False,False,False,False,False,False
11,0.21014076124075157,0.02049595141700411,0.004345871422148983,0.004345871422148983,13,19,0.02049595141700411,0.020504858693957403,0.020522673247863985,0.020540487801770566,0.020558302355677148,0.020585024186537022,False,False,False,False,False,False,False
11,0.2308035696223398,0.008928571428571397,0.004645586692641979,0.004645586692641979,14,18,0.008928571428571397,0.008932719273832684,0.00894101496435526,0.008949310654877835,0.00895760634540041,0.008970049881184272,False,False,False,False,False,False,False
11,0.2528438985627006,0.0022058823529413907,0.004945301963135053,0.004945301963135053,15,17,0.0022058823529413907,0.0022069732283744353,0.0022091549792405247,0.002211336730106614,0.002213518480972703,0.002216791107271837,False,False,False,False,False,False,False
11,0.3141435634280791,0.015625,0.021729357110744817,0.021729357110744817,16,16,0.015625,0.01565895212048554,0.015726856361456616,0.015794760602427693,0.015862664843398773,0.01596452120485539,False,False,False,False,False,False,False
11,0.4002385983513632,0.006127450980392246,0.015735051700884094,0.015735051700884094,17,15,0.006127450980392246,0.006137092556189357,0.006156375707783578,0.0061756588593777995,0.0061949420109720195,0.006223866738363351,False,False,False,False,False,False,False
11,0.4567169412610375,0.0009920634920637106,0.00884160047954445,0.00884160047954445,18,14,0.0009920634920637106,0.0009929406349684275,0.0009946949207778615,0.0009964492065872952,0.000998203492396729,0.0010008349211108796,False,False,False,False,False,False,False
11,0.49115495523035124,0.00025303643724705616,0.006144163045107139,0.006144163045107139,19,13,0.00025303643724705616,0.00025319190695973604,0.0002535028463850958,0.00025381378581045564,0.0002541247252358154,0.00025459113437385506,False,False,False,False,False,False,False
11,0.5083739622150081,0.00027056277056281,0.0013487187172186623,0.0013487187172186623,21,11,0.00027056277056281,0.000270599261870094,0.00027067224448466213,0.0002707452270992303,0.00027081820971379845,0.0002709276836356506,False,False,False,False,False,False,False
11,0.5362687535301521,0.001136363636363713,0.010789749737749106,0.010789749737749106,22,10,0.001136363636363713,0.0011375897442884575,0.001140041960137946,0.0011424941759874347,0.0011449463918369231,0.001148624715611156,False,False,False,False,False,False,False
11,0.6440597372541039,0.0027173913043480047,0.03611569009441033,0.03611569009441033,23,9,0.0027173913043480047,0.002727205350569312,0.0027468334430119277,0.0027664615354545436,0.002786089627897159,0.002815531766561083,False,False,False,False,False,False,False
11,0.8327800538059429,0.0,0.046006294020680356,0.046006294020680356,24,8,0.0,0.0,0.0,0.0,0.0,0.0,False,False,False,False,False,False,False
11,0.9498693013016095,0.003214285714285725,0.004945301963135071,0.004945301963135071,25,7,0.003214285714285725,0.0032158752756310184,0.0032190543983216056,0.0032222335210121923,0.003225412643702779,0.0032301813277386595,False,False,False,False,False,False,False
11,1.0053145037922047,0.001602564102564208,0.019181777311553978,0.019181777311553978,26,6,0.001602564102564208,0.0016056381053384957,0.0016117861108870708,0.0016179341164356464,0.0016240821219842218,0.0016333041303070847,False,False,False,False,False,False,False
11,1.3662248901906118,0.0004629629629629983,0.1378690244267945,0.1378690244267945,27,5,0.0004629629629629983,0.00046934578816794305,0.0004821114385778324,0.0004948770889877217,0.000507642739397611,0.0005267912150124451,False,False,False,False,False,False,False
11,1.8159853526298486,0.008928571428571175,0.05784504720515522,0.05784504720515522,28,4,0.008928571428571175,0.008980218792147205,0.009083513519299265,0.009186808246451324,0.009290102973603385,0.009445045064331475,False,False,False,False,False,False,False
11,1.9713007956314534,0.0007183908045976795,0.009740746291023464,0.009740746291023464,29,3,0.0007183908045976795,0.0007190905708542184,0.0007204901033672964,0.0007218896358803746,0.0007232891683934526,0.0007253884671630697,False,False,False,False,False,False,False
12,-0.8052331006998064,0.0581896551724137,0.012272950417280314,0.012272950417280314,3,29,0.0581896551724137,0.05826107104768667,0.058403902798232606,0.05854673454877854,0.058689566299324473,0.05890381392514337,False,False,False,False,False,False,False
12,-0.7628442815346055,0.08035714285714268,0.008018327605956447,0.008018327605956447,4,28,0.08035714285714268,0.0804215758468334,0.08055044182621485,0.08067930780559629,0.08080817378497773,0.0810014727540499,False,False,False,False,False,False,False
12,-0.6845617042053229,0.02268518518518503,0.029455081001472778,0.029455081001472778,5,27,0.02268518518518503,0.022752004581901335,0.02288564337533394,0.023019282168766548,0.023152920962199154,0.02335337915234807,False,False,False,False,False,False,False
12,-0.6014932924541627,0.04006410256410253,0.010309278350515485,0.010309278350515485,6,26,0.04006410256410253,0.040105405762622226,0.04018801215966161,0.040270618556701,0.040353224953740385,0.040477134549299465,False,False,False,False,False,False,False
12,-0.5454306606550259,0.060357142857143,0.016527573228604125,0.016527573228604125,7,25,0.060357142857143,0.06045689856698707,0.06065640998667522,0.060855921406363374,0.061055432826051526,0.06135469995558375,False,False,False,False,False,False,False
12,-0.4938120179619181,0.02083333333333348,0.008181966944853564,0.008181966944853564,8,24,0.02083333333333348,0.020850379097801925,0.020884470626738816,0.020918562155675707,0.020952653684612597,0.021003790978017932,False,False,False,False,False,False,False
12,-0.41689682189602917,0.0027173913043480047,0.028636884306987374,0.028636884306987374,9,23,0.0027173913043480047,0.0027251730663879472,0.0027407365904678327,0.0027563001145477183,0.0027718636386276038,0.002795208924747432,False,False,False,False,False,False,False
12,-0.3122921552464202,0.010227272727272751,0.02143675339551628,0.02143675339551628,10,22,0.010227272727272751,0.010249196679609074,0.010293044584281721,0.010336892488954369,0.010380740393627016,0.010446512250635986,False,False,False,False,False,False,False
12,-0.25452029686804134,0.021915584415584277,0.006218294878088696,0.006218294878088696,11,21,0.021915584415584277,0.021929212172216453,0.0219564676854808,0.021983723198745152,0.0220109787120095,0.022051861981906024,False,False,False,False,False,False,False
12,-0.17008450385348756,0.03750000000000009,0.034200621829487854,0.034200621829487854,12,20,0.03750000000000009,0.037628252331860665,0.037884756995581824,0.03814126165930298,0.03839776632302415,0.03878252331860589,False,False,False,False,False,False,False
12,-0.06513799188803013,0.05693319838056676,0.016036655211912904,0.016036655211912904,13,19,0.05693319838056676,0.05702450018782082,0.05720710380232894,0.057389707416837056,0.05757231103134517,0.05784621645310735,False,False,False,False,False,False,False
12,0.044594354499304684,0.0803571428571428,0.036491572574046775,0.036491572574046775,14,18,0.0803571428571428,0.08065037870818424,0.08123685041026714,0.08182332211235002,0.08240979381443292,0.08328950136755725,False,False,False,False,False,False,False
12,0.15056640241230718,0.04142156862745083,0.014236622484045138,0.014236622484045138,15,17,0.04142156862745083,0.041480538950975435,0.04159847959802463,0.041716420245073826,0.04183436089212302,0.04201127186269682,False,False,False,False,False,False,False
12,0.24457386427061603,0.0625,0.03076419571264939,0.03076419571264939,16,16,0.0625,0.06269227622320406,0.06307682866961217,0.06346138111602029,0.06384593356242842,0.06442276223204059,False,False,False,False,False,False,False
12,0.351571448131164,0.029656862745098156,0.020454917362133864,0.020454917362133864,17,15,0.029656862745098156,0.029717525612765267,0.029838851348099493,0.02996017708343372,0.030081502818767945,0.030263491421769283,False,False,False,False,False,False,False
12,0.48728403852297697,0.008928571428571397,0.04450990018000327,0.04450990018000327,18,14,0.008928571428571397,0.00896831241087497,0.009047794375482119,0.009127276340089268,0.009206758304696415,0.00932598125160714,False,False,False,False,False,False,False
12,0.585051798855618,0.00025303643724705616,0.002290950744558932,0.002290950744558932,19,13,0.00025303643724705616,0.00025309440664848733,0.0002532103454513497,0.000253326284254212,0.0002534422230570743,0.00025361613126136784,False,False,False,False,False,False,False
12,0.6380378228121191,0.004166666666666763,0.023073146784486978,0.023073146784486978,20,12,0.004166666666666763,0.004176280477826966,0.004195508100147372,0.004214735722467778,0.004233963344788184,0.004262804778268794,False,False,False,False,False,False,False
12,0.7361474284606087,0.01325757575757569,0.023891343478972368,0.023891343478972368,21,11,0.01325757575757569,0.013289249887187963,0.01335259814641251,0.013415946405637058,0.013479294664861606,0.013574317053698427,False,False,False,False,False,False,False
12,0.7993888118925618,0.02840909090909094,0.006381934216985774,0.006381934216985774,22,10,0.02840909090909094,0.02842722140402556,0.028463482393894794,0.028499743383764032,0.02853600437363327,0.028590395858437125,False,False,False,False,False,False,False
12,0.8961310362776578,0.007548309178743939,0.03992799869088526,0.03992799869088526,23,9,0.007548309178743939,0.007578448066644668,0.007638725842446125,0.007699003618247582,0.007759281394049038,0.007849698057751224,False,False,False,False,False,False,False
12,1.0397060689339839,0.02083333333333337,0.028800523645884465,0.028800523645884465,24,8,0.02083333333333337,0.020893334424262295,0.021013336606120148,0.021133338787978,0.021253340969835853,0.02143334424262263,False,False,False,False,False,False,False
12,1.1490965700054705,0.003214285714285725,0.023564064801178265,0.023564064801178265,25,7,0.003214285714285725,0.003221859877971818,0.003237008205344004,0.00325215653271619,0.003267304860088376,0.0032900273511466556,False,False,False,False,False,False,False
12,1.2140471800166657,0.001602564102564208,0.007527409589265213,0.007527409589265213,26,6,0.001602564102564208,0.0016037704182035133,0.001606183049482124,0.0016085956807607349,0.0016110083120393457,0.0016146272589572619,False,False,False,False,False,False,False
12,1.5203405830168282,0.02268518518518503,0.1390934380625103,0.1390934380625103,27,5,0.02268518518518503,0.02300072122523424,0.023631793305332664,0.024262865385431084,0.02489393746552951,0.025840545585677138,False,False,False,False,False,False,False
12,1.8355219642290486,0.008928571428571175,0.011782032400589027,0.011782032400589027,28,4,0.008928571428571175,0.008939091100357415,0.008960130443929895,0.008981169787502375,0.009002209131074855,0.009033768146433575,False,False,False,False,False,False,False
12,1.873124948972372,0.0007183908045976795,0.0062182948780887485,0.0062182948780887485,29,3,0.0007183908045976795,0.000718837521183749,0.0007197309543558882,0.0007206243875280274,0.0007215178207001664,0.0007228579704583752,False,False,False,False,False,False,False
13,-0.979436845844369,0.0007183908045976795,0.01543942992874108,0.01543942992874108,3,29,0.0007183908045976795,0.0007194999590465832,0.0007217182679443907,0.0007239365768421985,0.000726154885740006,0.0007294823490867173,False,False,False,False,False,False,False
13,-0.8957948407811761,0.008928571428571175,0.016087238177499456,0.016087238177499456,4,28,0.008928571428571175,0.0089429350340868,0.008971662245118047,0.009000389456149295,0.009029116667180544,0.009072207483727416,False,False,False,False,False,False,False
13,-0.7511400032575035,0.02268518518518503,0.038436622759663114,0.038436622759663114,5,27,0.02268518518518503,0.022772379375704636,0.022946767756743848,0.02312115613778306,0.023295544518822268,0.023557127090381085,False,False,False,False,False,False,False
13,-0.6391399211352145,0.04006410256410253,0.003778881451090499,0.003778881451090499,6,26,0.04006410256410253,0.040079242313505944,0.04010952181231276,0.04013980131111957,0.04017008080992639,0.0402155000581366,False,False,False,False,False,False,False
13,-0.4394876008302643,0.008928571428571397,0.07147484344633985,0.07147484344633985,7,25,0.008928571428571397,0.008992388253077056,0.009120021902088377,0.009247655551099698,0.009375289200111018,0.009566739673628002,False,False,False,False,False,False,False
13,-0.18884803086350468,0.02083333333333348,0.022997192830922088,0.022997192830922088,8,24,0.02083333333333348,0.020881244151731235,0.020977065788526744,0.021072887425322255,0.021168709062117767,0.02131244151731103,False,False,False,False,False,False,False
13,-0.053072995247225814,0.03653381642512077,0.02817965882098894,0.02817965882098894,9,23,0.03653381642512077,0.03663676747334962,0.036842669569807335,0.037048571666265045,0.03725447376272275,0.037563326907409315,False,False,False,False,False,False,False
13,0.025126550582403137,0.010227272727272751,0.0012956164975167718,0.0012956164975167718,10,22,0.010227272727272751,0.010228597789599756,0.010231247914253767,0.010233898038907781,0.010236548163561792,0.01024052335054281,False,False,False,False,False,False,False
13,0.09616496584155339,0.00027056277056281,0.0254804577844958,0.0254804577844958,11,21,0.00027056277056281,0.00027125217688814816,0.0002726309895388245,0.0002740098021895009,0.00027538861484017725,0.00027745683381619185,False,False,False,False,False,False,False
13,0.26029807851692854,0.004166666666666652,0.036385229971928314,0.036385229971928314,12,20,0.004166666666666652,0.004181827179154956,0.004212148204131562,0.004242469229108169,0.004272790254084775,0.0043182717915496854,False,False,False,False,False,False,False
13,0.3846153052204413,0.00025303643724705616,0.010472900021593597,0.010472900021593597,13,19,0.00025303643724705616,0.000253301439777967,0.00025383144483978875,0.0002543614499016105,0.0002548914549634322,0.0002556864625561648,False,False,False,False,False,False,False
13,0.44562813768092097,0.008928571428571397,0.012524292809328428,0.012524292809328428,14,18,0.008928571428571397,0.00893975383286544,0.008962118641453526,0.008984483450041613,0.009006848258629699,0.009040395471511828,False,False,False,False,False,False,False
13,0.4977611682340069,0.0022058823529413907,0.007125890736342032,0.007125890736342032,15,17,0.0022058823529413907,0.002207454240603819,0.002210598015928676,0.002213741791253533,0.0022168855665783906,0.002221601229565676,False,False,False,False,False,False,False
13,0.5693724739387953,0.015625,0.019866119628589914,0.019866119628589914,16,16,0.015625,0.015656040811919673,0.015718122435759017,0.01578020405959836,0.015842285683437703,0.015935408119196717,False,False,False,False,False,False,False
13,0.6681960758114032,0.006127450980392246,0.01738285467501619,0.01738285467501619,17,15,0.006127450980392246,0.0061381022393842905,0.00615940475736838,0.006180707275352468,0.006202009793336557,0.00623396357031269,False,False,False,False,False,False,False
13,0.7423853885215641,0.024801587301587213,0.010580868063053384,0.010580868063053384,18,14,0.024801587301587213,0.02482782953388645,0.02488031399848493,0.02493279846308341,0.02498528292768189,0.02506400962457961,False,False,False,False,False,False,False
13,0.8062626732102356,0.05693319838056676,0.013496005182465994,0.013496005182465994,19,13,0.05693319838056676,0.05701003545460661,0.05716370960268631,0.05731738375076601,0.05747105789884571,0.05770156912096525,False,False,False,False,False,False,False
13,0.9340172425875781,0.03750000000000009,0.03465774130857264,0.03465774130857264,20,12,0.03750000000000009,0.03762996652990724,0.03788989958972153,0.03814983264953582,0.038409765709350126,0.03879966529907157,False,False,False,False,False,False,False
13,1.027111940003803,0.021915584415584277,0.0004318721658389034,0.0004318721658389034,21,11,0.021915584415584277,0.021916530888674995,0.021918423834856433,0.02192031678103787,0.021922209727219307,0.021925049146491463,False,False,False,False,False,False,False
13,1.0844009845676337,0.010227272727272751,0.021161736126106685,0.021161736126106685,22,10,0.010227272727272751,0.01024891541194718,0.010292200781296033,0.010335486150644887,0.010378771519993743,0.010443699574017026,False,False,False,False,False,False,False
13,1.1514291667073158,0.0027173913043480047,0.004102785575469687,0.004102785575469687,23,9,0.0027173913043480047,0.0027185061917326435,0.0027207359665019203,0.0027229657412711976,0.0027251955160404744,0.0027285401781943905,False,False,False,False,False,False,False
13,1.229915157759764,0.0,0.02548045778449572,0.02548045778449572,24,8,0.0,0.0,0.0,0.0,0.0,0.0,False,False,False,False,False,False,False
13,1.299234901681999,0.003214285714285725,0.0006478082487584179,0.0006478082487584179,25,7,0.003214285714285725,0.0032144939383656835,0.0032149103865255994,0.0032153268346855153,0.0032157432828454316,0.003216367955085306,False,False,False,False,False,False,False
13,1.3230098551759888,0.014423076923076983,0.008313539192398986,0.008313539192398986,26,6,0.014423076923076983,0.014435067604604482,0.014459048967659477,0.014483030330714476,0.014507011693769474,0.014542983738351969,False,False,False,False,False,False,False
13,1.4665189118083846,0.03749999999999998,0.0457784495789246,0.0457784495789246,27,5,0.03749999999999998,0.03767166918592094,0.03801500755776288,0.03835834592960481,0.03870168430144675,0.03921669185920965,False,False,False,False,False,False,False
13,1.9016292052706794,0.008928571428571508,0.11822500539840214,0.11822500539840214,28,4,0.008928571428571508,0.009034129469105796,0.009245245550174374,0.00945636163124295,0.009667477712311528,0.009984151833914394,False,False,False,False,False,False,False
13,2.240207458642919,0.03520114942528729,0.009393219606996349,0.009393219606996349,29,3,0.03520114942528729,0.03523421463798434,0.03530034506337842,0.0353664754887725,0.03543260591416659,0.03553180155225771,False,False,False,False,False,False,False
14,-0.7071876254162348,0.0007183908045976795,0.0570313483570439,0.0570313483570439,3,29,0.0007183908045976795,0.0007224878842210302,0.0007306820434677317,0.0007388762027144331,0.0007470703619611346,0.0007593616008311868,False,False,False,False,False,False,False
14,-0.5938150855512974,0.008928571428571508,0.003273322422258616,0.003273322422258616,4,28,0.008928571428571508,0.008931494037877097,0.008937339256488272,0.00894318447509945,0.008949029693710624,0.008957797521627387,False,False,False,False,False,False,False
14,-0.559732317825721,0.0004629629629629983,0.014855847916404414,0.014855847916404414,5,27,0.0004629629629629983,0.00046365073369986895,0.00046502627517361025,0.0004664018166473515,0.0004677773581210927,0.00046984067033170466,False,False,False,False,False,False,False
14,-0.39263208161560414,0.001602564102564208,0.07402744554954045,0.07402744554954045,6,26,0.001602564102564208,0.00161442747524843,0.001638154220616874,0.001661880965985318,0.001685607711353762,0.001721197829406428,False,False,False,False,False,False,False
14,-0.14340184262232808,0.003214285714285725,0.05854211255193251,0.05854211255193251,7,25,0.003214285714285725,0.003233102821891703,0.0032707370371036597,0.003308371252315617,0.0033460054675275735,0.003402456790345509,False,False,False,False,False,False,False
14,-0.032159475740239,0.0,0.0006294850812035761,0.0006294850812035761,8,24,0.0,0.0,0.0,0.0,0.0,0.0,False,False,False,False,False,False,False
14,-0.0037571693022587817,0.0027173913043480047,0.014478156867682248,0.014478156867682248,9,23,0.0027173913043480047,0.0027213255861055275,0.0027291941496205728,0.002737062713135618,0.0027449312766506632,0.0027567341219232305,False,False,False,False,False,False,False
14,0.05636104599146604,0.001136363636363713,0.01749968525745943,0.01749968525745943,10,22,0.001136363636363713,0.001138352236961152,0.0011423294381560293,0.0011463066393509068,0.001150283840545784,0.0011562496423381,False,False,False,False,False,False,False
14,0.24973341565671447,0.00027056277056281,0.0853581770112048,0.0853581770112048,11,21,0.00027056277056281,0.0002728722450490442,0.00027749119402151266,0.0002821101429939811,0.0002867290919664496,0.00029365751542515233,False,False,False,False,False,False,False
14,0.4232241708153768,0.004166666666666763,0.006924335893239347,0.006924335893239347,12,20,0.004166666666666763,0.004169551806622279,0.004175322086533312,0.0041810923664443445,0.0041868626463553785,0.004195518066221928,False,False,False,False,False,False,False
14,0.4731648929688253,0.02049595141700411,0.019639934533551548,0.019639934533551548,13,19,0.02049595141700411,0.02053620533140739,0.020616713160213955,0.020697220989020517,0.020777728817827083,0.020898490561036924,False,False,False,False,False,False,False
14,0.5451174026117084,0.04861111111111116,0.018632758403625802,0.018632758403625802,14,18,0.04861111111111116,0.04870168702001767,0.048882838837830705,0.049063990655643736,0.049245142473456766,0.04951687020017631,False,False,False,False,False,False,False
14,0.6873656206885925,0.029656862745098156,0.05703134835704395,0.05703134835704395,15,17,0.029656862745098156,0.029825999832137427,0.030164274006215974,0.03050254818029452,0.030840822354373066,0.031348233615490884,False,False,False,False,False,False,False
14,0.7955310710399004,0.015625,0.000503588064962889,0.000503588064962889,16,16,0.015625,0.015625786856351506,0.015627360569054515,0.015628934281757524,0.015630507994460533,0.015632868563515045,False,False,False,False,False,False,False
14,0.8064186218411263,0.006127450980392246,0.005287674682110084,0.005287674682110084,17,15,0.006127450980392246,0.006130690977133735,0.006137170970616713,0.006143650964099692,0.00615013095758267,0.006159850947807136,False,False,False,False,False,False,False
14,0.8710338689875314,0.024801587301587213,0.029082210751605192,0.029082210751605192,18,14,0.024801587301587213,0.024873715800475125,0.025017972798250944,0.025162229796026763,0.025306486793802582,0.025522872290466306,False,False,False,False,False,False,False
14,0.9474834104830947,0.05693319838056676,0.011582525494145767,0.011582525494145767,19,13,0.05693319838056676,0.056999141402737374,0.05713102744707861,0.05726291349141985,0.057394799535761085,0.05759262860227293,False,False,False,False,False,False,False
14,1.08760145557713,0.10416666666666674,0.06294850812035749,0.06294850812035749,20,12,0.10416666666666674,0.10482238029292046,0.10613380754542791,0.10744523479793536,0.1087566620504428,0.11072380292920399,False,False,False,False,False,False,False
14,1.2897312030607557,0.07819264069264076,0.04456754374921312,0.04456754374921312,21,11,0.07819264069264076,0.07854112608613432,0.07923809687312149,0.07993506766010863,0.0806320384470958,0.08167749462757652,False,False,False,False,False,False,False
14,1.4085475183263063,0.055681818181818166,0.01863275840362586,0.01863275840362586,22,10,0.055681818181818166,0.0557855687683838,0.055993069941515095,0.05620057111464639,0.05640807228777767,0.05671932404747461,False,False,False,False,False,False,False
14,1.4736361372466775,0.03653381642512077,0.015988921062570875,0.015988921062570875,23,9,0.03653381642512077,0.03659223005581434,0.036709057317201484,0.036825884578588625,0.036942711839975766,0.037117952732056474,False,False,False,False,False,False,False
14,1.5107958215030353,0.02083333333333348,0.003776910487221446,0.003776910487221446,24,8,0.02083333333333348,0.020841201896848526,0.020856939023878616,0.020872676150908705,0.020888413277938795,0.020912018968483926,False,False,False,False,False,False,False
14,1.5718607803446925,0.008928571428571397,0.02870451970288293,0.02870451970288293,25,7,0.008928571428571397,0.0089542004640204,0.009005458534918406,0.009056716605816409,0.009107974676714415,0.009184861783061422,False,False,False,False,False,False,False
14,1.6352925980561812,0.001602564102564208,0.005035880649628654,0.005035880649628654,26,6,0.001602564102564208,0.0016033711347195972,0.0016049851990303757,0.0016065992633411542,0.0016082133276519328,0.0016106344241181006,False,False,False,False,False,False,False
14,1.6530440395799193,0.02268518518518503,0.004406395568425109,0.004406395568425109,27,5,0.02268518518518503,0.02269518117513192,0.022715173155025702,0.02273516513491948,0.02275515711481326,0.022785145084653933,False,False,False,False,False,False,False
14,1.77635738669815,0.008928571428571175,0.061185949892987486,0.061185949892987486,28,4,0.008928571428571175,0.008983201740975626,0.009092462365784528,0.009201722990593433,0.009310983615402337,0.00947487455261569,False,False,False,False,False,False,False
14,1.9306765850111756,0.0007183908045976795,0.02089890469595867,0.02089890469595867,29,3,0.0007183908045976795,0.0007198921626936534,0.0007228948788856014,0.0007258975950775494,0.0007289003112694975,0.0007334043855574194,False,False,False,False,False,False,False
15,-0.6649294088772582,0.03520114942528729,0.016369443705083832,0.016369443705083832,3,29,0.03520114942528729,0.03525877174867444,0.03537401639544874,0.03548926104222304,0.035604505688997326,0.03577737265915878,False,False,False,False,False,False,False
15,-0.567955395557409,0.008928571428571508,0.044450359329252044,0.044450359329252044,4,28,0.008928571428571508,0.008968259249401197,0.009047634891060577,0.009127010532719956,0.009206386174379336,0.009325449636868405,False,False,False,False,False,False,False
15,-0.48774494252698686,0.03749999999999998,0.005855735959542205,0.005855735959542205,5,27,0.03749999999999998,0.037521959009848255,0.03756587702954482,0.03760979504924139,0.03765371306893796,0.03771959009848281,False,False,False,False,False,False,False
15,-0.37230979319219926,0.07852564102564097,0.06654245408570668,0.06654245408570668,6,26,0.07852564102564097,0.07904816991189091,0.08009322768439078,0.08113828545689065,0.08218334322939055,0.08375092988814037,False,False,False,False,False,False,False
15,-0.17645199386130056,0.04321428571428587,0.05629491615650785,0.05629491615650785,7,25,0.04321428571428587,0.04345756017339078,0.043944109091600604,0.04443065800981042,0.04491720692802024,0.04564703030533497,False,False,False,False,False,False,False
15,-0.085419495580742,0.02083333333333337,0.0007985094490284679,0.0007985094490284679,8,24,0.02083333333333337,0.020834996894685515,0.0208383240173898,0.02084165114009408,0.020844978262798367,0.020849968946854796,False,False,False,False,False,False,False
15,0.04274747169538244,0.05102657004830913,0.0795847750865052,0.0795847750865052,9,23,0.05102657004830913,0.051432663858382174,0.052244851478528274,0.053057039098674375,0.05386922671882047,0.055087508149039614,False,False,False,False,False,False,False
15,0.19213413554040165,0.02840909090909094,0.01410700026616981,0.01410700026616981,10,22,0.02840909090909094,0.02844916761439256,0.028529321024995793,0.028609474435599035,0.028689627846202267,0.028809857962107128,False,False,False,False,False,False,False
15,0.3408842084883541,0.01325757575757569,0.07918552036199103,0.07918552036199103,11,21,0.01325757575757569,0.013362556561085905,0.013572518168106333,0.013782479775126765,0.013992441382147194,0.01430738379267784,False,False,False,False,False,False,False
15,0.48517814515683855,0.03749999999999998,0.011312217194570057,0.011312217194570057,12,20,0.03749999999999998,0.037542420814479616,0.03762726244343889,0.03771210407239817,0.03779694570135744,0.037924208144796356,False,False,False,False,False,False,False
15,0.543744507686988,0.02049595141700411,0.025419217460739964,0.025419217460739964,13,19,0.02049595141700411,0.02054805052161747,0.020652248730844185,0.020756446940070904,0.020860645149297623,0.0210169424631377,False,False,False,False,False,False,False
15,0.5872448856532222,0.04861111111111116,0.0018631887143997483,0.0018631887143997483,14,18,0.04861111111111116,0.048620168278472826,0.04863828261319615,0.04865639694791949,0.048674511282642816,0.04870168278472782,False,False,False,False,False,False,False
15,0.6082523852564281,0.029656862745098156,0.01131221719457023,0.01131221719457023,15,17,0.029656862745098156,0.029690411232366366,0.02975750820690279,0.029824605181439208,0.02989170215597563,0.029992347617780267,False,False,False,False,False,False,False
15,0.6653333690267551,0.0625,0.024487623103540003,0.024487623103540003,16,16,0.0625,0.06265304764439712,0.06295914293319138,0.06326523822198563,0.06357133351077987,0.06403047644397125,False,False,False,False,False,False,False
15,0.9386430608341199,0.10808823529411782,0.1469257386212404,0.1469257386212404,17,15,0.10808823529411782,0.10967632967480329,0.11285251843617422,0.11602870719754517,0.11920489595891609,0.1239691791009725,False,False,False,False,False,False,False
15,1.1847915410332992,0.0803571428571428,0.007452754857599063,0.007452754857599063,18,14,0.0803571428571428,0.08041703106581993,0.0805368074831742,0.08065658390052846,0.08077636031788274,0.08095602494391416,False,False,False,False,False,False,False
15,1.2070722224306385,0.13385627530364352,0.006521160500399276,0.006521160500399276,19,13,0.13385627530364352,0.13394356512916758,0.13411814478021572,0.1342927244312639,0.134467304082312,0.1347291735588842,False,False,False,False,False,False,False
15,1.2444188883918934,0.10416666666666674,0.016901783337769614,0.016901783337769614,20,12,0.10416666666666674,0.10434272690976852,0.10469484739597204,0.10504696788217557,0.1053990883683791,0.1059272690976844,False,False,False,False,False,False,False
15,1.2828265391815932,0.07819264069264076,0.007186585041256207,0.007186585041256207,21,11,0.07819264069264076,0.07824883449883456,0.07836122211122216,0.07847360972360978,0.07858599733599739,0.07875457875457881,False,False,False,False,False,False,False
15,1.3297220685988502,0.055681818181818166,0.02222517966462597,0.02222517966462597,22,10,0.055681818181818166,0.055805572023132556,0.05605307970576136,0.05630058738839014,0.056548095071018926,0.05691935659496211,False,False,False,False,False,False,False
15,1.387439643266244,0.03653381642512077,0.013973915357998478,0.013973915357998478,23,9,0.03653381642512077,0.0365848684709637,0.03668697256264956,0.03678907665433541,0.036891180746021275,0.037044336883550064,False,False,False,False,False,False,False
15,1.4177838093597637,0.02083333333333348,0.005057226510513777,0.005057226510513777,24,8,0.02083333333333348,0.020843869221897054,0.02086494099902419,0.020886012776151333,0.020907084553278475,0.020938692218969185,False,False,False,False,False,False,False
15,1.48101850513507,0.008928571428571397,0.03460207612456731,0.03460207612456731,25,7,0.008928571428571397,0.008959466139396905,0.009021255561047915,0.009083044982698928,0.009144834404349942,0.009237518536826462,False,False,False,False,False,False,False
15,1.5896633515678111,0.001602564102564208,0.03353739685919617,0.03353739685919617,26,6,0.001602564102564208,0.0016079386853942075,0.0016186878510542073,0.0016294370167142065,0.0016401861823742063,0.001656309930864205,False,False,False,False,False,False,False
15,1.656081001828452,0.0004629629629629983,0.008118179398456412,0.008118179398456412,27,5,0.0004629629629629983,0.0004633388046018158,0.0004640904878794507,0.00046484217115708566,0.00046559385443472055,0.0004667213793511729,False,False,False,False,False,False,False
15,1.6840910012993935,0.008928571428571508,0.009449028480170344,0.009449028480170344,28,4,0.008928571428571508,0.008937008061143089,0.008953881326286252,0.008970754591429412,0.008987627856572573,0.009012937754287315,False,False,False,False,False,False,False
15,1.7275913792656277,0.0007183908045976795,0.017833377694969333,0.017833377694969333,29,3,0.0007183908045976795,0.0007196719380527778,0.0007222342049629744,0.0007247964718731712,0.0007273587387833678,0.0007312021391486628,False,False,False,False,False,False,False
16,-0.729641979391229,0.0007183908045976795,0.009603234773818583,0.009603234773818583,3,29,0.0007183908045976795,0.0007190806921532698,0.0007204604672644506,0.0007218402423756314,0.0007232200174868122,0.0007252896801535835,False,False,False,False,False,False,False
16,-0.7016944146532249,0.008928571428571508,0.008971443012383059,0.008971443012383059,4,28,0.008928571428571508,0.00893658164554685,0.008952602079497534,0.008968622513448219,0.008984642947398903,0.00900867359832493,False,False,False,False,False,False,False
16,-0.6745073278672751,0.03749999999999998,0.009097801364670281,0.009097801364670281,5,27,0.03749999999999998,0.03753411675511749,0.03760235026535252,0.037670583775587546,0.037738817285822575,0.037841167551175114,False,False,False,False,False,False,False
16,-0.5328683092971176,0.07852564102564097,0.08503917108920894,0.08503917108920894,6,26,0.07852564102564097,0.0791934165678479,0.08052896765226175,0.08186451873667562,0.08320006982108946,0.08520339644771024,False,False,False,False,False,False,False
16,-0.3554868269803969,0.1289285714285714,0.03285317159464242,0.03285317159464242,7,25,0.1289285714285714,0.1293521426766309,0.13019928517274987,0.13104642766886887,0.13189357016498787,0.13316428390916638,False,False,False,False,False,False,False
16,-0.17468319387943076,0.08333333333333337,0.08731362143037652,0.08731362143037652,8,24,0.08333333333333337,0.08406094684525317,0.08551617386909278,0.08697140089293239,0.08842662791677201,0.09060946845253141,False,False,False,False,False,False,False
16,-0.039888476877764166,0.05102657004830913,0.0022744503411675104,0.0022744503411675104,9,23,0.05102657004830913,0.051038175788274624,0.05106138726820562,0.05108459874813662,0.05110781022806762,0.05114262744796411,False,False,False,False,False,False,False
16,0.01163390437393073,0.09204545454545454,0.031968663128632856,0.031968663128632856,10,22,0.09204545454545454,0.09233971155834308,0.0929282255841202,0.0935167396098973,0.09410525363567442,0.09498802467434007,False,False,False,False,False,False,False
16,0.28103321888925037,0.06087662337662336,0.1470811220621682,0.1470811220621682,11,21,0.06087662337662336,0.06177200358398235,0.0635627639987003,0.06535352441341825,0.06714428482813621,0.06983042545021315,False,False,False,False,False,False,False
16,0.6053770654405103,0.03749999999999998,0.06848622693960073,0.06848622693960073,12,20,0.03749999999999998,0.03775682335102348,0.038270470053070486,0.0387841167551175,0.03929776345716449,0.040068233510235,False,False,False,False,False,False,False
16,0.8185010115037943,0.07312753036437236,0.07316148597422285,0.07316148597422285,13,19,0.07312753036437236,0.07366254224308062,0.07473256600049714,0.07580258975791365,0.07687261351533016,0.07847764915145494,False,False,False,False,False,False,False
16,0.9354244966321793,0.04861111111111116,0.004548900682335159,0.004548900682335159,14,18,0.04861111111111116,0.048633223822761404,0.048677449246061884,0.048721674669362364,0.048765900092662844,0.04883223822761357,False,False,False,False,False,False,False
16,0.9470217854010112,0.029656862745098156,0.003158958807177218,0.003158958807177218,15,17,0.029656862745098156,0.02966623122587434,0.02968496818742672,0.029703705148979093,0.029722442110531464,0.02975054755286003,False,False,False,False,False,False,False
16,0.9612807470020338,0.0625,0.006317917614354289,0.006317917614354289,16,16,0.0625,0.06253948698508971,0.06261846095526914,0.06269743492544858,0.062776408895628,0.06289486985089714,False,False,False,False,False,False,False
16,0.9943615379164061,0.10808823529411782,0.015668435683598686,0.015668435683598686,17,15,0.10808823529411782,0.10825759265040377,0.10859630736297568,0.1089350220755476,0.10927373678811952,0.1097818088569774,False,False,False,False,False,False,False
16,1.0316249575670784,0.16765873015873012,0.00909780136467017,0.00909780136467017,18,14,0.16765873015873012,0.1678112627411338,0.16811632790594122,0.1684213930707486,0.16872645823555601,0.16918405598276706,False,False,False,False,False,False,False
16,1.0766832762263094,0.13385627530364352,0.020849128127369148,0.020849128127369148,19,13,0.13385627530364352,0.13413535396708934,0.13469351129398094,0.13525166862087257,0.13580982594776417,0.13664706193810158,False,False,False,False,False,False,False
16,1.1223119533495818,0.10416666666666674,0.009476876421531544,0.009476876421531544,20,12,0.10416666666666674,0.10426538412939104,0.1044628190548396,0.10466025398028818,0.10485768890573675,0.10515384129390962,False,False,False,False,False,False,False
16,1.1449361724232043,0.07819264069264076,0.005559767500631763,0.005559767500631763,21,11,0.07819264069264076,0.0782361139828919,0.07832306056339422,0.07841000714389652,0.07849695372439881,0.07862737359515229,False,False,False,False,False,False,False
16,1.1631876432725132,0.055681818181818166,0.00657063431892844,0.00657063431892844,22,10,0.055681818181818166,0.05571840466836674,0.0557915776414639,0.05586475061456106,0.05593792358765822,0.05604768304730395,False,False,False,False,False,False,False
16,1.1926561639146263,0.1089975845410629,0.013014910285569805,0.013014910285569805,23,9,0.1089975845410629,0.10913944391947747,0.10942316267630663,0.10970688143313576,0.10999060018996493,0.11041617832520866,False,False,False,False,False,False,False
16,1.2884763858734978,0.08333333333333315,0.05066969926712161,0.05066969926712161,24,8,0.08333333333333315,0.08375558082722583,0.08460007581501118,0.08544457080279655,0.0862890657905819,0.08755580827225994,False,False,False,False,False,False,False
16,1.438100422940228,0.060357142857143,0.04877432398281533,0.04877432398281533,25,7,0.060357142857143,0.06065153074118214,0.0612403065092604,0.06182908227733867,0.06241785804541694,0.06330102169753436,False,False,False,False,False,False,False
16,1.5225134756182817,0.04006410256410253,0.007328784432650893,0.007328784432650893,26,6,0.04006410256410253,0.04009346468122053,0.040152188915456515,0.040210913149692495,0.04026963738392848,0.04035772373528245,False,False,False,False,False,False,False
16,1.729743717553143,0.02268518518518503,0.13040181956027294,0.13040181956027294,27,5,0.02268518518518503,0.02298100412770602,0.023572642012747995,0.024164279897789968,0.024755917782831944,0.025643374610394905,False,False,False,False,False,False,False
16,1.9525637575051222,0.08035714285714268,0.017690169320192115,0.017690169320192115,28,4,0.08035714285714268,0.08049929600346566,0.08078360229611159,0.08106790858875754,0.0813522148814035,0.0817786743203724,False,False,False,False,False,False,False
16,2.02043641472599,0.0581896551724137,0.027419762446297808,0.027419762446297808,29,3,0.0581896551724137,0.058349209824579654,0.058668319128911565,0.058987428433243484,0.059306537737575396,0.05978520169407327,False,False,False,False,False,False,False
17,-1.0368273336336917,0.03520114942528729,0.014251235490173583,0.014251235490173583,3,29,0.03520114942528729,0.035251315412285746,0.03535164738628266,0.035451979360279565,0.03555231133427648,0.03570280929527185,False,False,False,False,False,False,False
17,-0.9748855685565263,0.008928571428571508,0.02241121710148256,0.02241121710148256,4,28,0.008928571428571508,0.00894858144384069,0.00898860147437905,0.009028621504917412,0.009068641535455774,0.009128671581263318,False,False,False,False,False,False,False
17,-0.9282836136395368,0.0004629629629629983,0.005171819331111357,0.005171819331111357,5,27,0.0004629629629629983,0.0004632023990431424,0.0004636812712034305,0.0004641601433637186,0.0004646390155240067,0.000465357323764439,False,False,False,False,False,False,False
17,-0.8692544707446834,0.014423076923076983,0.029766693483507623,0.029766693483507623,6,26,0.014423076923076983,0.014466009654062813,0.014551875116034469,0.014637740578006124,0.014723606039977783,0.014852404232935268,False,False,False,False,False,False,False
17,-0.6888660702535028,0.04321428571428587,0.07700264337432479,0.07700264337432479,7,25,0.04321428571428587,0.043547047137439204,0.04421256998374588,0.044878092830052535,0.04554361567635921,0.046541899945819205,False,False,False,False,False,False,False
17,-0.2911960549618582,0.08333333333333337,0.15837260085047697,0.15837260085047697,8,24,0.08333333333333337,0.08465310500708734,0.08729264835459528,0.08993219170210325,0.09257173504961119,0.09653105007087312,False,False,False,False,False,False,False
17,0.1169594001861091,0.05102657004830913,0.08320882657165844,0.08320882657165844,9,23,0.05102657004830913,0.05145115615007877,0.052300328353618024,0.0531495005571573,0.05399867276069656,0.05527243106600546,False,False,False,False,False,False,False
17,0.2740468232187948,0.09204545454545454,0.009768992069876973,0.009768992069876973,10,22,0.09204545454545454,0.09213537367700682,0.09231521194011137,0.09249505020321593,0.09267488846632048,0.09294464586097731,False,False,False,False,False,False,False
17,0.34259053190920036,0.06087662337662336,0.030801057349729974,0.030801057349729974,11,21,0.06087662337662336,0.06106412981341149,0.06143914268698775,0.061814155560564014,0.06218916843414027,0.06275168774450465,False,False,False,False,False,False,False
17,0.45909541920167446,0.03749999999999998,0.03815653373175497,0.03815653373175497,12,20,0.03749999999999998,0.03764308700149406,0.03792926100448222,0.038215435007470384,0.03850160901045854,0.038930870014940784,False,False,False,False,False,False,False
17,0.5542410771571947,0.02049595141700411,0.018158832318124252,0.018158832318124252,13,19,0.02049595141700411,0.02053316967150229,0.020607606180498648,0.02068204268949501,0.020756479198491367,0.02086813396198591,False,False,False,False,False,False,False
17,0.5930760395880192,0.008928571428571397,0.004827031375703918,0.004827031375703918,14,18,0.008928571428571397,0.00893288127801399,0.008941500976899176,0.008950120675784361,0.008958740374669547,0.008971669922997324,False,False,False,False,False,False,False
17,0.6068624512509619,0.029656862745098156,0.0033329502356051247,0.0033329502356051247,15,17,0.029656862745098156,0.029666747229865516,0.029686516199400232,0.02970628516893495,0.029726054138469665,0.02975570759277174,False,False,False,False,False,False,False
17,0.6905517952893891,0.015625,0.04620158602459488,0.04620158602459488,16,16,0.015625,0.01569718997816343,0.015841569934490287,0.01598594989081715,0.016130329847144007,0.016346899781634294,False,False,False,False,False,False,False
17,0.8255032897365049,0.006127450980392246,0.03367429031145846,0.03367429031145846,17,15,0.006127450980392246,0.006148084736710542,0.006189352249347134,0.006230619761983726,0.006271887274620317,0.006333788543575205,False,False,False,False,False,False,False
17,0.9140470040787851,0.0009920634920637106,0.01873347891047003,0.01873347891047003,18,14,0.0009920634920637106,0.000993921972114353,0.0009976389322156375,0.001001355892316922,0.0010050728524182064,0.0010106482925701333,False,False,False,False,False,False,False
17,1.042784904536969,0.00025303643724705616,0.05746465923457081,0.05746465923457081,19,13,0.00025303643724705616,0.0002544905025110894,0.00025739863303915575,0.0002603067635672221,0.00026321489409528853,0.00026757708988738813,False,False,False,False,False,False,False
17,1.1835616433487084,0.004166666666666763,0.025859096655556787,0.025859096655556787,20,12,0.004166666666666763,0.004177441290273245,0.00419899053748621,0.004220539784699174,0.004242089031912138,0.004274412902731585,False,False,False,False,False,False,False
17,1.236765541878938,0.01325757575757569,0.0056315366049878995,0.0056315366049878995,21,11,0.01325757575757569,0.01326504180989291,0.013279973914527347,0.013294906019161784,0.013309838123796222,0.013332236280747879,False,False,False,False,False,False,False
17,1.2489985550446479,0.001136363636363713,0.0016090104585680933,0.0016090104585680933,22,10,0.001136363636363713,0.0011365464784612775,0.001136912162656407,0.0011372778468515359,0.001137643531046665,0.0011381920573393586,False,False,False,False,False,False,False
17,1.2878335174754727,0.007548309178743939,0.021376853235260243,0.021376853235260243,23,9,0.007548309178743939,0.007564445088492777,0.0075967169079904535,0.007628988727488128,0.007661260546985803,0.007709668276232317,False,False,False,False,False,False,False
17,1.327833528779222,0.0,0.0022985863693828403,0.0022985863693828403,24,8,0.0,0.0,0.0,0.0,0.0,0.0,False,False,False,False,False,False,False
17,1.3721053859503622,0.008928571428571397,0.023905298241581486,0.023905298241581486,25,7,0.008928571428571397,0.008949915444858524,0.008992603477432776,0.009035291510007027,0.00907797954258128,0.009142011591442659,False,False,False,False,False,False,False
17,1.4185131660551977,0.001602564102564208,0.00356280887254333,0.00356280887254333,26,6,0.001602564102564208,0.0016031350655245514,0.0016042769914452386,0.0016054189173659254,0.0016065608432866126,0.0016082737321676428,False,False,False,False,False,False,False
17,1.5390957244029082,0.02268518518518503,0.06780829789679346,0.06780829789679346,27,5,0.02268518518518503,0.022839009564673128,0.023146658323649316,0.023454307082625504,0.0237619558416017,0.024223428980065985,False,False,False,False,False,False,False
17,1.6635617789937012,0.008928571428571175,0.00586139524192617,0.00586139524192617,28,4,0.008928571428571175,0.008933804817180037,0.008944271594397762,0.008954738371615487,0.008965205148833212,0.0089809053146598,False,False,False,False,False,False,False
17,1.8484162001644264,0.0581896551724137,0.10355131594069641,0.10355131594069641,29,3,0.0581896551724137,0.058792216709137576,0.059997339782585334,0.06120246285603309,0.06240758592948085,0.0642152705396525,False,False,False,False,False,False,False
18,-1.0407063180811322,0.0007183908045976795,0.023062381852552053,0.023062381852552053,3,29,0.0007183908045976795,0.0007200475849031789,0.0007233611455141776,0.0007266747061251764,0.0007299882667361751,0.0007349586076526734,False,False,False,False,False,False,False
18,-0.9901008809667922,0.008928571428571175,0.00869565217391305,0.00869565217391305,4,28,0.008928571428571175,0.008936335403726455,0.008951863354037012,0.008967391304347571,0.00898291925465813,0.009006211180123968,False,False,False,False,False,False,False
18,-0.9684128364892179,0.0004629629629629983,0.004914933837429062,0.004914933837429062,5,27,0.0004629629629629983,0.0004631905061962127,0.00046364559266264135,0.00046410067912906993,0.0004645557655954986,0.00046523839529514154,False,False,False,False,False,False,False
18,-0.8585669075148372,0.014423076923076983,0.06402016383112794,0.06402016383112794,6,26,0.014423076923076983,0.014515413697833419,0.014700087247346288,0.014884760796859157,0.015069434346372026,0.015346444670641333,False,False,False,False,False,False,False
18,-0.7384794019816017,0.04321428571428587,0.011342155009451795,0.011342155009451795,7,25,0.04321428571428587,0.04326330002700529,0.043361328652444124,0.04345935727788296,0.04355738590332179,0.04370442884148004,False,False,False,False,False,False,False
18,-0.639477495246008,0.08333333333333337,0.050787649653434144,0.050787649653434144,8,24,0.08333333333333337,0.08375656374711199,0.08460302457466923,0.08544948540222647,0.08629594622978369,0.08756563747111955,False,False,False,False,False,False,False
18,-0.5531269477889993,0.05102657004830913,0.003402646502835528,0.003402646502835528,9,23,0.05102657004830913,0.05104393258632178,0.0510786576623471,0.05111338273837242,0.051148107814397735,0.0512001954284357,False,False,False,False,False,False,False
18,-0.46978862873165367,0.02840909090909094,0.04889729048519218,0.04889729048519218,10,22,0.02840909090909094,0.028548003666151147,0.02882582918027156,0.029103654694391964,0.029381480208512376,0.029798218479692988,False,False,False,False,False,False,False
18,-0.36215166725035897,0.01325757575757569,0.01865154379332077,0.01865154379332077,11,21,0.01325757575757569,0.013282303183059258,0.013331758034026397,0.013381212884993535,0.013430667735960675,0.013504850012411381,False,False,False,False,False,False,False
18,-0.31194786058930735,0.004166666666666763,0.012854442344045345,0.012854442344045345,12,20,0.004166666666666763,0.004172022684310116,0.004182734719596819,0.004193446754883525,0.00420415879017023,0.004220226843100286,False,False,False,False,False,False,False
18,-0.2796166090995902,0.00025303643724705616,0.0074354127284184165,0.0074354127284184165,13,19,0.00025303643724705616,0.0002532245802816822,0.0002536008663509343,0.0002539771524201864,0.00025435343848943847,0.00025491786759331654,False,False,False,False,False,False,False
18,0.0029304147888081777,0.0009920634920637106,0.16988027725267799,0.16988027725267799,14,18,0.0009920634920637106,0.0010089166941721149,0.0010426230983889234,0.0010763295026057322,0.0011100359068225408,0.0011605955131477536,False,False,False,False,False,False,False
18,0.3469268980303336,0.0022058823529413907,0.04599873976055447,0.04599873976055447,15,17,0.0022058823529413907,0.0022160291337709258,0.002236322695429996,0.002256616257089066,0.0022769098187481363,0.0023073501612367415,False,False,False,False,False,False,False
18,0.5250500040637447,0.0,0.06578449905482045,0.06578449905482045,16,16,0.0,0.0,0.0,0.0,0.0,0.0,False,False,False,False,False,False,False
18,0.6417236507440286,0.0022058823529413907,0.007435412728418399,0.007435412728418399,17,15,0.0022058823529413907,0.002207522517513836,0.0022108028466587266,0.0022140831758036173,0.0022173635049485088,0.0022222839986658447,False,False,False,False,False,False,False
18,0.7055828928168864,0.0009920634920637106,0.03264020163831133,0.03264020163831133,18,14,0.0009920634920637106,0.0009953016073056074,0.0010017778377894007,0.0010082540682731938,0.0010147302987569874,0.0010244446444826775,False,False,False,False,False,False,False
18,0.9391310014040982,0.00025303643724705616,0.11392564587271571,0.11392564587271571,19,13,0.00025303643724705616,0.00025591917120132635,0.0002616846391098667,0.00026745010701840707,0.0002732155749269474,0.00028186377678975793,False,False,False,False,False,False,False
18,1.1323152494358246,0.004166666666666763,0.0073093887838689585,0.0073093887838689585,20,12,0.004166666666666763,0.0041697122453267085,0.004175803402646599,0.00418189455996649,0.004187985717286381,0.004197122453266217,False,False,False,False,False,False,False
18,1.1823182408702322,0.01325757575757569,0.024070573408947717,0.024070573408947717,21,11,0.01325757575757569,0.013289487502625432,0.013353310992724913,0.013417134482824397,0.013480957972923879,0.013576693208073101,False,False,False,False,False,False,False
18,1.33594188925305,0.02840909090909094,0.07233774417139259,0.07233774417139259,22,10,0.02840909090909094,0.028614595864123307,0.029025605774188036,0.02943661568425277,0.029847625594317497,0.030464140459414594,False,False,False,False,False,False,False
18,1.4520130902534012,0.007548309178743939,0.0005040957781977632,0.0005040957781977632,23,9,0.007548309178743939,0.007548689685822893,0.0075494506999808,0.007550211714138707,0.007550972728296614,0.007552114249533475,False,False,False,False,False,False,False
18,1.4684799388382261,0.02083333333333337,0.009829867674858262,0.009829867674858262,24,8,0.02083333333333337,0.020853812224322657,0.020894770006301234,0.020935727788279807,0.020976685570258388,0.02103812224322625,False,False,False,False,False,False,False
18,1.4957908096618382,0.04321428571428587,0.0073093887838689585,0.0073093887838689585,25,7,0.04321428571428587,0.04324587271581616,0.04330904671887674,0.043372220721937325,0.04343539472499791,0.04353015572958878,False,False,False,False,False,False,False
18,1.5283228763781995,0.07852564102564097,0.01310649023314428,0.01310649023314428,26,6,0.07852564102564097,0.07862856058035636,0.07883439968978716,0.07904023879921795,0.07924607790864875,0.07955483657279493,False,False,False,False,False,False,False
18,1.5718997805599924,0.03749999999999998,0.014240705734089455,0.014240705734089455,27,5,0.03749999999999998,0.037553402646502816,0.03766020793950848,0.037767013232514156,0.037873818525519826,0.038034026465028334,False,False,False,False,False,False,False
18,1.6042310320497095,0.008928571428571508,0.006049149338374342,0.006049149338374342,28,4,0.008928571428571508,0.008933972454766485,0.00894477450715644,0.008955576559546395,0.008966378611936348,0.008982581690521279,False,False,False,False,False,False,False
18,1.6417834794321764,0.0007183908045976795,0.017517328292375543,0.017517328292375543,29,3,0.0007183908045976795,0.0007196492333543156,0.0007221660908675879,0.0007246829483808602,0.0007271998058941323,0.0007309750921640407,False,False,False,False,False,False,False
19,-0.9978097318360382,0.0581896551724137,0.07742214532871974,0.07742214532871974,3,29,0.0581896551724137,0.05864017196635238,0.05954120555422971,0.06044223914210705,0.0613432727299844,0.06269482311180041,False,False,False,False,False,False,False
19,-0.8900607001534564,0.08035714285714268,0.0010092272202998466,0.0010092272202998466,4,28,0.08035714285714268,0.08036525271873438,0.08038147244191776,0.08039769216510115,0.08041391188828455,0.08043824147305964,False,False,False,False,False,False,False
19,-0.8068721095161691,0.02268518518518503,0.059544405997693166,0.059544405997693166,5,27,0.02268518518518503,0.02282026277286498,0.023090417948224886,0.023360573123584784,0.02363072829894469,0.02403596106198454,False,False,False,False,False,False,False
19,-0.6840699042896973,0.04006410256410253,0.029844290657439473,0.029844290657439473,6,26,0.04006410256410253,0.04018367103628778,0.04042280798065829,0.04066194492502881,0.040901081869399315,0.04125978728595507,False,False,False,False,False,False,False
19,-0.6092001727161387,0.060357142857143,0.0246539792387543,0.0246539792387543,7,25,0.060357142857143,0.06050594723183405,0.06080355598121615,0.06110116473059826,0.06139877347998037,0.06184518660405353,False,False,False,False,False,False,False
19,-0.5200695398904737,0.08333333333333315,0.04022491349480966,0.04022491349480966,8,24,0.08333333333333315,0.0836685409457899,0.0843389561707034,0.08500937139561689,0.08567978662053038,0.08668540945790061,False,False,False,False,False,False,False
19,-0.45332059930769786,0.03653381642512077,0.008362168396770512,0.008362168396770512,9,23,0.03653381642512077,0.036564366617633126,0.03662546700265784,0.036686567387682556,0.036747667772707264,0.03683931835024433,False,False,False,False,False,False,False
19,-0.3952866539345426,0.055681818181818166,0.03388119953863894,0.03388119953863894,10,22,0.055681818181818166,0.05587047486106741,0.056247788219565886,0.056625101578064364,0.05700241493656284,0.05756838497431056,False,False,False,False,False,False,False
19,-0.15324746879462559,0.021915584415584277,0.14230103806228372,0.14230103806228372,11,21,0.021915584415584277,0.022227445456792203,0.022851167539208055,0.023474889621623904,0.024098611704039753,0.025034194827663527,False,False,False,False,False,False,False
19,0.10067580072204674,0.03750000000000009,0.0425317185697808,0.0425317185697808,12,20,0.03750000000000009,0.03765949394463677,0.03797848183391012,0.03829746972318348,0.038616457612456835,0.039094939446366876,False,False,False,False,False,False,False
19,0.16564212864830935,0.012398785425101089,0.004757785467128149,0.004757785467128149,13,19,0.012398785425101089,0.012404684501211648,0.012416482653432764,0.012428280805653884,0.012440078957875,0.012457776186206675,False,False,False,False,False,False,False
19,0.22110118907316767,0.0009920634920637106,0.03561130334486728,0.03561130334486728,14,18,0.0009920634920637106,0.0009955963594590355,0.0010026620942496854,0.001009727829040335,0.001016793563830985,0.0010273921660169597,False,False,False,False,False,False,False
19,0.5443482841209129,0.006127450980392246,0.19968281430219156,0.19968281430219156,15,17,0.006127450980392246,0.006249805646018591,0.00649451497727128,0.00673922430852397,0.006983933639776658,0.007350997636655693,False,False,False,False,False,False,False
19,0.8214455181722582,0.015625,0.0020184544405996933,0.0020184544405996933,16,16,0.015625,0.015628153835063437,0.015634461505190312,0.015640769175317187,0.015647076845444058,0.01565653835063437,False,False,False,False,False,False,False
19,0.8513537971870925,0.0022058823529413907,0.019752018454440686,0.019752018454440686,17,15,0.0022058823529413907,0.0022102394158357527,0.0022189535416244775,0.0022276676674132024,0.0022363817932019273,0.002249452981885014,False,False,False,False,False,False,False
19,0.9234505757394083,0.008928571428571397,0.032727797001153316,0.032727797001153316,18,14,0.008928571428571397,0.008957792675893856,0.009016235170538772,0.009074677665183689,0.009133120159828605,0.009220783901795978,False,False,False,False,False,False,False
19,0.9826729295502388,0.02049595141700411,0.010380622837370226,0.010380622837370226,19,13,0.02049595141700411,0.020517227491139406,0.020559779639410004,0.020602331787680603,0.020644883935951198,0.020708712158357092,False,False,False,False,False,False,False
19,1.007431438668479,0.03749999999999998,0.007641291810841961,0.007641291810841961,20,12,0.03749999999999998,0.03752865484429064,0.03758596453287195,0.03764327422145327,0.03770058391003458,0.03778654844290655,False,False,False,False,False,False,False
19,1.0405088068504482,0.01325757575757569,0.016435986159169587,0.016435986159169587,21,11,0.01325757575757569,0.013279365890741255,0.013322946157072389,0.013366526423403517,0.01341010668973465,0.013475477089231348,False,False,False,False,False,False,False
19,1.0664557244063637,0.001136363636363713,0.002450980392156747,0.002450980392156747,22,10,0.001136363636363713,0.0011366421568628218,0.0011371991978610394,0.0011377562388592568,0.0011383132798574744,0.0011391488413548007,False,False,False,False,False,False,False
19,1.0795282172207945,0.007548309178743939,0.007064590542099249,0.007064590542099249,23,9,0.007548309178743939,0.007553641750107238,0.007564306892833838,0.0075749720355604375,0.007585637178287035,0.007601634892376934,False,False,False,False,False,False,False
19,1.1108229727462504,0.0,0.015715109573241057,0.015715109573241057,24,8,0.0,0.0,0.0,0.0,0.0,0.0,False,False,False,False,False,False,False
19,1.1341950053538694,0.003214285714285725,0.0012975778546713236,0.0012975778546713236,25,7,0.003214285714285725,0.0032147027928818694,0.0032155369500741584,0.003216371107266447,0.003217205264458735,0.0032184565002471685,False,False,False,False,False,False,False
19,1.24491505813064,0.014423076923076983,0.07929642445213389,0.07929642445213389,26,6,0.014423076923076983,0.01453744676603679,0.01476618645195641,0.014994926137876027,0.015223665823795645,0.015566775352675073,False,False,False,False,False,False,False
19,1.3922777044024062,0.0004629629629629983,0.027970011534025275,0.027970011534025275,27,5,0.0004629629629629983,0.0004642578709043884,0.00046684768678716875,0.0004694375026699491,0.0004720273185527294,0.00047591204237689994,False,False,False,False,False,False,False
19,1.437833361179968,0.008928571428571508,0.005190311418685052,0.005190311418685052,28,4,0.008928571428571508,0.008933205635195335,0.008942474048442986,0.008951742461690637,0.00896101087493829,0.008974913494809769,False,False,False,False,False,False,False
19,1.4453599479519132,0.0007183908045976795,0.0002883506343715579,0.0002883506343715579,29,3,0.0007183908045976795,0.0007184115194421027,0.0007184529491309491,0.0007184943788197957,0.000718535808508642,0.000718597953041912,False,False,False,False,False,False,False
20,-0.8911392475440203,0.0581896551724137,0.012715580239696014,0.012715580239696014,3,29,0.0581896551724137,0.0582636466953602,0.05841162974125322,0.058559612787146234,0.05870759583303924,0.058929570401878774,False,False,False,False,False,False,False
20,-0.8471290171950739,0.08035714285714268,0.018854136217480267,0.018854136217480267,4,28,0.08035714285714268,0.0805086493088903,0.0808116622123855,0.08111467511588072,0.08141768801937595,0.08187220737461878,False,False,False,False,False,False,False
20,-0.7497360074413871,0.10416666666666674,0.051008477053493144,0.051008477053493144,5,27,0.10416666666666674,0.1046980049693073,0.10576068157458839,0.1068233581798695,0.10788603478515063,0.10948004969307228,False,False,False,False,False,False,False
20,-0.54598494101108,0.1298076923076923,0.09514761765565631,0.09514761765565631,6,26,0.1298076923076923,0.13104278157533783,0.1335129601106289,0.13598313864592,0.13845331718121107,0.14215858498414766,False,False,False,False,False,False,False
20,-0.4053967051741679,0.15750000000000008,0.005700087693656842,0.005700087693656842,7,25,0.15750000000000008,0.15758977638117516,0.15776932914352537,0.15794888190587555,0.15812843466822574,0.15839776381175102,False,False,False,False,False,False,False
20,-0.39235663692262834,0.08333333333333315,0.0036539023677286658,0.0036539023677286658,8,24,0.08333333333333315,0.08336378251973088,0.08342468089252636,0.08348557926532184,0.08354647763811733,0.08363782519731054,False,False,False,False,False,False,False
20,-0.3734077877446098,0.1089975845410629,0.009938614440222206,0.009938614440222206,9,23,0.1089975845410629,0.10910591303782981,0.10932257003136364,0.10953922702489748,0.10975588401843131,0.11008086950873205,False,False,False,False,False,False,False
20,-0.35608894709803374,0.13750000000000007,0.0024846536100554275,0.0024846536100554275,10,22,0.13750000000000007,0.13753416398713833,0.13760249196141486,0.13767081993569139,0.13773914790996789,0.13784163987138268,False,False,False,False,False,False,False
20,-0.28986985050818403,0.16910173160173148,0.04501607717041807,0.04501607717041807,11,21,0.16910173160173148,0.16986296126167497,0.17138542058156195,0.1729078799014489,0.17443033922133586,0.17671402820116633,False,False,False,False,False,False,False
20,-0.05005484531971249,0.2041666666666666,0.12700964630225078,0.12700964630225078,12,20,0.2041666666666666,0.20675978027867092,0.21194600750267947,0.21713223472668805,0.22231846195069663,0.23009780278670947,False,False,False,False,False,False,False
20,0.13780363792903058,0.13385627530364352,0.00774627301958488,0.00774627301958488,13,19,0.13385627530364352,0.13395996402903218,0.13416734147980955,0.1343747189305869,0.13458209638136426,0.13489316255753028,False,False,False,False,False,False,False
20,0.19465018546308635,0.0803571428571428,0.03303127740426786,0.03303127740426786,14,18,0.0803571428571428,0.08062257276485565,0.0811534325802814,0.08168429239570713,0.08221515221113286,0.08301144193427146,False,False,False,False,False,False,False
20,0.405328788152024,0.04142156862745083,0.11809412452499264,0.11809412452499264,15,17,0.04142156862745083,0.0419107330158019,0.04288906179250405,0.04386739056920619,0.04484571934590833,0.04631321251096154,False,False,False,False,False,False,False
20,0.6512563253334047,0.0625,0.05831628178895067,0.05831628178895067,16,16,0.0625,0.06286447676118094,0.06359343028354282,0.06432238380590471,0.0650513373282666,0.06614476761180942,False,False,False,False,False,False,False
20,0.7354055157691216,0.029656862745098156,0.0020461853259280574,0.0020461853259280574,17,15,0.029656862745098156,0.029662931088834363,0.02967506777630678,0.029687204463779194,0.029699341151251613,0.029717546182460242,False,False,False,False,False,False,False
20,0.7651531714679464,0.04861111111111116,0.019292604501607694,0.019292604501607694,18,14,0.04861111111111116,0.0487048946052162,0.04889246159342627,0.04908002858163634,0.049267595569846424,0.049548946052161535,False,False,False,False,False,False,False
20,0.8354472893864022,0.07312753036437236,0.031131248173048808,0.031131248173048808,19,13,0.07312753036437236,0.0733551854939779,0.07381049575318899,0.07426580601240008,0.07472111627161117,0.0754040816604278,False,False,False,False,False,False,False
20,0.904111398773416,0.10416666666666674,0.018123355743934616,0.018123355743934616,20,12,0.10416666666666674,0.10435545162233273,0.10473302153366469,0.10511059144499665,0.10548816135632864,0.1060545162233266,False,False,False,False,False,False,False
20,1.0092469490514544,0.1431277056277055,0.057293189125986445,0.057293189125986445,21,11,0.1431277056277055,0.14394772989847515,0.1455877784400145,0.14722782698155382,0.14886787552309313,0.15132794833540214,False,False,False,False,False,False,False
20,1.1064362077387107,0.1920454545454544,0.012423268050277754,0.012423268050277754,22,10,0.1920454545454544,0.19228403776141995,0.19276120419335108,0.1932383706252822,0.19371553705721334,0.19443128670511003,False,False,False,False,False,False,False
20,1.1314975889096388,0.13315217391304324,0.005553931598947732,0.005553931598947732,23,9,0.13315217391304324,0.13322612571965967,0.13337402933289252,0.13352193294612535,0.1336698365593582,0.13389169197920747,False,False,False,False,False,False,False
20,1.2038292174923977,0.08333333333333337,0.04633148202280027,0.04633148202280027,24,8,0.08333333333333337,0.08371942901685671,0.08449162038390338,0.08526381175095005,0.08603600311799671,0.08719429016856672,False,False,False,False,False,False,False
20,1.3870014262132437,0.04321428571428587,0.08506284712072498,0.08506284712072498,25,7,0.04321428571428587,0.04358187873220044,0.04431706476802956,0.04505225080385868,0.045787436839687806,0.046890215893431494,False,False,False,False,False,False,False
20,1.518624615127222,0.07852564102564097,0.009353990061385507,0.009353990061385507,26,6,0.07852564102564097,0.07859909383221274,0.0787459994453563,0.07889290505849986,0.07903981067164341,0.07926016909135875,False,False,False,False,False,False,False
20,1.547761017626756,0.03749999999999998,0.011546331482022816,0.011546331482022816,27,5,0.03749999999999998,0.03754329874305756,0.03762989622917273,0.0377164937152879,0.03780309120140308,0.03793298743057583,False,False,False,False,False,False,False
21,-1.0516088310678349,0.0581896551724137,0.07027836724503804,0.07027836724503804,3,29,0.0581896551724137,0.0585986025680206,0.059416497359234405,0.06023439215044821,0.06105228694166201,0.06227912912848271,False,False,False,False,False,False,False
21,-0.932699343224264,0.08035714285714268,0.0029958806640868964,0.0029958806640868964,4,28,0.08035714285714268,0.08038121689819339,0.08042936498029477,0.08047751306239617,0.08052566114449758,0.08059788326764966,False,False,False,False,False,False,False
21,-0.8840821761331957,0.02268518518518503,0.026962925976781932,0.026962925976781932,5,27,0.02268518518518503,0.0227463510820768,0.02286868287586035,0.0229910146696439,0.023113346463427442,0.023296844154102762,False,False,False,False,False,False,False
21,-0.7220249524963018,0.04006410256410253,0.07289976282611405,0.07289976282611405,6,26,0.04006410256410253,0.04035616892157895,0.040940301636531784,0.04152443435148462,0.04210856706643746,0.04298476613886672,False,False,False,False,False,False,False
21,-0.3373416178882249,0.060357142857143,0.1641492947197603,0.1641492947197603,7,25,0.060357142857143,0.06134790110027298,0.06332941758653296,0.06531093407279291,0.06729245055905289,0.07026472528844284,False,False,False,False,False,False,False
21,0.03376942424026218,0.08333333333333315,0.06453626263887151,0.06453626263887151,8,24,0.08333333333333315,0.08387113552199042,0.08494673989930493,0.08602234427661945,0.08709794865393397,0.08871135521990575,False,False,False,False,False,False,False
21,0.14437347937244227,0.03653381642512077,0.0036200224691049945,0.0036200224691049945,9,23,0.03653381642512077,0.03654704174875487,0.036573492396023095,0.03659994304329132,0.03662639369055953,0.03666606966146186,False,False,False,False,False,False,False
21,0.16179463091340845,0.055681818181818166,0.007115216577206388,0.007115216577206388,10,22,0.055681818181818166,0.0557214370013958,0.055800674640551044,0.055879912279706304,0.05595914991886155,0.05607800637759443,False,False,False,False,False,False,False
21,0.2256046627204356,0.07819264069264076,0.03220571713893402,0.03220571713893402,11,21,0.07819264069264076,0.0784444656994901,0.07894811571318881,0.0794517657268875,0.0799554157405862,0.08071089076113425,False,False,False,False,False,False,False
21,0.35687101386631964,0.03750000000000009,0.04868306079141171,0.04868306079141171,12,20,0.03750000000000009,0.037682561477967884,0.038047684433903474,0.03841280738983906,0.03877793034577465,0.03932561477967803,False,False,False,False,False,False,False
21,0.45673877793255535,0.012398785425101089,0.012857321183372825,0.012857321183372825,13,19,0.012398785425101089,0.012414726941750514,0.012446609975049362,0.012478493008348211,0.01251037604164706,0.012558200591595335,False,False,False,False,False,False,False
21,0.4824653621849123,0.024801587301587213,0.0029958806640869823,0.0029958806640869823,14,18,0.024801587301587213,0.024809017561170762,0.024823878080337862,0.02483873859950496,0.024853599118672055,0.024875889897422707,False,False,False,False,False,False,False
21,0.5132562346759224,0.04142156862745083,0.015978030208463407,0.015978030208463407,15,17,0.04142156862745083,0.04148775213493197,0.04162011914989424,0.04175248616485651,0.04188485317981878,0.04208340370226218,False,False,False,False,False,False,False
21,0.5626836878851751,0.0625,0.014480089876419841,0.014480089876419841,16,16,0.0625,0.06259050056172763,0.06277150168518288,0.06295250280863812,0.06313350393209337,0.06340500561727624,False,False,False,False,False,False,False
21,0.5983362770852916,0.08848039215686265,0.007489701660217207,0.007489701660217207,17,15,0.08848039215686265,0.08854666133086604,0.08867919967887283,0.08881173802687961,0.08894427637488639,0.08914308389689657,False,False,False,False,False,False,False
21,0.6327734371081315,0.04861111111111116,0.013731119710398202,0.013731119710398202,18,14,0.04861111111111116,0.048677859609703375,0.048811356606887804,0.04894485360407223,0.049078350601256655,0.0492785960970333,False,False,False,False,False,False,False
21,0.6975963265628892,0.02049595141700411,0.026213955810760227,0.026213955810760227,19,13,0.02049595141700411,0.020549679413478596,0.020657135406427562,0.020764591399376527,0.020872047392325493,0.02103323138174894,False,False,False,False,False,False,False
21,0.7449980644766806,0.03749999999999998,0.0029958806640868283,0.0029958806640868283,20,12,0.03749999999999998,0.03751123455249031,0.037533703657470954,0.03755617276245161,0.03757864186743226,0.03761234552490324,False,False,False,False,False,False,False
21,0.7664706466085689,0.06087662337662336,0.010235925602296834,0.010235925602296834,21,11,0.06087662337662336,0.060938936235403585,0.061063561952964016,0.06118818767052444,0.06131281338808487,0.061499751964425524,False,False,False,False,False,False,False
21,0.8144800991109988,0.09204545454545454,0.019348395955561176,0.019348395955561176,22,10,0.09204545454545454,0.09222354773550004,0.09257973411559106,0.09293592049568207,0.09329210687577308,0.0938263864459096,False,False,False,False,False,False,False
21,0.8470941153679238,0.05102657004830913,0.0007489701660216387,0.0007489701660216387,23,9,0.05102657004830913,0.05103039178617319,0.05103803526190131,0.05104567873762942,0.05105332221335755,0.051064787426949726,False,False,False,False,False,False,False
21,0.8983447123430914,0.08333333333333337,0.030832605167894222,0.030832605167894222,24,8,0.08333333333333337,0.08359027170973249,0.08410414846253073,0.08461802521532896,0.0851319019681272,0.08590271709732455,False,False,False,False,False,False,False
21,1.0200902016003082,0.1289285714285714,0.04418923979528147,0.04418923979528147,25,7,0.1289285714285714,0.12949829698450344,0.13063774809636747,0.13177719920823153,0.13291665032009556,0.1346258269878916,False,False,False,False,False,False,False
21,1.1248196823756507,0.19391025641025628,0.020347022843590017,0.020347022843590017,26,6,0.19391025641025628,0.19430480605193487,0.19509390533529203,0.1958830046186492,0.1966721039020064,0.19785575282704215,False,False,False,False,False,False,False
21,1.2036200073690904,0.28935185185185164,0.028211209586818112,0.028211209586818112,27,5,0.28935185185185164,0.29016814842554434,0.2918007415729296,0.2934333347203149,0.29506592786770025,0.2975148175887782,False,False,False,False,False,False,False
21,1.2540603182260737,0.2232142857142857,0.002871052303083313,0.002871052303083313,28,4,0.2232142857142857,0.2232783717031938,0.22340654368101,0.22353471565882627,0.22366288763664247,0.22385514560336678,False,False,False,False,False,False,False
21,1.359802656649147,0.16163793103448276,0.062289352140806366,0.062289352140806366,29,3,0.16163793103448276,0.1626447632350346,0.16465842763613825,0.16667209203724193,0.16868575643834557,0.17170625304000103,False,False,False,False,False,False,False
22,-1.1511786589216033,0.0007183908045976795,0.02610619469026545,0.02610619469026545,3,29,0.0007183908045976795,0.0007202662496185318,0.0007240171396602365,0.0007277680297019413,0.000731518919743646,0.0007371452548062029,False,False,False,False,False,False,False
22,-1.0673261197498194,0.008928571428571175,0.02002212389380532,0.02002212389380532,4,28,0.008928571428571175,0.00894644832490493,0.008982202117572438,0.009017955910239947,0.009053709702907455,0.009107340391908718,False,False,False,False,False,False,False
22,-0.9633650579948735,0.02268518518518503,0.037168141592920374,0.037168141592920374,5,27,0.02268518518518503,0.022769501802687487,0.022938135037692403,0.02310676827269732,0.023275401507702236,0.023528351360209608,False,False,False,False,False,False,False
22,-0.7158291449961535,0.04006410256410253,0.0990044247787611,0.0990044247787611,6,26,0.04006410256410253,0.040460754906966157,0.04125405959269341,0.04204736427842066,0.04284066896414791,0.04403062599273879,False,False,False,False,False,False,False
22,-0.42686967547612065,0.008928571428571397,0.05995575221238928,0.05995575221238928,7,25,0.008928571428571397,0.008982103350189601,0.00908916719342601,0.009196231036662419,0.00930329487989883,0.009463890644753442,False,False,False,False,False,False,False
22,-0.30601745475131936,0.02083333333333348,0.006526548672566378,0.006526548672566378,8,24,0.02083333333333348,0.020846930309734665,0.020874124262537024,0.020901318215339384,0.020928512168141743,0.02096930309734528,False,False,False,False,False,False,False
22,-0.28249048332902016,0.03653381642512077,0.006415929203539858,0.006415929203539858,9,23,0.03653381642512077,0.03655725626309264,0.03660413593903637,0.03665101561498012,0.036697895290923856,0.036768214804839466,False,False,False,False,False,False,False
22,-0.2694199436499649,0.055681818181818166,0.000774336283185873,0.000774336283185873,10,22,0.055681818181818166,0.05568612982703137,0.05569475311745775,0.05570337640788414,0.055711999698310526,0.055724934633950104,False,False,False,False,False,False,False
22,-0.19602383622142497,0.07819264069264076,0.03960176991150437,0.03960176991150437,11,21,0.07819264069264076,0.07850229738918904,0.07912161078228562,0.07974092417538221,0.08036023756847878,0.08128920765812364,False,False,False,False,False,False,False
22,-0.07195425188331764,0.10416666666666674,0.02865044247787614,0.02865044247787614,12,20,0.10416666666666674,0.10446510877581128,0.10506199299410038,0.10565887721238945,0.10625576143067854,0.10715108775811218,False,False,False,False,False,False,False
22,0.07986509361955282,0.13385627530364352,0.05486725663716811,0.05486725663716811,13,19,0.13385627530364352,0.13459070796460157,0.13605957328651766,0.13752843860843375,0.1389973039303498,0.14120060191322398,False,False,False,False,False,False,False
22,0.18764677466529922,0.16765873015873012,0.004424778761061953,0.004424778761061953,14,18,0.16765873015873012,0.16773291543756144,0.16788128599522403,0.1680296565528866,0.1681780271105492,0.16840058294704308,False,False,False,False,False,False,False
22,0.22303777441166384,0.10808823529411782,0.015044247787610675,0.015044247787610675,15,17,0.10808823529411782,0.10825084591358684,0.10857606715252491,0.10890128839146294,0.10922650963040101,0.1097143414888081,False,False,False,False,False,False,False
22,0.344091080362297,0.0625,0.051548672566371655,0.051548672566371655,16,16,0.0625,0.06282217920353983,0.06346653761061948,0.06411089601769912,0.06475525442477877,0.06572179203539823,False,False,False,False,False,False,False
22,0.4593129147638131,0.08848039215686265,0.011836283185840632,0.011836283185840632,17,15,0.08848039215686265,0.08858512005465893,0.08879457585025151,0.08900403164584408,0.08921348744143665,0.08952767113482551,False,False,False,False,False,False,False
22,0.5055625167050849,0.04861111111111116,0.013606194690265588,0.013606194690265588,18,14,0.04861111111111116,0.04867725233529995,0.048809534783677534,0.04894181723205511,0.04907409968043269,0.04927252335299908,False,False,False,False,False,False,False
22,0.5592522720021267,0.07312753036437236,0.015929203539822964,0.015929203539822964,19,13,0.07312753036437236,0.07324401669592624,0.07347698935903398,0.0737099620221417,0.07394293468524943,0.07429239367991103,False,False,False,False,False,False,False
22,0.6513493054330068,0.03749999999999998,0.03473451327433625,0.03473451327433625,20,12,0.03749999999999998,0.03763025442477874,0.03789076327433626,0.038151272123893784,0.0384117809734513,0.03880254424778758,False,False,False,False,False,False,False
22,0.717305259505777,0.06087662337662336,0.0015486725663716543,0.0015486725663716543,21,11,0.06087662337662336,0.060886051172279035,0.06090490676359037,0.06092376235490172,0.060942617946213064,0.060970901333180075,False,False,False,False,False,False,False
22,0.7235389015065571,0.09204545454545454,0.0018805309734513688,0.0018805309734513688,22,10,0.09204545454545454,0.09206276397827835,0.09209738284392598,0.09213200170957361,0.09216662057522124,0.09221854887369267,False,False,False,False,False,False,False
22,0.7808481908685679,0.05102657004830913,0.029646017699115085,0.029646017699115085,23,9,0.05102657004830913,0.051177843508186854,0.05148039042794232,0.05178293734769778,0.05208548426745325,0.052539304647086435,False,False,False,False,False,False,False
22,0.8407715881663897,0.08333333333333337,0.0033185840707964723,0.0033185840707964723,24,8,0.08333333333333337,0.08336098820059001,0.08341629793510329,0.08347160766961655,0.08352691740412983,0.08360988200589975,False,False,False,False,False,False,False
22,0.8502225937804755,0.1289285714285714,0.0018805309734512162,0.0018805309734512162,25,7,0.1289285714285714,0.12895281684576482,0.12900130768015167,0.12904979851453852,0.12909828934892537,0.12917102560050564,False,False,False,False,False,False,False
22,0.9051188604325068,0.19391025641025628,0.028318584070796533,0.028318584070796533,26,6,0.19391025641025628,0.19445938280009065,0.19555763557975936,0.19665588835942807,0.19775414113909678,0.1994015203085998,False,False,False,False,False,False,False
22,0.9716780701827719,0.1337962962962964,0.008296460176991118,0.008296460176991118,27,5,0.1337962962962964,0.13390729986070152,0.13412930698951173,0.134351314118322,0.1345733212471322,0.13490633194034754,False,False,False,False,False,False,False
22,1.0106886039941054,0.0803571428571429,0.013163716814159307,0.013163716814159307,28,4,0.0803571428571429,0.08046292272439955,0.08067448245891283,0.08088604219342609,0.08109760192793937,0.08141494152970928,False,False,False,False,False,False,False
22,1.164518801755292,0.03520114942528729,0.07146017699115043,0.07146017699115043,29,3,0.03520114942528729,0.035452697462109585,0.03595579353575418,0.03645888960939877,0.03696198568304336,0.03771662979351026,False,False,False,False,False,False,False
23,-1.3592593313132246,0.03520114942528729,0.03134291377601582,0.03134291377601582,3,29,0.03520114942528729,0.035311480084412636,0.03553214140266332,0.035752802720914,0.03597346403916469,0.03630445601654072,False,False,False,False,False,False,False
23,-1.2524690824500029,0.008928571428571508,0.032953419226957444,0.032953419226957444,4,28,0.008928571428571508,0.008957994124309863,0.009016839515786574,0.009075684907263284,0.009134530298739993,0.009222798385955059,False,False,False,False,False,False,False
23,-1.1732508824262253,0.0004629629629629983,0.014742319127849285,0.014742319127849285,5,27,0.0004629629629629983,0.00046364547773743587,0.0004650105072863109,0.0004663755368351859,0.0004677405663840609,0.0004697881107073735,False,False,False,False,False,False,False
23,-0.8676949680487984,0.001602564102564208,0.16922695738354815,0.16922695738354815,6,26,0.001602564102564208,0.0016296838072731117,0.001683923216690919,0.0017381626261087264,0.001792402035526534,0.0018737611496532451,False,False,False,False,False,False,False
23,-0.5810691170536768,0.008928571428571397,0.0033448959365707564,0.0033448959365707564,7,25,0.008928571428571397,0.008931557942800478,0.00893753097125864,0.008943503999716803,0.008949477028174963,0.008958436570862207,False,False,False,False,False,False,False
23,-0.5699579928944978,0.0,0.0033448959365709233,0.0033448959365709233,8,24,0.0,0.0,0.0,0.0,0.0,0.0,False,False,False,False,False,False,False
23,-0.5609044843203517,0.0027173913043480047,0.002106045589692779,0.002106045589692779,9,23,0.0027173913043480047,0.002717963599345204,0.002719108189339602,0.002720252779334001,0.002721397369328399,0.0027231142543199965,False,False,False,False,False,False,False
23,-0.48641880014215055,0.010227272727272751,0.04274033696729433,0.04274033696729433,10,22,0.010227272727272751,0.010270984435534758,0.010358407852058769,0.01044583126858278,0.01053325468510679,0.010664389809892807,False,False,False,False,False,False,False
23,-0.3829207362149817,0.021915584415584277,0.01957383548067398,0.01957383548067398,11,21,0.021915584415584277,0.021958481619965622,0.022044276028728316,0.02213007043749101,0.022215864846253704,0.022344556459397747,False,False,False,False,False,False,False
23,-0.2637847938415608,0.03750000000000009,0.05215559960356778,0.05215559960356778,12,20,0.03750000000000009,0.037695583498513464,0.03808675049554023,0.03847791749256699,0.038869084489593746,0.039455834985133886,False,False,False,False,False,False,False
23,-0.16687109978649822,0.05693319838056676,0.006194251734390497,0.006194251734390497,13,19,0.05693319838056676,0.056968464236848086,0.05703899594941073,0.05710952766197337,0.05718005937453602,0.05728585694337999,False,False,False,False,False,False,False
23,-0.12139779535726497,0.0803571428571428,0.021184340931615465,0.021184340931615465,14,18,0.0803571428571428,0.08052737416820041,0.08086783679031567,0.0812082994124309,0.08154876203454617,0.08205945596771903,False,False,False,False,False,False,False
23,-0.045266018711037324,0.04142156862745083,0.024653121902874168,0.024653121902874168,15,17,0.04142156862745083,0.04152368572552891,0.04172791992168508,0.04193215411784124,0.0421363883139974,0.04244273960823165,False,False,False,False,False,False,False
23,0.10823210393243775,0.015625,0.06776511397423188,0.06776511397423188,16,16,0.015625,0.015730882990584737,0.015942648971754212,0.016154414952923687,0.01636618093409316,0.016683829905847374,False,False,False,False,False,False,False
23,0.22242976890177912,0.029656862745098156,0.0009910802775025072,0.0009910802775025072,17,15,0.029656862745098156,0.02965980197827408,0.029665680444625933,0.029671558910977787,0.02967743737732964,0.029686255076857425,False,False,False,False,False,False,False
23,0.24959029462421706,0.04861111111111116,0.015361744301288366,0.015361744301288366,18,14,0.04861111111111116,0.0486857862570202,0.04883513654883828,0.04898448684065637,0.04913383713247444,0.04935786257020157,False,False,False,False,False,False,False
23,0.298150022431,0.02049595141700411,0.013875123885034667,0.013875123885034667,19,13,0.02049595141700411,0.020524389803509367,0.020581266576519885,0.020638143349530402,0.02069502012254092,0.020780335282056694,False,False,False,False,False,False,False
23,0.3240759788024181,0.03749999999999998,0.001734390485629419,0.001734390485629419,20,12,0.03749999999999998,0.03750650396432109,0.03751951189296331,0.037532519821605534,0.03754552775024775,0.03756503964321108,False,False,False,False,False,False,False
23,0.3586439206309756,0.01325757575757569,0.019078295341922673,0.019078295341922673,21,11,0.01325757575757569,0.013282868952157785,0.013333455341321973,0.013384041730486164,0.013434628119650351,0.013510507703396632,False,False,False,False,False,False,False
23,0.4201666266234675,0.001136363636363713,0.017963330029732345,0.017963330029732345,22,10,0.001136363636363713,0.001138404923867092,0.0011424874988738495,0.0011465700738806071,0.0011506526488873647,0.0011567765113975012,False,False,False,False,False,False,False
23,0.6057635523934602,0.0027173913043480047,0.0937809712586721,0.0937809712586721,23,9,0.0027173913043480047,0.0027428752639291672,0.0027938431830914928,0.0028448111022538174,0.0028957790214161425,0.0029722309001596306,False,False,False,False,False,False,False
23,0.8232535197314672,0.0,0.0371655104063428,0.0371655104063428,24,8,0.0,0.0,0.0,0.0,0.0,0.0,False,False,False,False,False,False,False
23,0.9240766833980928,0.008928571428571397,0.023538156590683878,0.023538156590683878,25,7,0.008928571428571397,0.008949587639813078,0.008991620062296443,0.009033652484779806,0.009075684907263171,0.009138733540988216,False,False,False,False,False,False,False
23,0.9917722361456844,0.001602564102564208,0.01722001982160554,0.01722001982160554,26,6,0.001602564102564208,0.001605323721125363,0.0016108429582476728,0.0016163621953699827,0.0016218814324922923,0.001630160288175757,False,False,False,False,False,False,False
23,1.1281921494333842,0.0004629629629629983,0.06491575817641229,0.06491575817641229,27,5,0.0004629629629629983,0.0004659683221378324,0.0004719790404875007,0.000477989758837169,0.0004840004771868373,0.0004930165547113397,False,False,False,False,False,False,False
23,1.2714021941516933,0.008928571428571175,0.021308225966303284,0.021308225966303284,28,4,0.008928571428571175,0.008947596630326802,0.008985647033838057,0.009023697437349312,0.009061747840860567,0.009118823446127449,False,False,False,False,False,False,False
24,-1.689957439617006,0.03520114942528729,0.07293059438434421,0.07293059438434421,3,29,0.03520114942528729,0.035457873500347126,0.035971321650466785,0.03648476980058645,0.03699821795070612,0.03776839017588561,False,False,False,False,False,False,False
24,-1.54673848917605,0.008928571428571508,0.01081803816701106,0.01081803816701106,4,28,0.008928571428571508,0.008938230391220625,0.008957548316518859,0.008976866241817092,0.008996184167115328,0.009025161055062679,False,False,False,False,False,False,False
24,-1.3823173138512368,0.0004629629629629983,0.08532879542968277,0.08532879542968277,5,27,0.0004629629629629983,0.00046691337015881723,0.0004748141845504552,0.000482714998942093,0.000490615813333731,0.0005024670349211878,False,False,False,False,False,False,False
24,-1.201059077589243,0.014423076923076983,0.020663668408897534,0.020663668408897534,6,26,0.014423076923076983,0.014452880290974432,0.014512487026769329,0.014572093762564225,0.014631700498359122,0.014721110602051467,False,False,False,False,False,False,False
24,-1.074261458185784,0.003214285714285725,0.05348243588185241,0.05348243588185241,7,25,0.003214285714285725,0.0032314764972477495,0.003265858063171797,0.003300239629095845,0.0033346211950198933,0.0033861935439059654,False,False,False,False,False,False,False
24,-0.9503739480801092,0.0,0.01896195453992951,0.01896195453992951,8,24,0.0,0.0,0.0,0.0,0.0,0.0,False,False,False,False,False,False,False
24,-0.888430193027272,0.0027173913043480047,0.017260240670961453,0.017260240670961453,9,23,0.0027173913043480047,0.0027220815871390274,0.002731462152721072,0.0027408427183031174,0.002750223283885162,0.002764294132258229,False,False,False,False,False,False,False
24,-0.8090257821877287,0.001136363636363713,0.029172237753737718,0.029172237753737718,10,22,0.001136363636363713,0.0011396786633811836,0.0011463087174161243,0.001152938771451065,0.001159568825486006,0.0011695139065384173,False,False,False,False,False,False,False
24,-0.7111213908122711,0.01325757575757569,0.028078278837972512,0.028078278837972512,11,21,0.01325757575757569,0.013294800748459366,0.013369250730226715,0.013443700711994067,0.01351815069376142,0.013629825666412446,False,False,False,False,False,False,False
24,-0.5352676432461624,0.004166666666666763,0.07475385924395285,0.07475385924395285,12,20,0.004166666666666763,0.00419781410801841,0.004260108990721706,0.004322403873425001,0.004384698756128297,0.004478141080183241,False,False,False,False,False,False,False
24,-0.3259476387555341,0.00025303643724705616,0.04764798833110492,0.04764798833110492,13,19,0.00025303643724705616,0.0002542421049679854,0.00025665344040984376,0.0002590647758517022,0.0002614761112935606,0.00026509311445634825,False,False,False,False,False,False,False
24,-0.23843649487216315,0.0009920634920637106,0.0035249787285766537,0.0035249787285766537,14,18,0.0009920634920637106,0.000992413192334403,0.0009931125928757873,0.0009938119934171715,0.000994511393958556,0.0009955604947706326,False,False,False,False,False,False,False
24,-0.17046465627391555,0.0022058823529413907,0.03622219521089089,0.03622219521089089,15,17,0.0022058823529413907,0.002213872543061441,0.0022298529233015416,0.002245833303541642,0.0022618136837817423,0.002285784254141893,False,False,False,False,False,False,False
24,-0.1002063032274089,0.015625,0.004862039625622955,0.004862039625622955,16,16,0.015625,0.015632596936915037,0.015647790810745108,0.01566298468457518,0.01567817855840525,0.015700969369150358,False,False,False,False,False,False,False
24,-0.04138052242219761,0.04142156862745083,0.029536890725659397,0.029536890725659397,17,15,0.04142156862745083,0.04154391506207427,0.04178860793132116,0.04203330080056804,0.042277993669814926,0.04264503297368525,False,False,False,False,False,False,False
24,0.021394692430006683,0.024801587301587213,0.007171508447793869,0.007171508447793869,18,14,0.024801587301587213,0.024819373780872418,0.024854946739442826,0.024890519698013227,0.024926092656583635,0.024979452094439244,False,False,False,False,False,False,False
24,0.041141862664971746,0.05693319838056676,0.004375835663060713,0.004375835663060713,19,13,0.05693319838056676,0.056958111412555336,0.057007937476532496,0.057057763540509655,0.057107589604486815,0.05718232870045256,False,False,False,False,False,False,False
24,0.1945461956481729,0.03750000000000009,0.08532879542968266,0.08532879542968266,20,12,0.03750000000000009,0.0378199829828614,0.038459948948584025,0.039099914914306644,0.03973988088002926,0.04069982982861319,False,False,False,False,False,False,False
24,0.35314715237741734,0.055681818181818166,0.007414610429074995,0.007414610429074995,22,10,0.055681818181818166,0.055723104080798246,0.0558056758787584,0.05588824767671855,0.055970819474678704,0.05609467717161894,False,False,False,False,False,False,False
24,0.4514672736525585,0.1089975845410629,0.050079008143916366,0.050079008143916366,23,9,0.1089975845410629,0.10954343363345281,0.11063513181823263,0.11172683000301245,0.11281852818779227,0.114456075464962,False,False,False,False,False,False,False
24,0.5416806618838719,0.08333333333333315,0.002674121794092609,0.002674121794092609,24,8,0.08333333333333315,0.08335561768161726,0.08340018637818547,0.08344475507475367,0.08348932377132189,0.08355617681617421,False,False,False,False,False,False,False
24,0.5726525394102906,0.060357142857143,0.015436975811352904,0.015436975811352904,25,7,0.060357142857143,0.060450316032575814,0.060636662383441425,0.06082300873430704,0.061009355085172655,0.06128887461147108,False,False,False,False,False,False,False
24,0.6177592335259474,0.04006410256410253,0.010939589157651648,0.010939589157651648,26,6,0.04006410256410253,0.04010793104630467,0.040195588010708924,0.04028324497511318,0.04037090193951744,0.04050238738612383,False,False,False,False,False,False,False
24,0.6813659081775186,0.02268518518518503,0.026255013978363866,0.026255013978363866,27,5,0.02268518518518503,0.022744745170598914,0.022863865141426673,0.022982985112254432,0.023102105083082195,0.023280785039323838,False,False,False,False,False,False,False
24,0.744764717879248,0.008928571428571175,0.010818038167011091,0.010818038167011091,28,4,0.008928571428571175,0.00893823039122029,0.008957548316518524,0.008976866241816758,0.008996184167114993,0.009025161055062342,False,False,False,False,False,False,False
24,0.88985445286878,0.0007183908045976795,0.07402455330010946,0.07402455330010946,29,3,0.0007183908045976795,0.0007237086604382044,0.0007343443721192543,0.0007449800838003042,0.000755615795481354,0.0007715693630029289,False,False,False,False,False,False,False
25,-1.7675555546470338,0.0581896551724137,0.09123867069486409,0.09123867069486409,3,29,0.0581896551724137,0.058720569851026055,0.05978239920825077,0.06084422856547548,0.06190605792270018,0.06349880195853724,False,False,False,False,False,False,False
25,-1.5167471926274532,0.08035714285714268,0.08912386706948641,0.08912386706948641,4,28,0.08035714285714268,0.08107331678895106,0.0825056646525678,0.08393801251618453,0.0853703603798013,0.08751888217522641,False,False,False,False,False,False,False
25,-1.2184658910631274,0.02268518518518503,0.12537764350453173,0.12537764350453173,5,27,0.02268518518518503,0.02296960669128327,0.023538449703479753,0.024107292715676236,0.02467613572787272,0.025529400246167445,False,False,False,False,False,False,False
25,-0.9266963643921073,0.04006410256410253,0.08444108761329311,0.08444108761329311,6,26,0.04006410256410253,0.04040240820357887,0.04107901948253154,0.041755630761484204,0.04243224204043687,0.043447158958865875,False,False,False,False,False,False,False
25,-0.7821769732116453,0.008928571428571397,0.019486404833836873,0.019486404833836873,7,25,0.008928571428571397,0.008945970004315894,0.008980767155804889,0.009015564307293882,0.009050361458782878,0.009102557186016368,False,False,False,False,False,False,False
25,-0.7519287285459673,0.0,0.0022658610271902484,0.0022658610271902484,8,24,0.0,0.0,0.0,0.0,0.0,0.0,False,False,False,False,False,False,False
25,-0.7485678124720032,0.007548309178743939,0.00015105740181268058,0.00015105740181268058,9,23,0.007548309178743939,0.007548423201541202,0.007548651247135726,0.00754887929273025,0.007549107338324774,0.007549449406716559,False,False,False,False,False,False,False
25,-0.7447867818887934,0.02840909090909094,0.002567975830815769,0.002567975830815769,10,22,0.02840909090909094,0.02841638629497394,0.02843097706673994,0.028445567838505936,0.028460158610271936,0.02848204476792093,False,False,False,False,False,False,False
25,-0.6926925827423477,0.01325757575757569,0.03489425981873113,0.03489425981873113,11,21,0.01325757575757569,0.013303837086880828,0.013396359745491098,0.013488882404101368,0.013581405062711641,0.013720189050627048,False,False,False,False,False,False,False
25,-0.6384978110496746,0.03749999999999998,0.004078549848942495,0.004078549848942495,12,20,0.03749999999999998,0.03751529456193351,0.037545883685800585,0.03757647280966765,0.03760706193353472,0.03765294561933532,False,False,False,False,False,False,False
25,-0.5649777719317072,0.02049595141700411,0.04879154078549848,0.04879154078549848,13,19,0.02049595141700411,0.020595954321954144,0.020795960131854217,0.020995965941754288,0.021195971751654354,0.02149598046650446,False,False,False,False,False,False,False
25,-0.44839599561607285,0.008928571428571397,0.03504531722054381,0.03504531722054381,14,18,0.008928571428571397,0.008959861890375453,0.009022442813983568,0.009085023737591682,0.009147604661199795,0.009241476046611966,False,False,False,False,False,False,False
25,-0.38012738786367417,0.029656862745098156,0.014048338368580191,0.014048338368580191,15,17,0.029656862745098156,0.029698525709377522,0.02978185163793626,0.029865177566494993,0.029948503495053732,0.030073492387891834,False,False,False,False,False,False,False
25,-0.2849714515195618,0.015625,0.05438066465256788,0.05438066465256788,16,16,0.015625,0.015709969788519636,0.01587990936555891,0.016049848942598186,0.01621978851963746,0.016474697885196374,False,False,False,False,False,False,False
25,-0.1805729959720479,0.04142156862745083,0.020694864048338438,0.020694864048338438,17,15,0.04142156862745083,0.04150729000059224,0.04167873274687504,0.04185017549315784,0.042021618239440645,0.04227878235886485,False,False,False,False,False,False,False
25,-0.14696383523240553,0.0803571428571428,0.0034743202416918028,0.0034743202416918028,18,14,0.0803571428571428,0.0803850615019421,0.08044089879154073,0.08049673608113933,0.08055257337073796,0.08063632930513588,False,False,False,False,False,False,False
25,-0.13667102975589004,0.13385627530364352,0.003927492447129974,0.003927492447129974,19,13,0.13385627530364352,0.13390884725466912,0.1340139911567203,0.13411913505877152,0.13422427896082273,0.13438199481389954,False,False,False,False,False,False,False
25,-0.1303693121172071,0.10416666666666674,0.0006042296072506924,0.0006042296072506924,20,12,0.10416666666666674,0.1041729607250756,0.10418554884189332,0.10419813695871104,0.10421072507552877,0.10422960725075535,False,False,False,False,False,False,False
25,-0.11314461723814044,0.07819264069264076,0.011782477341389774,0.011782477341389774,21,11,0.07819264069264076,0.07828477099436319,0.07846903159780809,0.07865329220125299,0.07883755280469788,0.07911394370986523,False,False,False,False,False,False,False
25,-0.05117772712442473,0.055681818181818166,0.03277945619335356,0.03277945619335356,22,10,0.055681818181818166,0.05586434015380388,0.056229384097775316,0.056594428041746754,0.05695947198571819,0.057507037901675356,False,False,False,False,False,False,False
25,-0.0007639860149611885,0.03653381642512077,0.0034743202416917967,0.0034743202416917967,23,9,0.03653381642512077,0.036546509442911976,0.03657189547849438,0.03659728151407679,0.0366226675496592,0.03666074660303282,False,False,False,False,False,False,False
25,0.12947151185115272,0.02083333333333348,0.09018126888217519,0.09018126888217519,24,8,0.02083333333333348,0.021021210976838012,0.02139696626384708,0.021772721550856144,0.02214847683786521,0.022712109768378813,False,False,False,False,False,False,False
25,0.2639081548097219,0.008928571428571397,0.006495468277945584,0.006495468277945584,25,7,0.008928571428571397,0.008934370953819562,0.008945970004315894,0.008957569054812224,0.008969168105308557,0.008986566681053054,False,False,False,False,False,False,False
25,0.3273454457057968,0.001602564102564208,0.039123867069486465,0.039123867069486465,26,6,0.001602564102564208,0.001608833953056113,0.001621373654039924,0.0016339133550237344,0.0016464530560075447,0.0016652626074832608,False,False,False,False,False,False,False
25,0.4216611530314182,0.0004629629629629983,0.028700906344410904,0.028700906344410904,27,5,0.0004629629629629983,0.0004642917086270915,0.0004669491999552779,0.0004696066912834643,0.0004722641826116507,0.00047625041960393027,False,False,False,False,False,False,False
25,0.4655631192475761,0.008928571428571508,0.0028700906344411104,0.0028700906344411104,28,4,0.008928571428571508,0.008931134009495117,0.008936259171342333,0.008941384333189547,0.008946509495036765,0.00895419723780759,False,False,False,False,False,False,False
25,0.49013981803843937,0.03520114942528729,0.014803625377643374,0.014803625377643374,29,3,0.03520114942528729,0.03525325988818274,0.035357480813973614,0.0354617017397645,0.035565922665555375,0.03572225405424169,False,False,False,False,False,False,False
26,-1.5778654810242654,0.0007183908045976795,0.022515816896166677,0.022515816896166677,3,29,0.0007183908045976795,0.0007200083201793006,0.0007232433513425429,0.000726478382505785,0.0007297134136690273,0.0007345659604138907,False,False,False,False,False,False,False
26,-1.5150119587332818,0.008928571428571175,0.03349460364719024,0.03349460364719024,4,28,0.008928571428571175,0.008958477324684737,0.009018289116911861,0.009078100909138983,0.009137912701366107,0.009227630389706793,False,False,False,False,False,False,False
26,-1.3830404434910832,0.0004629629629629983,0.08410867138072196,0.08410867138072196,5,27,0.0004629629629629983,0.0004668568829343284,0.0004746447228769884,0.00048243256281964834,0.0004902204027623085,0.0005019021626762985,False,False,False,False,False,False,False
26,-1.2767532579558318,0.014423076923076983,0.010606624488276898,0.010606624488276898,6,26,0.014423076923076983,0.014438374939165843,0.014468970971343566,0.014499567003521287,0.01453016303569901,0.014576057083965593,False,False,False,False,False,False,False
26,-1.1362202994779844,0.003214285714285725,0.11462597692593968,0.11462597692593968,7,25,0.003214285714285725,0.0032511297782976344,0.0033248179063214527,0.0033985060343452713,0.0034721941623690905,0.003582726354404818,False,False,False,False,False,False,False
26,-0.9297015833790381,0.02083333333333337,0.069408262002233,0.069408262002233,8,24,0.02083333333333337,0.020977933879171354,0.021267134970847326,0.021556336062523298,0.02184553715419927,0.022279338791713225,False,False,False,False,False,False,False
26,-0.7728810011845904,0.007548309178743939,0.07033866765909925,0.07033866765909925,9,23,0.007548309178743939,0.00760140297981512,0.007707590581957479,0.007813778184099838,0.007919965786242199,0.008079247189455739,False,False,False,False,False,False,False
26,-0.6619998704985027,0.001136363636363713,0.02847041310011181,0.02847041310011181,10,22,0.001136363636363713,0.001139598910579635,0.001146069459011479,0.0011525400074433232,0.0011590105558751671,0.0011687163785229332,False,False,False,False,False,False,False
26,-0.619819101386281,0.00027056277056281,0.00911797543729049,0.00911797543729049,11,21,0.00027056277056281,0.00027080946903243366,0.00027130286597168104,0.0002717962629109284,0.00027228965985017585,0.00027302975525904697,False,False,False,False,False,False,False
26,-0.5761766224533391,0.004166666666666763,0.02977298101972464,0.02977298101972464,12,20,0.004166666666666763,0.004179072075424982,0.0042038828929414195,0.004228693710457857,0.004253504527974295,0.004290720754248952,False,False,False,False,False,False,False
26,-0.49807955488912653,0.02049595141700411,0.03982136211388179,0.03982136211388179,13,19,0.02049595141700411,0.020577569087328614,0.020740804427977624,0.020904039768626637,0.021067275109275647,0.02131212812024916,False,False,False,False,False,False,False
26,-0.447337342541256,0.008928571428571397,0.005396352809824893,0.005396352809824893,14,18,0.008928571428571397,0.008933389600723027,0.008943025945026285,0.008952662289329545,0.008962298633632803,0.00897675315008769,False,False,False,False,False,False,False
26,-0.4408640561923507,0.0022058823529413907,0.00037216226274673793,0.00037216226274673793,15,17,0.0022058823529413907,0.002205964447558173,0.0022061286367917377,0.0022062928260253027,0.0022064570152588673,0.002206703299109215,False,False,False,False,False,False,False
26,-0.42875274624923754,0.015625,0.010420543356903492,0.010420543356903492,16,16,0.015625,0.015641282098995162,0.015673846296985487,0.015706410494975807,0.01573897469296613,0.015787820989951618,False,False,False,False,False,False,False
26,-0.41288275390998597,0.006127450980392246,0.003721622627465574,0.003721622627465574,17,15,0.006127450980392246,0.0061297313864139774,0.00613429219845744,0.006138853010500904,0.006143413822544365,0.00615025504060956,False,False,False,False,False,False,False
26,-0.3949246046839905,0.024801587301587213,0.01228135467063649,0.01228135467063649,18,14,0.024801587301587213,0.024832047010591767,0.024892966428600876,0.02495388584660999,0.025014805264619095,0.025106184391632758,False,False,False,False,False,False,False
26,-0.3410501570060044,0.012398785425101089,0.0357275772236695,0.0357275772236695,19,13,0.012398785425101089,0.01244308328147659,0.012531678994227592,0.012620274706978591,0.012708870419729594,0.012841763988856097,False,False,False,False,False,False,False
26,-0.27736137196032323,0.004166666666666652,0.021027167845180467,0.021027167845180467,20,12,0.004166666666666652,0.0041754279866021435,0.004192950626473127,0.004210473266344111,0.004227995906215094,0.00425427986602157,False,False,False,False,False,False,False
26,-0.18360312774553367,0.021915584415584277,0.06252326014142158,0.06252326014142158,21,11,0.021915584415584277,0.02205260779414096,0.02232665455125433,0.022600701308367704,0.02287474806548108,0.023285818201151137,False,False,False,False,False,False,False
26,-0.08566856975725662,0.010227272727272751,0.02474879047264624,0.02474879047264624,22,10,0.010227272727272751,0.01025258399025614,0.010303206516222916,0.010353829042189693,0.010404451568156468,0.010480385357106634,False,False,False,False,False,False,False
26,-0.05288450663538129,0.0027173913043480047,0.004465947152958611,0.004465947152958611,23,9,0.0027173913043480047,0.0027186048769439176,0.002721032022135743,0.002723459167327568,0.0027258863125193943,0.0027295270303071325,False,False,False,False,False,False,False
26,-0.04494951046575561,0.0,0.0026051358392258236,0.0026051358392258236,24,8,0.0,0.0,0.0,0.0,0.0,0.0,False,False,False,False,False,False,False
26,-0.0006805844667903405,0.003214285714285725,0.03684406401190927,0.03684406401190927,25,7,0.003214285714285725,0.003226128449146696,0.0032498139188686377,0.00327349938859058,0.0032971848583125208,0.003332713062895434,False,False,False,False,False,False,False
26,0.07532832621067832,0.001602564102564208,0.03088946780796417,0.03088946780796417,26,6,0.001602564102564208,0.0016075143377898434,0.0016174148082411146,0.0016273152786923858,0.001637215749143657,0.0016520664548205638,False,False,False,False,False,False,False
26,0.1523813153315189,0.02268518518518503,0.037774469668775755,0.037774469668775755,27,5,0.02268518518518503,0.022770877269155866,0.02294226143709753,0.023113645605039194,0.023285029772980866,0.023542106024893365,False,False,False,False,False,False,False
26,0.21064089247166667,0.08035714285714268,0.01414216598436908,0.01414216598436908,28,4,0.08035714285714268,0.08047078526237422,0.0806980700728373,0.08092535488330037,0.08115263969376343,0.08149356690945805,False,False,False,False,False,False,False
26,0.2419632457728212,0.0581896551724137,0.013770003721622563,0.013770003721622563,29,3,0.0581896551724137,0.05826978234924211,0.058430036702898924,0.058590291056555735,0.05875054541021255,0.058990926940697776,False,False,False,False,False,False,False
27,-1.8278494201889188,0.0007183908045976795,0.027109537184027362,0.027109537184027362,3,29,0.0007183908045976795,0.0007203383288206699,0.0007242333772666508,0.0007281284257126315,0.0007320234741586124,0.0007378660468275836,False,False,False,False,False,False,False
27,-1.7680772124396256,0.008928571428571175,0.00573940652094269,0.00573940652094269,4,28,0.008928571428571175,0.00893369589867916,0.00894394483889513,0.008954193779111098,0.008964442719327066,0.008979816129651019,False,False,False,False,False,False,False
27,-1.756300532102404,0.0004629629629629983,0.0007326901941630056,0.0007326901941630056,5,27,0.0004629629629629983,0.0004629968838053207,0.0004630647254899654,0.0004631325671746101,0.0004632004088592548,0.000463302171386222,False,False,False,False,False,False,False
27,-1.6656423136573795,0.014423076923076983,0.0490902430089143,0.0490902430089143,6,26,0.014423076923076983,0.014493880158185993,0.014635486628404016,0.014777093098622041,0.01491869956884006,0.015131109274167097,False,False,False,False,False,False,False
27,-1.5747618936965582,0.04321428571428587,0.0008548052265234455,0.0008548052265234455,7,25,0.04321428571428587,0.04321797969401478,0.04322536765347259,0.0432327556129304,0.04324014357238821,0.04325122551157492,False,False,False,False,False,False,False
27,-1.4983245722625178,0.08333333333333337,0.04115276590548296,0.04115276590548296,8,24,0.08333333333333337,0.0836762730492124,0.08436215248097044,0.08504803191272849,0.08573391134448655,0.08676273049212362,False,False,False,False,False,False,False
27,-1.3827797840482707,0.05102657004830913,0.0223470509219685,0.0223470509219685,9,23,0.05102657004830913,0.051140599384233425,0.05136865805608201,0.0515967167279306,0.0518247753997792,0.05216686340755208,False,False,False,False,False,False,False
27,-1.2923437671190428,0.02840909090909094,0.027353767248748304,0.027353767248748304,10,22,0.02840909090909094,0.02848680047513852,0.028642219607233683,0.02879763873932884,0.028953057871424007,0.029186186569566744,False,False,False,False,False,False,False
27,-1.185020434989271,0.01325757575757569,0.03162779338136529,0.03162779338136529,11,21,0.01325757575757569,0.01329950654425553,0.013383368117615209,0.01346722969097489,0.01355109126433457,0.013676883624374093,False,False,False,False,False,False,False
27,-1.106583299913061,0.03749999999999998,0.01147881304188538,0.01147881304188538,12,20,0.03749999999999998,0.03754304554890705,0.037629136646721184,0.037715227744535326,0.03780131884234947,0.03793045548907068,False,False,False,False,False,False,False
27,-0.9848168692565084,0.07312753036437236,0.05544022469165955,0.05544022469165955,13,19,0.07312753036437236,0.07353295103582705,0.07434379237873645,0.07515463372164584,0.07596547506455523,0.07718173707891933,False,False,False,False,False,False,False
27,-0.8812709628952793,0.04861111111111116,0.0014653803883257976,0.0014653803883257976,14,18,0.04861111111111116,0.04861823448799885,0.048632481241774245,0.048646727995549637,0.04866097474932502,0.048682344879988106,False,False,False,False,False,False,False
27,-0.8546067809996838,0.029656862745098156,0.01318842349493224,0.01318842349493224,15,17,0.029656862745098156,0.029695975471639498,0.029774200924722185,0.029852426377804876,0.02993065183088756,0.030047990010511588,False,False,False,False,False,False,False
27,-0.715508632110994,0.0625,0.06325558676273045,0.06325558676273045,16,16,0.0625,0.06289534741726706,0.06368604225180119,0.06447673708633532,0.06526743192086945,0.06645347417267065,False,False,False,False,False,False,False
27,-0.5553013392216244,0.10808823529411782,0.02478935156917827,0.02478935156917827,17,15,0.10808823529411782,0.10835617902063761,0.10889206647367719,0.1094279539267168,0.10996384137975637,0.11076767255931576,False,False,False,False,False,False,False
27,-0.4981955496618906,0.0803571428571428,0.006594211747466074,0.006594211747466074,18,14,0.0803571428571428,0.08041013205868493,0.08051611046176921,0.08062208886485348,0.08072806726793776,0.08088703487256417,False,False,False,False,False,False,False
27,-0.44464498435490296,0.05693319838056676,0.022835511051410486,0.022835511051410486,19,13,0.05693319838056676,0.057063208248647926,0.05732322798481024,0.05758324772097256,0.05784326745713487,0.058233297061378336,False,False,False,False,False,False,False
27,-0.3942052402690681,0.03750000000000009,0.0048846012944193514,0.0048846012944193514,20,12,0.03750000000000009,0.03751831725485416,0.037554951764562305,0.03759158627427045,0.037628220783978594,0.03768317254854081,False,False,False,False,False,False,False
27,-0.2766606384126514,0.021915584415584277,0.0597142508242764,0.0597142508242764,21,11,0.021915584415584277,0.022046451686059558,0.02230818622701012,0.022569920767960678,0.02283165530891124,0.023224257120337082,False,False,False,False,False,False,False
27,-0.12423039857616397,0.010227272727272751,0.024056661375015328,0.024056661375015328,22,10,0.010227272727272751,0.010251876130951744,0.01030108293830973,0.010350289745667717,0.010399496553025703,0.010473306764062681,False,False,False,False,False,False,False
27,-0.07801248329046505,0.0027173913043480047,0.0013432653559653043,0.0013432653559653043,23,9,0.0027173913043480047,0.0027177563221077784,0.0027184863576273244,0.002719216393146871,0.0027199464286664175,0.002721041481945737,False,False,False,False,False,False,False
27,-0.04890408472110665,0.02083333333333348,0.014653803883258043,0.014653803883258043,24,8,0.02083333333333348,0.0208638620914236,0.020924919607603842,0.02098597712378409,0.02104703463996433,0.021138620914234692,False,False,False,False,False,False,False
27,0.022644803365407907,0.008928571428571397,0.02466723653681768,0.02466723653681768,25,7,0.008928571428571397,0.008950595746907842,0.008994644383580731,0.009038693020253619,0.009082741656926506,0.00914881461193584,False,False,False,False,False,False,False
27,0.22107075697179746,0.001602564102564208,0.08438148736109406,0.08438148736109406,26,6,0.001602564102564208,0.0016160867768207944,0.0016431321253339672,0.0016701774738471405,0.0016972228223603133,0.0017377908451300726,False,False,False,False,False,False,False
27,0.38083364682957366,0.02268518518518503,0.003419220906093584,0.003419220906093584,27,5,0.02268518518518503,0.02269294175112941,0.022708454883018165,0.022723968014906924,0.022739481146795682,0.022762750844628817,False,False,False,False,False,False,False
27,0.4210521211887635,0.008928571428571175,0.01868359995115396,0.01868359995115396,28,4,0.008928571428571175,0.008945253214241848,0.008978616785583192,0.009011980356924538,0.009045343928265883,0.0090953892852779,False,False,False,False,False,False,False
27,0.5379301184977903,0.0007183908045976795,0.045548907070460366,0.045548907070460366,29,3,0.0007183908045976795,0.0007216629961975687,0.0007282073793973474,0.0007347517625971259,0.0007412961457969045,0.0007511127205965725,False,False,False,False,False,False,False
28,-1.8919846328906407,0.03520114942528729,0.019313984168865497,0.019313984168865497,3,29,0.03520114942528729,0.035269136869559875,0.035405111758105054,0.035541086646650226,0.035677061535195405,0.03588102386801316,False,False,False,False,False,False,False
28,-1.6568839436589489,0.008928571428571508,0.09773087071240097,0.09773087071240097,4,28,0.008928571428571508,0.009015831134564722,0.009190350546551155,0.00936486995853759,0.009539389370524018,0.009801168488503667,False,False,False,False,False,False,False
28,-1.4506143578857875,0.0004629629629629983,0.004960422163588417,0.004960422163588417,5,27,0.0004629629629629983,0.0004631926121372386,0.000463651910485719,0.00046411120883419946,0.0004645705071826799,0.00046525945470540054,False,False,False,False,False,False,False
28,-1.4143634851548414,0.001602564102564208,0.013087071240105526,0.013087071240105526,6,26,0.001602564102564208,0.0016046613896219173,0.001608855963737336,0.0016130505378527545,0.0016172451119681732,0.0016235369731413013,False,False,False,False,False,False,False
28,-1.2723279019400233,0.003214285714285725,0.057625329815303425,0.057625329815303425,7,25,0.003214285714285725,0.0032328081417263583,0.003269852996607625,0.0033068978514888916,0.0033439427063701585,0.0033995099886920577,False,False,False,False,False,False,False
28,-1.1417399627455036,0.02083333333333337,0.007387862796833781,0.007387862796833781,8,24,0.02083333333333337,0.020848724714160105,0.020879507475813578,0.020910290237467054,0.020941072999120527,0.020987247141600742,False,False,False,False,False,False,False
28,-1.0919215119164256,0.05102657004830913,0.017414248021108195,0.017414248021108195,9,23,0.05102657004830913,0.0511154289829579,0.05129314685225544,0.05147086472155298,0.05164858259085052,0.05191515939479683,False,False,False,False,False,False,False
28,-0.993980557520536,0.02840909090909094,0.03134564643799471,0.03134564643799471,10,22,0.02840909090909094,0.02849814104101706,0.0286762413048693,0.028854341568721544,0.029032441832573787,0.029299592228352152,False,False,False,False,False,False,False
28,-0.8920117283767635,0.06087662337662336,0.019419525065963075,0.019419525065963075,11,21,0.06087662337662336,0.06099484288798271,0.06123128191070142,0.06146772093342013,0.06170415995613883,0.06205881849021689,False,False,False,False,False,False,False
28,-0.8392253698387191,0.03749999999999998,0.006860158311345583,0.006860158311345583,12,20,0.03749999999999998,0.03752572559366753,0.03757717678100262,0.037628627968337706,0.0376800791556728,0.03775725593667544,False,False,False,False,False,False,False
28,-0.819297989507088,0.02049595141700411,0.0030606860158311684,0.0030606860158311684,13,19,0.02049595141700411,0.02050222458419243,0.020514770918569066,0.020527317252945702,0.02053986358732234,0.020558683088887288,False,False,False,False,False,False,False
28,-0.7741433936492427,0.04861111111111116,0.019419525065963075,0.019419525065963075,14,18,0.04861111111111116,0.04870551158018181,0.04889431251832312,0.04908311345646443,0.04927191439460574,0.0495551158018177,False,False,False,False,False,False,False
28,-0.7285648109758308,0.08848039215686265,0.0032717678100263816,0.0032717678100263816,15,17,0.08848039215686265,0.08850934088675039,0.08856723834652584,0.08862513580630133,0.08868303326607678,0.08876987945574,False,False,False,False,False,False,False
28,-0.7135132790232157,0.140625,0.004221635883905006,0.004221635883905006,16,16,0.140625,0.14068436675461743,0.14080310026385226,0.14092183377308706,0.1410405672823219,0.14121866754617413,False,False,False,False,False,False,False
28,-0.6702666238354205,0.10808823529411782,0.01730870712401053,0.01730870712401053,17,15,0.10808823529411782,0.10827532205494353,0.10864949557659494,0.10902366909824632,0.10939784261989773,0.10995910290237484,False,False,False,False,False,False,False
28,-0.6200241861907757,0.0803571428571428,0.007704485488126684,0.007704485488126684,18,14,0.0803571428571428,0.08041905390124382,0.08054287598944586,0.08066669807764788,0.08079052016584992,0.08097625329815297,False,False,False,False,False,False,False
28,-0.5964929179268281,0.05693319838056676,0.004010554089709765,0.004010554089709765,19,13,0.05693319838056676,0.056956031747727315,0.0570016984820484,0.05704736521636948,0.05709303195069057,0.0571615320521722,False,False,False,False,False,False,False
28,-0.48986023381182275,0.03750000000000009,0.049076517150395765,0.049076517150395765,20,12,0.03750000000000009,0.03768403693931407,0.03805211081794204,0.03842018469657001,0.03878825857519798,0.03934036939313993,False,False,False,False,False,False,False
28,-0.37729173427888485,0.07819264069264076,0.006965699208443216,0.006965699208443216,21,11,0.07819264069264076,0.07824710733417864,0.0783560406172544,0.07846497390033016,0.07857390718340593,0.07873730710801957,False,False,False,False,False,False,False
28,-0.35757634735503696,0.055681818181818166,0.002849604221635914,0.002849604221635914,22,10,0.055681818181818166,0.05569768529623409,0.05572941952506595,0.0557611537538978,0.055792887982729654,0.05584048932597744,False,False,False,False,False,False,False
28,-0.34188883517907187,0.03653381642512077,0.004960422163588431,0.004960422163588431,23,9,0.03653381642512077,0.03655193874039234,0.03658818337093546,0.03662442800147859,0.03666067263202172,0.03671503957783641,False,False,False,False,False,False,False
28,-0.2505196764244648,0.02083333333333348,0.04052770448548811,0.04052770448548811,24,8,0.02083333333333348,0.020917766051011585,0.021086631486367784,0.021255496921723988,0.021424362357080187,0.02167766051011449,False,False,False,False,False,False,False
28,0.03206753615068848,0.008928571428571397,0.10015831134564641,0.10015831134564641,25,7,0.008928571428571397,0.009017998492272866,0.009196852619675806,0.009375706747078745,0.009554560874481685,0.009822842065586094,False,False,False,False,False,False,False
28,0.29197145409302744,0.001602564102564208,0.029234828496042167,0.029234828496042167,26,6,0.001602564102564208,0.0016072491712334459,0.0016166193085719214,0.0016259894459103971,0.0016353595832488727,0.0016494147892565864,False,False,False,False,False,False,False
28,0.5130805784110205,0.0004629629629629983,0.08084432717678099,0.08084432717678099,27,5,0.0004629629629629983,0.0004667057558878496,0.0004741913417375521,0.0004816769275872547,0.000489162513436957,0.0005003908922115109,False,False,False,False,False,False,False
28,0.6850072321232857,0.008928571428571508,0.004749340369393204,0.004749340369393204,28,4,0.008928571428571508,0.00893281191104418,0.008941292875989524,0.00894977384093487,0.008958254805880216,0.008970976253298233,False,False,False,False,False,False,False
28,0.8649896353313169,0.03520114942528729,0.0848548812664908,0.0848548812664908,29,3,0.03520114942528729,0.03549984836077997,0.03609724623176532,0.03669464410275067,0.03729204197373602,0.03818813878021405,False,False,False,False,False,False,False
29,-1.6307134588119512,0.0581896551724137,0.03890160183066363,0.03890160183066363,3,29,0.0581896551724137,0.05841602225203178,0.058868756411267965,0.05932149057050413,0.05977422472974029,0.060453325968594554,False,False,False,False,False,False,False
29,-1.5154849829601864,0.08035714285714268,0.015364498202026768,0.015364498202026768,4,28,0.08035714285714268,0.08048060757483753,0.08072753701022727,0.08097446644561697,0.08122139588100669,0.08159179003409125,False,False,False,False,False,False,False
29,-1.3984054472553809,0.02268518518518503,0.03977334640950206,0.03977334640950206,5,27,0.02268518518518503,0.022775411758058438,0.02295586490380525,0.023136318049552067,0.023316771195298878,0.0235874509139191,False,False,False,False,False,False,False
29,-1.2033500152412486,0.001602564102564208,0.05208673858559436,0.05208673858559436,6,26,0.001602564102564208,0.0016109113363119,0.0016276058038072836,0.0016443002713026678,0.0016609947387980517,0.0016860364400411274,False,False,False,False,False,False,False
29,-1.0876587744262234,0.003214285714285725,0.0023972975918056627,0.0023972975918056627,7,25,0.003214285714285725,0.0032150562742259484,0.003216597394106395,0.003218138513986841,0.003219679633867288,0.0032219913136879576,False,False,False,False,False,False,False
29,-1.0261110343126298,0.02083333333333337,0.026588209654571177,0.026588209654571177,8,24,0.02083333333333337,0.020888725436780397,0.020999509643674443,0.02111029385056849,0.021221078057462536,0.0213872543678036,False,False,False,False,False,False,False
29,-0.948135138003303,0.007548309178743939,0.010134030728996438,0.010134030728996438,9,23,0.007548309178743939,0.007555958658460875,0.007571257617894746,0.0075865565773286184,0.00760185553676249,0.0076248039759132975,False,False,False,False,False,False,False
29,-0.915741590575096,0.001136363636363713,0.0051214994006755716,0.0051214994006755716,10,22,0.001136363636363713,0.0011369456249319717,0.0011381096020684888,0.0011392735792050061,0.0011404375563415236,0.0011421835220462994,False,False,False,False,False,False,False
29,-0.8720103015470165,0.01325757575757569,0.015473466274381604,0.015473466274381604,11,21,0.01325757575757569,0.01327808982271218,0.013319117952985161,0.013360146083258142,0.013401174213531123,0.013462716408940596,False,False,False,False,False,False,False
29,-0.8292045424454573,0.004166666666666763,0.004685627111256411,0.004685627111256411,12,20,0.004166666666666763,0.004168619011296453,0.004172523700555833,0.004176428389815214,0.004180333079074595,0.004186190112963665,False,False,False,False,False,False,False
29,-0.7678881848134939,0.02049595141700411,0.024190912062765618,0.024190912062765618,13,19,0.02049595141700411,0.020545532992841255,0.02064469614451555,0.020743859296189843,0.020843022447864137,0.020991767175375573,False,False,False,False,False,False,False
29,-0.7123563892222818,0.04861111111111116,0.0019614253023863704,0.0019614253023863704,14,18,0.04861111111111116,0.0486206458174422,0.0486397152301043,0.048658784642766385,0.04867785405542848,0.0487064581744216,False,False,False,False,False,False,False
29,-0.6489575892556481,0.029656862745098156,0.027895826522828817,0.027895826522828817,15,17,0.029656862745098156,0.029739593014933015,0.029905053554602736,0.030070514094272457,0.03023597463394218,0.03048416544344676,False,False,False,False,False,False,False
29,-0.5277131688815018,0.015625,0.02920344339108639,0.02920344339108639,16,16,0.015625,0.015670630380298572,0.01576189114089572,0.015853151901492862,0.015944412662090006,0.016081303802985725,False,False,False,False,False,False,False
29,-0.45066280249869506,0.006127450980392246,0.007082924703062008,0.007082924703062008,17,15,0.006127450980392246,0.0061317910077838276,0.006140471062566993,0.006149151117350158,0.0061578311721333205,0.006170851254308067,False,False,False,False,False,False,False
29,-0.4259048769642797,0.024801587301587213,0.004576659038901587,0.004576659038901587,18,14,0.024801587301587213,0.024812938142457507,0.02483563982419809,0.024858341505938675,0.024881043187679253,0.02491509571029013,False,False,False,False,False,False,False
29,-0.33057529453269896,0.012398785425101089,0.04031818677127605,0.04031818677127605,19,13,0.012398785425101089,0.012448775079751707,0.01254875438905295,0.012648733698354188,0.01274871300765543,0.01289868197160729,False,False,False,False,False,False,False
29,-0.24218718655001975,0.004166666666666652,0.0013076168682575758,0.0013076168682575758,20,12,0.004166666666666652,0.004167211507028426,0.004168301187751974,0.004169390868475522,0.00417048054919907,0.004172115070284392,False,False,False,False,False,False,False
29,-0.1778628566568657,0.021915584415584277,0.02898550724637688,0.02898550724637688,21,11,0.021915584415584277,0.02197910784867293,0.022106154714850227,0.02223320158102753,0.022360248447204828,0.02255081874647078,False,False,False,False,False,False,False
29,-0.07721147714779386,0.055681818181818166,0.018415604227961114,0.018415604227961114,22,10,0.055681818181818166,0.055784359614451134,0.05598944247971706,0.05619452534498299,0.056399608210248926,0.05670723250814782,False,False,False,False,False,False,False
29,-0.008722262585299078,0.03653381642512077,0.013838945189059652,0.013838945189059652,23,9,0.03653381642512077,0.03658437537342621,0.036685493270037096,0.03678661116664798,0.03688772906325886,0.037039405908175185,False,False,False,False,False,False,False
29,0.13774284828652278,0.02083333333333348,0.05513784461152879,0.05513784461152879,24,8,0.02083333333333348,0.020948203842940834,0.02117794486215554,0.021407685881370247,0.021637426900584948,0.021982038429407005,False,False,False,False,False,False,False
29,0.3351121051169555,0.008928571428571397,0.03781192110711556,0.03781192110711556,25,7,0.008928571428571397,0.008962332072417036,0.009029853360108312,0.00909737464779959,0.009164895935490868,0.009266177867027783,False,False,False,False,False,False,False
29,0.8045871603443273,0.001602564102564208,0.18328429770077367,0.18328429770077367,26,6,0.001602564102564208,0.0016319365861701032,0.0016906815533818933,0.0017494265205936837,0.0018081714878054739,0.0018962889386231593,False,False,False,False,False,False,False
29,1.2409745206986025,0.0004629629629629983,0.0222294867603793,0.0222294867603793,27,5,0.0004629629629629983,0.0004639921058685715,0.0004660503916797179,0.0004681086774908643,0.0004701669633020107,0.0004732543920187303,False,False,False,False,False,False,False
29,1.298125993661225,0.008928571428571508,0.004685627111256385,0.004685627111256385,28,4,0.008928571428571508,0.008932755024206557,0.008941122215476658,0.008949489406746761,0.00895785659801686,0.00897040738492201,False,False,False,False,False,False,False
29,1.3196445644528194,0.03520114942528729,0.005448403617739976,0.005448403617739976,29,3,0.03520114942528729,0.03522032843227503,0.03525868644625049,0.03529704446022596,0.03533540247420143,0.03539293949516464,False,False,False,False,False,False,False
30,-1.2483145564029623,0.03520114942528729,0.003921056071101803,0.003921056071101803,3,29,0.03520114942528729,0.03521495199335367,0.03524255712948643,0.03527016226561918,0.03529776740175194,0.035339175105951075,False,False,False,False,False,False,False
30,-1.2122741722728718,0.0803571428571429,0.015945628022480663,0.015945628022480663,4,28,0.0803571428571429,0.08048527736803783,0.08074154638982771,0.08099781541161757,0.08125408443340745,0.08163848796609223,False,False,False,False,False,False,False
30,-1.1731513868684975,0.03749999999999998,0.005620180368579316,0.005620180368579316,5,27,0.03749999999999998,0.03752107567638215,0.037563227029146495,0.03760537838191084,0.03764752973467518,0.037710756763821705,False,False,False,False,False,False,False
30,-1.11482287044743,0.014423076923076983,0.02653247941445564,0.02653247941445564,6,26,0.014423076923076983,0.01446134492223245,0.014537880920543377,0.014614416918854308,0.014690952917165236,0.014805756914631634,False,False,False,False,False,False,False
30,-1.0517521982197713,0.04321428571428587,0.008234217749313811,0.008234217749313811,7,25,0.04321428571428587,0.04324986929813112,0.04332103646582162,0.04339220363351212,0.04346337080120261,0.04357012155273836,False,False,False,False,False,False,False
30,-1.0273300958158287,0.08333333333333337,0.00522807476146905,0.00522807476146905,8,24,0.08333333333333337,0.08337690062301228,0.0834640352023701,0.08355116978172793,0.08363830436108573,0.08376900623012246,False,False,False,False,False,False,False
30,-0.9346209497969773,0.05102657004830913,0.0458763560318913,0.0458763560318913,9,23,0.05102657004830913,0.051260661357771374,0.051728843976695874,0.052197026595620366,0.05266520921454485,0.0533674831429316,False,False,False,False,False,False,False
30,-0.757501430420809,0.09204545454545454,0.05175794013854394,0.05175794013854394,10,22,0.09204545454545454,0.09252186285809341,0.09347467948337115,0.09442749610864888,0.09538031273392664,0.09680953767184325,False,False,False,False,False,False,False
30,-0.6033813667066061,0.06087662337662336,0.033198274735328756,0.033198274735328756,11,21,0.06087662337662336,0.06107872326340499,0.06148292303696824,0.0618871228105315,0.062291322584094755,0.06289762224443964,False,False,False,False,False,False,False
30,-0.5424446645919137,0.03749999999999998,0.0003921056071101436,0.0003921056071101436,12,20,0.03749999999999998,0.03750147039602664,0.03750441118807996,0.037507351980133295,0.03751029277218662,0.037514703960266606,False,False,False,False,False,False,False
30,-0.5101980051070958,0.02049595141700411,0.017383348581884773,0.017383348581884773,13,19,0.02049595141700411,0.020531580243804026,0.020602837897403855,0.02067409555100369,0.02074535320460352,0.020852239685003267,False,False,False,False,False,False,False
30,-0.44357071602449427,0.04861111111111116,0.0193438766174356,0.0193438766174356,14,18,0.04861111111111116,0.04870514384466813,0.04889320931178209,0.04908127477889605,0.04926934024601001,0.04955143844668095,False,False,False,False,False,False,False
30,-0.3684075464900294,0.029656862745098156,0.02208861586720686,0.02208861586720686,15,17,0.029656862745098156,0.02972237064999845,0.02985338645979904,0.029984402269599628,0.03011541807940022,0.03031194179410111,False,False,False,False,False,False,False
30,-0.30604819763335966,0.015625,0.012285975689452385,0.012285975689452385,16,16,0.015625,0.01564419683701477,0.015682590511044307,0.015720984185073845,0.015759377859103387,0.015816968370147694,False,False,False,False,False,False,False
30,-0.2809147718584281,0.04142156862745083,0.0015684224284406969,0.0015684224284406969,17,15,0.04142156862745083,0.04142806527917649,0.04144105858262778,0.041454051886079084,0.04146704518953038,0.04148653514470732,False,False,False,False,False,False,False
30,-0.26716252001931456,0.0803571428571428,0.006012285975689521,0.006012285975689521,18,14,0.0803571428571428,0.08040545586944745,0.08050208189405673,0.08059870791866604,0.08069533394327533,0.08084027298018927,False,False,False,False,False,False,False
30,-0.17658734411342922,0.13385627530364352,0.04391582799634029,0.04391582799634029,19,13,0.13385627530364352,0.13444411621989008,0.1356197980523832,0.1367954798848763,0.13797116171736942,0.13973468446610912,False,False,False,False,False,False,False
30,-0.09099143180446437,0.10416666666666674,0.0032675467259181833,0.0032675467259181833,20,12,0.10416666666666674,0.10420070361172838,0.10426877750185168,0.10433685139197497,0.10440492528209828,0.10450703611728322,False,False,False,False,False,False,False
30,-0.049023352916135327,0.07819264069264076,0.019866684093582526,0.019866684093582526,21,11,0.07819264069264076,0.07834798354174914,0.07865866923996587,0.0789693549381826,0.07928004063639935,0.07974606918372447,False,False,False,False,False,False,False
30,0.03372726590887506,0.055681818181818166,0.025748268200235257,0.025748268200235257,22,10,0.055681818181818166,0.05582518922066039,0.05611193129834483,0.05639867337602927,0.0566854154537137,0.057115528570240354,False,False,False,False,False,False,False
30,0.10154009394312431,0.03653381642512077,0.011632466344268746,0.011632466344268746,23,9,0.03653381642512077,0.03657631426412006,0.03666130994211864,0.03674630562011722,0.03683130129811581,0.03695879481511368,False,False,False,False,False,False,False
30,0.21060967749471404,0.02083333333333348,0.04849039341262582,0.04849039341262582,24,8,0.02083333333333348,0.02093435498627645,0.021136398292162396,0.021338441598048336,0.021540484903934277,0.02184354986276319,False,False,False,False,False,False,False
30,0.3436271478695876,0.008928571428571397,0.024833355116978203,0.024833355116978203,25,7,0.008928571428571397,0.008950744067068698,0.008995089344063303,0.009039434621057905,0.009083779898052511,0.009150297813544416,False,False,False,False,False,False,False
30,0.4306457069205297,0.001602564102564208,0.02313423081950063,0.02313423081950063,26,6,0.001602564102564208,0.0016062715113493848,0.0016136863289197378,0.0016211011464900911,0.0016285159640604442,0.0016396381904159741,False,False,False,False,False,False,False
30,0.8327805193194341,0.0004629629629629983,0.19853613906678869,0.19853613906678869,27,5,0.0004629629629629983,0.0004721544508827578,0.0004905374267222766,0.0005089204025617955,0.0005273033784013143,0.0005548778421605926,False,False,False,False,False,False,False
30,1.2742752249130427,0.008928571428571508,0.04483074107959741,0.04483074107959741,28,4,0.008928571428571508,0.008968598875964006,0.009048653770749001,0.009128708665533999,0.009208763560318994,0.009328845902496488,False,False,False,False,False,False,False
30,1.4253128873529612,0.03520114942528729,0.0384263494967978,0.0384263494967978,29,3,0.03520114942528729,0.03533641459233781,0.035606944926438816,0.035877475260539846,0.03614800559464086,0.036553801095792385,False,False,False,False,False,False,False
31,-1.4806837502516181,0.0007183908045976795,0.021442722293439045,0.021442722293439045,3,29,0.0007183908045976795,0.0007199312300497943,0.0007230120809540238,0.0007260929318582537,0.0007291737827624833,0.0007337950591188278,False,False,False,False,False,False,False
31,-1.4110127054268689,0.008928571428571508,0.013285164899195881,0.013285164899195881,4,28,0.008928571428571508,0.00894043318294579,0.008964156691694354,0.008987880200442918,0.009011603709191483,0.00904718897231433,False,False,False,False,False,False,False
31,-1.31048066088109,0.03749999999999998,0.03682554480829742,0.03682554480829742,5,27,0.03749999999999998,0.03763809579303109,0.037914287379093324,0.03819047896515555,0.03846667055121779,0.038880957930311134,False,False,False,False,False,False,False
31,-1.208779639073151,0.014423076923076983,0.013867847570213207,0.013867847570213207,6,26,0.014423076923076983,0.01444307862630325,0.01448308203275579,0.01452308543920833,0.014563088845660866,0.014623093955339674,False,False,False,False,False,False,False
31,-1.1804903893288736,0.04321428571428587,0.00023307306840697443,0.00023307306840697443,7,25,0.04321428571428587,0.043215292922902916,0.043217307340137,0.043219321757371094,0.04322133617460518,0.04322435780045632,False,False,False,False,False,False,False
31,-1.1550066850137808,0.08333333333333337,0.012469409159771582,0.012469409159771582,8,24,0.08333333333333337,0.08343724507633148,0.08364506856232766,0.08385289204832386,0.08406071553432004,0.08437245076331434,False,False,False,False,False,False,False
31,-1.1063772309079156,0.05102657004830913,0.011770189954550769,0.011770189954550769,9,23,0.05102657004830913,0.0510866292905289,0.05120674777496846,0.051326866259408015,0.051446984743847575,0.05162716247050692,False,False,False,False,False,False,False
31,-1.0544746404680019,0.02840909090909094,0.014100920638620182,0.014100920638620182,10,22,0.02840909090909094,0.028449150342723384,0.02852926920998827,0.028609388077253155,0.028689506944518047,0.028809685245415377,False,False,False,False,False,False,False
31,-0.9567481413514075,0.01325757575757569,0.03461135065843144,0.03461135065843144,11,21,0.01325757575757569,0.013303462017918308,0.013395234538603541,0.013487007059288778,0.01357877957997401,0.013716438361001861,False,False,False,False,False,False,False
31,-0.8730493693807357,0.03749999999999998,0.007108728586411834,0.007108728586411834,12,20,0.03749999999999998,0.03752665773219902,0.037579973196597116,0.0376332886609952,0.03768660412539329,0.037766577321990416,False,False,False,False,False,False,False
31,-0.8276930516089192,0.02049595141700411,0.015499359049061917,0.015499359049061917,13,19,0.02049595141700411,0.02052771882801054,0.020591253650023393,0.020654788472036247,0.020718323294049105,0.020813625527068388,False,False,False,False,False,False,False
31,-0.7114967117501931,0.04861111111111116,0.04241929845006411,0.04241929845006411,14,18,0.04861111111111116,0.04881731603413231,0.049229725880174595,0.04964213572621688,0.05005454557225918,0.05067316034132262,False,False,False,False,False,False,False
31,-0.614705394443327,0.029656862745098156,0.005826826710173641,0.005826826710173641,15,17,0.029656862745098156,0.029674143285096464,0.029708704365093083,0.0297432654450897,0.02977782652508632,0.029829668145081246,False,False,False,False,False,False,False
31,-0.5162775089694365,0.015625,0.04323505418948836,0.04323505418948836,16,16,0.015625,0.015692554772171075,0.015827664316513227,0.015962773860855376,0.01609788340519753,0.016300547721710756,False,False,False,False,False,False,False
31,-0.42556487342580346,0.006127450980392246,0.001981121081459089,0.001981121081459089,17,15,0.006127450980392246,0.006128664902623531,0.006131092747086104,0.006133520591548676,0.006135948436011249,0.006139590202705108,False,False,False,False,False,False,False
31,-0.3727271011761615,0.024801587301587213,0.024356135648525783,0.024356135648525783,18,14,0.024801587301587213,0.024861994384048836,0.02498280854897208,0.02510362271389532,0.025224436878818562,0.025405658126203427,False,False,False,False,False,False,False
31,-0.29580839732601905,0.05693319838056676,0.01398438410441675,0.01398438410441675,19,13,0.05693319838056676,0.05701281595201145,0.057172051094900804,0.05733128623779017,0.057490521380679525,0.057729374095013566,False,False,False,False,False,False,False
31,-0.22076005709533286,0.03750000000000009,0.023423843374898043,0.023423843374898043,20,12,0.03750000000000009,0.03758783941265596,0.0377635182379677,0.03793919706327943,0.038114875888591165,0.03837839412655877,False,False,False,False,False,False,False
31,-0.12934603519440363,0.021915584415584277,0.02214194149865985,0.02214194149865985,21,11,0.021915584415584277,0.021964109774388157,0.02206116049199592,0.022158211209603682,0.022255261927211445,0.022400838003623087,False,False,False,False,False,False,False
31,0.11684057621653873,0.010227272727272751,0.10057102901759703,0.10057102901759703,22,10,0.010227272727272751,0.010330129461495295,0.010535842929940378,0.010741556398385466,0.010947269866830549,0.011255840069498178,False,False,False,False,False,False,False
31,0.3482980741242621,0.03653381642512077,0.014800139843840966,0.014800139843840966,23,9,0.03653381642512077,0.036587886984332865,0.03669602810275707,0.03680416922118127,0.036912310339605466,0.03707452201724177,False,False,False,False,False,False,False
31,0.3789252783928599,0.02083333333333348,0.0004661461368139765,0.0004661461368139765,24,8,0.02083333333333348,0.020834304471118514,0.02083624674668857,0.02083818902225863,0.020840131297828687,0.020843044711183773,False,False,False,False,False,False,False
31,0.47571659569972635,0.008928571428571397,0.04777997902342389,0.04777997902342389,25,7,0.008928571428571397,0.008971232124128025,0.009056553515241282,0.009141874906354538,0.009227196297467795,0.00935517838413768,False,False,False,False,False,False,False
31,0.5947184809876367,0.001602564102564208,0.011537116886143712,0.011537116886143712,26,6,0.001602564102564208,0.0016044129995010901,0.0016081107933748544,0.0016118085872486184,0.0016155063811223828,0.0016210530719330293,False,False,False,False,False,False,False
31,0.6332947306389238,0.02268518518518503,0.007691411257429242,0.007691411257429242,27,5,0.02268518518518503,0.02270263329405605,0.02273752951179809,0.022772425729540132,0.022807321947282168,0.022859666273895234,False,False,False,False,False,False,False
31,0.9615435458535138,0.008928571428571175,0.15592588276424665,0.15592588276424665,28,4,0.008928571428571175,0.009067790966753534,0.009346230043118253,0.00962466911948297,0.00990310819584769,0.010320766810394765,False,False,False,False,False,False,False
31,1.3395907924361288,0.0007183908045976795,0.03251369304276883,0.03251369304276883,29,3,0.0007183908045976795,0.0007207265584082231,0.0007253980660293105,0.0007300695736503978,0.0007347410812714852,0.0007417483427031161,False,False,False,False,False,False,False
32,-1.4084803474782992,0.16163793103448276,0.039311714096624734,0.039311714096624734,3,29,0.16163793103448276,0.1622733574476825,0.163544210274082,0.16481506310048152,0.16608591592688102,0.1679921951664803,False,False,False,False,False,False,False
32,-1.3281595562527486,0.0803571428571429,0.0035737921906022975,0.0035737921906022975,4,28,0.0803571428571429,0.08038586083010311,0.08044329677602349,0.08050073272194389,0.08055816866786428,0.08064432258674488,False,False,False,False,False,False,False
32,-1.3189871202177317,0.03749999999999998,0.0013236267372601167,0.0013236267372601167,5,27,0.03749999999999998,0.0375049636002647,0.037514890800794155,0.0375248180013236,0.037534745201853056,0.03754963600264723,False,False,False,False,False,False,False
32,-1.255771682679104,0.014423076923076983,0.032428855062872235,0.032428855062872235,6,26,0.014423076923076983,0.014469849310186893,0.01456339408440672,0.014656938858626544,0.014750483632846367,0.014890800794176103,False,False,False,False,False,False,False
32,-1.159585056149741,0.003214285714285725,0.018927862342819332,0.018927862342819332,7,25,0.003214285714285725,0.003220369670038774,0.003232537581544872,0.0032447054930509708,0.003256873404557069,0.003275125271816216,False,False,False,False,False,False,False
32,-1.1114917428850593,0.0,0.0067504963600264825,0.0067504963600264825,8,24,0.0,0.0,0.0,0.0,0.0,0.0,False,False,False,False,False,False,False
32,-1.0686044068294414,0.0027173913043480047,0.01614824619457308,0.01614824619457308,9,23,0.0027173913043480047,0.002721779414726965,0.002730555635484886,0.0027393318562428065,0.002748108077000727,0.0027612724081376083,False,False,False,False,False,False,False
32,-0.9781195648623859,0.010227272727272751,0.03216412971542029,0.03216412971542029,10,22,0.010227272727272751,0.01026016785993625,0.010325958125263246,0.010391748390590243,0.010457538655917238,0.010556224053907732,False,False,False,False,False,False,False
32,-0.8392935059540267,0.021915584415584277,0.041958967571144944,0.041958967571144944,11,21,0.021915584415584277,0.022007539945163898,0.022191451004323137,0.022375362063482375,0.02255927312264161,0.022835139711380466,False,False,False,False,False,False,False
32,-0.7024506764586442,0.03750000000000009,0.03110522832561212,0.03110522832561212,12,20,0.03750000000000009,0.037616644606221133,0.03784993381866322,0.03808322303110531,0.03831651224354741,0.03866644606221055,False,False,False,False,False,False,False
32,-0.6189071374370068,0.05693319838056676,0.013500992720052995,0.013500992720052995,13,19,0.05693319838056676,0.0570100638502533,0.057163794789626375,0.057317525728999445,0.05747125666837252,0.05770185307743212,False,False,False,False,False,False,False
32,-0.5797383565307196,0.0803571428571428,0.007412309728656512,0.007412309728656512,14,18,0.0803571428571428,0.08041670606031949,0.08053583246667291,0.08065495887302632,0.08077408527937974,0.08095277488890983,False,False,False,False,False,False,False
32,-0.5373468278283456,0.04142156862745083,0.015221707478491076,0.015221707478491076,15,17,0.04142156862745083,0.04148461932754557,0.04161072072773503,0.04173682212792449,0.041862923528113945,0.04205207562839813,False,False,False,False,False,False,False
32,-0.4300045358509894,0.015625,0.042091330244870946,0.042091330244870946,16,16,0.015625,0.01569076770350761,0.015822303110522833,0.015953838517538056,0.016085373924553274,0.016282677035076108,False,False,False,False,False,False,False
32,-0.2996072019477807,0.029656862745098156,0.027531436135009912,0.027531436135009912,17,15,0.029656862745098156,0.0297385123473613,0.029901811551887585,0.03006511075641387,0.030228409960940155,0.03047335876772958,False,False,False,False,False,False,False
32,-0.23316901661306597,0.008928571428571397,0.007941760423560568,0.007941760423560568,18,14,0.008928571428571397,0.008935662286092433,0.008949844001134506,0.008964025716176579,0.00897820743121865,0.008999480003781759,False,False,False,False,False,False,False
32,-0.19152119894055827,0.02049595141700411,0.014295168762408966,0.014295168762408966,19,13,0.02049595141700411,0.02052525072544933,0.020583849342339772,0.020642447959230217,0.020701046576120655,0.020788944501456318,False,False,False,False,False,False,False
32,-0.10946508197865326,0.03749999999999998,0.029516876240900047,0.029516876240900047,20,12,0.03749999999999998,0.03761068828590335,0.03783206485771011,0.03805344142951685,0.0382748180013236,0.03860688285903373,False,False,False,False,False,False,False
32,-0.00013956058832038584,0.06087662337662336,0.028855062872270073,0.028855062872270073,21,11,0.06087662337662336,0.06105228325612176,0.06140360301511855,0.06175492277411535,0.06210624253311214,0.06263322217160734,False,False,False,False,False,False,False
32,0.09084108873197927,0.02840909090909094,0.019722038385175333,0.019722038385175333,22,10,0.02840909090909094,0.02846511942723064,0.02857717646351005,0.02868923349978945,0.02880129053606886,0.028969376090487966,False,False,False,False,False,False,False
32,0.23809587264548876,0.007548309178743939,0.058901389808074175,0.058901389808074175,23,9,0.007548309178743939,0.007592769768876846,0.007681690949142657,0.007770612129408471,0.007859533309674283,0.007992915080073,False,False,False,False,False,False,False
32,0.5040965176609699,0.0,0.08312375909993383,0.08312375909993383,24,8,0.0,0.0,0.0,0.0,0.0,0.0,False,False,False,False,False,False,False
32,0.6959739633664519,0.04006410256410253,0.019324950363997295,0.019324950363997295,26,6,0.04006410256410253,0.04014152624344547,0.04029637360213134,0.04045122096081722,0.0406060683195031,0.040838339357531915,False,False,False,False,False,False,False
32,0.7909210715127046,0.02268518518518503,0.03136995367306428,0.03136995367306428,27,5,0.02268518518518503,0.022756348506017442,0.022898675147682273,0.0230410017893471,0.023183328431011927,0.02339681839350917,False,False,False,False,False,False,False
32,1.0871659650760783,0.008928571428571175,0.12680344142951686,0.12680344142951686,28,4,0.008928571428571175,0.009041788786990383,0.0092682235038288,0.009494658220667215,0.009721092937505633,0.010060745012763259,False,False,False,False,False,False,False
32,1.4193568917496515,0.0007183908045976795,0.050562541363335406,0.050562541363335406,29,3,0.0007183908045976795,0.0007220231710749304,0.0007292879040294325,0.0007365526369839344,0.0007438173699384365,0.0007547144693701895,False,False,False,False,False,False,False
33,-1.3132069564847724,0.0007183908045976795,0.006361922714420383,0.006361922714420383,3,29,0.0007183908045976795,0.0007188478392754395,0.0007197619086309596,0.0007206759779864798,0.0007215900473419999,0.0007229611513752802,False,False,False,False,False,False,False
33,-1.2739387331108554,0.008928571428571175,0.014844486333647499,0.014844486333647499,4,28,0.008928571428571175,0.008941825434226216,0.0089683334455363,0.008994841456846385,0.00902134946815647,0.009061111485121594,False,False,False,False,False,False,False
33,-1.184712603333455,0.02268518518518503,0.03334118755890667,0.03334118755890667,5,27,0.02268518518518503,0.022760820286591807,0.02291209048940537,0.023063360692218923,0.02321463089503248,0.023441536199252815,False,False,False,False,False,False,False
33,-1.1201381915630138,0.001602564102564208,0.001531573986804877,0.001531573986804877,6,26,0.001602564102564208,0.0016028095471133752,0.0016033004362117102,0.001603791325310045,0.00160428221440838,0.0016050185480558825,False,False,False,False,False,False,False
33,-1.0540366822169198,0.003214285714285725,0.03416588124410934,0.03416588124410934,7,25,0.003214285714285725,0.0032252676046856175,0.0032472313854854024,0.003269195166285187,0.0032911589470849714,0.003324104618284648,False,False,False,False,False,False,False
33,-0.9244515450829935,0.0,0.035815268614514596,0.035815268614514596,8,24,0.0,0.0,0.0,0.0,0.0,0.0,False,False,False,False,False,False,False
33,-0.855513997382117,0.0027173913043480047,0.0014137606032045295,0.0014137606032045295,9,23,0.0027173913043480047,0.0027177754784249624,0.002718543826578878,0.002719312174732794,0.002720080522886709,0.0027212330451175824,False,False,False,False,False,False,False
33,-0.7804680593786311,0.010227272727272751,0.039114043355325166,0.039114043355325166,10,22,0.010227272727272751,0.01026727572615888,0.010347281723931137,0.010427287721703392,0.010507293719475648,0.010627302716134032,False,False,False,False,False,False,False
33,-0.6956050655316657,0.021915584415584277,0.006715362865221515,0.006715362865221515,11,21,0.021915584415584277,0.02193030152575968,0.02195973574611049,0.0219891699664613,0.022018604186812105,0.022062755517338318,False,False,False,False,False,False,False
33,-0.6153233644116576,0.004166666666666652,0.03663996229971721,0.03663996229971721,12,20,0.004166666666666652,0.004181933317624868,0.004212466619541298,0.0042429999214577295,0.00427353322337416,0.004319333176248806,False,False,False,False,False,False,False
33,-0.5348235064951276,0.012398785425101089,0.006833176248821893,0.006833176248821893,13,19,0.012398785425101089,0.012407257733709192,0.0124242023509254,0.01244114696814161,0.012458091585357817,0.012483508511182129,False,False,False,False,False,False,False
33,-0.4678493699629468,0.024801587301587213,0.029335532516493835,0.029335532516493835,14,18,0.024801587301587213,0.02487434407866185,0.025019857632811126,0.025165371186960397,0.025310884741109676,0.02552915507233359,False,False,False,False,False,False,False
33,-0.34611787750380385,0.006127450980392246,0.03640433553251654,0.03640433553251654,15,17,0.006127450980392246,0.00614975755853717,0.006194370714827021,0.00623898387111687,0.0062835970274067185,0.006350516761841493,False,False,False,False,False,False,False
33,-0.27521691863423126,0.015625,0.0018850141376060242,0.0018850141376060242,16,16,0.015625,0.01562794533459001,0.015633836003770028,0.015639726672950046,0.015645617342130064,0.015654453345900095,False,False,False,False,False,False,False
33,-0.2411844583768365,0.029656862745098156,0.01649387370405279,0.01649387370405279,17,15,0.029656862745098156,0.029705778399955765,0.029803609709670977,0.029901441019386195,0.029999272329101413,0.030146019293674234,False,False,False,False,False,False,False
33,-0.12054374990030234,0.04861111111111116,0.04865692742695571,0.04865692742695571,18,14,0.04861111111111116,0.04884763784165886,0.04932069130275426,0.04979374476384967,0.05026679822494508,0.050976378416588176,False,False,False,False,False,False,False
33,-0.018882682721161538,0.07312753036437236,0.006244109330819947,0.006244109330819947,19,13,0.07312753036437236,0.07317319199384116,0.07326451525277876,0.07335583851171637,0.07344716177065395,0.07358414665906035,False,False,False,False,False,False,False
33,0.17571317977624973,0.03749999999999998,0.09884542884071636,0.09884542884071636,20,12,0.03749999999999998,0.03787067035815267,0.03861201107445804,0.039353351790763415,0.040094692507068784,0.04120670358152684,False,False,False,False,False,False,False
33,0.40281440495540355,0.06087662337662336,0.02379830348727614,0.02379830348727614,21,11,0.06087662337662336,0.06102149941246312,0.06131125148414261,0.061601003555822105,0.06189075562750161,0.062325383735020855,False,False,False,False,False,False,False
33,0.5005486497971525,0.02840909090909094,0.028982092365692703,0.028982092365692703,22,10,0.02840909090909094,0.0284914263987662,0.028656097378116727,0.028820768357467254,0.028985439336817787,0.029232445805843575,False,False,False,False,False,False,False
33,0.7128152128128264,0.007548309178743939,0.08565032987747405,0.08565032987747405,23,9,0.007548309178743939,0.007612960695861598,0.007742263730096915,0.007871566764332231,0.008000869798567546,0.008194824349920523,False,False,False,False,False,False,False
33,0.9052295073450202,0.0,0.018261074458058534,0.018261074458058534,24,8,0.0,0.0,0.0,0.0,0.0,0.0,False,False,False,False,False,False,False
33,1.034378330885903,0.008928571428571397,0.051484448633364675,0.051484448633364675,25,7,0.008928571428571397,0.008974539686279759,0.009066476201696481,0.009158412717113202,0.009250349232529926,0.00938825400565501,False,False,False,False,False,False,False
33,1.2049769457659205,0.04006410256410253,0.04064561734213007,0.04064561734213007,26,6,0.04006410256410253,0.040226945582300166,0.04055263161869544,0.04087831765509071,0.04120400369148599,0.0416925327460789,False,False,False,False,False,False,False
33,1.2944212323398427,0.10416666666666674,0.007657869934024565,0.007657869934024565,27,5,0.10416666666666674,0.10424643614514616,0.104405975102105,0.10456551405906385,0.1047250530160227,0.10496436145146097,False,False,False,False,False,False,False
33,1.506469638558995,0.08035714285714268,0.10685673892554196,0.10685673892554196,28,4,0.08035714285714268,0.08121581308065151,0.08293315352766913,0.08465049397468678,0.0863678344217044,0.08894384509223086,False,False,False,False,False,False,False
33,1.7436060763781498,0.0581896551724137,0.021206409048067882,0.021206409048067882,29,3,0.0581896551724137,0.058313054535408915,0.05855985326139936,0.05880665198738981,0.05905345071338025,0.059423648802365926,False,False,False,False,False,False,False
34,-0.9388728918360816,0.0007183908045976795,0.036291390728476834,0.036291390728476834,3,29,0.0007183908045976795,0.0007209979447362195,0.0007262122250132993,0.0007314265052903792,0.000736640785567459,0.0007444622059830787,False,False,False,False,False,False,False
34,-0.8361677747092529,0.008928571428571175,0.03364238410596025,0.03364238410596025,4,28,0.008928571428571175,0.008958609271522925,0.009018684957426422,0.009078760643329922,0.00913883632923342,0.00922894985808867,False,False,False,False,False,False,False
34,-0.7842316643439815,0.0004629629629629983,0.0017218543046357594,0.0017218543046357594,5,27,0.0004629629629629983,0.00046304267844006475,0.00046320210939419776,0.0004633615403483307,0.0004635209713024637,0.0004637601177336631,False,False,False,False,False,False,False
34,-0.7614731440715592,0.014423076923076983,0.013774834437086075,0.013774834437086075,6,26,0.014423076923076983,0.014442944472745857,0.014482679572083604,0.014522414671421355,0.014562149770759102,0.014621752419765724,False,False,False,False,False,False,False
34,-0.6706335802491556,0.003214285714285725,0.04807947019867552,0.04807947019867552,7,25,0.003214285714285725,0.0032297398297067284,0.003260648060548734,0.0032915562913907394,0.003322464522232745,0.003368826868495754,False,False,False,False,False,False,False
34,-0.5539232198777593,0.0,0.03139072847682119,0.03139072847682119,8,24,0.0,0.0,0.0,0.0,0.0,0.0,False,False,False,False,False,False,False
34,-0.4930393152173476,0.007548309178743939,0.010066225165562886,0.010066225165562886,9,23,0.007548309178743939,0.007555907476725192,0.007571104072687696,0.0075863006686502,0.0076014972646127055,0.007624292158556462,False,False,False,False,False,False,False
34,-0.4537468272256442,0.001136363636363713,0.01668874172185431,0.01668874172185431,10,22,0.001136363636363713,0.0011382600842866513,0.0011420529801325276,0.0011458458759784037,0.00114963877182428,0.0011553281155930943,False,False,False,False,False,False,False
34,-0.40706268307708565,0.01325757575757569,0.015099337748344386,0.015099337748344386,11,21,0.01325757575757569,0.013277593818984482,0.013317629941802061,0.01335766606461964,0.01339770218743722,0.013457756371663588,False,False,False,False,False,False,False
34,-0.38177543832994976,0.03749999999999998,0.002119205298013245,0.002119205298013245,12,20,0.03749999999999998,0.037507947019867524,0.037523841059602624,0.03753973509933772,0.03755562913907283,0.037579470198675476,False,False,False,False,False,False,False
34,-0.37380023037123766,0.02049595141700411,0.0033112582781457027,0.0033112582781457027,13,19,0.02049595141700411,0.02050273815588391,0.020516311633643515,0.020529885111403124,0.02054345858916273,0.020563818805802134,False,False,False,False,False,False,False
34,-0.330033845231964,0.008928571428571397,0.026490066225165584,0.026490066225165584,14,18,0.008928571428571397,0.008952223273415296,0.008999526963103091,0.009046830652790886,0.009094134342478681,0.009165089877010374,False,False,False,False,False,False,False
34,-0.19601144807214385,0.029656862745098156,0.0647682119205298,0.0647682119205298,15,17,0.029656862745098156,0.029848944942215412,0.030233109336449928,0.03061727373068445,0.031001438124918963,0.03157768471627074,False,False,False,False,False,False,False
34,-0.028921115473761503,0.015625,0.04900662251655626,0.04900662251655626,16,16,0.015625,0.01570157284768212,0.015854718543046358,0.016007864238410597,0.016161009933774836,0.01639072847682119,False,False,False,False,False,False,False
34,0.04635706696578905,0.006127450980392246,0.0022516556291390447,0.0022516556291390447,17,15,0.006127450980392246,0.006128830671341474,0.006131590053239928,0.0061343494351383835,0.006137108817036838,0.006141247889884519,False,False,False,False,False,False,False
34,0.09790414279648912,0.0009920634920637106,0.03284768211920535,0.03284768211920535,18,14,0.0009920634920637106,0.0009953221906866484,0.0010018395879325239,0.0010083569851783993,0.0010148743824242748,0.0010246504782930883,False,False,False,False,False,False,False
34,0.21831033124631302,0.00025303643724705616,0.04913907284768207,0.04913907284768207,19,13,0.00025303643724705616,0.0002542798348393562,0.00025676663002395647,0.00025925342520855666,0.0002617402203931569,0.0002654704131700572,False,False,False,False,False,False,False
34,0.38403904297369573,0.004166666666666763,0.06370860927152315,0.06370860927152315,20,12,0.004166666666666763,0.004193211920529898,0.004246302428256169,0.004299392935982439,0.004352483443708709,0.004432119205298115,False,False,False,False,False,False,False
34,0.5095026803729469,0.01325757575757569,0.021721854304635867,0.021721854304635867,21,11,0.01325757575757569,0.013286373670479561,0.013343969496287309,0.013401565322095056,0.013459161147902802,0.01354555488661442,False,False,False,False,False,False,False
34,0.5524909964430779,0.001136363636363713,0.007549668874172079,0.007549668874172079,22,10,0.001136363636363713,0.0011372215532812326,0.001138937387116272,0.0011406532209513112,0.0011423690547863502,0.0011449428055389092,False,False,False,False,False,False,False
34,0.6843737036627557,0.007548309178743939,0.08225165562913915,0.08225165562913915,23,9,0.007548309178743939,0.007610395271459172,0.007734567456889634,0.007858739642320098,0.007982911827750561,0.008169170105896255,False,False,False,False,False,False,False
34,0.8289000332560015,0.0,0.01615894039735095,0.01615894039735095,24,8,0.0,0.0,0.0,0.0,0.0,0.0,False,False,False,False,False,False,False
34,0.8767512810082739,0.003214285714285725,0.016423841059602623,0.016423841059602623,25,7,0.003214285714285725,0.0032195648060548833,0.0032301229895931993,0.003240681173131515,0.003251239356669831,0.0032670766319773054,False,False,False,False,False,False,False
34,1.004549125614953,0.001602564102564208,0.07059602649006624,0.07059602649006624,26,6,0.001602564102564208,0.001613877568347873,0.0016365044999152034,0.0016591314314825338,0.0016817583630498643,0.00171569876040086,False,False,False,False,False,False,False
34,1.2235755685786067,0.02268518518518503,0.07854304635761589,0.07854304635761589,27,5,0.02268518518518503,0.02286336154034814,0.02321971425067436,0.023576066961000574,0.023932419671326793,0.024466948736816117,False,False,False,False,False,False,False
34,1.3412585152864314,0.008928571428571175,0.0015894039735099433,0.0015894039735099433,28,4,0.008928571428571175,0.00892999053926181,0.008932828760643077,0.008935666982024344,0.008938505203405611,0.008942762535477515,False,False,False,False,False,False,False
34,1.414786042320411,0.0581896551724137,0.04847682119205289,0.04847682119205289,29,3,0.0581896551724137,0.05847174012331574,0.0590359100251198,0.059600079926923864,0.06016424982872792,0.06101050468143402,False,False,False,False,False,False,False
35,-1.0715006687888626,0.0007183908045976795,0.0007515406583496663,0.0007515406583496663,3,29,0.0007183908045976795,0.0007184447945875035,0.0007185527745671513,0.0007186607545467994,0.0007187687345264472,0.0007189307044959191,False,False,False,False,False,False,False
35,-0.9980009487104242,0.008928571428571508,0.057267398166240775,0.057267398166240775,4,28,0.008928571428571508,0.00897970303407708,0.009081966245088226,0.00918422945609937,0.009286492667110516,0.009439887483627235,False,False,False,False,False,False,False
35,-0.9016515747215906,0.0004629629629629983,0.01878851645874043,0.01878851645874043,5,27,0.0004629629629629983,0.0004638328016879401,0.0004655724791378235,0.0004673121565877071,0.00046905183403759057,0.0004716613502124159,False,False,False,False,False,False,False
35,-0.7634111685636988,0.001602564102564208,0.0903351871336239,0.0903351871336239,6,26,0.001602564102564208,0.0016170408953740845,0.0016459944809938377,0.0016749480666135906,0.001703901652233344,0.0017473320306629738,False,False,False,False,False,False,False
35,-0.6007977982347188,0.003214285714285725,0.038027957312490625,0.038027957312490625,7,25,0.003214285714285725,0.0032265089862790254,0.003250955530265627,0.0032754020742522282,0.0032998486182388292,0.003336518434218731,False,False,False,False,False,False,False
35,-0.45817787507733454,0.02083333333333337,0.07455283330828201,0.07455283330828201,8,24,0.02083333333333337,0.020988651736058957,0.021299288541510135,0.02160992534696131,0.021920562152412483,0.02238651736058925,False,False,False,False,False,False,False
35,-0.3359322266567195,0.05102657004830913,0.021944987223808804,0.021944987223808804,9,23,0.05102657004830913,0.051138547791087625,0.05136250327664461,0.051586458762201595,0.05181041424775858,0.05214634747609406,False,False,False,False,False,False,False
35,-0.2791889194459044,0.02840909090909094,0.022846836013828333,0.022846836013828333,10,22,0.02840909090909094,0.02847399669322113,0.028603808261481525,0.02873361982974191,0.028863431398002296,0.029058148750392882,False,False,False,False,False,False,False
35,-0.2439623696673784,0.01325757575757569,0.004960168345107423,0.004960168345107423,11,21,0.01325757575757569,0.01326415173833625,0.013277303699857367,0.013290455661378485,0.013303607622899605,0.013323335565181282,False,False,False,False,False,False,False
35,-0.22377850871319582,0.004166666666666763,0.010972493611904445,0.010972493611904445,12,20,0.004166666666666763,0.004171238539005057,0.004180382283681643,0.004189526028358231,0.004198669773034819,0.004212385390049699,False,False,False,False,False,False,False
35,-0.12247837637710982,0.02049595141700411,0.0689914324364948,0.0689914324364948,13,19,0.02049595141700411,0.0206373559217449,0.020920164931226483,0.021202973940708067,0.02148578295018965,0.02190999646441203,False,False,False,False,False,False,False
35,-0.03184141586587503,0.04861111111111116,0.0025552382383886648,0.0025552382383886648,14,18,0.04861111111111116,0.048623532408103326,0.048648375002087664,0.048673217596071995,0.04869806019005633,0.04873532408103283,False,False,False,False,False,False,False
35,0.03937333882152374,0.08848039215686265,0.05366000300616266,0.05366000300616266,15,17,0.08848039215686265,0.08895517796777501,0.08990474958959976,0.0908543212114245,0.09180389283324925,0.09322825026598636,False,False,False,False,False,False,False
35,0.11630050698652145,0.140625,0.007064482188486454,0.007064482188486454,16,16,0.140625,0.14072434428077557,0.14092303284232677,0.14112172140387796,0.14132040996542913,0.1416184428077559,False,False,False,False,False,False,False
35,0.12544036855067964,0.10808823529411782,0.00015030813166990695,0.00015030813166990695,17,15,0.10808823529411782,0.10808985994818808,0.10809310925632859,0.1080963585644691,0.10809960787260962,0.10810448183482037,False,False,False,False,False,False,False
35,0.16199981480731215,0.0803571428571428,0.02870885314895536,0.02870885314895536,18,14,0.0803571428571428,0.08058783899851833,0.0810492312812694,0.08151062356402047,0.08197201584677154,0.08266410427089814,False,False,False,False,False,False,False
35,0.2772001532722219,0.13385627530364352,0.06222756651134825,0.06222756651134825,19,13,0.13385627530364352,0.1346892303310854,0.13635514038596916,0.13802105044085292,0.13968696049573667,0.14218582557806236,False,False,False,False,False,False,False
35,0.4112514562132079,0.10416666666666674,0.04358935818427782,0.04358935818427782,20,12,0.10416666666666674,0.1046207224810863,0.10552883410992543,0.10643694573876454,0.10734505736760366,0.10870722481086235,False,False,False,False,False,False,False
35,0.5350204148945159,0.07819264069264076,0.05411092740117229,0.05411092740117229,21,11,0.07819264069264076,0.0786157483230233,0.07946196358378838,0.08030817884455348,0.08115439410531856,0.0824237169964662,False,False,False,False,False,False,False
35,0.6841144066598452,0.13750000000000007,0.06358033969637757,0.06358033969637757,22,10,0.13750000000000007,0.13837422967082527,0.14012268901247565,0.14187114835412604,0.14361960769577642,0.146242296708252,False,False,False,False,False,False,False
35,0.9150863249374248,0.1089975845410629,0.11874342401923951,0.11874342401923951,23,9,0.1089975845410629,0.11029185918088612,0.1128804084605326,0.11546895774017907,0.11805750701982554,0.12194033093929524,False,False,False,False,False,False,False
35,1.1030247283504266,0.08333333333333315,0.02961070193897487,0.02961070193897487,24,8,0.08333333333333315,0.08358008918282461,0.08407360088180753,0.08456711258079043,0.08506062427977334,0.08580089182824771,False,False,False,False,False,False,False
35,1.1738586554726522,0.060357142857143,0.026303923042236655,0.026303923042236655,25,7,0.060357142857143,0.06051590582121936,0.06083343174937207,0.06115095767752479,0.06146848360567749,0.061944772497906565,False,False,False,False,False,False,False
35,1.2283169972924277,0.04006410256410253,0.01668420261536147,0.01668420261536147,26,6,0.04006410256410253,0.040130946324580745,0.04026463384553717,0.040398321366493586,0.04053200888745001,0.04073254016888465,False,False,False,False,False,False,False
35,1.2521187201157562,0.02268518518518503,0.002104313843378873,0.002104313843378873,27,5,0.02268518518518503,0.02268995886010751,0.022699506209952473,0.02270905355979743,0.022718600909642388,0.02273292193440983,False,False,False,False,False,False,False
35,1.29819885550172,0.008928571428571175,0.034270254020742644,0.034270254020742644,28,4,0.008928571428571175,0.008959169869661122,0.009020366751841018,0.009081563634020913,0.00914276051620081,0.009234555839470655,False,False,False,False,False,False,False
35,1.3480872665394166,0.0581896551724137,0.005110476476777275,0.005110476476777275,29,3,0.0581896551724137,0.05821939285880874,0.05827886823159882,0.0583383436043889,0.05839781897717898,0.05848703203636411,False,False,False,False,False,False,False
36,-0.9458931581206955,0.0007183908045976795,0.006704251104677706,0.006704251104677706,3,29,0.0007183908045976795,0.0007188724318322108,0.0007198356863012737,0.0007207989407703366,0.0007217621952393994,0.0007232070769429938,False,False,False,False,False,False,False
36,-0.9299787449168466,0.008928571428571175,0.004875818985220186,0.004875818985220186,4,28,0.008928571428571175,0.008932924838379406,0.008941631657995872,0.008950338477612335,0.008959045297228801,0.008972105526653498,False,False,False,False,False,False,False
36,-0.8830731060002392,0.02268518518518503,0.02925491391132104,0.02925491391132104,5,27,0.02268518518518503,0.022751550499150525,0.02288428112708152,0.023017011755012515,0.023149742382943504,0.023348838324839992,False,False,False,False,False,False,False
36,-0.805804441892078,0.001602564102564208,0.02696937376199906,0.02696937376199906,6,26,0.001602564102564208,0.0016068861175901695,0.0016155301476420928,0.0016241741776940161,0.0016328182077459394,0.0016457842528238248,False,False,False,False,False,False,False
36,-0.7637150069713723,0.003214285714285725,0.00365686423891516,0.00365686423891516,7,25,0.003214285714285725,0.0032154611349339474,0.0032178119762303935,0.0032201628175268383,0.0032225136588232843,0.0032260399207679528,False,False,False,False,False,False,False
36,-0.703826557283204,0.02083333333333337,0.03992076794149017,0.03992076794149017,8,24,0.02083333333333337,0.02091650159987814,0.021082838132967685,0.02124917466605723,0.021415511199146767,0.02166501599878108,False,False,False,False,False,False,False
36,-0.6307458966497399,0.007548309178743939,0.01325613286606734,0.01325613286606734,9,23,0.007548309178743939,0.007558315317682697,0.007578327595560214,0.007598339873437732,0.007618352151315249,0.007648370568131525,False,False,False,False,False,False,False
36,-0.5886564617290342,0.001136363636363713,0.01737010513484684,0.01737010513484684,10,22,0.001136363636363713,0.0011383375119472185,0.0011422852631142295,0.0011462330142812402,0.0011501807654482512,0.0011561023921987678,False,False,False,False,False,False,False
36,-0.538609820206404,0.01325757575757569,0.019046167911016328,0.019046167911016328,11,21,0.01325757575757569,0.013282826358972872,0.013333327561767232,0.013383828764561595,0.013434329967355954,0.013510081771547496,False,False,False,False,False,False,False
36,-0.4625975571406519,0.03749999999999998,0.03626390370257501,0.03626390370257501,12,20,0.03749999999999998,0.037635989638884634,0.03790796891665395,0.03817994819442326,0.03845192747219257,0.038859896388846536,False,False,False,False,False,False,False
36,-0.3685768791337024,0.02049595141700411,0.032149931433795534,0.032149931433795534,13,19,0.02049595141700411,0.02056184576027682,0.020693634446822238,0.020825423133367653,0.02095721181991307,0.0211548948497312,False,False,False,False,False,False,False
36,-0.15666390331402982,0.04861111111111116,0.12204784397379248,0.12204784397379248,14,18,0.04861111111111116,0.04920439924153931,0.05039097550239563,0.051577551763251954,0.05276412802410827,0.05454399241539274,False,False,False,False,False,False,False
36,0.05629607337431702,0.08848039215686265,0.03291177815023618,0.03291177815023618,15,17,0.08848039215686265,0.0887715968605939,0.08935400626805641,0.08993641567551894,0.09051882508298145,0.09139243919417521,False,False,False,False,False,False,False
36,0.1607867600680093,0.0625,0.0431205241505409,0.0431205241505409,16,16,0.0625,0.06276950327594089,0.06330850982782264,0.0638475163797044,0.06438652293158617,0.0651950327594088,False,False,False,False,False,False,False
36,0.264649246240497,0.10808823529411782,0.03245467012037176,0.03245467012037176,17,15,0.10808823529411782,0.10843903209615419,0.10914062570022694,0.10984221930429967,0.11054381290837242,0.11159620331448154,False,False,False,False,False,False,False
36,0.347990515386969,0.16765873015873012,0.028188328508304144,0.028188328508304144,18,14,0.16765873015873012,0.16813133209503006,0.16907653596762995,0.17002173984022984,0.1709669437128297,0.17238474952172952,False,False,False,False,False,False,False
36,0.4051567628165842,0.24316801619433215,0.013408502209355432,0.013408502209355432,19,13,0.24316801619433215,0.2434940680825708,0.24414617185904805,0.2447982756355253,0.24545037941200257,0.24642853507671844,False,False,False,False,False,False,False
36,0.6045057282121653,0.2041666666666666,0.13164711260094467,0.13164711260094467,20,12,0.2041666666666666,0.20685446188226925,0.21223005231347447,0.2176056427446797,0.22298123317588492,0.2310446188226928,False,False,False,False,False,False,False
36,0.7992478897855799,0.16910173160173148,0.01005637665701668,0.01005637665701668,21,11,0.16910173160173148,0.16927178667236556,0.1696118968136337,0.16995200695490187,0.17029211709616998,0.17080228230807223,False,False,False,False,False,False,False
36,0.8664653455544682,0.13750000000000007,0.03885418253847318,0.03885418253847318,22,10,0.13750000000000007,0.13803424500990408,0.1391027350297121,0.14017122504952012,0.14123971506932811,0.14284245009904012,False,False,False,False,False,False,False
36,0.9883362466681533,0.1089975845410629,0.04982477525521874,0.04982477525521874,23,9,0.1089975845410629,0.10954066255637492,0.11062681858699895,0.11171297461762299,0.11279913064824701,0.11442836469418306,False,False,False,False,False,False,False
36,1.0854979272811258,0.08333333333333315,0.020874600030473766,0.020874600030473766,24,8,0.08333333333333315,0.0835072883335871,0.083855198334095,0.08420310833460289,0.08455101833511078,0.08507288333587262,False,False,False,False,False,False,False
36,1.1418265740158013,0.060357142857143,0.0201127533140332,0.0201127533140332,25,7,0.060357142857143,0.06047853768964555,0.06072132735465067,0.06096411701965578,0.0612069066846609,0.06157109118216858,False,False,False,False,False,False,False
36,1.1774246035507265,0.04006410256410253,0.005790035044949027,0.005790035044949027,26,6,0.04006410256410253,0.040087299819891585,0.0401336943314697,0.04018008884304782,0.04022648335462594,0.040296075121993125,False,False,False,False,False,False,False
36,1.3221201236015112,0.02268518518518503,0.0994971811671492,0.0994971811671492,27,5,0.02268518518518503,0.0229108963832031,0.023362318779239236,0.023813741175275373,0.02426516357131151,0.024942297165365716,False,False,False,False,False,False,False
36,1.5097426792679407,0.008928571428571175,0.0370257504190157,0.0370257504190157,28,4,0.008928571428571175,0.008961630134302437,0.009027747545764965,0.00909386495722749,0.009159982368690015,0.009259158485883805,False,False,False,False,False,False,False
36,1.5683747279137,0.0007183908045976795,0.005637665701660833,0.005637665701660833,29,3,0.0007183908045976795,0.0007187958093176263,0.0007196058187575201,0.0007204158281974139,0.0007212258376373076,0.0007224408517971483,False,False,False,False,False,False,False
37,-1.0939228670768557,0.0007183908045976795,0.0012990762124711276,0.0012990762124711276,3,29,0.0007183908045976795,0.0007184841290382305,0.0007186707779193327,0.0007188574268004348,0.0007190440756815371,0.0007193240490031903,False,False,False,False,False,False,False
37,-0.999638702596814,0.008928571428571175,0.05254041570438795,0.05254041570438795,4,28,0.008928571428571175,0.00897548251402152,0.009069304684922211,0.0091631268558229,0.00925694902672359,0.009397682283074625,False,False,False,False,False,False,False
37,-0.8659220189240471,0.02268518518518503,0.023816397228637414,0.023816397228637414,5,27,0.02268518518518503,0.022739213123342587,0.0228472689996577,0.022955324875972818,0.023063380752287924,0.023225464566760598,False,False,False,False,False,False,False
37,-0.7936290670707176,0.001602564102564208,0.01746535796766744,0.01746535796766744,6,26,0.001602564102564208,0.0016053630381359498,0.0016109609092794333,0.0016165587804229168,0.0016221566515664005,0.0016305534582816254,False,False,False,False,False,False,False
37,-0.7597575441744023,0.008928571428571397,0.001876443418013844,0.001876443418013844,7,25,0.008928571428571397,0.008930246824480337,0.00893359761629822,0.0089369484081161,0.008940299199933983,0.008945325387660807,False,False,False,False,False,False,False
37,-0.7539437753190646,0.0,0.0014434180138568227,0.0014434180138568227,8,24,0.0,0.0,0.0,0.0,0.0,0.0,False,False,False,False,False,False,False
37,-0.7289192919852198,0.0027173913043480047,0.012846420323325647,0.012846420323325647,9,23,0.0027173913043480047,0.002720882179435865,0.002727863929611586,0.002734845679787307,0.002741827429963028,0.0027523000552266094,False,False,False,False,False,False,False
37,-0.694542223971049,0.001136363636363713,0.006784064665126997,0.006784064665126997,10,22,0.001136363636363713,0.001137134552802932,0.0011386763856813702,0.0011402182185598084,0.0011417600514382462,0.0011440728007559033,False,False,False,False,False,False,False
37,-0.6710343759907706,0.00027056277056281,0.006639722863741366,0.006639722863741366,11,21,0.00027056277056281,0.0002707424167441883,0.0002711017091069449,0.0002714610014697015,0.00027182029383245813,0.0002723592323765931,False,False,False,False,False,False,False
37,-0.6270519507373463,0.004166666666666763,0.018475750577367177,0.018475750577367177,12,20,0.004166666666666763,0.004174364896074,0.004189761354888472,0.0042051578137029455,0.004220554272517419,0.004243648960739128,False,False,False,False,False,False,False
37,-0.5689142621839693,0.00025303643724705616,0.014722863741339522,0.014722863741339522,13,19,0.00025303643724705616,0.0002534089793457744,0.0002541540635432109,0.0002548991477406474,0.00025564423193808383,0.00025676185823423855,False,False,False,False,False,False,False
37,-0.537064919759076,0.008928571428571397,0.00346420323325633,0.00346420323325633,14,18,0.008928571428571397,0.008931664467172518,0.008937850544374763,0.008944036621577004,0.008950222698779249,0.008959501814582615,False,False,False,False,False,False,False
37,-0.497379628007423,0.0022058823529413907,0.019197459584295622,0.019197459584295622,15,17,0.0022058823529413907,0.002210117086673221,0.0022185865541368816,0.0022270560216005424,0.002235525489064203,0.002248229690259694,False,False,False,False,False,False,False
37,-0.42660331150765973,0.0,0.021218244803695177,0.021218244803695177,16,16,0.0,0.0,0.0,0.0,0.0,0.0,False,False,False,False,False,False,False
37,-0.2099772285065988,0.0022058823529413907,0.1024826789838337,0.1024826789838337,17,15,0.0022058823529413907,0.00222848882624665,0.0022737017728571697,0.002318914719467689,0.002364127666078208,0.002431947085993987,False,False,False,False,False,False,False
37,-0.015089585573322323,0.0009920634920637106,0.008804849884526551,0.008804849884526551,18,14,0.0009920634920637106,0.0009929369890760646,0.0009946839831007726,0.0009964309771254805,0.0009981779711501887,0.0010007984621872507,False,False,False,False,False,False,False
37,0.024848478737258296,0.00025303643724705616,0.014001154734411067,0.014001154734411067,19,13,0.00025303643724705616,0.0002533907174781902,0.00025409927794045817,0.0002548078384027262,0.0002555163988649942,0.0002565792395583963,False,False,False,False,False,False,False
37,0.0589727741925013,0.004166666666666652,0.0054849884526559246,0.0054849884526559246,20,12,0.004166666666666652,0.004168952078521925,0.004173522902232472,0.004178093725943018,0.004182664549653565,0.004189520785219385,False,False,False,False,False,False,False
37,0.07540299052280348,0.00027056277056281,0.0038972286374133673,0.0038972286374133673,21,11,0.00027056277056281,0.00027066821506057547,0.0002708791040561066,0.0002710899930516376,0.0002713008820471687,0.00027161721554046524,False,False,False,False,False,False,False
37,0.11508828227445642,0.010227272727272751,0.018764434180138588,0.018764434180138588,22,10,0.010227272727272751,0.010246463625866075,0.010284845423052722,0.01032322722023937,0.010361609017426016,0.010419181713205987,False,False,False,False,False,False,False
37,0.17019270012070073,0.0027173913043480047,0.012702078521939998,0.012702078521939998,23,9,0.0027173913043480047,0.0027208429561202713,0.0027277462596648045,0.0027346495632093373,0.0027415528667538705,0.0027519078220706703,False,False,False,False,False,False,False
37,0.1997670895152446,0.0,0.004185912240184694,0.004185912240184694,24,8,0.0,0.0,0.0,0.0,0.0,0.0,False,False,False,False,False,False,False
37,0.21088908210806445,0.008928571428571397,0.002165127020785226,0.002165127020785226,25,7,0.008928571428571397,0.008930504577697099,0.0089343708759485,0.008938237174199903,0.008942103472451305,0.008947902919828407,False,False,False,False,False,False,False
37,0.40678781527705193,0.04006410256410253,0.10969976905311779,0.10969976905311779,26,6,0.04006410256410253,0.04050360484396278,0.041382609403683275,0.04226161396340376,0.043140618523124265,0.04445912536270501,False,False,False,False,False,False,False
37,0.6047087289174613,0.02268518518518503,0.0033198614318706984,0.0033198614318706984,27,5,0.02268518518518503,0.022692716352322142,0.02270777868659637,0.0227228410208706,0.022737903355144827,0.022760496856556175,False,False,False,False,False,False,False
37,0.6835737673029116,0.008928571428571175,0.041714780600461875,0.041714780600461875,28,4,0.008928571428571175,0.008965816768393014,0.009040307448036695,0.009114798127680374,0.009189288807324053,0.009301024826789574,False,False,False,False,False,False,False
37,1.273039374722368,0.0007183908045976795,0.2948903002309468,0.2948903002309468,29,3,0.0007183908045976795,0.0007395754526027756,0.0007819447486129679,0.00082431404462316,0.0008666833406333523,0.0009302372846486406,False,False,False,False,False,False,True
38,-1.280465665986135,0.0581896551724137,0.061275662121924465,0.061275662121924465,3,29,0.0581896551724137,0.05854621613734731,0.05925933806721454,0.05997245999708176,0.060685581926948985,0.06175526482174981,False,False,False,False,False,False,False
38,-1.1041281249371178,0.08035714285714268,0.03902209685002354,0.03902209685002354,4,28,0.08035714285714268,0.08067071327825893,0.08129785412049145,0.08192499496272398,0.0825521358049565,0.08349284706830527,False,False,False,False,False,False,False
38,-0.9999787647550417,0.10416666666666674,0.02021626704278325,0.02021626704278325,5,27,0.10416666666666674,0.10437725278169573,0.10479842501175371,0.10521959724181171,0.10564076947186969,0.10627252781695666,False,False,False,False,False,False,False
38,-0.9547922698612309,0.04006410256410253,0.005485033693778439,0.005485033693778439,6,26,0.04006410256410253,0.04008607785935005,0.04013002844984507,0.040173979040340084,0.040217929630835106,0.04028385551657763,False,False,False,False,False,False,False
38,-0.8721340474945039,0.060357142857143,0.04152954082432219,0.04152954082432219,7,25,0.060357142857143,0.06060780329997552,0.06110912418564055,0.061610445071305586,0.06211176595697062,0.06286374728546816,False,False,False,False,False,False,False
38,-0.7553104265495298,0.08333333333333315,0.02491772449459332,0.02491772449459332,8,24,0.08333333333333315,0.08354098103745476,0.08395627644569797,0.08437157185394122,0.08478686726218443,0.08540981037454926,False,False,False,False,False,False,False
38,-0.7010315271953791,0.1089975845410629,0.0059551794389594145,0.0059551794389594145,9,23,0.1089975845410629,0.10906249455849841,0.10919231459336946,0.10932213462824049,0.10945195466311151,0.10964668471541808,False,False,False,False,False,False,False
38,-0.6704479849196902,0.055681818181818166,0.011440213132737822,0.011440213132737822,10,22,0.055681818181818166,0.05574551936858001,0.05587292174210367,0.05600032411562735,0.056127726489151014,0.05631883004943652,False,False,False,False,False,False,False
38,-0.5635433506587233,0.07819264069264076,0.04936530324400565,0.04936530324400565,11,21,0.07819264069264076,0.07857864103456494,0.0793506417184133,0.08012264240226166,0.08089464308611001,0.08205264411188254,False,False,False,False,False,False,False
38,-0.4709661416079891,0.03750000000000009,0.003291020216267019,0.003291020216267019,12,20,0.03750000000000009,0.03751234132581109,0.037537023977433095,0.03756170662905509,0.0375863892806771,0.037623413258110104,False,False,False,False,False,False,False
38,-0.4351475785824074,0.012398785425101089,0.017081962074909925,0.017081962074909925,13,19,0.012398785425101089,0.01241996498334174,0.012462324099823044,0.01250468321630435,0.012547042332785655,0.01261058100750761,False,False,False,False,False,False,False
38,-0.3712252199521385,0.024801587301587213,0.019275975552421266,0.019275975552421266,14,18,0.024801587301587213,0.02484939478063588,0.024945009738733204,0.025040624696830535,0.02513623965492786,0.02527966209207385,False,False,False,False,False,False,False
38,-0.3235589783873259,0.006127450980392246,0.007835762419683444,0.007835762419683444,15,17,0.006127450980392246,0.006132252305404307,0.0061418549554284295,0.006151457605452551,0.006161060255476673,0.006175464230512856,False,False,False,False,False,False,False
38,-0.2673513871779516,0.015625,0.02413414825262494,0.02413414825262494,16,16,0.015625,0.015662709606644728,0.01573812881993418,0.015813548033223632,0.015888967246513085,0.016002096066447265,False,False,False,False,False,False,False
38,-0.20673535744235194,0.029656862745098156,0.010343206393982127,0.010343206393982127,17,15,0.029656862745098156,0.029687537450335207,0.02974888686080932,0.02981023627128343,0.029871585681757542,0.029963609797468704,False,False,False,False,False,False,False
38,-0.1778049796139975,0.04861111111111116,0.006111894687353102,0.006111894687353102,18,14,0.04861111111111116,0.04864082171028579,0.048700242908635054,0.04875966410698433,0.0488190853053336,0.04890821710285749,False,False,False,False,False,False,False
38,-0.14281299881208295,0.07312753036437236,0.013790941858642894,0.013790941858642894,19,13,0.07312753036437236,0.07322838011632447,0.07343007962022872,0.07363177912413296,0.07383347862803721,0.07413602788389356,False,False,False,False,False,False,False
38,-0.09514675724727045,0.10416666666666674,0.013320796113461767,0.013320796113461767,20,12,0.10416666666666674,0.1043054249595153,0.10458294154521242,0.10486045813090954,0.10513797471660666,0.10555424959515235,False,False,False,False,False,False,False
38,-0.06952270831358515,0.06087662337662336,0.0012537219871493856,0.0012537219871493856,21,11,0.06087662337662336,0.06088425561274643,0.060899520084992574,0.060914784557238706,0.060930049029484845,0.06095294573785404,False,False,False,False,False,False,False
38,-0.022683048972439834,0.09204545454545454,0.02538787023977432,0.02538787023977432,22,10,0.09204545454545454,0.09227913835107066,0.09274650596230284,0.09321387357353507,0.09368124118476728,0.09438229260161558,False,False,False,False,False,False,False
38,0.0340755970527127,0.13315217391304324,0.006895470929321448,0.006895470929321448,23,9,0.13315217391304324,0.13324398860748257,0.13342761799636124,0.1336112473852399,0.13379487677411858,0.1340703208574366,False,False,False,False,False,False,False
38,0.09469162678831253,0.08333333333333337,0.0275818837172857,0.0275818837172857,24,8,0.08333333333333337,0.08356318236431075,0.0840228804262655,0.08448257848822027,0.08494227655017504,0.08563182364310717,False,False,False,False,False,False,False
38,0.2015962610492794,0.04321428571428587,0.03322363265945777,0.03322363265945777,25,7,0.04321428571428587,0.0433578592697071,0.04364500638054955,0.04393215349139201,0.044219300602234474,0.04465002126849816,False,False,False,False,False,False,False
38,0.30409245678402086,0.014423076923076983,0.025074439742987016,0.025074439742987016,26,6,0.014423076923076983,0.014459241980398599,0.01453157209504183,0.014603902209685063,0.014676232324328294,0.014784727496293143,False,False,False,False,False,False,False
38,0.5710785150285489,0.0004629629629629983,0.12678263595047795,0.12678263595047795,27,5,0.0004629629629629983,0.00046883252944218755,0.0004805716624005661,0.0004923107953589445,0.000504049928317323,0.0005216586277548908,False,False,False,False,False,False,False
38,0.8397177377204115,0.008928571428571175,0.026014731233349013,0.026014731233349013,28,4,0.008928571428571175,0.008951798867172378,0.008998253744374785,0.009044708621577194,0.009091163498779602,0.009160845814583212,False,False,False,False,False,False,False
38,1.0609662462553506,0.0007183908045976795,0.09982761322676696,0.09982761322676696,29,3,0.0007183908045976795,0.0007255623285363837,0.0007399053764137924,0.000754248424291201,0.0007685914721686097,0.0007901060439847226,False,False,False,False,False,False,False
39,-0.676054877085293,0.0007183908045976795,0.007806401249024189,0.007806401249024189,3,29,0.0007183908045976795,0.0007189516092851094,0.0007200732186599691,0.0007211948280348288,0.0007223164374096886,0.0007239988514719783,False,False,False,False,False,False,False
39,-0.6450482426231887,0.008928571428571175,0.011709601873536337,0.011709601873536337,4,28,0.008928571428571175,0.008939026430243975,0.008959936433589576,0.008980846436935176,0.009001756440280775,0.009033121445299174,False,False,False,False,False,False,False
39,-0.573112850671107,0.02268518518518503,0.03356752537080402,0.03356752537080402,5,27,0.02268518518518503,0.022761333738109537,0.022913630843958557,0.023065927949807573,0.023218225055656593,0.02344667071443012,False,False,False,False,False,False,False
39,-0.5086190509899302,0.001602564102564208,0.007025761124121782,0.007025761124121782,6,26,0.001602564102564208,0.0016036900258212788,0.0016059418723354205,0.001608193718849562,0.0016104455653637038,0.0016138233351349167,False,False,False,False,False,False,False
39,-0.4881546722449414,0.003214285714285725,0.005854800936768151,0.005854800936768151,7,25,0.003214285714285725,0.003216167614586829,0.003219931415189037,0.0032236952157912455,0.0032274590163934532,0.0032331047172967655,False,False,False,False,False,False,False
39,-0.4571480377828372,0.02083333333333337,0.013661202185792358,0.013661202185792358,8,24,0.02083333333333337,0.02086179417122044,0.020918715846994573,0.02097563752276871,0.02103255919854284,0.021117941712204043,False,False,False,False,False,False,False
39,-0.39885556499408115,0.007548309178743939,0.0230288836846214,0.0230288836846214,9,23,0.007548309178743939,0.007565692092153225,0.007600457918971796,0.007635223745790367,0.007669989572608938,0.007722138312836793,False,False,False,False,False,False,False
39,-0.35172548061168274,0.001136363636363713,0.0066354410616705425,0.0066354410616705425,10,22,0.001136363636363713,0.0011371176637570849,0.0011386257185438283,0.0011401337733305714,0.001141641828117315,0.00114390391029743,False,False,False,False,False,False,False
39,-0.2605659752930963,0.00027056277056281,0.05074160811865735,0.05074160811865735,11,21,0.00027056277056281,0.00027193564957034955,0.0002746814075854288,0.0002774271656005081,0.00028017292361558736,0.00028429156063820626,False,False,False,False,False,False,False
39,-0.1656856738390573,0.004166666666666652,0.008977361436377812,0.008977361436377812,12,20,0.004166666666666652,0.004170407233931809,0.004177888368462124,0.004185369502992439,0.004192850637522754,0.004204072339318226,False,False,False,False,False,False,False
39,-0.08196776079137597,0.00025303643724705616,0.04371584699453547,0.04371584699453547,13,19,0.00025303643724705616,0.00025414260746452964,0.00025635494789947655,0.0002585672883344235,0.00026077962876937044,0.0002640981394217909,False,False,False,False,False,False,False
39,0.008261545493347407,0.008928571428571397,0.013075722092115612,0.013075722092115612,14,18,0.008928571428571397,0.008940246180439357,0.008963595684175278,0.008986945187911198,0.009010294691647118,0.009045318947251,False,False,False,False,False,False,False
39,0.07120501345141912,0.0022058823529413907,0.02654176424668228,0.02654176424668228,15,17,0.0022058823529413907,0.002211737153878159,0.002223446755751697,0.0022351563576252344,0.002246865959498772,0.002264430362309078,False,False,False,False,False,False,False
39,0.11833509783381753,0.0,0.0031225604996096604,0.0031225604996096604,16,16,0.0,0.0,0.0,0.0,0.0,0.0,False,False,False,False,False,False,False
39,0.12825722086169083,0.0022058823529413907,0.0031225604996096604,0.0031225604996096604,17,15,0.0022058823529413907,0.0022065711530515984,0.002207948753272015,0.0022093263534924312,0.0022107039537128475,0.0022127703540434714,False,False,False,False,False,False,False
39,0.14345047174812176,0.008928571428571397,0.006440281030444905,0.006440281030444905,18,14,0.008928571428571397,0.008934321679491436,0.008945822181331517,0.008957322683171596,0.008968823185011677,0.008986073937771798,False,False,False,False,False,False,False
39,0.1605041207022791,0.00025303643724705616,0.004293520686963378,0.004293520686963378,19,13,0.00025303643724705616,0.00025314507896484375,0.0002533623624004189,0.00025357964583599404,0.0002537969292715692,0.0002541228544249319,False,False,False,False,False,False,False
39,0.22747845114042425,0.004166666666666652,0.03786104605776731,0.03786104605776731,20,12,0.004166666666666652,0.004182442102524055,0.00421399297423886,0.0042455438459536666,0.004277094717668473,0.004324421025240682,False,False,False,False,False,False,False
39,0.3074755680526532,0.021915584415584277,0.012490241998438763,0.012490241998438763,21,11,0.021915584415584277,0.021942957510873065,0.021997703701450638,0.022052449892028207,0.02210719608260578,0.022189315368472136,False,False,False,False,False,False,False
39,0.4280913761102386,0.010227272727272751,0.06342701014832157,0.06342701014832157,22,10,0.010227272727272751,0.01029214126037899,0.010421878326591466,0.010551615392803942,0.010681352459016418,0.010875958058335133,False,False,False,False,False,False,False
39,0.6944383661397139,0.0027173913043480047,0.10421545667447306,0.10421545667447306,23,9,0.0027173913043480047,0.0027457107219225913,0.0028023495570717654,0.002858988392220939,0.0029156272273701133,0.003000585480093874,False,False,False,False,False,False,False
39,0.9691571474739574,0.02083333333333348,0.068696330991413,0.068696330991413,24,8,0.02083333333333348,0.020976450689565593,0.021262685402029816,0.02154892011449404,0.021835154826958258,0.022264506895654596,False,False,False,False,False,False,False
39,1.0931836853223746,0.008928571428571397,0.009367681498829111,0.009367681498829111,25,7,0.008928571428571397,0.008936935429909637,0.008953663432586119,0.008970391435262598,0.008987119437939079,0.009012211441953799,False,False,False,False,False,False,False
39,1.1638788118959722,0.04006410256410253,0.035128805620608765,0.035128805620608765,26,6,0.04006410256410253,0.04020484297123638,0.040486323785504076,0.04076780459977178,0.041049285414039474,0.041471506635441024,False,False,False,False,False,False,False
39,1.237054469226538,0.02268518518518503,0.010928961748633928,0.010928961748633928,27,5,0.02268518518518503,0.022709977737299984,0.0227595628415299,0.022809147945759813,0.022858733049989727,0.022933110706334595,False,False,False,False,False,False,False
39,1.3337951687483034,0.008928571428571175,0.04996096799375498,0.04996096799375498,28,4,0.008928571428571175,0.008973179435708453,0.009062395449983014,0.009151611464257574,0.009240827478532134,0.009374651499943975,False,False,False,False,False,False,False
39,1.4308459346146896,0.0581896551724137,0.01112412177985933,0.01112412177985933,29,3,0.0581896551724137,0.0582543860534603,0.058383847815553495,0.05851330957764667,0.058642771339739865,0.058836963982879645,False,False,False,False,False,False,False
40,-0.9561969394360289,0.0007183908045976795,0.019129386955866835,0.019129386955866835,3,29,0.0007183908045976795,0.000719765042166348,0.0007225135173036851,0.0007252619924410222,0.0007280104675783593,0.000732133180284365,False,False,False,False,False,False,False
40,-0.8643608395484255,0.008928571428571508,0.023196264497665302,0.023196264497665302,4,28,0.008928571428571508,0.008949282379015851,0.008990704279904541,0.009032126180793227,0.009073548081681917,0.00913568093301495,False,False,False,False,False,False,False
40,-0.772851558521632,0.03749999999999998,0.018978761861726173,0.018978761861726173,5,27,0.03749999999999998,0.037571170356981445,0.037713511070944394,0.03785585178490734,0.037998192498870285,0.03821170356981471,False,False,False,False,False,False,False
40,-0.701278228004247,0.014423076923076983,0.014008133755083604,0.014008133755083604,6,26,0.014423076923076983,0.014443280962146815,0.014483689040286478,0.014524097118426144,0.014564505196565807,0.014625117313775306,False,False,False,False,False,False,False
40,-0.5712043214018762,0.02083333333333337,0.04594065371290858,0.04594065371290858,8,24,0.02083333333333337,0.020929043028568597,0.02112046241903905,0.021311881809509502,0.02150330119997995,0.021790430285685634,False,False,False,False,False,False,False
40,-0.4502813429021847,0.007548309178743939,0.009790631119144461,0.009790631119144461,9,23,0.007548309178743939,0.007555699449818172,0.007570479991966639,0.007585260534115105,0.007600041076263574,0.007622211889486274,False,False,False,False,False,False,False
40,-0.36465480136997075,0.001136363636363713,0.02967314354571471,0.02967314354571471,10,22,0.001136363636363713,0.0011397355844939081,0.0011464794807542985,0.0011532233770146884,0.0011599672732750786,0.0011700831176656638,False,False,False,False,False,False,False
40,-0.26334095451887796,0.00027056277056281,0.01702063563789729,0.01702063563789729,11,21,0.00027056277056281,0.0002710232855963029,0.00027194431566328884,0.00027286534573027477,0.0002737863757972607,0.00027516792089773956,False,False,False,False,False,False,False
40,-0.2215081403352009,0.004166666666666763,0.0022593764121102587,0.0022593764121102587,12,20,0.004166666666666763,0.004167608073505142,0.0041694908871819005,0.004171373700858659,0.004173256514535418,0.0041760807350505556,False,False,False,False,False,False,False
40,-0.14928117209619596,0.02049595141700411,0.031028769392980885,0.031028769392980885,13,19,0.02049595141700411,0.020559547832004903,0.020686740662006497,0.02081393349200809,0.020941126322009684,0.02113191556701207,False,False,False,False,False,False,False
40,-0.05777189106940235,0.04861111111111116,0.011146256966410632,0.011146256966410632,14,18,0.04861111111111116,0.048665294304697876,0.04877366069187132,0.04888202707904475,0.04899039346621819,0.04915294304697835,False,False,False,False,False,False,False
40,0.0033432359020633094,0.029656862745098156,0.017020635637897245,0.017020635637897245,15,17,0.029656862745098156,0.029707340610592898,0.02980829634158239,0.02990925207257188,0.030010207803561367,0.0301616414000456,False,False,False,False,False,False,False
40,0.05563425363165948,0.0625,0.007079379424612116,0.007079379424612116,16,16,0.0625,0.06254424612140383,0.06263273836421147,0.06272123060701913,0.06280972284982678,0.06294246121403825,False,False,False,False,False,False,False
40,0.11152027883016553,0.04142156862745083,0.01867751167344483,0.01867751167344483,17,15,0.04142156862745083,0.04149893381060799,0.04165366417692231,0.041808394543236635,0.04196312490955096,0.042195220459022444,False,False,False,False,False,False,False
40,0.16217720225571197,0.024801587301587213,0.004669377918361186,0.004669377918361186,18,14,0.024801587301587213,0.024813168099995845,0.024836329696813115,0.024859491293630385,0.024882652890447648,0.02491739528567355,False,False,False,False,False,False,False
40,0.2007418278312892,0.05693319838056676,0.013104383190239478,0.013104383190239478,19,13,0.05693319838056676,0.05700780582534925,0.05715702071491423,0.05730623560447919,0.05745545049404417,0.05767927282839164,False,False,False,False,False,False,False
40,0.36088306962817784,0.03750000000000009,0.0607019129386956,0.0607019129386956,20,12,0.03750000000000009,0.0377276321735202,0.038182896520560415,0.038638160867600635,0.039093425214640855,0.03977632173520118,False,False,False,False,False,False,False
40,0.6599223272693067,0.07819264069264076,0.07712004820003017,0.07712004820003017,21,11,0.07819264069264076,0.07879566271455117,0.08000170675837198,0.08120775080219281,0.08241379484601362,0.08422286091174486,False,False,False,False,False,False,False
40,0.8576477380593428,0.055681818181818166,0.014008133755083578,0.014008133755083578,22,10,0.055681818181818166,0.05575981801749988,0.05591581768886331,0.05607181736022674,0.05622781703159017,0.056461816538635315,False,False,False,False,False,False,False
40,0.8913100807227703,0.1089975845410629,0.0015062509414068264,0.0015062509414068264,23,9,0.1089975845410629,0.10901400231249551,0.10904683785536072,0.10907967339822591,0.10911250894109112,0.10916176225538894,False,False,False,False,False,False,False
40,0.937391540096977,0.08333333333333315,0.019731887332429584,0.019731887332429584,24,8,0.08333333333333315,0.08349776572777007,0.0838266305166439,0.0841554953055177,0.08448436009439154,0.08497765727770226,False,False,False,False,False,False,False
40,1.03739811150483,0.060357142857143,0.026359391474619718,0.026359391474619718,25,7,0.060357142857143,0.06051624061282909,0.06083443612420129,0.06115263163557348,0.06147082714694568,0.06194812041400397,False,False,False,False,False,False,False
40,1.1295610302532435,0.04006410256410253,0.01611688507305313,0.01611688507305313,26,6,0.04006410256410253,0.0401286734177606,0.040257815125076736,0.040386956832392865,0.04051609853970899,0.04070981110068318,False,False,False,False,False,False,False
40,1.218455760393557,0.02268518518518503,0.024853140533212865,0.024853140533212865,27,5,0.02268518518518503,0.022741564994727965,0.02285432461381384,0.022967084232899712,0.023079843851985585,0.023248983280614394,False,False,False,False,False,False,False
40,1.363236515732377,0.008928571428571175,0.04187377617111012,0.04187377617111012,28,4,0.008928571428571175,0.00896595872872395,0.009040733329029502,0.009115507929335055,0.009190282529640605,0.009302444430098932,False,False,False,False,False,False,False
40,1.5505037229764937,0.0007183908045976795,0.04443440277150176,0.04443440277150176,29,3,0.0007183908045976795,0.0007215829312335632,0.0007279671845053304,0.0007343514377770977,0.000740735691048865,0.000750312070956516,False,False,False,False,False,False,False
41,-1.0702544555878883,0.0581896551724137,0.012259858442871549,0.012259858442871549,3,29,0.0581896551724137,0.05826099486593903,0.05840367425298969,0.058546353640040356,0.05868903302709101,0.058903052107667,False,False,False,False,False,False,False
41,-0.9726677196791764,0.08035714285714268,0.028058645096056635,0.028058645096056635,4,28,0.08035714285714268,0.08058261411237885,0.08103355662285118,0.08148449913332353,0.08193544164379586,0.08261185540950437,False,False,False,False,False,False,False
41,-0.8925181121303283,0.10416666666666674,0.005055611729019205,0.005055611729019205,5,27,0.10416666666666674,0.10421932928884402,0.10432465453319859,0.10442997977755315,0.10453530502190773,0.10469329288843958,False,False,False,False,False,False,False
41,-0.7732114444049436,0.04006410256410253,0.044236602628918105,0.044236602628918105,6,26,0.04006410256410253,0.040241332542583774,0.040595792499546264,0.04095025245650874,0.04130471241347123,0.041836402348914954,False,False,False,False,False,False,False
41,-0.5908863829579456,0.008928571428571397,0.031092012133468155,0.031092012133468155,7,25,0.008928571428571397,0.008956332153690566,0.0090118536039289,0.009067375054167236,0.009122896504405571,0.009206178679763076,False,False,False,False,False,False,False
41,-0.4559780740684722,0.02083333333333348,0.024646107178968642,0.024646107178968642,8,24,0.02083333333333348,0.020884679389956334,0.020987371503202037,0.02109006361644774,0.021192755729693445,0.021346793899561997,False,False,False,False,False,False,False
41,-0.38317041530272467,0.03653381642512077,0.005434782608695645,0.005434782608695645,9,23,0.03653381642512077,0.036553671760134424,0.036593382430161726,0.036633093100189036,0.03667280377021634,0.03673236977525729,False,False,False,False,False,False,False
41,-0.3204579361137405,0.055681818181818166,0.020475227502527796,0.020475227502527796,10,22,0.055681818181818166,0.05579582797132088,0.0560238475503263,0.05625186712933172,0.056479886708337146,0.05682191607684528,False,False,False,False,False,False,False
41,-0.2256244309986912,0.07819264069264076,0.018705763397371095,0.018705763397371095,11,21,0.07819264069264076,0.07833890599626198,0.07863143660350441,0.07892396721074686,0.0792164978179893,0.07965529372885294,False,False,False,False,False,False,False
41,-0.1546522594287188,0.03750000000000009,0.010616784630940332,0.010616784630940332,12,20,0.03750000000000009,0.03753981294236612,0.03761943882709817,0.037699064711830224,0.037778690596562275,0.03789812942366035,False,False,False,False,False,False,False
41,-0.1225312335026537,0.012398785425101089,0.0026541961577351073,0.0026541961577351073,13,19,0.012398785425101089,0.012402076305964677,0.012408658067691853,0.012415239829419032,0.01242182159114621,0.012431694233736974,False,False,False,False,False,False,False
41,-0.111824224860632,0.024801587301587213,0.0017694641051567057,0.0017694641051567057,14,18,0.024801587301587213,0.02480597585343532,0.024814752957131536,0.02482353006082775,0.02483230716452396,0.02484547282006828,False,False,False,False,False,False,False
41,-0.06807844669465771,0.006127450980392246,0.016304347826086946,0.016304347826086946,15,17,0.006127450980392246,0.006137441389599407,0.00615742220801373,0.006177403026428052,0.006197383844842375,0.006227355072463858,False,False,False,False,False,False,False
41,-0.01423748895191994,0.015625,0.00594034378159762,0.00594034378159762,16,16,0.015625,0.015634281787158748,0.01565284536147624,0.015671408935793732,0.015689972510111224,0.015717817871587464,False,False,False,False,False,False,False
41,0.024613656691987323,0.0022058823529413907,0.01011122345803836,0.01011122345803836,17,15,0.0022058823529413907,0.002208112769880664,0.002212573603759211,0.0022170344376377577,0.002221495271516304,0.0022281865223341244,False,False,False,False,False,False,False
41,0.09711540092510565,0.008928571428571397,0.01984327603640046,0.01984327603640046,18,14,0.008928571428571397,0.008946288639318182,0.008981723060811755,0.009017157482305329,0.009052591903798899,0.009105743536039258,False,False,False,False,False,False,False
41,0.1524859313309893,0.00025303643724705616,0.0030333670374114784,0.0030333670374114784,19,13,0.00025303643724705616,0.0002531131924858571,0.0002532667029634589,0.0002534202134410608,0.00025357372391866264,0.0002538039896350654,False,False,False,False,False,False,False
41,0.16074562371197743,0.004166666666666652,0.00037917087967646846,0.00037917087967646846,20,12,0.004166666666666652,0.004166824654533183,0.004167140630266247,0.0041674566059993106,0.004167772581732374,0.004168246545331971,False,False,False,False,False,False,False
41,0.2473194364460387,0.00027056277056281,0.03538928210313451,0.03538928210313451,21,11,0.00027056277056281,0.0002715202727842153,0.0002734352772270259,0.00027535028166983643,0.00027726528611264704,0.0002801377927768629,False,False,False,False,False,False,False
41,0.4807322248421116,0.001136363636363713,0.06104651162790691,0.06104651162790691,22,10,0.001136363636363713,0.001143300739957794,0.0011571749471459554,0.001171049154334117,0.0011849233615222785,0.001205734672304521,False,False,False,False,False,False,False
41,0.6918132523562535,0.0027173913043480047,0.026162790697674403,0.026162790697674403,23,9,0.0027173913043480047,0.0027245007583419386,0.002738719666329806,0.002752938574317673,0.0027671574823055407,0.002788485844287342,False,False,False,False,False,False,False
41,0.7569730478062713,0.0,0.0007583417593529484,0.0007583417593529484,24,8,0.0,0.0,0.0,0.0,0.0,0.0,False,False,False,False,False,False,False
41,0.76125585126308,0.003214285714285725,0.001011122345803809,0.001011122345803809,25,7,0.003214285714285725,0.0032146107178968766,0.0032152607251191784,0.003215910732341481,0.0032165607395637837,0.0032175357503972375,False,False,False,False,False,False,False
41,0.812343578212155,0.001602564102564208,0.02009605662285139,0.02009605662285139,26,6,0.001602564102564208,0.001605784624458896,0.0016122256682482717,0.0016186667120376475,0.0016251077558270233,0.0016347693215110872,False,False,False,False,False,False,False
41,0.9120717158492714,0.0004629629629629983,0.0211071789686552,0.0211071789686552,27,5,0.0004629629629629983,0.00046394014717451024,0.00046589451559753397,0.0004678488840205578,0.0004698032524435816,0.0004727348050781172,False,False,False,False,False,False,False
41,0.9949745541917823,0.008928571428571508,0.013144590495449974,0.013144590495449974,28,4,0.008928571428571508,0.008940307670085303,0.008963780153112891,0.008987252636140482,0.00901072511916807,0.009045933843709454,False,False,False,False,False,False,False
41,1.1834179062913641,0.0007183908045976795,0.06471183013144584,0.06471183013144584,29,3,0.0007183908045976795,0.0007230396429691912,0.0007323373197122148,0.0007416349964552383,0.000750932673198262,0.0007648791883127971,False,False,False,False,False,False,False
42,-1.22150496455238,0.0581896551724137,0.024663212435233124,0.024663212435233124,3,29,0.0581896551724137,0.058333169555118726,0.05862019832052877,0.058907227085938804,0.05919425585134885,0.0596247989994639,False,False,False,False,False,False,False
42,-1.1678473804916718,0.08035714285714268,0.004352331606217624,0.004352331606217624,4,28,0.08035714285714268,0.08039211695040692,0.08046206513693542,0.08053201332346392,0.08060196150999242,0.08070688378978517,False,False,False,False,False,False,False
42,-1.0026586752762061,0.10416666666666674,0.08497409326424868,0.08497409326424868,5,27,0.10416666666666674,0.10505181347150268,0.10682210708117451,0.10859240069084636,0.1103626943005182,0.11301813471502598,False,False,False,False,False,False,False
42,-0.7937773658970207,0.1298076923076923,0.027979274611399013,0.027979274611399013,6,26,0.1298076923076923,0.13017088481466718,0.13089726982861696,0.13162365484256675,0.13235003985651653,0.1334396173774412,False,False,False,False,False,False,False
42,-0.6561839896270619,0.15750000000000008,0.046424870466321246,0.046424870466321246,7,25,0.15750000000000008,0.15823119170984465,0.15969357512953375,0.16115595854922288,0.16261834196891203,0.1648119170984457,False,False,False,False,False,False,False
42,-0.5412034523541159,0.1875,0.01575129533678755,0.01575129533678755,8,24,0.1875,0.18779533678756477,0.1883860103626943,0.18897668393782385,0.18956735751295334,0.19045336787564765,False,False,False,False,False,False,False
42,-0.510541975747997,0.22010869565217395,0.0008290155440414722,0.0008290155440414722,9,23,0.22010869565217395,0.22012694300518137,0.22016343771119626,0.22019993241721114,0.220236427123226,0.2202911691822483,False,False,False,False,False,False,False
42,-0.5059427542570791,0.255681818181818,0.0016580310880828844,0.0016580310880828844,10,22,0.255681818181818,0.2557242110221383,0.25580899670277896,0.2558937823834195,0.2559785680640601,0.25610574658502105,False,False,False,False,False,False,False
42,-0.45151863328121805,0.294642857142857,0.027772020725388598,0.027772020725388598,11,21,0.294642857142857,0.2954611398963729,0.29709770540340474,0.2987342709104366,0.30037083641746837,0.3028256846780161,False,False,False,False,False,False,False
42,-0.34497000207495476,0.3375,0.02984455958549222,0.02984455958549222,12,20,0.3375,0.3385072538860104,0.3405217616580311,0.3425362694300519,0.3445507772020726,0.34757253886010364,True,False,False,False,False,False,False
42,-0.2790478273717991,0.24316801619433215,0.00580310880829014,0.00580310880829014,13,19,0.24316801619433215,0.24330912923999934,0.2435913553313337,0.24387358142266805,0.24415580751400237,0.24457914665100391,False,False,False,False,False,False,False
42,-0.22615678022624391,0.16765873015873012,0.022797927461139924,0.022797927461139924,14,18,0.16765873015873012,0.16804095731556867,0.16880541162924578,0.16956986594292292,0.17033432025660003,0.17148100172711567,False,False,False,False,False,False,False
42,-0.11079297449572133,0.2061274509803923,0.03958549222797929,0.03958549222797929,15,17,0.2061274509803923,0.20694341664126809,0.20857534796301958,0.2102072792847711,0.21183921060652258,0.21428710758914982,False,False,False,False,False,False,False
42,-0.015742397016752674,0.140625,0.011813471502590638,0.011813471502590638,16,16,0.140625,0.1407911269430052,0.14112338082901554,0.14145563471502592,0.14178788860103625,0.1422862694300518,False,False,False,False,False,False,False
42,0.007253710437836441,0.17867647058823533,0.0006217616580310772,0.0006217616580310772,17,15,0.17867647058823533,0.17868758000609572,0.17870979884181656,0.17873201767753735,0.17875423651325817,0.1787875647668394,False,False,False,False,False,False,False
42,0.016835421877248617,0.2232142857142858,0.004559585492227994,0.004559585492227994,18,14,0.2232142857142858,0.2233160621761659,0.2235196150999261,0.22372316802368625,0.22392672094744642,0.2242320503330867,False,False,False,False,False,False,False
42,0.03983152933183784,0.2755566801619431,0.007875647668393777,0.007875647668393777,19,13,0.2755566801619431,0.2757736988945059,0.2762077363596315,0.276641773824757,0.27707581128988257,0.2777268674875709,False,False,False,False,False,False,False
42,0.11418561010167626,0.3374999999999999,0.03233160621761658,0.03233160621761658,20,12,0.3374999999999999,0.3385911917098445,0.34077357512953355,0.34295595854922273,0.3451383419689118,0.34841191709844554,False,True,True,True,True,True,False
42,0.20042101305638585,0.2600108225108224,0.014300518134715065,0.014300518134715065,21,11,0.2600108225108224,0.26038265145907624,0.26112630935558384,0.2618699672520915,0.26261362514859915,0.26372911199336063,False,False,False,False,False,False,False
42,0.24258054338979942,0.1920454545454544,0.00849740932642485,0.00849740932642485,22,10,0.1920454545454544,0.1922086434291096,0.19253502119642,0.19286139896373045,0.19318777673104084,0.19367734338200648,False,False,False,False,False,False,False
42,0.3633101075263926,0.13315217391304324,0.056787564766839334,0.056787564766839334,23,9,0.13315217391304324,0.1339083126830365,0.13542059022302297,0.13693286776300945,0.13844514530299593,0.14071356161297566,False,False,False,False,False,False,False
42,0.49668753076301,0.08333333333333337,0.01533678756476689,0.01533678756476689,24,8,0.08333333333333337,0.08346113989637309,0.08371675302245253,0.08397236614853198,0.08422797927461144,0.08461139896373061,False,False,False,False,False,False,False
42,0.5821563968025665,0.1289285714285714,0.030880829015543954,0.030880829015543954,25,7,0.1289285714285714,0.1293267135455218,0.13012299777942263,0.13091928201332342,0.13171556624722422,0.13290999259807545,False,False,False,False,False,False,False
42,0.653444329911793,0.07852564102564097,0.007668393782383513,0.007668393782383513,26,6,0.07852564102564097,0.07858585757938083,0.07870629068686058,0.07882672379434032,0.07894715690182007,0.07912780656303968,False,False,False,False,False,False,False
42,0.7304812898846669,0.03749999999999998,0.0339896373056994,0.0339896373056994,27,5,0.03749999999999998,0.03762746113989635,0.037882383419689095,0.038137305699481844,0.038392227979274586,0.0387746113989637,False,False,False,False,False,False,False
42,0.8036855652817758,0.008928571428571508,0.005595854922279892,0.005595854922279892,28,4,0.008928571428571508,0.008933567727609257,0.008943560325684758,0.00895355292376026,0.008963545521835757,0.008978534418949007,False,False,False,False,False,False,False
42,1.0336466398276678,0.03520114942528729,0.11875647668393773,0.11875647668393773,29,3,0.03520114942528729,0.03561918587338449,0.03645525876957887,0.03729133166577326,0.03812740456196764,0.039381513906259234,False,False,False,False,False,False,False
43,-0.9325635725133564,0.0581896551724137,0.004713275726630011,0.004713275726630011,3,29,0.0581896551724137,0.05821708156134022,0.05827193433919324,0.05832678711704626,0.05838163989489928,0.058463919061678804,False,False,False,False,False,False,False
43,-0.9153719729959313,0.008928571428571175,0.006546216286986142,0.006546216286986142,4,28,0.008928571428571175,0.008934416264541698,0.008946105936482743,0.008957795608423792,0.008969485280364837,0.008987019788276405,False,False,False,False,False,False,False
43,-0.8973807641986261,0.02268518518518503,0.005236973029588884,0.005236973029588884,5,27,0.02268518518518503,0.022697065355483638,0.022720825696080846,0.022744586036678054,0.02276834637727526,0.022803986888171073,False,False,False,False,False,False,False
43,-0.8873856482001232,0.04006410256410253,0.001309243257397221,0.001309243257397221,6,26,0.04006410256410253,0.04006934792971711,0.04007983866094625,0.0400903293921754,0.04010082012340454,0.04011655622024825,False,False,False,False,False,False,False
43,-0.8358108496478482,0.060357142857143,0.032469232783451166,0.032469232783451166,7,25,0.060357142857143,0.06055311786930026,0.06094506789361478,0.06133701791792929,0.06172896794224382,0.06231689297871559,False,False,False,False,False,False,False
43,-0.7086729741468911,0.02083333333333348,0.050798638387012256,0.050798638387012256,8,24,0.02083333333333348,0.020939163829973094,0.02115082482325231,0.021362485816531527,0.02157414680981075,0.02189163829972958,False,False,False,False,False,False,False
43,-0.5963278703237185,0.03653381642512077,0.02278083267871174,0.02278083267871174,9,23,0.03653381642512077,0.036617043501030316,0.036783497652849405,0.03694995180466849,0.03711640595648758,0.03736608718421622,False,False,False,False,False,False,False
43,-0.557147015609587,0.055681818181818166,0.002880335166273879,0.002880335166273879,10,22,0.055681818181818166,0.05569785641172128,0.05572993287152751,0.05576200933133375,0.05579408579113997,0.05584220048084932,False,False,False,False,False,False,False
43,-0.5439534624915632,0.07819264069264076,0.005760670332547795,0.005760670332547795,11,21,0.07819264069264076,0.07823768489518693,0.07832777330027926,0.07841786170537159,0.07850795011046394,0.07864308271810243,False,False,False,False,False,False,False
43,-0.5207647933750363,0.03750000000000009,0.009426551453260022,0.009426551453260022,12,20,0.03750000000000009,0.037535349567949815,0.03760604870384926,0.03767674783974871,0.03774744697564816,0.03785349567949734,False,False,False,False,False,False,False
43,-0.44400230250653394,0.012398785425101089,0.0408483896307934,0.0408483896307934,13,19,0.012398785425101089,0.012449432466900404,0.012550726550499028,0.012652020634097655,0.01275331471769628,0.01290525584309422,False,False,False,False,False,False,False
43,-0.3728370765971931,0.024801587301587213,0.005760670332547813,0.005760670332547813,14,18,0.024801587301587213,0.02481587467840405,0.02484444943203772,0.024873024185671385,0.024901598939305058,0.024944461069755564,False,False,False,False,False,False,False
43,-0.3140657945259959,0.04142156862745083,0.032731081434930635,0.032731081434930635,15,17,0.04142156862745083,0.0415571459010416,0.04182830044822313,0.042099454995404656,0.042370609542586195,0.04277734136335849,False,False,False,False,False,False,False
43,-0.24409998253647558,0.015625,0.013092432573972183,0.013092432573972183,16,16,0.015625,0.01564545692589683,0.015686370777690493,0.015727284629484157,0.01576819848127782,0.015829569258968314,False,False,False,False,False,False,False
43,-0.21571385310072733,0.029656862745098156,0.005498821681068385,0.005498821681068385,17,15,0.029656862745098156,0.02967317052508368,0.02970578608505472,0.029738401645025763,0.029771017204996805,0.029819940544953367,False,False,False,False,False,False,False
43,-0.1901263561445598,0.008928571428571397,0.011259492013616125,0.011259492013616125,18,14,0.008928571428571397,0.008938624546440696,0.008958730782179297,0.008978837017917896,0.008998943253656497,0.0090291026072644,False,False,False,False,False,False,False
43,-0.14974608751060803,0.02049595141700411,0.015187221785807807,0.015187221785807807,19,13,0.02049595141700411,0.02052707907299223,0.020589334384968464,0.020651589696944705,0.02071384500892094,0.020807227976885292,False,False,False,False,False,False,False
43,-0.09657207039857246,0.004166666666666763,0.019638648860958386,0.019638648860958386,20,12,0.004166666666666763,0.004174849437025495,0.004191214977742962,0.004207580518460427,0.004223946059177894,0.0042484943702540915,False,False,False,False,False,False,False
43,-0.05179395072527945,0.01325757575757569,0.009688400104739413,0.009688400104739413,21,11,0.01325757575757569,0.013270420227411518,0.013296109167083176,0.013321798106754833,0.01334748704642649,0.013386020455933978,False,False,False,False,False,False,False
43,-0.028205476968812614,0.001136363636363713,0.005760670332547807,0.005760670332547807,22,10,0.001136363636363713,0.0011370182579924118,0.001138327501249809,0.0011396367445072064,0.0011409459877646038,0.0011429098526506997,False,False,False,False,False,False,False
43,0.04575838142010903,0.007548309178743939,0.042681330191149544,0.042681330191149544,23,9,0.007548309178743939,0.007580526366388225,0.007644960741676795,0.007709395116965367,0.0077738294922539385,0.007870481055186795,False,False,False,False,False,False,False
43,0.11452477948980906,0.02083333333333337,0.00235663786331496,0.00235663786331496,24,8,0.02083333333333337,0.02083824299554861,0.02084806231997909,0.020857881644409566,0.02086770096884005,0.020882429955485764,False,False,False,False,False,False,False
43,0.11972223980903056,0.003214285714285725,0.0010473946059178115,0.0010473946059178115,25,7,0.003214285714285725,0.003214622376837627,0.003215295701941431,0.0032159690270452362,0.0032166423521490404,0.0032176523398047465,False,False,False,False,False,False,False
43,0.15650426668352135,0.014423076923076983,0.02304268133019116,0.02304268133019116,26,6,0.014423076923076983,0.014456311559610914,0.014522780832678772,0.014589250105746632,0.01465571937881449,0.01475542328841628,False,False,False,False,False,False,False
43,0.2732472215460353,0.0004629629629629983,0.053417124901806695,0.053417124901806695,27,5,0.0004629629629629983,0.00046543597800474885,0.00047038200808824983,0.0004753280381717508,0.0004802740682552518,0.0004876931133805033,False,False,False,False,False,False,False
43,0.378795646490226,0.008928571428571508,0.01571091908876671,0.01571091908876671,28,4,0.008928571428571508,0.008942599034900765,0.008970654247559275,0.008998709460217788,0.0090267646728763,0.00906884749186407,False,False,False,False,False,False,False
43,0.4911407503133989,0.0007183908045976795,0.057868551976957346,0.057868551976957346,29,3,0.0007183908045976795,0.0007225480281592425,0.0007308624752823682,0.000739176922405494,0.0007474913695286198,0.0007599630402133084,False,False,False,False,False,False,False
44,-0.8873630688286092,0.03520114942528729,0.0008580744808649334,0.0008580744808649334,3,29,0.03520114942528729,0.03520416994608919,0.03521021098769298,0.03521625202929677,0.035222293070900565,0.03523135463330624,False,False,False,False,False,False,False
44,-0.8827229474244234,0.0803571428571429,0.0013729191693838986,0.0013729191693838986,4,28,0.0803571428571429,0.08036817524332546,0.08039024001569055,0.08041230478805565,0.08043436956042074,0.0804674667189684,False,False,False,False,False,False,False
44,-0.8459589086066444,0.03749999999999998,0.016303415136433866,0.016303415136433866,5,27,0.03749999999999998,0.0375611378067616,0.03768341342028486,0.03780568903380811,0.037927964647331364,0.03811137806761625,False,False,False,False,False,False,False
44,-0.7685045743983139,0.014423076923076983,0.020937017333104477,0.020937017333104477,6,26,0.014423076923076983,0.0144532745442305,0.014513669786537533,0.014574065028844563,0.014634460271151596,0.014725053134612144,False,False,False,False,False,False,False
44,-0.6974750236727021,0.003214285714285725,0.013214347005320048,0.013214347005320048,7,25,0.003214285714285725,0.003218533182966006,0.0032270281203265693,0.0032355230576871325,0.0032440179950476954,0.0032567604010885396,False,False,False,False,False,False,False
44,-0.65892632277639,0.0,0.005320061781362651,0.005320061781362651,8,24,0.0,0.0,0.0,0.0,0.0,0.0,False,False,False,False,False,False,False
44,-0.6053864604204011,0.007548309178743939,0.020422172644585564,0.020422172644585564,9,23,0.007548309178743939,0.007563724466066241,0.007594555040710844,0.007625385615355449,0.0076562161900000526,0.007702462051966957,False,False,False,False,False,False,False
44,-0.5561297870528913,0.001136363636363713,0.0032606830272867626,0.0032606830272867626,10,22,0.001136363636363713,0.0011367341685259047,0.0011374752328502883,0.0011382162971746716,0.001138957361499055,0.00114006895798563,False,False,False,False,False,False,False
44,-0.5429232876717474,0.01325757575757569,0.0030890681311137656,0.0030890681311137656,11,21,0.01325757575757569,0.013261671113052547,0.013269861824006256,0.013278052534959967,0.013286243245913676,0.013298529312344244,False,False,False,False,False,False,False
44,-0.516153356493753,0.03749999999999998,0.0097820490818603,0.0097820490818603,12,20,0.03749999999999998,0.03753668268405696,0.03761004805217091,0.03768341342028486,0.03775677878839881,0.03786682684056974,False,False,False,False,False,False,False
44,-0.4865279659901059,0.02049595141700411,0.004461987300497664,0.004461987300497664,13,19,0.02049595141700411,0.02050509668449754,0.020523387219484397,0.020541677754471258,0.02055996828945811,0.020587404091938398,False,False,False,False,False,False,False
44,-0.4351296981283566,0.04861111111111116,0.020250557748412567,0.020250557748412567,14,18,0.04861111111111116,0.04870955132238817,0.04890643174494218,0.049103312167496194,0.0493001925900502,0.04959551322388122,False,False,False,False,False,False,False
44,-0.3908700785807391,0.029656862745098156,0.0010296893770379574,0.0010296893770379574,15,17,0.029656862745098156,0.02965991648075065,0.02966602395205563,0.029672131423360608,0.029678238894665587,0.02968740010162306,False,False,False,False,False,False,False
44,-0.3840883626823138,0.015625,0.002230993650248832,0.002230993650248832,16,16,0.015625,0.015628485927578515,0.01563545778273554,0.015642429637892568,0.015649401493049598,0.01565985927578514,False,False,False,False,False,False,False
44,-0.34589659420170843,0.04142156862745083,0.016131800240260844,0.016131800240260844,17,15,0.04142156862745083,0.04148838907452446,0.04162202996867172,0.04175567086281898,0.04188931175696624,0.04208977309818712,False,False,False,False,False,False,False
44,-0.2887874076886537,0.0803571428571428,0.011326583147417184,0.011326583147417184,18,14,0.0803571428571428,0.08044816004314882,0.0806301944151609,0.08081222878717294,0.08099426315918501,0.08126731471720311,False,False,False,False,False,False,False
44,-0.23025049151277255,0.05693319838056676,0.016818259824952813,0.016818259824952813,19,13,0.05693319838056676,0.057028950112869764,0.057220453577475745,0.05741195704208174,0.05760346050668773,0.057890715703596725,False,False,False,False,False,False,False
44,-0.1888463312908078,0.03750000000000009,0.003089068131113772,0.003089068131113772,20,12,0.03750000000000009,0.03751158400549177,0.03753475201647512,0.037557920027458475,0.037581088038441825,0.03761584005491685,False,False,False,False,False,False,False
44,-0.16279026494422658,0.021915584415584277,0.009438819289514334,0.009438819289514334,21,11,0.021915584415584277,0.021936270139676556,0.021977641587861117,0.022019013036045674,0.022060384484230235,0.022122441656507074,False,False,False,False,False,False,False
44,-0.12352769921650138,0.055681818181818166,0.00943881928951434,0.00943881928951434,22,10,0.055681818181818166,0.05573437524377114,0.055839489367677096,0.055944603491583055,0.056049717615489006,0.056207388801347936,False,False,False,False,False,False,False
44,-0.05963679680502133,0.03653381642512077,0.021280247125450475,0.021280247125450475,23,9,0.03653381642512077,0.03661156128931701,0.03676705101770949,0.03692254074610197,0.03707803047449446,0.03731126506708318,False,False,False,False,False,False,False
44,0.05886476520956736,0.02083333333333348,0.03569589840398148,0.03569589840398148,24,8,0.02083333333333348,0.02090769978834178,0.021056432698358368,0.021205165608374956,0.021353898518391548,0.021576997883416434,False,False,False,False,False,False,False
44,0.1709415437414374,0.008928571428571397,0.018191178994336706,0.018191178994336706,25,7,0.008928571428571397,0.008944813552673483,0.008977297800877655,0.009009782049081828,0.009042266297286,0.009090992669592261,False,False,False,False,False,False,False
44,0.23411858132150426,0.001602564102564208,0.012184657628282124,0.012184657628282124,26,6,0.001602564102564208,0.00160451677205592,0.0016084221110393441,0.001612327450022768,0.001616232789006192,0.0016220907974813278,False,False,False,False,False,False,False
44,0.26624249873509753,0.0004629629629629983,0.0032606830272867496,0.0032606830272867496,27,5,0.0004629629629629983,0.0004631139205105579,0.0004634158356056771,0.0004637177507007962,0.0004640196657959154,0.0004644725384385942,False,False,False,False,False,False,False
44,0.29836641614869086,0.008928571428571508,0.01218465762828217,0.01218465762828217,28,4,0.008928571428571508,0.008939450587168189,0.008961208904361551,0.00898296722155491,0.009004725538748272,0.009037363014538315,False,False,False,False,False,False,False
44,0.406873870523495,0.03520114942528729,0.03998627080830613,0.03998627080830613,29,3,0.03520114942528729,0.03534190569465561,0.03562341823339225,0.03590493077212889,0.03618644331086552,0.03660871211897048,False,False,False,False,False,False,False
45,-1.0363143540372277,0.0007183908045976795,0.01645819618169849,0.01645819618169849,3,29,0.0007183908045976795,0.0007195731462773992,0.0007219378296368385,0.0007243025129962779,0.0007266671963557171,0.0007302142213948764,False,False,False,False,False,False,False
45,-0.9426400093660137,0.008928571428571508,0.022876892692560918,0.022876892692560918,4,28,0.008928571428571508,0.008948997225618437,0.008989848819712298,0.009030700413806155,0.009071552007900016,0.009132829399040802,False,False,False,False,False,False,False
45,-0.8591561791778605,0.0004629629629629983,0.012179065174456894,0.012179065174456894,5,27,0.0004629629629629983,0.000463526808572927,0.0004646544997927842,0.0004657821910126414,0.0004669098822324986,0.00046860141906228435,False,False,False,False,False,False,False
45,-0.8278007499992115,0.001602564102564208,0.000987491770901892,0.000987491770901892,6,26,0.001602564102564208,0.0016027223544505705,0.0016030388582232956,0.0016033553619960205,0.0016036718657687454,0.0016041466214278327,False,False,False,False,False,False,False
45,-0.8230974356224141,0.008928571428571397,0.000987491770901892,0.000987491770901892,7,25,0.008928571428571397,0.00892945311765256,0.008931216495814884,0.008932979873977209,0.008934743252139535,0.008937388319383021,False,False,False,False,False,False,False
45,-0.8058519495741572,0.02083333333333348,0.006254114549045425,0.006254114549045425,8,24,0.02083333333333348,0.02084636273864399,0.020872421549265014,0.020898480359886038,0.02092453917050706,0.020963627386438595,False,False,False,False,False,False,False
45,-0.7251117194391359,0.0027173913043480047,0.027649769585253493,0.027649769585253493,9,23,0.0027173913043480047,0.002724904828691824,0.0027399318773794626,0.0027549589260671015,0.00276998597475474,0.002792526547786199,False,False,False,False,False,False,False
45,-0.6333970890915874,0.001136363636363713,0.010862409479920976,0.010862409479920976,10,22,0.001136363636363713,0.0011375980010773406,0.0011400667305045953,0.0011425354599318505,0.0011450041893591052,0.0011487072834999877,False,False,False,False,False,False,False
45,-0.5608876591159616,0.00027056277056281,0.01958525345622119,0.01958525345622119,11,21,0.00027056277056281,0.00027109267460653894,0.000272152482693997,0.000273212290781455,0.000274272098868913,0.0002758618110001,False,False,False,False,False,False,False
45,-0.49974457221759594,0.004166666666666763,0.006089532587228459,0.006089532587228459,12,20,0.004166666666666763,0.004169203971911441,0.004174278582400799,0.0041793531928901555,0.004184427803379513,0.004192039719113549,False,False,False,False,False,False,False
45,-0.46682137158001447,0.00025303643724705616,0.007735352205398287,0.007735352205398287,13,19,0.00025303643724705616,0.0002532321698433467,0.00025362363503592767,0.0002540151002285088,0.00025440656542108977,0.0002549937632099613,False,False,False,False,False,False,False
45,-0.42527542791830447,0.008928571428571397,0.009710335747202106,0.009710335747202106,14,18,0.008928571428571397,0.008937241371202827,0.008954581256465689,0.00897192114172855,0.00898926102699141,0.009015270854885701,False,False,False,False,False,False,False
45,-0.39391999873965544,0.029656862745098156,0.0034562211981566692,0.0034562211981566692,15,17,0.029656862745098156,0.0296671128128672,0.029687612948405287,0.02970811308394337,0.02972861321948146,0.029759363422788586,False,False,False,False,False,False,False
45,-0.3747147983677329,0.0625,0.004608294930875598,0.004608294930875598,16,16,0.0625,0.06252880184331797,0.06258640552995391,0.06264400921658986,0.0627016129032258,0.06278801843317973,False,False,False,False,False,False,False
45,-0.3539418265368779,0.10808823529411782,0.004114549045424617,0.004114549045424617,17,15,0.10808823529411782,0.10813270872865292,0.10822165559772313,0.10831060246679335,0.10839954933586354,0.10853296963946886,False,False,False,False,False,False,False
45,-0.21832959533922086,0.0803571428571428,0.052830809743252126,0.052830809743252126,18,14,0.0803571428571428,0.0807816761497225,0.08163074273488191,0.08247980932004131,0.08332887590520072,0.08460247578293983,False,False,False,False,False,False,False
45,-0.02353399156686372,0.13385627530364352,0.02896642527978934,0.02896642527978934,19,13,0.13385627530364352,0.1342440090833249,0.13501947664268768,0.13579494420205046,0.13657041176141324,0.13773361310045742,False,False,False,False,False,False,False
45,0.04936738127349531,0.10416666666666674,0.00164581961816985,0.00164581961816985,20,12,0.10416666666666674,0.10418381062102268,0.10421809852973456,0.1042523864384464,0.10428667434715828,0.1043381062102261,False,False,False,False,False,False,False
45,0.07562755321061392,0.07819264069264076,0.009381171823568155,0.009381171823568155,21,11,0.07819264069264076,0.07826599455240837,0.07841270227194362,0.07855940999147885,0.07870611771101409,0.07892617929031695,False,False,False,False,False,False,False
45,0.09953606795933378,0.055681818181818166,0.0006583278472679125,0.0006583278472679125,22,10,0.055681818181818166,0.05568548387096772,0.05569281524926684,0.05570014662756597,0.055707478005865084,0.05571847507331376,False,False,False,False,False,False,False
45,0.1724374407996927,0.03653381642512077,0.02995391705069124,0.02995391705069124,23,9,0.03653381642512077,0.0366432495157951,0.036862115697143746,0.037080981878492396,0.037299848059841045,0.037628147331864016,False,False,False,False,False,False,False
45,0.26728761406510604,0.02083333333333348,0.009874917709019103,0.009874917709019103,24,8,0.02083333333333348,0.020853906078560604,0.02089505156901485,0.020936197059469096,0.020977342549923346,0.021039060785604715,False,False,False,False,False,False,False
45,0.2915880716785591,0.008928571428571397,0.00032916392363397957,0.00032916392363397957,25,7,0.008928571428571397,0.008928865324931784,0.00892945311765256,0.008930040910373334,0.008930628703094108,0.008931510392175272,False,False,False,False,False,False,False
45,0.3911415593207698,0.001602564102564208,0.04147465437788019,0.04147465437788019,26,6,0.001602564102564208,0.0016092106817914326,0.0016225038402458822,0.0016357969987003322,0.0016490901571547818,0.001669029894836456,False,False,False,False,False,False,False
45,0.6984247652715303,0.0004629629629629983,0.08755760368663594,0.08755760368663594,27,5,0.0004629629629629983,0.0004670165557262688,0.00047512374125280977,0.0004832309267793508,0.0004913381123058918,0.0005034988905957032,False,False,False,False,False,False,False
45,0.9328065983819318,0.008928571428571508,0.010862409479921,0.010862409479921,28,4,0.008928571428571508,0.008938270008464295,0.008957667168249868,0.00897706432803544,0.008996461487821015,0.009025557227499375,False,False,False,False,False,False,False
45,1.0641074580675247,0.03520114942528729,0.04427254772876889,0.04427254772876889,29,3,0.03520114942528729,0.03535699388209115,0.03566868279569886,0.03598037170930657,0.036292060622914284,0.03675959399332585,False,False,False,False,False,False,False
46,-0.8837432714187508,0.0581896551724137,0.02514441046551141,0.02514441046551141,3,29,0.0581896551724137,0.05833596962986388,0.05862859854476422,0.05892122745966457,0.05921385637456492,0.05965279974691544,False,False,False,False,False,False,False
46,-0.8225598381620826,0.08035714285714268,0.01019367991845058,0.01019367991845058,4,28,0.08035714285714268,0.08043905635648738,0.08060288335517675,0.08076671035386614,0.08093053735255554,0.0811762778505896,False,False,False,False,False,False,False
46,-0.7831435878909598,0.10416666666666674,0.01257220523275569,0.01257220523275569,5,27,0.10416666666666674,0.10429762713784127,0.10455954808019036,0.10482146902253943,0.10508338996488852,0.10547627137841213,False,False,False,False,False,False,False
46,-0.7396092219198691,0.1298076923076923,0.01257220523275569,0.01257220523275569,6,26,0.1298076923076923,0.12997088920254055,0.13029728299223708,0.13062367678193365,0.1309500705716302,0.131439661256175,False,False,False,False,False,False,False
46,-0.6948982514630733,0.15750000000000008,0.013251783893985701,0.013251783893985701,7,25,0.15750000000000008,0.15770871559633037,0.15812614678899092,0.15854357798165145,0.15896100917431202,0.15958715596330283,False,False,False,False,False,False,False
46,-0.6648948370775918,0.08333333333333315,0.0040774719673802706,0.0040774719673802706,8,24,0.08333333333333315,0.08336731226639466,0.08343527013251766,0.08350322799864067,0.08357118586476366,0.08367312266394816,False,False,False,False,False,False,False
46,-0.6531287922205402,0.03653381642512077,0.002718314644920116,0.002718314644920116,9,23,0.03653381642512077,0.03654374746594309,0.036563609547587736,0.03658347162923238,0.03660333371087703,0.036633126833344,False,False,False,False,False,False,False
46,-0.6419510496063412,0.055681818181818166,0.0037376826367652317,0.0037376826367652317,10,22,0.055681818181818166,0.055702630278318344,0.05574425447131868,0.05578587866431902,0.05582750285731936,0.05588993914681987,False,False,False,False,False,False,False
46,-0.5813559185925257,0.021915584415584277,0.03126061841658172,0.03126061841658172,11,21,0.021915584415584277,0.021984093887763474,0.02212111283212187,0.02225813177648026,0.022395150720838652,0.022600679137376244,False,False,False,False,False,False,False
46,-0.5042883247788381,0.004166666666666652,0.013251783893985734,0.013251783893985734,12,20,0.004166666666666652,0.004172188243289146,0.0041832313965341344,0.004194274549779122,0.00420531770302411,0.004221882432891592,False,False,False,False,False,False,False
46,-0.436045264607939,0.00025303643724705616,0.026163778457356446,0.026163778457356446,13,19,0.00025303643724705616,0.0002536984761756332,0.00025502255403278735,0.00025634663188994154,0.00025767070974709567,0.0002596568265328269,False,False,False,False,False,False,False
46,-0.3501531371514627,0.008928571428571397,0.0234454638124363,0.0234454638124363,14,18,0.008928571428571397,0.00894950487840393,0.008991371778068994,0.009033238677734057,0.009075105577399123,0.00913790592689672,False,False,False,False,False,False,False
46,-0.2607311962378709,0.029656862745098156,0.028202514441046565,0.028202514441046565,15,17,0.029656862745098156,0.029740502555082635,0.02990778217505158,0.03007506179502054,0.030242341414989493,0.03049326084494292,False,False,False,False,False,False,False
46,-0.13542281851027185,0.015625,0.04417261297995243,0.04417261297995243,16,16,0.015625,0.015694019707781174,0.015832059123343525,0.015970098538905877,0.016108137954468228,0.016315197077811757,False,False,False,False,False,False,False
46,-0.05247220226805846,0.04142156862745083,0.0037376826367651736,0.0037376826367651736,17,15,0.04142156862745083,0.04143705069523547,0.04146801483080475,0.04149897896637403,0.04152994310194331,0.04157638930529724,False,False,False,False,False,False,False
46,-0.024821996853987338,0.0803571428571428,0.012232415902140694,0.012232415902140694,18,14,0.0803571428571428,0.08045543905635642,0.0806520314547837,0.08084862385321095,0.0810452162516382,0.0813401048492791,False,False,False,False,False,False,False
46,0.020477275845661214,0.05693319838056676,0.013931362555215793,0.013931362555215793,19,13,0.05693319838056676,0.05701251408337353,0.05717114548898707,0.05732977689460062,0.05748840830021415,0.05772635540863446,False,False,False,False,False,False,False
46,0.08989694050226532,0.03750000000000009,0.026163778457356394,0.026163778457356394,20,12,0.03750000000000009,0.03759811416921517,0.037794342507645344,0.03799057084607552,0.038186799184505696,0.03848114169215095,False,False,False,False,False,False,False
46,0.14637395581611276,0.07819264069264076,0.006455997281685396,0.006455997281685396,21,11,0.07819264069264076,0.0782431218402167,0.0783440841353686,0.07844504643052051,0.0785460087256724,0.07869745216840024,False,False,False,False,False,False,False
46,0.17814227693015205,0.055681818181818166,0.011892626571525669,0.011892626571525669,22,10,0.055681818181818166,0.055748038488864164,0.055880479102956154,0.056012919717048144,0.056145360331140134,0.05634402125227811,False,False,False,False,False,False,False
46,0.31874651297191814,0.1089975845410629,0.06931702344546384,0.06931702344546384,23,9,0.1089975845410629,0.10975312335337607,0.11126420097800244,0.11277527860262877,0.11428635622725515,0.11655297266419469,False,False,False,False,False,False,False
46,0.5187692755417945,0.08333333333333315,0.04621134896364255,0.04621134896364255,24,8,0.08333333333333315,0.08371842790803018,0.08448861705742422,0.08525880620681825,0.08602899535621229,0.08718427908030336,False,False,False,False,False,False,False
46,0.6611384183121183,0.060357142857143,0.036017669045192005,0.036017669045192005,25,7,0.060357142857143,0.06057453521673719,0.06100931993592558,0.06144410465511397,0.06187888937430236,0.06253106645308495,False,False,False,False,False,False,False
46,0.7499720569828576,0.04006410256410253,0.015290519877675837,0.015290519877675837,26,6,0.04006410256410253,0.040125362659766295,0.04024788285109383,0.04037040304242136,0.04049292323374889,0.04067670352074019,False,False,False,False,False,False,False
46,0.8270396507965452,0.02268518518518503,0.029221882432891616,0.029221882432891616,27,5,0.02268518518518503,0.022751475566630017,0.022884056329519988,0.023016637092409958,0.023149217855299928,0.02334808899963488,False,False,False,False,False,False,False
46,1.0176495774807803,0.008928571428571175,0.0808698606863744,0.0808698606863744,28,4,0.008928571428571175,0.009000776661326865,0.009145187126838244,0.009289597592349623,0.009434008057861001,0.009650623756128069,False,False,False,False,False,False,False
46,1.2194372467792145,0.0007183908045976795,0.035677879714577025,0.035677879714577025,29,3,0.0007183908045976795,0.0007209538706691289,0.0007260800028120278,0.0007312061349549266,0.0007363322670978254,0.0007440214653121736,False,False,False,False,False,False,False
47,-1.0862028297002972,0.0581896551724137,0.009659379766141302,0.009659379766141302,3,29,0.0581896551724137,0.05824586277019081,0.058358277965745047,0.05847069316129928,0.05858310835685351,0.05875173115018485,False,False,False,False,False,False,False
47,-1.0685092220381853,0.008928571428571175,0.0015251652262327892,0.0015251652262327892,4,28,0.008928571428571175,0.008929933183237454,0.008932656692570012,0.00893538020190257,0.00893810371123513,0.008942188975233967,False,False,False,False,False,False,False
47,-1.0339262616076939,0.02268518518518503,0.020335536349771248,0.020335536349771248,5,27,0.02268518518518503,0.022731316725978494,0.022823579807565417,0.02291584288915234,0.023008105970739264,0.023146500593119654,False,False,False,False,False,False,False
47,-0.9961262816022729,0.001602564102564208,0.0035587188612099703,0.0035587188612099703,6,26,0.001602564102564208,0.0016031344100740173,0.0016042750250936358,0.0016054156401132545,0.0016065562551328732,0.0016082671776623014,False,False,False,False,False,False,False
47,-0.8867476160546719,0.008928571428571397,0.06558210472801222,0.06558210472801222,7,25,0.008928571428571397,0.008987126879221407,0.00910423778052143,0.009221348681821449,0.009338459583121472,0.009514125935071505,False,False,False,False,False,False,False
47,-0.7741519309321413,0.02083333333333348,0.005592272496187081,0.005592272496187081,8,24,0.02083333333333348,0.02084498390103387,0.02086828503643465,0.020891586171835428,0.020914887307236212,0.020949839010337378,False,False,False,False,False,False,False
47,-0.6736200692155963,0.03653381642512077,0.057956278596847995,0.057956278596847995,9,23,0.03653381642512077,0.036745552829414815,0.037169025638002895,0.037592498446590975,0.038015971255179054,0.038651180468061166,False,False,False,False,False,False,False
47,-0.5208116394064476,0.010227272727272751,0.038637519064565334,0.038637519064565334,10,22,0.010227272727272751,0.010266788371770603,0.010345819660766304,0.010424850949762006,0.010503882238757709,0.010622429172251261,False,False,False,False,False,False,False
47,-0.3953478759841993,0.00027056277056281,0.04067107269954245,0.04067107269954245,11,21,0.00027056277056281,0.00027166317837394496,0.0002738639939962149,0.0002760648096184848,0.0002782656252407547,0.00028156684867415967,False,False,False,False,False,False,False
47,-0.3302032295918781,0.004166666666666652,0.0005083884087442865,0.0005083884087442865,12,20,0.004166666666666652,0.004166878495170295,0.0041673021521775825,0.004167725809184869,0.0041681494661921555,0.004168784951703086,False,False,False,False,False,False,False
47,-0.2867734653303306,0.012398785425101089,0.026944585663446877,0.026944585663446877,13,19,0.012398785425101089,0.012432193438702022,0.01249900946590389,0.012565825493105755,0.012632641520307622,0.012732865561110421,False,False,False,False,False,False,False
47,-0.2425394461750508,0.024801587301587213,0.0010167768174885203,0.0010167768174885203,14,18,0.024801587301587213,0.02480410906948773,0.024809152605288765,0.0248141961410898,0.02481923967689083,0.024826804980592383,False,False,False,False,False,False,False
47,-0.23771391681265663,0.04142156862745083,0.0020335536349771724,0.0020335536349771724,15,17,0.04142156862745083,0.04142999192559571,0.04144683852188547,0.04146368511817524,0.041480531714465,0.04150580160889964,False,False,False,False,False,False,False
47,-0.2047394661696298,0.0625,0.018810371123538363,0.018810371123538363,16,16,0.0625,0.06261756481952212,0.06285269445856634,0.06308782409761057,0.06332295373665481,0.06367564819522115,False,False,False,False,False,False,False
47,-0.12833525126505554,0.029656862745098156,0.02948652770716827,0.02948652770716827,17,15,0.029656862745098156,0.029744310535602256,0.029919206116610465,0.030094101697618666,0.030268997278626874,0.03053134065013918,False,False,False,False,False,False,False
47,-0.06158209508526958,0.04861111111111116,0.012709710218607026,0.012709710218607026,18,14,0.04861111111111116,0.04867289442467384,0.04879646105179918,0.048920027678924526,0.049043594306049876,0.0492289442467379,False,False,False,False,False,False,False
47,0.039754021525007885,0.02049595141700411,0.05134722928317233,0.05134722928317233,19,13,0.02049595141700411,0.020601192448682675,0.020811674512039812,0.021022156575396946,0.021232638638754082,0.02154836173378978,False,False,False,False,False,False,False
47,0.19577947090908587,0.004166666666666763,0.04728012201321811,0.04728012201321811,20,12,0.004166666666666763,0.004186366717505604,0.004225766819183287,0.004265166920860969,0.004304567022538652,0.004363667175055177,False,False,False,False,False,False,False
47,0.28022623475098374,0.01325757575757569,0.006100660904931333,0.006100660904931333,21,11,0.01325757575757569,0.01326566375498753,0.013281839749811213,0.013298015744634894,0.013314191739458575,0.013338455731694098,False,False,False,False,False,False,False
47,0.3992559590233731,0.02840909090909094,0.06914082358922218,0.06914082358922218,22,10,0.02840909090909094,0.028605513703378504,0.02899835929195363,0.029391204880528755,0.02978405046910388,0.03037331885196657,False,False,False,False,False,False,False
47,0.5979069177752663,0.007548309178743939,0.056431113370615134,0.056431113370615134,23,9,0.007548309178743939,0.007590905127846154,0.007676097026050585,0.007761288924255016,0.007846480822459447,0.007974268669766095,False,False,False,False,False,False,False
47,0.7096983480040644,0.0,0.014234875444839847,0.014234875444839847,24,8,0.0,0.0,0.0,0.0,0.0,0.0,False,False,False,False,False,False,False
47,0.7563451318405412,0.008928571428571397,0.015251652262328419,0.015251652262328419,25,7,0.008928571428571397,0.00894218897523419,0.008969424068559776,0.008996659161885362,0.00902389425521095,0.00906474689519933,False,False,False,False,False,False,False
47,0.7997748961020889,0.04006410256410253,0.012201321809862805,0.012201321809862805,26,6,0.04006410256410253,0.04011298606494333,0.04021075306662492,0.040308520068306514,0.04040628706998811,0.0405529375725105,False,False,False,False,False,False,False
47,0.9147833459058166,0.02268518518518503,0.06049822064056939,0.06049822064056939,27,5,0.02268518518518503,0.022822426519045584,0.02309690918676668,0.02337139185448778,0.023645874522208878,0.024057598523790528,False,False,False,False,False,False,False
47,1.15445130423806,0.008928571428571175,0.09100152516522622,0.09100152516522622,28,4,0.008928571428571175,0.009009822790325838,0.009172325513835167,0.009334828237344495,0.009497330960853824,0.009741085046117814,False,False,False,False,False,False,False
47,1.3716001255457975,0.0007183908045976795,0.046263345195729506,0.046263345195729506,29,3,0.0007183908045976795,0.0007217143207755335,0.0007283613531312415,0.0007350083854869496,0.0007416554178426576,0.0007516259663762197,False,False,False,False,False,False,False
48,-0.9455784925190368,0.0581896551724137,0.06825396825396826,0.06825396825396826,3,29,0.0581896551724137,0.05858682266009843,0.05938115763546789,0.06017549261083735,0.060969827586206796,0.062161330049260985,False,False,False,False,False,False,False
48,-0.8177118165262096,0.08035714285714268,0.003968253968253981,0.003968253968253981,4,28,0.08035714285714268,0.08038903061224473,0.0804528061224488,0.08051658163265289,0.08058035714285697,0.08067602040816309,False,False,False,False,False,False,False
48,-0.7980400202196207,0.10416666666666674,0.007142857142857115,0.007142857142857115,5,27,0.10416666666666674,0.1042410714285715,0.10438988095238104,0.10453869047619055,0.10468750000000006,0.10491071428571436,False,False,False,False,False,False,False
48,-0.7657220691445106,0.1298076923076923,0.011111111111111127,0.011111111111111127,6,26,0.1298076923076923,0.12995192307692305,0.13024038461538462,0.13052884615384613,0.13081730769230768,0.13124999999999998,False,False,False,False,False,False,False
48,-0.5774348759243035,0.060357142857143,0.09523809523809526,0.09523809523809526,7,25,0.060357142857143,0.06093197278911579,0.06208163265306137,0.06323129251700696,0.06438095238095252,0.06610544217687091,False,False,False,False,False,False,False
48,-0.3975784525497773,0.02083333333333348,0.006349206349206316,0.006349206349206316,8,24,0.02083333333333348,0.02084656084656099,0.02087301587301602,0.020899470899471046,0.020925925925926077,0.020965608465608614,False,False,False,False,False,False,False
48,-0.3750963996279616,0.03653381642512077,0.006349206349206363,0.006349206349206363,9,23,0.03653381642512077,0.036557012499041475,0.0366034046468829,0.036649796794724326,0.03669618894256575,0.036765777164327884,False,False,False,False,False,False,False
48,-0.34699383347569185,0.010227272727272751,0.009523809523809528,0.009523809523809528,10,22,0.010227272727272751,0.010237012987013011,0.010256493506493531,0.01027597402597405,0.01029545454545457,0.01032467532467535,False,False,False,False,False,False,False
48,-0.3062451125549007,0.00027056277056281,0.013492063492063494,0.013492063492063494,11,21,0.00027056277056281,0.0002709278155707122,0.0002716579055865166,0.000272387995602321,0.00027311808561812537,0.000274213220641832,False,False,False,False,False,False,False
48,-0.26409126332649613,0.004166666666666652,0.010317460317460343,0.010317460317460343,12,20,0.004166666666666652,0.0041709656084655935,0.004179563492063477,0.004188161375661361,0.004196759259259245,0.0042096560846560695,False,False,False,False,False,False,False
48,-0.24441946701990735,0.012398785425101089,0.00079365079365076,0.00079365079365076,13,19,0.012398785425101089,0.012399769455690383,0.012401737516868969,0.012403705578047557,0.012405673639226147,0.012408625730994025,False,False,False,False,False,False,False
48,-0.22474767071331855,0.024801587301587213,0.010317460317460343,0.010317460317460343,14,18,0.024801587301587213,0.024827176240866628,0.024878354119425457,0.02492953199798429,0.024980709876543123,0.025057476694381367,False,False,False,False,False,False,False
48,-0.18399894979252746,0.04142156862745083,0.01269841269841268,0.01269841269841268,15,17,0.04142156862745083,0.04147416744475554,0.041579365079364924,0.04168456271397433,0.041789760348583734,0.041947556800497825,False,False,False,False,False,False,False
48,-0.15730151194787123,0.0625,0.00238095238095239,0.00238095238095239,16,16,0.0625,0.06251488095238095,0.06254464285714285,0.06257440476190476,0.06260416666666667,0.06264880952380952,False,False,False,False,False,False,False
48,-0.12498356087276102,0.029656862745098156,0.015873015873015893,0.015873015873015893,17,15,0.029656862745098156,0.029703937130407837,0.029798085901027196,0.029892234671646555,0.029986383442265913,0.03012760659819495,False,False,False,False,False,False,False
48,-0.05332201718447323,0.04861111111111116,0.024603174603174596,0.024603174603174596,18,14,0.04861111111111116,0.04873070987654326,0.04896990740740746,0.04920910493827165,0.049448302469135855,0.04980709876543214,False,False,False,False,False,False,False
48,0.025365168041882,0.07312753036437236,0.01984126984126986,0.01984126984126986,19,13,0.07312753036437236,0.07327262467065088,0.0735628132832079,0.07385300189576494,0.07414319050832198,0.07457847342715752,False,False,False,False,False,False,False
48,0.10826773819107771,0.03749999999999998,0.026984126984126992,0.026984126984126992,20,12,0.03749999999999998,0.037601190476190455,0.03780357142857141,0.038005952380952356,0.038208333333333316,0.03851190476190473,False,False,False,False,False,False,False
48,0.18836005172504636,0.01325757575757569,0.018253968253968227,0.018253968253968227,21,11,0.01325757575757569,0.013281776094276025,0.013330176767676699,0.013378577441077373,0.013426978114478046,0.013499579124579055,False,False,False,False,False,False,False
48,0.22208313110777,0.001136363636363713,0.0007936507936508228,0.0007936507936508228,22,10,0.001136363636363713,0.0011364538239539007,0.0011366341991342758,0.001136814574314651,0.0011369949494950263,0.001137265512265589,False,False,False,False,False,False,False
48,0.33027801079400854,0.007548309178743939,0.060317460317460346,0.060317460317460346,23,9,0.007548309178743939,0.007593838662679221,0.007684897630549783,0.007775956598420345,0.007867015566290905,0.008003604018096749,False,False,False,False,False,False,False
48,0.5255908455522831,0.02083333333333337,0.05000000000000001,0.05000000000000001,24,8,0.02083333333333337,0.020937500000000036,0.021145833333333367,0.021354166666666702,0.021562500000000036,0.02187500000000004,False,False,False,False,False,False,False
48,0.8965447187622433,0.003214285714285725,0.1595238095238095,0.1595238095238095,25,7,0.003214285714285725,0.0032655612244898067,0.0033681122448979703,0.003470663265306134,0.0035732142857142976,0.003727040816326543,False,False,False,False,False,False,False
48,1.3096524412006083,0.014423076923076983,0.07380952380952385,0.07380952380952385,26,6,0.014423076923076983,0.01452953296703303,0.014742445054945118,0.014955357142857206,0.015168269230769294,0.015487637362637426,False,False,False,False,False,False,False
48,1.4895088645751344,0.03749999999999998,0.02777777777777777,0.02777777777777777,27,5,0.03749999999999998,0.03760416666666665,0.03781249999999998,0.03802083333333331,0.03822916666666664,0.03854166666666664,False,False,False,False,False,False,False
48,1.5555498950329683,0.008928571428571508,0.009523809523809466,0.009523809523809466,28,4,0.008928571428571508,0.008937074829932053,0.00895408163265314,0.00897108843537423,0.008988095238095318,0.00901360544217695,False,False,False,False,False,False,False
49,-1.0104759191347847,0.0007183908045976795,0.00662251655629138,0.00662251655629138,3,29,0.0007183908045976795,0.0007188665600974131,0.0007198180710968802,0.0007207695820963472,0.0007217210930958144,0.0007231483595950151,False,False,False,False,False,False,False
49,-0.8524874695467313,0.008928571428571175,0.0927152317880795,0.0927152317880795,4,28,0.008928571428571175,0.009011352885524813,0.009176915799432094,0.009342478713339375,0.009508041627246656,0.009756385998107575,False,False,False,False,False,False,False
49,-0.6664121844763571,0.02268518518518503,0.02428256070640175,0.02428256070640175,5,27,0.02268518518518503,0.02274027062382455,0.0228504415011036,0.02296061237838264,0.023070783255661687,0.02323603957158025,False,False,False,False,False,False,False
49,-0.6137493679470061,0.04006410256410253,0.008830022075055186,0.008830022075055186,6,26,0.04006410256410253,0.04009947925510836,0.04017023263712003,0.04024098601913168,0.04031173940114334,0.04041786947416084,False,False,False,False,False,False,False
49,-0.5645974058529449,0.060357142857143,0.02207505518763798,0.02207505518763798,7,25,0.060357142857143,0.060490381583096955,0.06075685903500488,0.06102333648691279,0.06128981393882071,0.06168953011668259,False,False,False,False,False,False,False
49,-0.4908694627118533,0.02083333333333348,0.024282560706401786,0.024282560706401786,8,24,0.02083333333333348,0.02088392200147182,0.020985099337748496,0.021086276674025167,0.021187454010301844,0.02133922001471686,False,False,False,False,False,False,False
49,-0.44522835505308234,0.0027173913043480047,0.004415011037527557,0.004415011037527557,9,23,0.0027173913043480047,0.002718591035608203,0.0027209904981285982,0.0027233899606489936,0.002725789423169389,0.0027293886169499825,False,False,False,False,False,False,False
49,-0.41363066513547164,0.010227272727272751,0.0154525386313466,0.0154525386313466,10,22,0.010227272727272751,0.0102430764599639,0.0102746839253462,0.0103062913907285,0.010337898856110802,0.010385310054184253,False,False,False,False,False,False,False
49,-0.35043528530025025,0.03750000000000009,0.024282560706401734,0.024282560706401734,12,20,0.03750000000000009,0.03759105960264909,0.03777317880794711,0.03795529801324512,0.03813741721854314,0.038410596026490156,False,False,False,False,False,False,False
49,-0.2696856332885786,0.05693319838056676,0.026490066225165566,0.026490066225165566,13,19,0.05693319838056676,0.05708401480011794,0.05738564763922028,0.05768728047832262,0.05798891331742496,0.05844136257607846,False,False,False,False,False,False,False
49,-0.22404452562980748,0.024801587301587213,0.0022075055187638576,0.0022075055187638576,14,18,0.024801587301587213,0.024807062265671448,0.02481801219383992,0.024828962122008396,0.02483991205017686,0.024856336942429568,False,False,False,False,False,False,False
49,-0.2064902534533571,0.04142156862745083,0.008830022075055134,0.008830022075055134,15,17,0.04142156862745083,0.04145814396398721,0.04153129463705997,0.041604445310132736,0.041677595983205494,0.04178732199281464,False,False,False,False,False,False,False
49,-0.12222974700639526,0.04861111111111116,0.04415011037527599,0.04415011037527599,18,14,0.04861111111111116,0.048825729703213194,0.04925496688741727,0.04968420407162134,0.05011344125582541,0.05075729703213152,False,False,False,False,False,False,False
49,0.03575870258165821,0.02049595141700411,0.0551876379690949,0.0551876379690949,19,13,0.02049595141700411,0.020609063731667487,0.020835288360994245,0.021061512990321,0.021287737619647758,0.021627074563637893,False,False,False,False,False,False,False
49,0.16214946225210095,0.03749999999999998,0.024282560706401772,0.024282560706401772,20,12,0.03749999999999998,0.03759105960264898,0.037773178807947,0.03795529801324501,0.038137417218543024,0.03841059602649004,False,False,False,False,False,False,False
49,0.23938825982848266,0.06087662337662336,0.024282560706401786,0.024282560706401786,21,11,0.06087662337662336,0.06102444740689772,0.06132009546744645,0.06161574352799517,0.0619113915885439,0.06235486367936698,False,False,False,False,False,False,False
49,0.28151851305196357,0.02840909090909094,0.00220750551876377,0.00220750551876377,22,10,0.02840909090909094,0.028415362231587426,0.028427904876580406,0.028440447521573375,0.028452990166566355,0.028471804134055822,False,False,False,False,False,False,False
49,0.3728007283695055,0.05102657004830913,0.0551876379690949,0.0551876379690949,23,9,0.05102657004830913,0.0513081736357722,0.05187138081069835,0.0524345879856245,0.052997795160550656,0.05384260592293988,False,False,False,False,False,False,False
49,0.5097240513458186,0.02083333333333337,0.030905077262693217,0.030905077262693217,24,8,0.02083333333333337,0.02089771891096398,0.0210264900662252,0.021155261221486425,0.02128403237674765,0.021477189109639482,False,False,False,False,False,False,False
49,0.6957993364161927,0.003214285714285725,0.08609271523178809,0.08609271523178809,25,7,0.003214285714285725,0.003241958372753086,0.003297303689687807,0.003352649006622528,0.0034079943235572493,0.0034910122989593303,False,False,False,False,False,False,False
49,0.9380482924512078,0.001602564102564208,0.0662251655629138,0.0662251655629138,26,6,0.001602564102564208,0.0016131771098659576,0.0016344031244694569,0.0016556291390729563,0.001676855153676456,0.001708694175581705,False,False,False,False,False,False,False
49,1.0539064888157803,0.02268518518518503,0.006622516556291485,0.006622516556291485,27,5,0.02268518518518503,0.022700208486632175,0.02273025508952646,0.022760301692420746,0.022790348295315028,0.022835418199656454,False,False,False,False,False,False,False
49,1.2048732295332538,0.008928571428571175,0.08830022075055192,0.08830022075055192,28,4,0.008928571428571175,0.009007410911384166,0.009165089877010146,0.009322768842636128,0.00948044780826211,0.00971696625670108,False,False,False,False,False,False,False
49,1.3698833879918875,0.0007183908045976795,0.015452538631346565,0.015452538631346565,29,3,0.0007183908045976795,0.0007195009007637244,0.0007217210930958144,0.0007239412854279043,0.0007261614777599942,0.0007294917662581293,False,False,False,False,False,False,False
50,-0.7657436118831661,0.0581896551724137,0.009456264775413697,0.009456264775413697,3,29,0.0581896551724137,0.05824468085106374,0.05835473220836381,0.05846478356566388,0.058574834922963954,0.058739911958914065,False,False,False,False,False,False,False
50,-0.6926732114188684,0.08035714285714268,0.035460992907801435,0.035460992907801435,4,28,0.08035714285714268,0.08064209726443751,0.08121200607902719,0.08178191489361684,0.08235182370820651,0.083206686930091,False,False,False,False,False,False,False
50,-0.6080653793023132,0.10416666666666674,0.01654846335697397,0.01654846335697397,5,27,0.10416666666666674,0.10433904649330188,0.10468380614657219,0.10502856579984246,0.10537332545311277,0.1058904649330182,False,False,False,False,False,False,False
50,-0.5772988948962932,0.04006410256410253,0.0023640661938534244,0.0023640661938534244,6,26,0.04006410256410253,0.040073573983148425,0.04009251682124019,0.04011145965933197,0.040130402497423744,0.0401588167545614,False,False,False,False,False,False,False
50,-0.5657614632440356,0.060357142857143,0.004728132387706849,0.004728132387706849,7,25,0.060357142857143,0.06038568051334022,0.06044275582573468,0.060499831138129144,0.060556906450523605,0.060642519419115304,False,False,False,False,False,False,False
50,-0.5119201155335005,0.08333333333333315,0.028368794326241144,0.028368794326241144,8,24,0.08333333333333315,0.08356973995271849,0.08404255319148918,0.08451536643025986,0.08498817966903055,0.08569739952718658,False,False,False,False,False,False,False
50,-0.4580787678229653,0.1089975845410629,0.004728132387706866,0.004728132387706866,9,23,0.1089975845410629,0.10904912004202795,0.10915219104395804,0.10925526204588812,0.1093583330478182,0.10951293955071331,False,False,False,False,False,False,False
50,-0.4350039045184503,0.055681818181818166,0.009456264775413697,0.009456264775413697,10,22,0.055681818181818166,0.055734472383408534,0.05583978078658928,0.05594508918977002,0.05605039759295077,0.056208360197721886,False,False,False,False,False,False,False
50,-0.4003916095616777,0.07819264069264076,0.011820330969267157,0.011820330969267157,11,21,0.07819264069264076,0.07828506698187557,0.07846991956034516,0.07865477213881476,0.07883962471728435,0.07911690358498877,False,False,False,False,False,False,False
50,-0.3542418829526475,0.05693319838056676,0.016548463356974005,0.016548463356974005,13,19,0.05693319838056676,0.05702741407528637,0.057215845464725607,0.05740427685416483,0.05759270824360407,0.0578753553277629,False,False,False,False,False,False,False
50,-0.3157837774451224,0.0803571428571428,0.0070921985815602905,0.0070921985815602905,14,18,0.0803571428571428,0.08041413373860176,0.0805281155015197,0.08064209726443762,0.08075607902735557,0.08092705167173245,False,False,False,False,False,False,False
50,-0.26963405083609226,0.10808823529411782,0.021276595744680847,0.021276595744680847,15,17,0.10808823529411782,0.10831821026282872,0.10877816020025048,0.10923811013767228,0.10969806007509404,0.1103879849812267,False,False,False,False,False,False,False
50,-0.21194689257480465,0.0625,0.014184397163120564,0.014184397163120564,16,16,0.0625,0.0625886524822695,0.0627659574468085,0.06294326241134751,0.06312056737588652,0.06338652482269504,False,False,False,False,False,False,False
50,-0.1581055448642695,0.08848039215686265,0.01891252955082743,0.01891252955082743,17,15,0.08848039215686265,0.0886477309599962,0.0889824085662633,0.08931708617253038,0.08965176377879748,0.09015378018819811,False,False,False,False,False,False,False
50,-0.11964743935674443,0.04861111111111116,0.004728132387706832,0.004728132387706832,18,14,0.04861111111111116,0.04863409508799584,0.04868006304176521,0.04872603099553459,0.04877199894930396,0.048840950879958024,False,False,False,False,False,False,False
50,-0.1081100077044869,0.07312753036437236,0.0023640661938534543,0.0023640661938534543,19,13,0.07312753036437236,0.07314481819660981,0.07317939386108469,0.07321396952555957,0.07324854519003444,0.07330040868674677,False,False,False,False,False,False,False
50,-0.09657257605222938,0.06087662337662336,0.004728132387706828,0.004728132387706828,21,11,0.06087662337662336,0.06090540665008748,0.06096297319701573,0.06102053974394398,0.06107810629087223,0.06116445611126461,False,False,False,False,False,False,False
50,-0.0311937966894367,0.09204545454545454,0.035460992907801456,0.035460992907801456,22,10,0.09204545454545454,0.0923718568665377,0.09302466150870406,0.0936774661508704,0.09433027079303676,0.09530947775628626,False,False,False,False,False,False,False
50,0.16109673084818885,0.05102657004830913,0.08274231678486997,0.08274231678486997,23,9,0.05102657004830913,0.05144877571064738,0.0522931870353239,0.053137598360000406,0.05398200968467691,0.055248626671691684,False,False,False,False,False,False,False
50,0.30339172122603164,0.02083333333333337,0.004728132387706815,0.004728132387706815,24,8,0.02083333333333337,0.02084318360914109,0.020862884160756535,0.02088258471237198,0.020902285263987425,0.020931836091410597,False,False,False,False,False,False,False
50,0.33031239508129917,0.003214285714285725,0.011820330969267157,0.011820330969267157,25,7,0.003214285714285725,0.0032180851063829895,0.0032256838905775184,0.0032332826747720473,0.0032408814589665763,0.00325227963525837,False,False,False,False,False,False,False
50,0.38799955334258684,0.001602564102564208,0.023640661938534296,0.023640661938534296,26,6,0.001602564102564208,0.0016063526701825628,0.001613929805419273,0.0016215069406559832,0.0016290840758926934,0.001640449778747759,False,False,False,False,False,False,False
50,0.49952805931440963,0.0004629629629629983,0.0449172576832151,0.0449172576832151,27,5,0.0004629629629629983,0.0004650424656335177,0.0004692014709745565,0.0004733604763155952,0.00047751948165663394,0.0004837579896681921,False,False,False,False,False,False,False
50,0.8225761455776205,0.008928571428571508,0.15366430260047287,0.15366430260047287,28,4,0.008928571428571508,0.009065771698750504,0.009340172239108492,0.009614572779466481,0.009888973319824473,0.010300574130361458,False,False,False,False,False,False,False
50,1.1071661263333064,0.03520114942528729,0.02127659574468089,0.02127659574468089,29,3,0.03520114942528729,0.035276045487894286,0.035425837613108274,0.03557562973832227,0.03572542186353625,0.03595011005135724,False,False,False,False,False,False,False
51,-0.9955870203168531,0.08035714285714268,0.037128712871287106,0.037128712871287106,4,28,0.08035714285714268,0.08065549858557267,0.08125221004243263,0.0818489214992926,0.08244563295615258,0.08334070014144254,False,False,False,False,False,False,False
51,-0.8649462322009551,0.10416666666666674,0.027227722772277262,0.027227722772277262,5,27,0.10416666666666674,0.10445028877887798,0.10501753300330041,0.10558477722772286,0.1061520214521453,0.10700288778877895,False,False,False,False,False,False,False
51,-0.7845519010527102,0.04006410256410253,0.01237623762376235,0.01237623762376235,6,26,0.04006410256410253,0.04011368684945414,0.040212855420157366,0.04031202399086059,0.040411192561563815,0.040559945417618655,False,False,False,False,False,False,False
51,-0.7041575699044654,0.060357142857143,0.027227722772277235,0.027227722772277235,7,25,0.060357142857143,0.060521481612447095,0.060850159123055296,0.061178836633663504,0.061507514144271705,0.062000530410184024,False,False,False,False,False,False,False
51,-0.6237632387562205,0.02083333333333348,0.012376237623762379,0.012376237623762379,8,24,0.02083333333333348,0.020859117161716317,0.020910684818481993,0.020962252475247672,0.021013820132013347,0.021091171617161866,False,False,False,False,False,False,False
51,-0.5735167817885675,0.0027173913043480047,0.012376237623762379,0.012376237623762379,9,23,0.0027173913043480047,0.00272075441239794,0.0027274806284978115,0.0027342068445976825,0.002740933060697554,0.002751022384847361,False,False,False,False,False,False,False
51,-0.5433689076079757,0.010227272727272751,0.0024752475247524484,0.0024752475247524484,10,22,0.010227272727272751,0.010229804230423065,0.010234867236723696,0.010239930243024326,0.010244993249324956,0.010252587758775902,False,False,False,False,False,False,False
51,-0.5182456791241491,0.021915584415584277,0.009900990099009944,0.009900990099009944,11,21,0.021915584415584277,0.021937283014015548,0.021980680210878092,0.022024077407740636,0.022067474604603177,0.022132570399896995,False,False,False,False,False,False,False
51,-0.47804851355002664,0.03750000000000009,0.009900990099009875,0.009900990099009875,12,20,0.03750000000000009,0.037537128712871376,0.03761138613861395,0.037685643564356525,0.0377599009900991,0.03787128712871296,False,False,False,False,False,False,False
51,-0.4529252850662002,0.05693319838056676,0.0024752475247524623,0.0024752475247524623,13,19,0.05693319838056676,0.05694729075640353,0.05697547550807708,0.05700366025975063,0.05703184501142417,0.0570741221389345,False,False,False,False,False,False,False
51,-0.3624816625244247,0.0803571428571428,0.04207920792079209,0.04207920792079209,14,18,0.0803571428571428,0.08069527934936344,0.08137155233380473,0.08204782531824603,0.08272409830268734,0.0837385077793493,False,False,False,False,False,False,False
51,-0.23686552010529205,0.10808823529411782,0.019801980198019813,0.019801980198019813,15,17,0.10808823529411782,0.10830227140361112,0.10873034362259773,0.10915841584158434,0.10958648806057093,0.11022859638905085,False,False,False,False,False,False,False
51,-0.18661906313763893,0.0625,0.004950495049504965,0.004950495049504965,16,16,0.0625,0.0625309405940594,0.06259282178217822,0.06265470297029703,0.06271658415841584,0.06280940594059406,False,False,False,False,False,False,False
51,-0.15144654326028173,0.029656862745098156,0.012376237623762385,0.012376237623762385,17,15,0.029656862745098156,0.029693566783149015,0.029766974859250745,0.029840382935352475,0.0299137910114542,0.030023903125606797,False,False,False,False,False,False,False
51,-0.020805755144383813,0.008928571428571397,0.051980198019801964,0.051980198019801964,18,14,0.008928571428571397,0.008974982319660504,0.009067804101838722,0.00916062588401694,0.009253447666195158,0.009392680339462485,False,False,False,False,False,False,False
51,0.08973645018445285,0.00025303643724705616,0.0024752475247524623,0.0024752475247524623,19,13,0.00025303643724705616,0.0002530990700285529,0.0002532243355915465,0.0002533496011545401,0.0002534748667175337,0.00025366276506202413,False,False,False,False,False,False,False
51,0.12993361575857532,0.004166666666666652,0.01732673267326735,0.01732673267326735,20,12,0.004166666666666652,0.004173886138613847,0.004188325082508236,0.004202764026402626,0.004217202970297015,0.0042388613861385985,False,False,False,False,False,False,False
51,0.23042652969388144,0.021915584415584277,0.032178217821782165,0.032178217821782165,21,11,0.021915584415584277,0.021986104860485908,0.022127145750289172,0.022268186640092436,0.022409227529895704,0.022620788864600602,False,False,False,False,False,False,False
51,0.3208701522356569,0.010227272727272751,0.012376237623762379,0.012376237623762379,22,10,0.010227272727272751,0.010239930243024326,0.010265245274527476,0.010290560306030627,0.010315875337533777,0.010353847884788504,False,False,False,False,False,False,False
51,0.3660919635065447,0.0027173913043480047,0.00990099009900993,0.00990099009900993,23,9,0.0027173913043480047,0.0027200817907879534,0.0027254627636678504,0.0027308437365477474,0.0027362247094276444,0.0027442961687474897,False,False,False,False,False,False,False
51,0.39623983768713655,0.02083333333333348,0.0049504950495049245,0.0049504950495049245,24,8,0.02083333333333348,0.020843646864686618,0.020864273927392887,0.020884900990099157,0.02090552805280543,0.020936468646864836,False,False,False,False,False,False,False
51,0.48165881453214676,0.008928571428571397,0.03712871287128715,0.03712871287128715,25,7,0.008928571428571397,0.008961722065063616,0.009028023338048058,0.009094324611032498,0.00916062588401694,0.009260077793493603,False,False,False,False,False,False,False
51,0.7529896821574731,0.001602564102564208,0.09653465346534647,0.09653465346534647,26,6,0.001602564102564208,0.0016180343995939117,0.0016489749936533197,0.0016799155877127278,0.0017108561817721357,0.0017572670728612475,False,False,False,False,False,False,False
51,0.9690494471183813,0.0004629629629629983,0.00990099009900993,0.00990099009900993,27,5,0.0004629629629629983,0.0004634213421342488,0.0004643381004767498,0.0004652548588192508,0.0004661716171617518,0.00046754675467550324,False,False,False,False,False,False,False
51,1.1549613378986976,0.008928571428571508,0.0816831683168317,0.0816831683168317,28,4,0.008928571428571508,0.009001502828854393,0.009147365629420165,0.009293228429985938,0.00943909123055171,0.00965788543140037,False,False,False,False,False,False,False
51,1.7076723645428813,0.0007183908045976795,0.19059405940594057,0.19059405940594057,29,3,0.0007183908045976795,0.0007320829065664966,0.0007594671105041309,0.0007868513144417652,0.0008142355183793996,0.000855311824285851,False,False,False,False,False,False,False
52,-1.0204208330977256,0.008928571428571175,0.004149377593361025,0.004149377593361025,4,28,0.008928571428571175,0.008932276229993819,0.008939685832839106,0.008947095435684393,0.008954505038529681,0.00896561944279761,False,False,False,False,False,False,False
52,-0.9935270242308815,0.02268518518518503,0.012448132780082938,0.012448132780082938,5,27,0.02268518518518503,0.022713424004917625,0.022769901644382817,0.02282637928384801,0.022882856923313197,0.022967573382510983,False,False,False,False,False,False,False
52,-0.9599097631473262,0.001602564102564208,0.008298755186721981,0.008298755186721981,6,26,0.001602564102564208,0.0016038940312800287,0.0016065538887116706,0.0016092137461433125,0.0016118736035749543,0.001615863389722417,False,False,False,False,False,False,False
52,-0.9330159542804819,0.003214285714285725,0.008298755186722016,0.008298755186722016,7,25,0.003214285714285725,0.0032169531713100285,0.0032222880853586358,0.0032276229994072426,0.0032329579134558494,0.00324096028452876,False,False,False,False,False,False,False
52,-0.8523345276799491,0.0,0.04149377593360998,0.04149377593360998,8,24,0.0,0.0,0.0,0.0,0.0,0.0,False,False,False,False,False,False,False
52,-0.6708013178287504,0.0027173913043480047,0.07053941908713691,0.07053941908713691,9,23,0.0027173913043480047,0.0027365596247521193,0.0027748962655603482,0.0028132329063685776,0.002851569547176807,0.00290907450838915,False,False,False,False,False,False,False
52,-0.5430557257112402,0.00027056277056281,0.008298755186721981,0.008298755186721981,11,21,0.00027056277056281,0.00027078730398236416,0.00027123637082147254,0.000271685437660581,0.00027213450449968936,0.00027280810475835193,False,False,False,False,False,False,False
52,-0.4758212035441296,0.004166666666666652,0.033195020746887946,0.033195020746887946,12,20,0.004166666666666652,0.004180497925311189,0.004208160442600262,0.004235822959889335,0.004263485477178408,0.004304979253112017,False,False,False,False,False,False,False
52,-0.3682459680767526,0.00025303643724705616,0.03319502074688798,0.03319502074688798,13,19,0.00025303643724705616,0.0002538763922254696,0.00025555630218229654,0.0002572362121391235,0.00025891612209595036,0.00026143598703119085,False,False,False,False,False,False,False
52,-0.22033001930910912,0.0009920634920637106,0.05809128630705395,0.05809128630705395,14,18,0.0009920634920637106,0.0009978265164989355,0.0010093525653693852,0.0010208786142398348,0.0010324046631102848,0.0010496937364159594,False,False,False,False,False,False,False
52,-0.11947823605844315,0.006127450980392246,0.00414937759336097,0.00414937759336097,15,17,0.006127450980392246,0.006129993491172492,0.006135078512732983,0.006140163534293475,0.006145248555853966,0.006152876088194703,False,False,False,False,False,False,False
52,-0.045520261674621434,0.015625,0.04149377593360999,0.04149377593360999,16,16,0.015625,0.015689834024896265,0.015819502074688796,0.015949170124481327,0.01607883817427386,0.016273340248962657,False,False,False,False,False,False,False
52,0.04860806935933347,0.029656862745098156,0.016597510373443952,0.016597510373443952,17,15,0.029656862745098156,0.029706085753803714,0.029804531771214827,0.02990297778862594,0.030001423806037056,0.030149092832153727,False,False,False,False,False,False,False
52,0.13601294817657725,0.04861111111111116,0.037344398340248955,0.037344398340248955,18,14,0.04861111111111116,0.0487926463808207,0.04915571692023979,0.049518787459658875,0.04988185799907796,0.050426463808206604,False,False,False,False,False,False,False
52,0.20997092256039898,0.07312753036437236,0.008298755186722016,0.008298755186722016,19,13,0.07312753036437236,0.07318821711156272,0.07330959060594341,0.07343096410032411,0.07355233759470481,0.07373439783627586,False,False,False,False,False,False,False
52,0.2839288969442207,0.06087662337662336,0.03734439834024894,0.03734439834024894,21,11,0.06087662337662336,0.061103963463921954,0.061558643638519144,0.062013323813116326,0.06246800398771351,0.06315002424960929,False,False,False,False,False,False,False
52,0.4049510368450198,0.09204545454545454,0.037344398340248955,0.037344398340248955,22,10,0.09204545454545454,0.09238919275745001,0.09307666918144096,0.0937641456054319,0.09445162202942285,0.09548283666540928,False,False,False,False,False,False,False
52,0.4990793678789748,0.13315217391304324,0.020746887966805006,0.020746887966805006,23,9,0.13315217391304324,0.13342842323651427,0.13398092188345637,0.13453342053039846,0.13508591917734053,0.13591466714775366,False,False,False,False,False,False,False
52,0.5394200811792411,0.08333333333333337,0.004149377593360957,0.004149377593360957,24,8,0.08333333333333337,0.08336791147994471,0.0834370677731674,0.08350622406639008,0.08357538035961276,0.08367911479944679,False,False,False,False,False,False,False
52,0.5663138900460853,0.1289285714285714,0.012448132780082973,0.012448132780082973,25,7,0.1289285714285714,0.12908906342620033,0.12941004742145817,0.12973103141671602,0.13005201541197386,0.13053349140486065,False,False,False,False,False,False,False
52,0.5999311511296408,0.07852564102564097,0.008298755186722118,0.008298755186722118,26,6,0.07852564102564097,0.07859080753271619,0.07872114054686663,0.07885147356101707,0.07898180657516751,0.07917730609639319,False,False,False,False,False,False,False
52,0.6201015077797741,0.1337962962962964,0.004149377593360957,0.004149377593360957,27,5,0.1337962962962964,0.13385181343168906,0.13396284770247438,0.13407388197325967,0.134184916244045,0.13435146765022296,False,False,False,False,False,False,False
52,0.6738891255134625,0.0803571428571429,0.029045643153526937,0.029045643153526937,28,4,0.0803571428571429,0.08059054534676946,0.08105735032602257,0.08152415530527568,0.08199096028452879,0.08269116775340846,False,False,False,False,False,False,False
52,0.7478470998972843,0.16163793103448276,0.016597510373444032,0.016597510373444032,29,3,0.16163793103448276,0.16190620975819145,0.16244276720560882,0.16297932465302617,0.16351588210044354,0.1643207182715696,False,False,False,False,False,False,False
53,-0.8744352625962406,0.0581896551724137,0.01840490797546015,0.01840490797546015,3,29,0.0581896551724137,0.0582967526972709,0.05851094774698531,0.058725142796699714,0.05893933784641412,0.05926063042098574,False,False,False,False,False,False,False
53,-0.76824049327161,0.008928571428571175,0.030674846625766868,0.030674846625766868,4,28,0.008928571428571175,0.008955959684487038,0.009010736196318762,0.009065512708150486,0.009120289219982213,0.0092024539877298,False,False,False,False,False,False,False
53,-0.65540855086419,0.02268518518518503,0.02147239263803682,0.02147239263803682,5,27,0.02268518518518503,0.02273389570552132,0.022831316746193892,0.022928737786866465,0.02302615882753904,0.0231722903885479,False,False,False,False,False,False,False
53,-0.5624881277051383,0.04006410256410253,0.02147239263803677,0.02147239263803677,6,26,0.04006410256410253,0.040150129778197235,0.040322184206386634,0.040494238634576026,0.040666293062765424,0.04092437470504951,False,False,False,False,False,False,False
53,-0.5093907430428231,0.08333333333333315,0.0030674846625767254,0.0030674846625767254,8,24,0.08333333333333315,0.0833588957055213,0.08341002044989758,0.08346114519427385,0.08351226993865013,0.08358895705521453,False,False,False,False,False,False,False
53,-0.48947922379445474,0.13750000000000007,0.006134969325153348,0.006134969325153348,10,22,0.13750000000000007,0.13758435582822093,0.13775306748466265,0.13792177914110437,0.13809049079754607,0.13834355828220865,False,False,False,False,False,False,False
53,-0.4496561852977183,0.07819264069264076,0.012269938650306773,0.012269938650306773,11,21,0.07819264069264076,0.07828858258306118,0.078480466363902,0.07867235014474284,0.07886423392558368,0.07915205959684493,False,False,False,False,False,False,False
53,-0.35673576213866653,0.03750000000000009,0.030674846625766843,0.030674846625766843,12,20,0.03750000000000009,0.037615030674846714,0.037845092024539964,0.038075153374233214,0.038305214723926465,0.038650306748466354,False,False,False,False,False,False,False
53,-0.2704525120624043,0.0803571428571428,0.00920245398773006,0.00920245398773006,14,18,0.0803571428571428,0.08043109114811563,0.0805789877300613,0.08072688431200696,0.08087478089395261,0.0810966257668711,False,False,False,False,False,False,False
53,-0.20408078123451007,0.10808823529411782,0.02147239263803684,0.02147239263803684,15,17,0.10808823529411782,0.10832032659689661,0.10878450920245417,0.10924869180801172,0.10971287441356929,0.11040914832190564,False,False,False,False,False,False,False
53,-0.10452318499266894,0.17867647058823533,0.024539877300613452,0.024539877300613452,17,15,0.17867647058823533,0.17911494045470952,0.1799918801876579,0.1808688199206063,0.1817457596535547,0.18306116925297727,False,False,False,False,False,False,False
53,-0.044788627247564265,0.2232142857142858,0.0030674846625767223,0.0030674846625767223,18,14,0.2232142857142858,0.2232827563540755,0.2234196976336548,0.22355663891323413,0.22369358019281343,0.2238989921121824,False,False,False,False,False,False,False
53,0.0215831035803299,0.15814777327935237,0.027607361963190174,0.027607361963190174,19,13,0.15814777327935237,0.15858437756141194,0.15945758612553107,0.16033079468965017,0.1612040032537693,0.162513816099948,False,False,False,False,False,False,False
53,0.16760091140169686,0.10416666666666674,0.0398773006134969,0.0398773006134969,20,12,0.10416666666666674,0.10458205521472401,0.10541283231083852,0.10624360940695304,0.10707438650306755,0.10832055214723935,False,False,False,False,False,False,False
53,0.267158507643538,0.1431277056277055,0.0061349693251533995,0.0061349693251533995,21,11,0.1431277056277055,0.14321551403606606,0.14339113085278715,0.14356674766950828,0.14374236448622937,0.14400578971131103,False,False,False,False,False,False,False
53,0.3733532769681686,0.1920454545454544,0.042944785276073615,0.042944785276073615,22,10,0.1920454545454544,0.19287018962632446,0.19451965978806454,0.19616912994980468,0.19781860011154476,0.2002928053541549,False,False,False,False,False,False,False
53,0.47954804629279923,0.13315217391304324,0.0061349693251533865,0.0061349693251533865,23,9,0.13315217391304324,0.13323386236329662,0.13339723926380342,0.13356061616431023,0.13372399306481703,0.13396905841557724,False,False,False,False,False,False,False
53,0.5193710847895358,0.1875,0.012269938650306785,0.012269938650306785,24,8,0.1875,0.18773006134969325,0.18819018404907975,0.18865030674846625,0.18911042944785275,0.1898006134969325,False,False,False,False,False,False,False
53,0.7184862772732181,0.1289285714285714,0.07975460122699381,0.07975460122699381,25,7,0.1289285714285714,0.12995683610867656,0.13201336546888692,0.13406989482909726,0.13612642418930757,0.1392112182296231,False,False,False,False,False,False,False
53,1.0304334121643204,0.19391025641025628,0.06441717791411043,0.06441717791411043,26,6,0.19391025641025628,0.1951593715589113,0.19765760185622136,0.2001558321535314,0.20265406245084147,0.20640140789680655,False,False,False,False,False,False,False
53,1.2029999123168449,0.28935185185185164,0.015337423312883448,0.015337423312883448,27,5,0.28935185185185164,0.2897956430356735,0.29068322540331726,0.29157080777096095,0.29245839013860464,0.2937897636900702,False,False,False,False,False,False,False
53,1.4220266240488957,0.2232142857142857,0.08588957055214728,0.08588957055214728,28,4,0.2232142857142857,0.22513146362839612,0.228965819456617,0.23280017528483785,0.23663453111305874,0.24238606485539,False,False,False,False,False,False,False
53,1.733973758939998,0.16163793103448276,0.05828220858895699,0.05828220858895699,29,3,0.16163793103448276,0.1625799925957267,0.1644641157182145,0.16634823884070235,0.16823236196319016,0.1710585466469219,False,False,False,False,False,False,False
54,-0.8337689825599117,0.03520114942528729,0.0058479532163742765,0.0058479532163742765,3,29,0.03520114942528729,0.03522173489278746,0.035262905827787794,0.035304076762788135,0.03534524769778847,0.03540700410028897,False,False,False,False,False,False,False
54,-0.8004162467990997,0.0803571428571429,0.008771929824561403,0.008771929824561403,4,28,0.0803571428571429,0.0804276315789474,0.08056860902255643,0.08070958646616545,0.08085056390977448,0.08106203007518802,False,False,False,False,False,False,False
54,-0.7737340581904502,0.03749999999999998,0.002923976608187126,0.002923976608187126,5,27,0.03749999999999998,0.037510964912280675,0.03753289473684208,0.03755482456140349,0.03757675438596489,0.037609649122806996,False,False,False,False,False,False,False
54,-0.7403813224296383,0.014423076923076983,0.011695906432748553,0.011695906432748553,6,26,0.014423076923076983,0.014439946018893448,0.014473684210526376,0.014507422402159303,0.014541160593792235,0.014591767881241627,False,False,False,False,False,False,False
54,-0.7070285866688264,0.003214285714285725,0.002923976608187126,0.002923976608187126,7,25,0.003214285714285725,0.003215225563909785,0.0032171052631579052,0.003218984962406026,0.003220864661654146,0.003223684210526327,False,False,False,False,False,False,False
54,-0.6803463980601768,0.02083333333333337,0.008771929824561403,0.008771929824561403,8,24,0.02083333333333337,0.020851608187134538,0.020888157894736876,0.020924707602339217,0.020961257309941556,0.021016081871345068,False,False,False,False,False,False,False
54,-0.5335943607126044,0.05102657004830913,0.05555555555555558,0.05555555555555558,9,23,0.05102657004830913,0.05131005099302195,0.05187701288244761,0.052443974771873264,0.053010936661298934,0.053861379495437414,False,False,False,False,False,False,False
54,-0.38017177621286946,0.09204545454545454,0.01169590643274854,0.01169590643274854,10,22,0.09204545454545454,0.09215311004784689,0.09236842105263157,0.09258373205741625,0.09279904306220096,0.093122009569378,False,False,False,False,False,False,False
54,-0.3001252103869208,0.06087662337662336,0.02339181286549709,0.02339181286549709,11,21,0.06087662337662336,0.06101902483481429,0.06130382775119616,0.061588630667578026,0.061873433583959886,0.06230063795853268,False,False,False,False,False,False,False
54,-0.17338481449583543,0.03749999999999998,0.0321637426900585,0.0321637426900585,12,20,0.03749999999999998,0.0376206140350877,0.03786184210526313,0.038103070175438576,0.038344298245614014,0.03870614035087717,False,False,False,False,False,False,False
54,-0.08666770151772446,0.02049595141700411,0.005847953216374237,0.005847953216374237,13,19,0.02049595141700411,0.02050793735350528,0.020531909226507626,0.02055588109950997,0.020579852972512313,0.02061581078201583,False,False,False,False,False,False,False
54,-0.04664441860475016,0.008928571428571397,0.01169590643274857,0.01169590643274857,14,18,0.008928571428571397,0.008939014202172066,0.008959899749373402,0.008980785296574739,0.009001670843776077,0.00903299916457808,False,False,False,False,False,False,False
54,4.941146038659611e-05,0.0022058823529413907,0.008771929824561403,0.008771929824561403,15,17,0.0022058823529413907,0.0022078173374615144,0.0022116873065017627,0.0022155572755420106,0.0022194272445822585,0.002225232198142631,False,False,False,False,False,False,False
54,0.0400726943733609,0.015625,0.008771929824561403,0.008771929824561403,16,16,0.015625,0.015638706140350876,0.01566611842105263,0.015693530701754384,0.01572094298245614,0.015762061403508772,False,False,False,False,False,False,False
54,0.07342543013417285,0.006127450980392246,0.005847953216374287,0.005847953216374287,17,15,0.006127450980392246,0.006131034285059142,0.006138200894392935,0.006145367503726727,0.006152534113060518,0.006163284027061206,False,False,False,False,False,False,False
54,0.10677816589498482,0.0009920634920637106,0.008771929824561403,0.008771929824561403,18,14,0.0009920634920637106,0.0009929337231970997,0.000994674185463878,0.0009964146477306566,0.0009981551099974351,0.0010007658033976028,False,False,False,False,False,False,False
54,0.15347199596012145,0.00025303643724705616,0.011695906432748523,0.011695906432748523,19,13,0.00025303643724705616,0.00025333238629646795,0.00025392428439529143,0.00025451618249411497,0.0002551080805929385,0.0002559959277411737,False,False,False,False,False,False,False
54,0.1868247317209333,0.004166666666666763,0.002923976608187114,0.002923976608187114,20,12,0.004166666666666763,0.004167884990253507,0.004170321637426996,0.004172758284600487,0.004175194931773976,0.00417884990253421,False,False,False,False,False,False,False
54,0.24018910893823242,0.01325757575757569,0.02046783625730998,0.02046783625730998,21,11,0.01325757575757569,0.013284711146553184,0.013338981924508171,0.013393252702463162,0.013447523480418149,0.013528929647350633,False,False,False,False,False,False,False
54,0.30689458045985635,0.02840909090909094,0.008771929824561403,0.008771929824561403,22,10,0.02840909090909094,0.02843401116427435,0.028483851674641177,0.028533692185008,0.02858353269537483,0.02865829346092507,False,False,False,False,False,False,False
54,0.33357676906850586,0.02083333333333337,0.002923976608187114,0.002923976608187114,24,8,0.02083333333333337,0.02083942495126709,0.020851608187134538,0.020863791423001987,0.020875974658869433,0.020894249512670604,False,False,False,False,False,False,False
54,0.3936116934379673,0.04321428571428587,0.023391812865497096,0.023391812865497096,25,7,0.04321428571428587,0.04331537176274034,0.04351754385964928,0.04371971595655823,0.04392188805346716,0.04422514619883057,False,False,False,False,False,False,False
54,0.527022636481215,0.014423076923076983,0.0350877192982456,0.0350877192982456,26,6,0.014423076923076983,0.014473684210526376,0.014574898785425162,0.014676113360323949,0.014777327935222734,0.014929149797570911,False,False,False,False,False,False,False
54,0.7604917868068986,0.0004629629629629983,0.06725146198830417,0.06725146198830417,27,5,0.0004629629629629983,0.00046607645657356823,0.00047230344379470794,0.0004785304310158477,0.0004847574182369874,0.0004940978990686971,False,False,False,False,False,False,False
54,1.0206431257412314,0.008928571428571508,0.046783625730994066,0.046783625730994066,28,4,0.008928571428571508,0.008970342522974182,0.00905388471177953,0.009137426900584876,0.009220969089390223,0.009346282372598245,False,False,False,False,False,False,False
54,1.1940773516974534,0.03520114942528729,0.029239766081871406,0.029239766081871406,29,3,0.03520114942528729,0.035304076762788135,0.03550993143778981,0.03571578611279149,0.035921640787793176,0.036230422800295696,False,False,False,False,False,False,False
55,-0.7994755729415318,0.0581896551724137,0.04621848739495798,0.04621848739495798,3,29,0.0581896551724137,0.058458598956824016,0.05899648652564465,0.05953437409446528,0.0600722616632859,0.06087909301651686,False,False,False,False,False,False,False
55,-0.6518771142575309,0.008928571428571175,0.02521008403361345,0.02521008403361345,4,28,0.008928571428571175,0.008951080432172614,0.008996098439375494,0.009041116446578373,0.009086134453781253,0.009153661464585574,False,False,False,False,False,False,False
55,-0.5911012783288248,0.02268518518518503,0.004201680672268863,0.004201680672268863,5,27,0.02268518518518503,0.022694716775598974,0.02271377995642686,0.02273284313725475,0.022751906318082632,0.022780501089324463,False,False,False,False,False,False,False
55,-0.5737367537777659,0.008928571428571397,0.004201680672268917,0.004201680672268917,7,25,0.008928571428571397,0.008932322929171637,0.008939825930372116,0.008947328931572598,0.008954831932773077,0.008966086434573797,False,False,False,False,False,False,False
55,-0.5476899669511774,0.0,0.008403361344537834,0.008403361344537834,8,24,0.0,0.0,0.0,0.0,0.0,0.0,False,False,False,False,False,False,False
55,-0.5042786555735301,0.010227272727272751,0.012605042016806725,0.012605042016806725,10,22,0.010227272727272751,0.010240164247517213,0.010265947288006136,0.010291730328495058,0.010317513368983981,0.010356187929717365,False,False,False,False,False,False,False
55,-0.4521850819203533,0.021915584415584277,0.012605042016806725,0.012605042016806725,11,21,0.021915584415584277,0.02194320910182241,0.021998458474298672,0.022053707846774934,0.022108957219251196,0.02219183127796559,False,False,False,False,False,False,False
55,-0.40009150826717654,0.03750000000000009,0.01260504201680671,0.01260504201680671,12,20,0.03750000000000009,0.03754726890756312,0.037641806722689165,0.037736344537815214,0.03783088235294126,0.03797268907563034,False,False,False,False,False,False,False
55,-0.35668019688952923,0.05693319838056676,0.008403361344537808,0.008403361344537808,13,19,0.05693319838056676,0.056981041404415976,0.05707672745211441,0.05717241349981284,0.057268099547511275,0.05741162861905892,False,False,False,False,False,False,False
55,-0.33063341006294084,0.024801587301587213,0.004201680672268917,0.004201680672268917,14,18,0.024801587301587213,0.02481200813658788,0.024832849806589213,0.02485369147659055,0.024874533146591882,0.02490579565159388,False,False,False,False,False,False,False
55,-0.31326888551188187,0.04142156862745083,0.004201680672268917,0.004201680672268917,15,17,0.04142156862745083,0.04143897264788254,0.04147378068874594,0.041508588729609344,0.041543396770472744,0.041595608831767855,False,False,False,False,False,False,False
55,-0.29590436096082295,0.015625,0.004201680672268877,0.004201680672268877,16,16,0.015625,0.01563156512605042,0.01564469537815126,0.0156578256302521,0.01567095588235294,0.0156906512605042,False,False,False,False,False,False,False
55,-0.2698575741342346,0.029656862745098156,0.008403361344537848,0.008403361344537848,17,15,0.029656862745098156,0.029681784478497397,0.029731627945295883,0.029781471412094366,0.029831314878892852,0.029906080079090576,False,False,False,False,False,False,False
55,-0.20039947592999885,0.008928571428571397,0.02521008403361343,0.02521008403361343,18,14,0.008928571428571397,0.008951080432172838,0.008996098439375717,0.009041116446578599,0.00908613445378148,0.0091536614645858,False,False,False,False,False,False,False
55,-0.1222591154502337,0.00025303643724705616,0.012605042016806718,0.012605042016806718,19,13,0.00025303643724705616,0.0002533553907393844,0.00025399329772404083,0.00025463120470869727,0.0002552691116933537,0.0002562259721703384,False,False,False,False,False,False,False
55,-0.026754230419409646,0.004166666666666763,0.03361344537815124,0.03361344537815124,20,12,0.004166666666666763,0.00418067226890766,0.004208683473389453,0.004236694677871246,0.004264705882353039,0.0043067226890757294,False,False,False,False,False,False,False
55,0.0687506546114144,0.00027056277056281,0.012605042016806716,0.012605042016806716,21,11,0.00027056277056281,0.0002709038160719228,0.00027158590709014835,0.0002722679981083739,0.0002729500891265995,0.0002739732256539378,False,False,False,False,False,False,False
55,0.15557327736670912,0.001136363636363713,0.029411764705882394,0.029411764705882394,22,10,0.001136363636363713,0.001139705882353018,0.0011463903743316281,0.0011530748663102382,0.0011597593582888482,0.0011697860962567635,False,False,False,False,False,False,False
55,0.23371363784647428,0.007548309178743939,0.008403361344537766,0.008403361344537766,23,9,0.007548309178743939,0.007554652295700867,0.007567338529614723,0.0075800247635285775,0.007592710997442433,0.007611740348313216,False,False,False,False,False,False,False
55,0.2944894737751804,0.02083333333333337,0.021008403361344546,0.021008403361344546,24,8,0.02083333333333337,0.02087710084033617,0.020964635854341773,0.021052170868347375,0.021139705882352977,0.02127100840336138,False,False,False,False,False,False,False
55,0.4507701947347109,0.003214285714285725,0.054621848739495826,0.054621848739495826,25,7,0.003214285714285725,0.0032318427370948487,0.003266956782713096,0.0033020708283313435,0.0033371848739495915,0.0033898559423769623,False,False,False,False,False,False,False
55,0.5810041288676528,0.001602564102564208,0.008403361344537754,0.008403361344537754,26,6,0.001602564102564208,0.001603910795087371,0.0016066041801336974,0.0016092975651800239,0.0016119909502263503,0.0016160310277958398,False,False,False,False,False,False,False
55,0.7112380630005948,0.0004629629629629983,0.05462184873949584,0.05462184873949584,27,5,0.0004629629629629983,0.0004654917522564937,0.0004705493308434844,0.0004756069094304752,0.00048066448801746596,0.00048825085589795204,False,False,False,False,False,False,False
55,1.3624077336653044,0.008928571428571175,0.26050420168067223,0.26050420168067223,28,4,0.008928571428571175,0.009161164465786053,0.009626350540215812,0.010091536614645572,0.01055672268907533,0.011254501800719968,False,False,False,False,False,False,False
55,1.9614838306768376,0.0007183908045976795,0.029411764705882474,0.029411764705882474,29,3,0.0007183908045976795,0.0007205037187288491,0.0007247295469911884,0.0007289553752535278,0.0007331812035158671,0.000739519945909376,False,False,False,False,False,False,False
56,-0.867987129636387,0.16163793103448276,0.006756756756756746,0.006756756756756746,3,29,0.16163793103448276,0.1617471458527493,0.1619655754892824,0.16218400512581546,0.16240243476234856,0.1627300792171482,False,False,False,False,False,False,False
56,-0.8352557713959088,0.0803571428571429,0.006756756756756768,0.006756756756756768,4,28,0.0803571428571429,0.08041143822393827,0.08052002895752901,0.08062861969111973,0.08073721042471048,0.08090009652509658,False,False,False,False,False,False,False
56,-0.8025244131554304,0.03749999999999998,0.006756756756756746,0.006756756756756746,5,27,0.03749999999999998,0.03752533783783781,0.037576013513513494,0.03762668918918916,0.037677364864864844,0.03775337837837836,False,False,False,False,False,False,False
56,-0.753427375794713,0.014423076923076983,0.013513513513513514,0.013513513513513514,6,26,0.014423076923076983,0.014442567567567628,0.014481548856548917,0.014520530145530206,0.014559511434511495,0.01461798336798343,False,False,False,False,False,False,False
56,-0.6225019428327999,0.04321428571428587,0.04054054054054052,0.04054054054054052,7,25,0.04321428571428587,0.04338947876447893,0.04373986486486502,0.04409025096525112,0.04444063706563723,0.04496621621621638,False,False,False,False,False,False,False
56,-0.5161250285512455,0.02083333333333337,0.003378378378378396,0.003378378378378396,8,24,0.02083333333333337,0.020840371621621657,0.020854448198198233,0.020868524774774813,0.02088260135135139,0.020903716216216253,False,False,False,False,False,False,False
56,-0.49157650987088675,0.05102657004830913,0.006756756756756735,0.006756756756756735,9,23,0.05102657004830913,0.051061047460503925,0.05113000228489354,0.05119895710928314,0.05126791193367275,0.05137134417025716,False,False,False,False,False,False,False
56,-0.4588451516304085,0.09204545454545454,0.00675675675675678,0.00675675675675678,10,22,0.09204545454545454,0.0921076474201474,0.09223203316953317,0.09235641891891891,0.09248080466830466,0.09266738329238329,False,False,False,False,False,False,False
56,-0.40974811426969104,0.1431277056277055,0.01351351351351348,0.01351351351351348,11,21,0.1431277056277055,0.14332112144612133,0.14370795308295295,0.1440947847197846,0.14448161635661622,0.14506186381186364,False,False,False,False,False,False,False
56,-0.3524682373488541,0.10416666666666674,0.010135135135135163,0.010135135135135163,12,20,0.10416666666666674,0.10427224099099106,0.10448338963963971,0.10469453828828836,0.10490568693693701,0.10522240990990998,False,False,False,False,False,False,False
56,-0.23790848350718005,0.04861111111111116,0.037162162162162136,0.037162162162162136,14,18,0.04861111111111116,0.04879176051051057,0.04915305930930936,0.04951435810810816,0.04987565690690696,0.05041760510510515,False,False,False,False,False,False,False
56,-0.10698305054526691,0.029656862745098156,0.016891891891891907,0.016891891891891907,15,17,0.029656862745098156,0.029706958797032446,0.029807150900901018,0.029907343004769597,0.03000753510863817,0.03015782326444103,False,False,False,False,False,False,False
56,-0.0578860131845495,0.015625,0.003378378378378357,0.003378378378378357,16,16,0.015625,0.015630278716216216,0.015640836148648647,0.015651393581081082,0.015661951013513514,0.01567778716216216,False,False,False,False,False,False,False
56,0.02394238241664615,0.006127450980392246,0.030405405405405397,0.030405405405405397,17,15,0.006127450980392246,0.006146081743508303,0.006183343269740419,0.006220604795972533,0.006257866322204649,0.0063137586115528214,False,False,False,False,False,False,False
56,0.122136457138081,0.024801587301587213,0.010135135135135132,0.010135135135135132,18,14,0.024801587301587213,0.024826724045473956,0.024876997533247444,0.024927271021020932,0.02497754450879442,0.02505295474045465,False,False,False,False,False,False,False
56,0.1875991736190376,0.012398785425101089,0.016891891891891903,0.016891891891891903,19,13,0.012398785425101089,0.012419729319400247,0.012461617107998561,0.012503504896596877,0.01254539268519519,0.012608224368092662,False,False,False,False,False,False,False
56,0.2776104087803529,0.004166666666666652,0.020270270270270264,0.020270270270270264,20,12,0.004166666666666652,0.004175112612612598,0.00419200450450449,0.004208896396396381,0.004225788288288274,0.0042511261261261105,False,False,False,False,False,False,False
56,0.45763287910298356,0.021915584415584277,0.05405405405405407,0.05405405405405407,21,11,0.021915584415584277,0.022034047034046895,0.02227097227097213,0.022507897507897365,0.0227448227448226,0.023100210600210457,False,False,False,False,False,False,False
56,0.6622038681059729,0.010227272727272751,0.0304054054054054,0.0304054054054054,22,10,0.010227272727272751,0.010258369164619188,0.010320562039312064,0.010382754914004939,0.010444947788697813,0.010538237100737126,False,False,False,False,False,False,False
56,0.7440322637071686,0.03653381642512077,0.00337837837837835,0.00337837837837835,23,9,0.03653381642512077,0.03654615893066979,0.03657084394176785,0.036595528952865906,0.03662021396396396,0.03665724148061104,False,False,False,False,False,False,False
56,0.7931293010678859,0.08333333333333315,0.01689189189189191,0.01689189189189191,24,8,0.08333333333333315,0.08347409909909892,0.08375563063063045,0.08403716216216199,0.0843186936936935,0.0847409909909908,False,False,False,False,False,False,False
56,0.8995062153494404,0.060357142857143,0.02702702702702703,0.02702702702702703,25,7,0.060357142857143,0.06052027027027041,0.06084652509652523,0.06117277992278007,0.0614990347490349,0.06198841698841713,False,False,False,False,False,False,False
56,1.0631630065518318,0.04006410256410253,0.04054054054054054,0.04054054054054054,26,6,0.04006410256410253,0.04022652460152457,0.040551368676368646,0.04087621275121271,0.04120105682605679,0.041688322938322905,False,False,False,False,False,False,False
56,1.3986594285167344,0.02268518518518503,0.097972972972973,0.097972972972973,27,5,0.02268518518518503,0.022907438688688532,0.023351945695695535,0.023796452702702538,0.024240959709709547,0.024907720220220052,False,False,False,False,False,False,False
56,1.7832528878423544,0.008928571428571175,0.0608108108108108,0.0608108108108108,28,4,0.008928571428571175,0.00898286679536654,0.009091457528957271,0.009200048262548001,0.009308638996138732,0.009471525096524826,False,False,False,False,False,False,False
56,2.0860179515667783,0.0007183908045976795,0.06418918918918913,0.06418918918918913,29,3,0.0007183908045976795,0.000723002096924489,0.0007322246815781077,0.0007414472662317266,0.0007506698508853454,0.0007645037278657737,False,False,False,False,False,False,False
57,-0.7154194293837222,0.0581896551724137,0.0032679738562091496,0.0032679738562091496,3,29,0.0581896551724137,0.05820867139959423,0.058246703853955285,0.058284736308316334,0.05832276876267739,0.058379817444218975,False,False,False,False,False,False,False
57,-0.6940659863223022,0.08035714285714268,0.006535947712418299,0.006535947712418299,4,28,0.08035714285714268,0.08040966386554604,0.08051470588235277,0.08061974789915949,0.08072478991596621,0.0808823529411763,False,False,False,False,False,False,False
57,-0.658476914553269,0.02268518518518503,0.009803921568627449,0.009803921568627449,5,27,0.02268518518518503,0.022707425562817563,0.022751906318082632,0.0227963870733477,0.02284086782861277,0.022907588961510374,False,False,False,False,False,False,False
57,-0.615770028430429,0.001602564102564208,0.009803921568627449,0.009803921568627449,6,26,0.001602564102564208,0.0016041352438412315,0.001607277526395279,0.0016104198089493264,0.001613562091503374,0.0016182755153344452,False,False,False,False,False,False,False
57,-0.5303562561847492,0.008928571428571397,0.029411764705882346,0.029411764705882346,7,25,0.008928571428571397,0.008954831932773077,0.009007352941176439,0.0090598739495798,0.009112394957983161,0.009191176470588201,False,False,False,False,False,False,False
57,-0.45917811264668273,0.02083333333333348,0.0032679738562091626,0.0032679738562091626,8,24,0.02083333333333348,0.020840141612200585,0.02085375816993479,0.020867374727668992,0.0208809912854032,0.020901416122004506,False,False,False,False,False,False,False
57,-0.39511778346242277,0.055681818181818166,0.026143790849673224,0.026143790849673224,10,22,0.055681818181818166,0.055827391562685666,0.05611853832442066,0.05640968508615565,0.056700831847890654,0.057137551990493154,False,False,False,False,False,False,False
57,-0.30970401121674285,0.07819264069264076,0.013071895424836612,0.013071895424836612,11,21,0.07819264069264076,0.07829485329485336,0.07849927849927857,0.07870370370370376,0.07890812890812897,0.07921476671476678,False,False,False,False,False,False,False
57,-0.27411493944770965,0.10416666666666674,0.003267973856209124,0.003267973856209124,12,20,0.10416666666666674,0.10420070806100225,0.10426879084967328,0.1043368736383443,0.10440495642701532,0.10450708061002185,False,False,False,False,False,False,False
57,-0.22429023897106315,0.13385627530364352,0.019607843137254905,0.019607843137254905,13,19,0.13385627530364352,0.13411873858855264,0.13464366515837084,0.13516859172818904,0.13569351829800724,0.13648090815273456,False,False,False,False,False,False,False
57,-0.10328739495634995,0.10808823529411782,0.0359477124183007,0.0359477124183007,15,17,0.10808823529411782,0.10847678777393327,0.10925389273356419,0.11003099769319509,0.11080810265282602,0.11197376009227239,False,False,False,False,False,False,False
57,-0.0036379940030567357,0.0625,0.009803921568627449,0.009803921568627449,16,16,0.0625,0.06256127450980392,0.06268382352941176,0.0628063725490196,0.06292892156862745,0.06311274509803921,False,False,False,False,False,False,False
57,0.08177577824262308,0.08848039215686265,0.029411764705882346,0.029411764705882346,17,15,0.08848039215686265,0.08874062860438284,0.0892611014994232,0.08978157439446358,0.09030204728950393,0.09108275663206448,False,False,False,False,False,False,False
57,0.1671895504883029,0.04861111111111116,0.009803921568627449,0.009803921568627449,18,14,0.04861111111111116,0.048658769063180875,0.04875408496732031,0.048849400871459746,0.048944716775599174,0.049087690631808324,False,False,False,False,False,False,False
57,0.23836769402636937,0.10416666666666674,0.02287581699346403,0.02287581699346403,20,12,0.10416666666666674,0.10440495642701532,0.10488153594771249,0.10535811546840966,0.10583469498910682,0.10654956427015257,False,False,False,False,False,False,False
57,0.2953102088568226,0.06087662337662336,0.0032679738562091877,0.0032679738562091877,21,11,0.06087662337662336,0.06089651769798827,0.06093630634071809,0.06097609498344791,0.06101588362617773,0.06107556659027246,False,False,False,False,False,False,False
57,0.3522527236872759,0.13315217391304324,0.022875816993464033,0.022875816993464033,23,9,0.13315217391304324,0.13345677038931492,0.13406596334185825,0.13467515629440158,0.1352843492469449,0.1361981386757599,False,False,False,False,False,False,False
57,0.4946090107634089,0.08333333333333337,0.042483660130718984,0.042483660130718984,24,8,0.08333333333333337,0.0836873638344227,0.08439542483660134,0.08510348583877998,0.08581154684095865,0.08687363834422662,False,False,False,False,False,False,False
57,0.7508503275004486,0.1289285714285714,0.07516339869281047,0.07516339869281047,25,7,0.1289285714285714,0.12989764239028942,0.13183578431372545,0.1337739262371615,0.13571206816059753,0.13861928104575158,False,False,False,False,False,False,False
57,1.0355629016527144,0.07852564102564097,0.05555555555555549,0.05555555555555549,26,6,0.07852564102564097,0.07896189458689452,0.07983440170940165,0.08070690883190877,0.08157941595441588,0.08288817663817657,False,False,False,False,False,False,False
57,1.170801374375041,0.03749999999999998,0.0065359477124184015,0.0065359477124184015,27,5,0.03749999999999998,0.037524509803921545,0.037573529411764686,0.03762254901960782,0.037671568627450955,0.03774509803921567,False,False,False,False,False,False,False
57,1.2989220327435609,0.0803571428571429,0.052287581699346344,0.052287581699346344,28,4,0.0803571428571429,0.0807773109243698,0.08161764705882357,0.08245798319327735,0.08329831932773113,0.08455882352941181,False,False,False,False,False,False,False
57,1.562281163834407,0.16163793103448276,0.06862745098039219,0.06862745098039219,29,3,0.16163793103448276,0.16274721095334685,0.16496577079107505,0.16718433062880328,0.16940289046653145,0.17273073022312374,False,False,False,False,False,False,False
58,-0.9669523357613049,0.03520114942528729,0.07425742574257428,0.07425742574257428,3,29,0.03520114942528729,0.03546254409923744,0.03598533344713775,0.03650812279503806,0.03703091214293837,0.03781509616478883,False,False,False,False,False,False,False
58,-0.8319754115734699,0.008928571428571508,0.009900990099009868,0.009900990099009868,4,28,0.008928571428571508,0.008937411598302766,0.008955091937765284,0.008972772277227802,0.00899045261669032,0.009016973125884098,False,False,False,False,False,False,False
58,-0.7605170399446162,0.0004629629629629983,0.03465346534653464,0.03465346534653464,5,27,0.0004629629629629983,0.00046456729006237504,0.0004677759442611285,0.00047098459845988194,0.0004741932526586354,0.0004790062339567656,False,False,False,False,False,False,False
58,-0.6572993920362717,0.001602564102564208,0.02970297029702971,0.02970297029702971,6,26,0.001602564102564208,0.001607324193957963,0.001616844376745473,0.0016263645595329832,0.0016358847423204935,0.0016501650165017586,False,False,False,False,False,False,False
58,-0.5937808394772905,0.008928571428571397,0.009900990099009868,0.009900990099009868,7,25,0.008928571428571397,0.008937411598302655,0.008955091937765173,0.00897277227722769,0.008990452616690209,0.009016973125883985,False,False,False,False,False,False,False
58,-0.5223224678484367,0.0,0.03465346534653468,0.03465346534653468,8,24,0.0,0.0,0.0,0.0,0.0,0.0,False,False,False,False,False,False,False
58,-0.4588039152894555,0.0027173913043480047,0.004950495049504951,0.004950495049504951,9,23,0.0027173913043480047,0.002718736547567979,0.0027214270340079273,0.002724117520447876,0.0027268080068878243,0.0027308437365477474,False,False,False,False,False,False,False
58,-0.4270446390099649,0.001136363636363713,0.014851485148514854,0.014851485148514854,10,22,0.001136363636363713,0.0011380513051305898,0.0011414266426643435,0.0011448019801980971,0.0011481773177318506,0.001153240324032481,False,False,False,False,False,False,False
58,-0.379405724590729,0.00027056277056281,0.014851485148514837,0.014851485148514837,11,21,0.00027056277056281,0.0002709645964596854,0.00027176824825343634,0.00027257190004718727,0.0002733755518409382,0.00027458102953156456,False,False,False,False,False,False,False
58,-0.2841278957522573,0.004166666666666763,0.044554455445544545,0.044554455445544545,12,20,0.004166666666666763,0.0041852310231024065,0.0042223597359736945,0.0042594884488449825,0.0042966171617162706,0.004352310231023203,False,False,False,False,False,False,False
58,-0.1967898859836581,0.00025303643724705616,0.009900990099009929,0.009900990099009929,13,19,0.00025303643724705616,0.00025328696837304335,0.00025378803062501773,0.00025428909287699206,0.00025479015512896644,0.000255541748506928,False,False,False,False,False,False,False
58,-0.1650306097041675,0.0009920634920637106,0.009900990099009877,0.009900990099009877,14,18,0.0009920634920637106,0.0009930457331449617,0.000995010215307464,0.0009969746974699666,0.000998939179632469,0.0010018859028762227,False,False,False,False,False,False,False
58,-0.14121115249454957,0.006127450980392246,0.004950495049504969,0.004950495049504969,15,17,0.006127450980392246,0.006130484371966697,0.0061365511551156006,0.006142617938264504,0.006148684721413407,0.006157784896136762,False,False,False,False,False,False,False
58,-0.12533151435480422,0.015625,0.00495049504950496,0.00495049504950496,16,16,0.015625,0.01563273514851485,0.015648205445544554,0.015663675742574257,0.01567914603960396,0.015702351485148515,False,False,False,False,False,False,False
58,-0.061812961795823095,0.0022058823529413907,0.034653465346534615,0.034653465346534615,17,15,0.0022058823529413907,0.0022135264997090094,0.0022288147932442467,0.002244103086779484,0.0022593913803147215,0.0022823238206175775,False,False,False,False,False,False,False
58,0.07316396239201194,0.008928571428571397,0.04950495049504954,0.04950495049504954,18,14,0.008928571428571397,0.00897277227722769,0.009061173974540279,0.009149575671852867,0.009237977369165455,0.009370579915134339,False,False,False,False,False,False,False
58,0.18432142937022902,0.02049595141700411,0.01980198019801977,0.01980198019801977,19,13,0.02049595141700411,0.020536537459414018,0.020617709544233837,0.020698881629053655,0.020780053713873474,0.0209018118411032,False,False,False,False,False,False,False
58,0.2795992582087008,0.01325757575757569,0.03960396039603962,0.03960396039603962,21,11,0.01325757575757569,0.013310081008100742,0.013415091509150847,0.013520102010200952,0.013625112511251057,0.013782628262826214,False,False,False,False,False,False,False
58,0.3748770870471725,0.001136363636363713,0.019801980198019754,0.019801980198019754,22,10,0.001136363636363713,0.0011386138613862155,0.0011431143114312202,0.001147614761476225,0.00115211521152123,0.0011588658865887371,False,False,False,False,False,False,False
58,0.4145761823965358,0.007548309178743939,0.004950495049505021,0.004950495049505021,23,9,0.007548309178743939,0.00755204596546609,0.007559519538910391,0.007566993112354692,0.007574466685798992,0.007585677045965444,False,False,False,False,False,False,False
58,0.4304558205362812,0.02083333333333337,0.004950495049504917,0.004950495049504917,24,8,0.02083333333333337,0.020843646864686507,0.020864273927392776,0.020884900990099046,0.02090552805280532,0.020936468646864725,False,False,False,False,False,False,False
58,0.4463354586760263,0.04321428571428587,0.004950495049504917,0.004950495049504917,25,7,0.04321428571428587,0.04323567892503552,0.04327846534653481,0.04332125176803411,0.043364038189533397,0.043428217821782335,False,False,False,False,False,False,False
58,0.5019141921651349,0.07852564102564097,0.02970297029702971,0.02970297029702971,26,6,0.07852564102564097,0.07875888550393495,0.07922537446052291,0.07969186341711089,0.08015835237369885,0.0808580858085808,False,False,False,False,False,False,False
58,0.6527707544927153,0.1337962962962964,0.06435643564356439,0.06435643564356439,27,5,0.1337962962962964,0.1346573615694904,0.13637949211587838,0.13810162266226636,0.13982375320865434,0.14240694902823628,False,False,False,False,False,False,False
58,0.8909653265888947,0.0803571428571429,0.08415841584158415,0.08415841584158415,28,4,0.0803571428571429,0.0810334158415842,0.08238596181046681,0.08373850777934942,0.08509105374823202,0.08711987270155593,False,False,False,False,False,False,False
58,1.089460803335711,0.03520114942528729,0.03960396039603961,0.03960396039603961,29,3,0.03520114942528729,0.035340559918060704,0.035619380903607535,0.035898201889154366,0.0361770228747012,0.036595254353021446,False,False,False,False,False,False,False
59,-0.9664918336796351,0.03520114942528729,0.013513513513513419,0.013513513513513419,3,29,0.03520114942528729,0.03524871854613228,0.035343856787822245,0.035438995029512206,0.035534133271202174,0.03567684063373711,False,False,False,False,False,False,False
59,-0.9428569459798342,0.008928571428571508,0.013513513513513674,0.013513513513513674,4,28,0.008928571428571508,0.008940637065637146,0.00896476833976842,0.008988899613899695,0.009013030888030968,0.00904922779922788,False,False,False,False,False,False,False
59,-0.9074046144301328,0.03749999999999998,0.027027027027026966,0.027027027027026966,5,27,0.03749999999999998,0.03760135135135133,0.03780405405405403,0.03800675675675673,0.03820945945945944,0.03851351351351349,False,False,False,False,False,False,False
59,-0.7655952882313275,0.014423076923076983,0.13513513513513514,0.13513513513513514,6,26,0.014423076923076983,0.01461798336798343,0.015007796257796321,0.015397609147609211,0.015787422037422102,0.01637214137214144,False,False,False,False,False,False,False
59,-0.6001510743327214,0.02083333333333337,0.05405405405405406,0.05405405405405406,8,24,0.02083333333333337,0.020945945945945982,0.02117117117117121,0.021396396396396435,0.02162162162162166,0.021959459459459495,False,False,False,False,False,False,False
59,-0.5174289673834184,0.05102657004830913,0.04054054054054054,0.04054054054054054,9,23,0.05102657004830913,0.05123343452147795,0.05164716346781559,0.05206089241415323,0.05247462136049087,0.05309521477999734,False,False,False,False,False,False,False
59,-0.4701591919838166,0.02840909090909094,0.01351351351351345,0.01351351351351345,10,22,0.02840909090909094,0.028447481572481604,0.028524262899262933,0.02860104422604426,0.028677825552825584,0.02879299754299757,False,False,False,False,False,False,False
59,-0.3874370850345136,0.01325757575757569,0.08108108108108115,0.08108108108108115,11,21,0.01325757575757569,0.013365069615069546,0.01358005733005726,0.013795045045044975,0.01401003276003269,0.01433251433251426,False,False,False,False,False,False,False
59,-0.29289753423531006,0.03749999999999998,0.027027027027026997,0.027027027027026997,12,20,0.03749999999999998,0.03760135135135133,0.03780405405405403,0.038006756756756736,0.03820945945945944,0.03851351351351349,False,False,False,False,False,False,False
59,-0.24562775883570837,0.029656862745098156,0.027027027027026966,0.027027027027026966,15,17,0.029656862745098156,0.029737016428193014,0.029897323794382733,0.030057631160572452,0.030217938526762175,0.030458399576046753,False,False,False,False,False,False,False
59,-0.18654053958620623,0.015625,0.04054054054054054,0.04054054054054054,16,16,0.015625,0.015688344594594596,0.015815033783783784,0.01594172297297297,0.016068412162162163,0.016258445945945946,False,False,False,False,False,False,False
59,-0.09200098878700268,0.006127450980392246,0.06756756756756761,0.06756756756756761,17,15,0.006127450980392246,0.006168852676205708,0.006251656067832629,0.006334459459459552,0.006417262851086475,0.006541467938526857,False,False,False,False,False,False,False
59,0.01435600586210133,0.0009920634920637106,0.05405405405405407,0.05405405405405407,18,14,0.0009920634920637106,0.000997425997426217,0.0010081510081512302,0.0010188760188762432,0.0010296010296012563,0.0010456885456887762,False,False,False,False,False,False,False
59,0.07344322511160346,0.00025303643724705616,0.013513513513513431,0.013513513513513431,19,13,0.00025303643724705616,0.00025337837837847115,0.000254062260641301,0.0002547461429041309,0.00025543002516696076,0.0002564558485612055,False,False,False,False,False,False,False
59,0.0970781128114043,0.00027056277056281,0.013513513513513545,0.013513513513513545,21,11,0.00027056277056281,0.0002709283959284354,0.00027165964665968624,0.00027239089739093707,0.0002731221481221879,0.00027421902421906417,False,False,False,False,False,False,False
59,0.12071300051120523,0.001136363636363713,0.013513513513513545,0.013513513513513545,22,10,0.001136363636363713,0.0011378992628993398,0.0011409705159705931,0.0011440417690418464,0.0011471130221130995,0.0011517199017199796,False,False,False,False,False,False,False
59,0.16798277591080701,0.007548309178743939,0.04054054054054053,0.04054054054054053,23,9,0.007548309178743939,0.00757891043217128,0.00764011293902596,0.00770131544588064,0.007762517952735322,0.007854321713017342,False,False,False,False,False,False,False
59,0.2625223267100104,0.02083333333333337,0.0675675675675675,0.0675675675675675,24,8,0.02083333333333337,0.020974099099099138,0.021255630630630667,0.0215371621621622,0.02181869369369373,0.02224099099099103,False,False,False,False,False,False,False
59,0.33342698980941315,0.03749999999999998,0.013513513513513674,0.013513513513513674,27,5,0.03749999999999998,0.03755067567567566,0.03765202702702701,0.03775337837837836,0.03785472972972971,0.038006756756756736,False,False,False,False,False,False,False
59,0.4397839844585171,0.008928571428571508,0.10810810810810789,0.10810810810810789,28,4,0.008928571428571508,0.009025096525096605,0.009218146718146799,0.009411196911196993,0.009604247104247189,0.00989382239382248,False,False,False,False,False,False,False
59,0.5697758668074218,0.0007183908045976795,0.04054054054054058,0.04054054054054058,29,3,0.0007183908045976795,0.0007213031997514538,0.0007271279900590026,0.0007329527803665515,0.0007387775706741001,0.0007475147561354233,False,False,False,False,False,False,False
