dataset,seed,method,eps,attack_success_rate,attacked_accuracy,median_min_flip_linf,reachable_fraction
adult,3,matched_gini,0.05,0.004761904761904762,0.8466666666666667,0.8422352957885809,1.0
adult,3,mags_fixed,0.05,0.004761904761904762,0.8542857142857143,1.0628859494472465,1.0
adult,3,mags_binary_excluded,0.05,0.004761904761904762,0.8466666666666667,0.8422352957885809,1.0
adult,3,matched_gini_unrestricted,0.05,0.004761904761904762,0.8466666666666667,0.8422352957885809,1.0
adult,3,mags_fixed_unrestricted,0.05,0.004761904761904762,0.8542857142857143,1.1901150914621255,1.0
adult,3,cart_fixed,0.05,0.0009523809523809524,0.8504761904761905,0.8422353011629888,1.0
adult,3,mags_tuned,0.05,0.006666666666666667,0.8380952380952381,0.8422352957885809,1.0
adult,3,cart_tuned_depth,0.05,0.0,0.82,1.0628859591744255,1.0
adult,3,cart_pruned,0.05,0.0,0.82,1.0628859591744255,1.0
adult,3,noise_augmented_cart,0.05,0.002857142857142857,0.8571428571428571,1.0675120842717003,1.0
adult,2,matched_gini,0.05,0.0038095238095238095,0.8466666666666667,0.9697142589996931,1.0
adult,2,mags_fixed,0.05,0.004761904761904762,0.839047619047619,0.9697142579996931,1.0
adult,2,mags_binary_excluded,0.05,0.0038095238095238095,0.8466666666666667,0.9697142589996931,1.0
adult,2,matched_gini_unrestricted,0.05,0.0038095238095238095,0.8457142857142858,0.9697142579996931,1.0
adult,2,mags_fixed_unrestricted,0.05,0.0019047619047619048,0.839047619047619,1.2634350948138078,1.0
adult,2,cart_fixed,0.05,0.0009523809523809524,0.8447619047619047,0.9697142636289287,1.0
adult,2,mags_tuned,0.05,0.0019047619047619048,0.8447619047619047,1.2634350948138078,1.0
adult,2,cart_tuned_depth,0.05,0.002857142857142857,0.839047619047619,0.7814455794347385,1.0
adult,2,cart_pruned,0.05,0.0009523809523809524,0.8485714285714285,1.2634350525392155,1.0
adult,2,noise_augmented_cart,0.05,0.007619047619047619,0.8504761904761905,1.2299505638135533,1.0
adult,0,matched_gini,0.05,0.0038095238095238095,0.8428571428571429,0.9113749042027335,1.0
adult,0,mags_fixed,0.05,0.0038095238095238095,0.8485714285714285,0.9113749042027335,1.0
adult,0,mags_binary_excluded,0.05,0.0038095238095238095,0.84,0.9113749042027335,1.0
adult,0,matched_gini_unrestricted,0.05,0.004761904761904762,0.8419047619047619,0.9113749042027335,1.0
adult,0,mags_fixed_unrestricted,0.05,0.0038095238095238095,0.8485714285714285,0.9113749042027335,1.0
adult,0,cart_fixed,0.05,0.002857142857142857,0.8476190476190476,0.9113749103947473,1.0
adult,0,mags_tuned,0.05,0.0038095238095238095,0.8457142857142858,0.9113749042027335,1.0
adult,0,cart_tuned_depth,0.05,0.01904761904761905,0.839047619047619,0.9113749103947473,1.0
adult,0,cart_pruned,0.05,0.0038095238095238095,0.8552380952380952,0.9113749103947473,1.0
adult,0,noise_augmented_cart,0.05,0.002857142857142857,0.8523809523809524,0.9165894337901044,1.0
adult,1,matched_gini,0.05,0.007619047619047619,0.8685714285714285,1.1235901486955946,0.940952380952381
adult,1,mags_fixed,0.05,0.0038095238095238095,0.8580952380952381,1.1235901486955946,0.9828571428571429
adult,1,mags_binary_excluded,0.05,0.008571428571428572,0.8676190476190476,1.1235901486955946,1.0
adult,1,matched_gini_unrestricted,0.05,0.007619047619047619,0.8685714285714285,1.1235901486955946,0.940952380952381
adult,1,mags_fixed_unrestricted,0.05,0.0038095238095238095,0.8580952380952381,1.1235901486955946,0.9828571428571429
adult,1,cart_fixed,0.05,0.0009523809523809524,0.8638095238095238,1.1235901652305555,0.940952380952381
adult,1,mags_tuned,0.05,0.008571428571428572,0.861904761904762,1.1235901486955946,1.0
adult,1,cart_tuned_depth,0.05,0.0009523809523809524,0.8638095238095238,1.1235901652305555,0.940952380952381
adult,1,cart_pruned,0.05,0.017142857142857144,0.8666666666666667,1.1235901652305555,1.0
adult,1,noise_augmented_cart,0.05,0.0019047619047619048,0.8580952380952381,1.0234961746662092,0.9961904761904762
adult,6,matched_gini,0.05,0.02095238095238095,0.8323809523809523,1.0467967571765011,1.0
adult,6,mags_fixed,0.05,0.01904761904761905,0.8333333333333334,1.0467967571765011,1.0
adult,6,mags_binary_excluded,0.05,0.02095238095238095,0.8323809523809523,1.0467967571765011,1.0
adult,6,matched_gini_unrestricted,0.05,0.022857142857142857,0.8361904761904762,1.0467967571765011,1.0
adult,6,mags_fixed_unrestricted,0.05,0.01904761904761905,0.8333333333333334,1.0467967571765011,1.0
adult,6,cart_fixed,0.05,0.013333333333333334,0.8323809523809523,1.0467967805016718,1.0
adult,6,mags_tuned,0.05,0.018095238095238095,0.8295238095238096,1.0467967571765011,1.0
adult,6,cart_tuned_depth,0.05,0.004761904761904762,0.8257142857142857,1.0467967805016718,1.0
adult,6,cart_pruned,0.05,0.017142857142857144,0.8180952380952381,1.0467967805016718,1.0
adult,6,noise_augmented_cart,0.05,0.005714285714285714,0.8228571428571428,0.7471045371640406,1.0
adult,4,matched_gini,0.05,0.03142857142857143,0.8238095238095238,0.9826769369469126,1.0
adult,4,mags_fixed,0.05,0.017142857142857144,0.839047619047619,0.9826769369469126,1.0
adult,4,mags_binary_excluded,0.05,0.035238095238095235,0.8323809523809523,0.9826769369469126,1.0
adult,4,matched_gini_unrestricted,0.05,0.02095238095238095,0.8361904761904762,0.9826769369469126,1.0
adult,4,mags_fixed_unrestricted,0.05,0.01904761904761905,0.8285714285714286,0.9826769369469126,0.9847619047619047
adult,4,cart_fixed,0.05,0.021904761904761906,0.8304761904761905,0.982676942943745,1.0
adult,4,mags_tuned,0.05,0.03428571428571429,0.8342857142857143,0.9826769369469126,1.0
adult,4,cart_tuned_depth,0.05,0.006666666666666667,0.8247619047619048,0.982676942943745,1.0
adult,4,cart_pruned,0.05,0.012380952380952381,0.8295238095238096,0.982676942943745,1.0
adult,4,noise_augmented_cart,0.05,0.004761904761904762,0.8342857142857143,0.982676942943745,1.0
adult,5,matched_gini,0.05,0.01904761904761905,0.8523809523809524,0.8893134110734905,1.0
adult,5,mags_fixed,0.05,0.018095238095238095,0.8495238095238096,0.8893134110734905,1.0
adult,5,mags_binary_excluded,0.05,0.023809523809523808,0.8476190476190476,0.8893134110734905,1.0
adult,5,matched_gini_unrestricted,0.05,0.01904761904761905,0.8533333333333334,0.8893134110734905,1.0
adult,5,mags_fixed_unrestricted,0.05,0.018095238095238095,0.8495238095238096,0.8893134110734905,1.0
adult,5,cart_fixed,0.05,0.014285714285714285,0.8657142857142858,0.8893134102359376,1.0
adult,5,mags_tuned,0.05,0.015238095238095238,0.8533333333333334,0.8893134110734905,0.9971428571428571
adult,5,cart_tuned_depth,0.05,0.014285714285714285,0.8657142857142858,0.8893134102359376,1.0
adult,5,cart_pruned,0.05,0.03142857142857143,0.8476190476190476,0.8893134102359376,1.0
adult,5,noise_augmented_cart,0.05,0.01619047619047619,0.8457142857142858,0.6406036421790681,1.0
adult,7,matched_gini,0.05,0.015238095238095238,0.84,0.9924187904872178,1.0
adult,7,mags_fixed,0.05,0.015238095238095238,0.839047619047619,0.9924187904872178,1.0
adult,7,mags_binary_excluded,0.05,0.015238095238095238,0.84,0.9924187904872178,1.0
adult,7,matched_gini_unrestricted,0.05,0.015238095238095238,0.84,0.9924187904872178,1.0
adult,7,mags_fixed_unrestricted,0.05,0.015238095238095238,0.839047619047619,0.9924187904872178,1.0
adult,7,cart_fixed,0.05,0.009523809523809525,0.8438095238095238,0.9924187767351665,1.0
adult,7,mags_tuned,0.05,0.008571428571428572,0.8295238095238096,1.1615591149202822,0.9933333333333333
adult,7,cart_tuned_depth,0.05,0.009523809523809525,0.8438095238095238,0.9924187767351665,1.0
adult,7,cart_pruned,0.05,0.0,0.8247619047619048,1.161559102674992,1.0
adult,7,noise_augmented_cart,0.05,0.007619047619047619,0.8361904761904762,1.1336012460198712,1.0
adult,8,matched_gini,0.05,0.02095238095238095,0.8180952380952381,0.8487080474923457,1.0
adult,8,mags_fixed,0.05,0.021904761904761906,0.8114285714285714,0.7322077449310691,0.9961904761904762
adult,8,mags_binary_excluded,0.05,0.02095238095238095,0.8180952380952381,0.8487080474923457,1.0
adult,8,matched_gini_unrestricted,0.05,0.025714285714285714,0.8114285714285714,0.5609116779205313,1.0
adult,8,mags_fixed_unrestricted,0.05,0.023809523809523808,0.8095238095238095,0.5609116779205313,0.9961904761904762
adult,8,cart_fixed,0.05,0.010476190476190476,0.8161904761904762,0.8487080573311131,1.0
adult,8,mags_tuned,0.05,0.002857142857142857,0.8104761904761905,0.8487080474923457,1.0
adult,8,cart_tuned_depth,0.05,0.010476190476190476,0.8161904761904762,0.8487080573311131,1.0
adult,8,cart_pruned,0.05,0.007619047619047619,0.8352380952380952,0.8487080573311131,1.0
adult,8,noise_augmented_cart,0.05,0.017142857142857144,0.8342857142857143,0.8215919076671879,1.0
adult,9,matched_gini,0.05,0.009523809523809525,0.8485714285714285,0.7892198979888081,1.0
adult,9,mags_fixed,0.05,0.006666666666666667,0.8361904761904762,1.0927957979197402,1.0
adult,9,mags_binary_excluded,0.05,0.009523809523809525,0.8495238095238096,0.7892198979888081,1.0
adult,9,matched_gini_unrestricted,0.05,0.012380952380952381,0.8447619047619047,0.7892198979888081,1.0
adult,9,mags_fixed_unrestricted,0.05,0.006666666666666667,0.8361904761904762,1.0927957979197402,1.0
adult,9,cart_fixed,0.05,0.005714285714285714,0.8523809523809524,0.7892199009944558,1.0
adult,9,mags_tuned,0.05,0.009523809523809525,0.8485714285714285,0.7892198979888081,1.0
adult,9,cart_tuned_depth,0.05,0.022857142857142857,0.8476190476190476,0.7892199009944558,1.0
adult,9,cart_pruned,0.05,0.007619047619047619,0.8476190476190476,1.0927958041717174,1.0
adult,9,noise_augmented_cart,0.05,0.005714285714285714,0.8476190476190476,0.9644285328196326,1.0
adult,10,matched_gini,0.05,0.02666666666666667,0.8028571428571428,0.6303870897561331,1.0
adult,10,mags_fixed,0.05,0.012380952380952381,0.8085714285714286,1.0786830069106361,1.0
adult,10,mags_binary_excluded,0.05,0.015238095238095238,0.8066666666666666,0.7893199200949443,1.0
adult,10,matched_gini_unrestricted,0.05,0.013333333333333334,0.8066666666666666,0.7893199200949443,1.0
adult,10,mags_fixed_unrestricted,0.05,0.012380952380952381,0.8085714285714286,1.0786830069106361,1.0
adult,10,cart_fixed,0.05,0.015238095238095238,0.8038095238095239,0.7786865311192739,1.0
adult,10,mags_tuned,0.05,0.009523809523809525,0.8104761904761905,0.9741819536935619,1.0
adult,10,cart_tuned_depth,0.05,0.0038095238095238095,0.8076190476190476,1.1880461453804079,1.0
adult,10,cart_pruned,0.05,0.04,0.8171428571428572,0.814449503794302,1.0
adult,10,noise_augmented_cart,0.05,0.005714285714285714,0.8104761904761905,0.7922283887275756,1.0
adult,11,matched_gini,0.05,0.006666666666666667,0.8419047619047619,0.6747056819185265,1.0
adult,11,mags_fixed,0.05,0.004761904761904762,0.8304761904761905,0.6877100979691961,1.0
adult,11,mags_binary_excluded,0.05,0.004761904761904762,0.8323809523809523,0.7333447623484025,1.0
adult,11,matched_gini_unrestricted,0.05,0.006666666666666667,0.8419047619047619,0.6747056819185265,1.0
adult,11,mags_fixed_unrestricted,0.05,0.004761904761904762,0.8304761904761905,0.6877100979691961,1.0
adult,11,cart_fixed,0.05,0.0038095238095238095,0.8428571428571429,0.6747056808379207,1.0
adult,11,mags_tuned,0.05,0.004761904761904762,0.8419047619047619,0.7209018431221909,1.0
adult,11,cart_tuned_depth,0.05,0.0038095238095238095,0.8428571428571429,0.6747056808379207,1.0
adult,11,cart_pruned,0.05,0.015238095238095238,0.8276190476190476,0.6747056808379207,1.0
adult,11,noise_augmented_cart,0.05,0.0,0.8419047619047619,0.8202283509768898,1.0
adult,12,matched_gini,0.05,0.002857142857142857,0.8609523809523809,1.0462713232622134,1.0
adult,12,mags_fixed,0.05,0.0038095238095238095,0.8447619047619047,1.0462713232622134,0.9876190476190476
adult,12,mags_binary_excluded,0.05,0.002857142857142857,0.8609523809523809,1.0462713232622134,1.0
adult,12,matched_gini_unrestricted,0.05,0.013333333333333334,0.8590476190476191,1.0462713232622134,1.0
adult,12,mags_fixed_unrestricted,0.05,0.0038095238095238095,0.8447619047619047,1.0462713232622134,0.9876190476190476
adult,12,cart_fixed,0.05,0.007619047619047619,0.8609523809523809,1.0462713217975403,1.0
adult,12,mags_tuned,0.05,0.040952380952380955,0.84,0.7467295370441357,1.0
adult,12,cart_tuned_depth,0.05,0.002857142857142857,0.8371428571428572,1.0462713217975403,1.0
adult,12,cart_pruned,0.05,0.004761904761904762,0.8561904761904762,1.0462713217975403,1.0
adult,12,noise_augmented_cart,0.05,0.002857142857142857,0.8542857142857143,1.0748753226043488,1.0
adult,14,matched_gini,0.05,0.008571428571428572,0.8428571428571429,0.8483531196017404,1.0
adult,14,mags_fixed,0.05,0.015238095238095238,0.8380952380952381,0.7376983658710788,1.0
adult,14,mags_binary_excluded,0.05,0.008571428571428572,0.8428571428571429,0.8483531196017404,1.0
adult,14,matched_gini_unrestricted,0.05,0.010476190476190476,0.8438095238095238,0.8182213246030982,1.0
adult,14,mags_fixed_unrestricted,0.05,0.006666666666666667,0.8361904761904762,0.9439205104989863,1.0
adult,14,cart_fixed,0.05,0.004761904761904762,0.8419047619047619,0.8182213344368716,1.0
adult,14,mags_tuned,0.05,0.005714285714285714,0.8342857142857143,0.9439205114989865,1.0
adult,14,cart_tuned_depth,0.05,0.0019047619047619048,0.8323809523809523,0.9439205056605886,1.0
adult,14,cart_pruned,0.05,0.0,0.819047619047619,0.9794071857182997,1.0
adult,14,noise_augmented_cart,0.05,0.0038095238095238095,0.8514285714285714,0.7094504637274759,1.0
adult,13,matched_gini,0.05,0.01904761904761905,0.8514285714285714,0.627231595482759,1.0
adult,13,mags_fixed,0.05,0.01904761904761905,0.8495238095238096,0.9529335949278382,0.9971428571428571
adult,13,mags_binary_excluded,0.05,0.01904761904761905,0.8514285714285714,0.627231595482759,1.0
adult,13,matched_gini_unrestricted,0.05,0.01904761904761905,0.8514285714285714,0.627231595482759,1.0
adult,13,mags_fixed_unrestricted,0.05,0.02095238095238095,0.8495238095238096,0.9529335949278382,0.9971428571428571
adult,13,cart_fixed,0.05,0.010476190476190476,0.8504761904761905,0.6272315806109813,1.0
adult,13,mags_tuned,0.05,0.014285714285714285,0.8485714285714285,0.9529335949278382,0.9971428571428571
adult,13,cart_tuned_depth,0.05,0.009523809523809525,0.840952380952381,0.952933584886306,1.0
adult,13,cart_pruned,0.05,0.024761904761904763,0.8342857142857143,0.6272315806109813,1.0
adult,13,noise_augmented_cart,0.05,0.010476190476190476,0.84,0.6366991154725486,1.0
adult,15,matched_gini,0.05,0.015238095238095238,0.8438095238095238,0.7901946302820811,1.0
adult,15,mags_fixed,0.05,0.013333333333333334,0.8428571428571429,0.7901946302820811,1.0
adult,15,mags_binary_excluded,0.05,0.015238095238095238,0.8438095238095238,0.7901946302820811,1.0
adult,15,matched_gini_unrestricted,0.05,0.014285714285714285,0.8438095238095238,0.7901946302820811,1.0
adult,15,mags_fixed_unrestricted,0.05,0.012380952380952381,0.8428571428571429,0.7901946302820811,1.0
adult,15,cart_fixed,0.05,0.09047619047619047,0.800952380952381,0.7815149524175827,1.0
adult,15,mags_tuned,0.05,0.013333333333333334,0.8447619047619047,0.7901946302820811,1.0
adult,15,cart_tuned_depth,0.05,0.09047619047619047,0.800952380952381,0.7815149524175827,1.0
adult,15,cart_pruned,0.05,0.07904761904761905,0.8019047619047619,0.5841349144213573,1.0
adult,15,noise_augmented_cart,0.05,0.008571428571428572,0.8419047619047619,0.7782894322575072,1.0
adult,16,matched_gini,0.05,0.01904761904761905,0.8361904761904762,0.6921531489714752,1.0
adult,16,mags_fixed,0.05,0.015238095238095238,0.8333333333333334,0.6921531489714752,1.0
adult,16,mags_binary_excluded,0.05,0.018095238095238095,0.8361904761904762,0.6921531489714752,1.0
adult,16,matched_gini_unrestricted,0.05,0.02,0.840952380952381,0.6921531489714752,1.0
adult,16,mags_fixed_unrestricted,0.05,0.017142857142857144,0.8371428571428572,0.6921531489714752,1.0
adult,16,cart_fixed,0.05,0.010476190476190476,0.84,0.6921531328484534,1.0
adult,16,mags_tuned,0.05,0.011428571428571429,0.8361904761904762,0.6921531489714752,0.9780952380952381
adult,16,cart_tuned_depth,0.05,0.02857142857142857,0.8266666666666667,0.6921531328484534,1.0
adult,16,cart_pruned,0.05,0.02857142857142857,0.8276190476190476,0.6921531328484534,1.0
adult,16,noise_augmented_cart,0.05,0.022857142857142857,0.8371428571428572,0.7187039026543616,1.0
adult,17,matched_gini,0.05,0.02,0.8561904761904762,1.1740950850638696,1.0
adult,17,mags_fixed,0.05,0.010476190476190476,0.8609523809523809,1.1740950850638696,1.0
adult,17,mags_binary_excluded,0.05,0.02,0.8561904761904762,1.1740950850638696,1.0
adult,17,matched_gini_unrestricted,0.05,0.02,0.8533333333333334,0.9747404426837551,1.0
adult,17,mags_fixed_unrestricted,0.05,0.010476190476190476,0.8609523809523809,1.1740950850638696,1.0
adult,17,cart_fixed,0.05,0.009523809523809525,0.8628571428571429,1.174095114149587,1.0
adult,17,mags_tuned,0.05,0.005714285714285714,0.8542857142857143,1.1740950850638696,1.0
adult,17,cart_tuned_depth,0.05,0.040952380952380955,0.8466666666666667,0.7451705238003895,1.0
adult,17,cart_pruned,0.05,0.0009523809523809524,0.8638095238095238,1.174095114149587,1.0
adult,17,noise_augmented_cart,0.05,0.0019047619047619048,0.8580952380952381,0.9066418697895732,1.0
adult,19,matched_gini,0.05,0.017142857142857144,0.8304761904761905,0.8165312454091972,1.0
adult,19,mags_fixed,0.05,0.015238095238095238,0.8342857142857143,0.8165312454091972,1.0
adult,19,mags_binary_excluded,0.05,0.008571428571428572,0.839047619047619,0.5827627933365871,1.0
adult,19,matched_gini_unrestricted,0.05,0.010476190476190476,0.8438095238095238,0.5993990893453593,1.0
adult,19,mags_fixed_unrestricted,0.05,0.014285714285714285,0.8323809523809523,0.9174611176959283,1.0
adult,19,cart_fixed,0.05,0.006666666666666667,0.8485714285714285,0.5993990740760657,1.0
adult,19,mags_tuned,0.05,0.010476190476190476,0.8495238095238096,0.8165312454091972,1.0
adult,19,cart_tuned_depth,0.05,0.02095238095238095,0.8333333333333334,0.5827627905225973,1.0
adult,19,cart_pruned,0.05,0.008571428571428572,0.8285714285714286,0.8165312387562017,1.0
adult,19,noise_augmented_cart,0.05,0.009523809523809525,0.8333333333333334,0.743863666526907,1.0
adult,18,matched_gini,0.05,0.004761904761904762,0.8380952380952381,0.8674370147168149,1.0
adult,18,mags_fixed,0.05,0.0038095238095238095,0.8352380952380952,0.8674370147168149,0.9895238095238095
adult,18,mags_binary_excluded,0.05,0.005714285714285714,0.839047619047619,0.8674370147168149,1.0
adult,18,matched_gini_unrestricted,0.05,0.004761904761904762,0.8380952380952381,0.8674370147168149,1.0
adult,18,mags_fixed_unrestricted,0.05,0.0038095238095238095,0.8352380952380952,0.8674370147168149,0.9895238095238095
adult,18,cart_fixed,0.05,0.0009523809523809524,0.840952380952381,0.8674369899483625,1.0
adult,18,mags_tuned,0.05,0.010476190476190476,0.8342857142857143,0.8674370147168149,1.0
adult,18,cart_tuned_depth,0.05,0.011428571428571429,0.8333333333333334,0.6190945206137601,1.0
adult,18,cart_pruned,0.05,0.006666666666666667,0.8371428571428572,0.8674369899483625,1.0
adult,18,noise_augmented_cart,0.05,0.010476190476190476,0.8285714285714286,0.7492326835417126,1.0
adult,22,matched_gini,0.05,0.011428571428571429,0.8466666666666667,0.7058591419268826,1.0
adult,22,mags_fixed,0.05,0.012380952380952381,0.8457142857142858,1.2030288910754612,1.0
adult,22,mags_binary_excluded,0.05,0.011428571428571429,0.8466666666666667,0.7058591419268826,1.0
adult,22,matched_gini_unrestricted,0.05,0.011428571428571429,0.8447619047619047,0.7058591419268826,1.0
adult,22,mags_fixed_unrestricted,0.05,0.012380952380952381,0.8438095238095238,1.2030288910754612,1.0
adult,22,cart_fixed,0.05,0.009523809523809525,0.8485714285714285,0.705859143900628,1.0
adult,22,mags_tuned,0.05,0.005714285714285714,0.8514285714285714,1.2030288910754612,1.0
adult,22,cart_tuned_depth,0.05,0.0019047619047619048,0.8495238095238096,1.2030289067504358,1.0
adult,22,cart_pruned,0.05,0.010476190476190476,0.8495238095238096,1.2030289067504358,1.0
adult,22,noise_augmented_cart,0.05,0.007619047619047619,0.8504761904761905,0.7139720811126183,1.0
adult,23,matched_gini,0.05,0.0009523809523809524,0.840952380952381,1.032607726180384,1.0
adult,23,mags_fixed,0.05,0.0,0.8276190476190476,1.032607726180384,0.9933333333333333
adult,23,mags_binary_excluded,0.05,0.0009523809523809524,0.840952380952381,1.032607726180384,1.0
adult,23,matched_gini_unrestricted,0.05,0.004761904761904762,0.839047619047619,1.032607726180384,1.0
adult,23,mags_fixed_unrestricted,0.05,0.0,0.8276190476190476,1.032607726180384,0.9933333333333333
adult,23,cart_fixed,0.05,0.006666666666666667,0.8257142857142857,1.0326077145048984,1.0
adult,23,mags_tuned,0.05,0.0,0.8304761904761905,1.032607726180384,1.0
adult,23,cart_tuned_depth,0.05,0.0019047619047619048,0.8276190476190476,1.0326077145048984,1.0
adult,23,cart_pruned,0.05,0.009523809523809525,0.8323809523809523,1.0326077145048984,1.0
adult,23,noise_augmented_cart,0.05,0.0,0.8295238095238096,1.061320493788422,0.9942857142857143
adult,20,matched_gini,0.05,0.009523809523809525,0.8542857142857143,0.7233407678104964,1.0
adult,20,mags_fixed,0.05,0.009523809523809525,0.8542857142857143,0.7233407678104964,1.0
adult,20,mags_binary_excluded,0.05,0.009523809523809525,0.8542857142857143,0.7233407678104964,1.0
adult,20,matched_gini_unrestricted,0.05,0.013333333333333334,0.8419047619047619,0.5223985379262114,1.0
adult,20,mags_fixed_unrestricted,0.05,0.012380952380952381,0.8419047619047619,0.5223985379262114,1.0
adult,20,cart_fixed,0.05,0.009523809523809525,0.8447619047619047,0.7233407468518303,1.0
adult,20,mags_tuned,0.05,0.009523809523809525,0.8542857142857143,0.7233407678104964,1.0
adult,20,cart_tuned_depth,0.05,0.03428571428571429,0.8371428571428572,0.5841614600789278,1.0
adult,20,cart_pruned,0.05,0.013333333333333334,0.8380952380952381,0.7233407468518303,1.0
adult,20,noise_augmented_cart,0.05,0.006666666666666667,0.8514285714285714,0.7214522855475898,1.0
adult,21,matched_gini,0.05,0.013333333333333334,0.8495238095238096,0.6957330533751607,1.0
adult,21,mags_fixed,0.05,0.010476190476190476,0.840952380952381,1.0618822406923278,0.9895238095238095
adult,21,mags_binary_excluded,0.05,0.012380952380952381,0.8438095238095238,0.7829659363454533,1.0
adult,21,matched_gini_unrestricted,0.05,0.015238095238095238,0.8466666666666667,0.7408599811161032,1.0
adult,21,mags_fixed_unrestricted,0.05,0.014285714285714285,0.840952380952381,1.0618822406923278,0.9895238095238095
adult,21,cart_fixed,0.05,0.007619047619047619,0.8495238095238096,0.7052121845510724,1.0
adult,21,mags_tuned,0.05,0.013333333333333334,0.840952380952381,1.0618822406923278,0.9895238095238095
adult,21,cart_tuned_depth,0.05,0.03238095238095238,0.82,0.6173404000370942,1.0
adult,21,cart_pruned,0.05,0.01619047619047619,0.839047619047619,0.6522204528926516,1.0
adult,21,noise_augmented_cart,0.05,0.006666666666666667,0.8447619047619047,0.9159685665467612,1.0
adult,24,matched_gini,0.05,0.022857142857142857,0.84,1.19132589275447,1.0
adult,24,mags_fixed,0.05,0.022857142857142857,0.8419047619047619,1.19132589275447,0.9895238095238095
adult,24,mags_binary_excluded,0.05,0.022857142857142857,0.84,1.19132589275447,1.0
adult,24,matched_gini_unrestricted,0.05,0.022857142857142857,0.840952380952381,1.19132589275447,1.0
adult,24,mags_fixed_unrestricted,0.05,0.023809523809523808,0.8457142857142858,1.19132589275447,1.0
adult,24,cart_fixed,0.05,0.013333333333333334,0.8447619047619047,1.1913258702917588,1.0
adult,24,mags_tuned,0.05,0.002857142857142857,0.819047619047619,1.19132589275447,1.0
adult,24,cart_tuned_depth,0.05,0.0009523809523809524,0.8266666666666667,1.1913258702917588,1.0
adult,24,cart_pruned,0.05,0.039047619047619046,0.8276190476190476,0.9137742759622248,1.0
adult,24,noise_augmented_cart,0.05,0.03142857142857143,0.8485714285714285,1.072756083688875,1.0
adult,25,matched_gini,0.05,0.009523809523809525,0.8466666666666667,1.2919665188048357,1.0
adult,25,mags_fixed,0.05,0.009523809523809525,0.84,1.2919665188048357,1.0
adult,25,mags_binary_excluded,0.05,0.009523809523809525,0.8466666666666667,1.2919665188048357,1.0
adult,25,matched_gini_unrestricted,0.05,0.017142857142857144,0.8428571428571429,0.9059024695075786,1.0
adult,25,mags_fixed_unrestricted,0.05,0.009523809523809525,0.839047619047619,1.2919665188048357,1.0
adult,25,cart_fixed,0.05,0.005714285714285714,0.8485714285714285,1.291966523881485,1.0
adult,25,mags_tuned,0.05,0.004761904761904762,0.8438095238095238,1.2919665188048357,1.0
adult,25,cart_tuned_depth,0.05,0.013333333333333334,0.8371428571428572,0.9059024610761077,1.0
adult,25,cart_pruned,0.05,0.01619047619047619,0.8371428571428572,0.9061959410235279,1.0
adult,25,noise_augmented_cart,0.05,0.0038095238095238095,0.8476190476190476,0.9808525106864471,1.0
adult,26,matched_gini,0.05,0.014285714285714285,0.8171428571428572,0.7729827756651362,1.0
adult,26,mags_fixed,0.05,0.012380952380952381,0.8333333333333334,0.7729827756651362,1.0
adult,26,mags_binary_excluded,0.05,0.014285714285714285,0.8171428571428572,0.7729827756651362,1.0
adult,26,matched_gini_unrestricted,0.05,0.02666666666666667,0.8171428571428572,0.7729827756651362,1.0
adult,26,mags_fixed_unrestricted,0.05,0.009523809523809525,0.8266666666666667,0.7729827756651362,1.0
adult,26,cart_fixed,0.05,0.01619047619047619,0.8228571428571428,0.7729827933068352,1.0
adult,26,mags_tuned,0.05,0.014285714285714285,0.8171428571428572,0.7729827756651362,1.0
adult,26,cart_tuned_depth,0.05,0.017142857142857144,0.8295238095238096,0.7729827933068352,1.0
adult,26,cart_pruned,0.05,0.010476190476190476,0.8247619047619048,0.7729827933068352,1.0
adult,26,noise_augmented_cart,0.05,0.013333333333333334,0.84,0.7715889237876015,1.0
adult,27,matched_gini,0.05,0.018095238095238095,0.84,0.8455786778835894,1.0
adult,27,mags_fixed,0.05,0.018095238095238095,0.8457142857142858,0.8455786778835894,1.0
adult,27,mags_binary_excluded,0.05,0.018095238095238095,0.8438095238095238,0.8455786778835894,1.0
adult,27,matched_gini_unrestricted,0.05,0.018095238095238095,0.84,0.8455786778835894,1.0
adult,27,mags_fixed_unrestricted,0.05,0.018095238095238095,0.8457142857142858,0.8455786778835894,1.0
adult,27,cart_fixed,0.05,0.013333333333333334,0.840952380952381,0.8455786993858931,1.0
adult,27,mags_tuned,0.05,0.023809523809523808,0.8419047619047619,0.8455786778835894,1.0
adult,27,cart_tuned_depth,0.05,0.01619047619047619,0.8419047619047619,0.8455786993858931,1.0
adult,27,cart_pruned,0.05,0.02857142857142857,0.8285714285714286,0.6997321002044047,1.0
adult,27,noise_augmented_cart,0.05,0.01619047619047619,0.8314285714285714,0.8455786993858931,1.0
balance_scale,0,matched_gini,0.05,0.0,0.7853881278538812,0.35844639314302007,1.0
balance_scale,0,mags_fixed,0.05,0.0,0.7853881278538812,0.35844639314302007,1.0
balance_scale,0,mags_binary_excluded,0.05,0.0,0.7853881278538812,0.35844639314302007,1.0
balance_scale,0,matched_gini_unrestricted,0.05,0.0,0.7853881278538812,0.35844639314302007,1.0
balance_scale,0,mags_fixed_unrestricted,0.05,0.0,0.7853881278538812,0.35844639314302007,1.0
balance_scale,0,cart_fixed,0.05,0.0,0.7853881278538812,0.3584463803391539,1.0
balance_scale,0,mags_tuned,0.05,0.0,0.7488584474885844,0.35227344800425664,1.0
balance_scale,0,cart_tuned_depth,0.05,0.0,0.7625570776255708,0.35227345687937617,1.0
balance_scale,0,cart_pruned,0.05,0.0,0.7397260273972602,0.35227345687937617,1.0
balance_scale,0,noise_augmented_cart,0.05,0.0273972602739726,0.7899543378995434,0.5629660642113972,1.0
balance_scale,1,matched_gini,0.05,0.0,0.7899543378995434,0.353587714666004,1.0
balance_scale,1,mags_fixed,0.05,0.0,0.771689497716895,0.353587714666004,1.0
balance_scale,1,mags_binary_excluded,0.05,0.0,0.771689497716895,0.353587714666004,1.0
balance_scale,1,matched_gini_unrestricted,0.05,0.0,0.7899543378995434,0.353587714666004,1.0
balance_scale,1,mags_fixed_unrestricted,0.05,0.0,0.771689497716895,0.353587714666004,1.0
balance_scale,1,cart_fixed,0.05,0.0,0.7899543378995434,0.35358771777245784,1.0
balance_scale,1,mags_tuned,0.05,0.0,0.7579908675799086,0.3506196569936407,1.0
balance_scale,1,cart_tuned_depth,0.05,0.0,0.7488584474885844,0.35358771055955024,1.0
balance_scale,1,cart_pruned,0.05,0.0,0.7534246575342466,0.3506196633445475,1.0
balance_scale,1,noise_augmented_cart,0.05,0.0639269406392694,0.7625570776255708,0.5284889244833362,1.0
balance_scale,2,matched_gini,0.05,0.0,0.7442922374429224,0.35261340653544754,1.0
balance_scale,2,mags_fixed,0.05,0.0,0.7442922374429224,0.35261340653544754,1.0
balance_scale,2,mags_binary_excluded,0.05,0.0,0.7442922374429224,0.35261340653544754,1.0
balance_scale,2,matched_gini_unrestricted,0.05,0.0,0.7442922374429224,0.35261340653544754,1.0
balance_scale,2,mags_fixed_unrestricted,0.05,0.0,0.7442922374429224,0.35261340653544754,1.0
balance_scale,2,cart_fixed,0.05,0.0,0.7442922374429224,0.3526134426267972,1.0
balance_scale,2,mags_tuned,0.05,0.0,0.7123287671232876,0.3526134055354474,1.0
balance_scale,2,cart_tuned_depth,0.05,0.0,0.7488584474885844,0.352613413843405,1.0
balance_scale,2,cart_pruned,0.05,0.0,0.7579908675799086,0.3526134426267972,1.0
balance_scale,2,noise_augmented_cart,0.05,0.0821917808219178,0.7397260273972602,0.40130851356800257,1.0
balance_scale,3,matched_gini,0.05,0.0,0.7945205479452054,0.3579896176882018,1.0
balance_scale,3,mags_fixed,0.05,0.0,0.776255707762557,0.3579896166882018,1.0
balance_scale,3,mags_binary_excluded,0.05,0.0,0.776255707762557,0.3579896166882018,1.0
balance_scale,3,matched_gini_unrestricted,0.05,0.0,0.7945205479452054,0.3579896176882018,1.0
balance_scale,3,mags_fixed_unrestricted,0.05,0.0,0.776255707762557,0.3579896166882018,1.0
balance_scale,3,cart_fixed,0.05,0.0,0.7945205479452054,0.357989625134918,1.0
balance_scale,3,mags_tuned,0.05,0.0,0.7853881278538812,0.35798961668820184,1.0
balance_scale,3,cart_tuned_depth,0.05,0.0,0.776255707762557,0.35798962413491797,1.0
balance_scale,3,cart_pruned,0.05,0.0,0.7853881278538812,0.35798962413491797,1.0
balance_scale,3,noise_augmented_cart,0.05,0.0,0.776255707762557,0.5815944085429835,1.0
balance_scale,4,matched_gini,0.05,0.0,0.7808219178082192,0.35965048537884264,1.0
balance_scale,4,mags_fixed,0.05,0.0,0.7808219178082192,0.35965048537884264,1.0
balance_scale,4,mags_binary_excluded,0.05,0.0,0.7808219178082192,0.35965048537884264,1.0
balance_scale,4,matched_gini_unrestricted,0.05,0.0,0.7808219178082192,0.35965048537884264,1.0
balance_scale,4,mags_fixed_unrestricted,0.05,0.0,0.7808219178082192,0.35965048537884264,1.0
balance_scale,4,cart_fixed,0.05,0.0,0.7808219178082192,0.3596505132193718,1.0
balance_scale,4,mags_tuned,0.05,0.0,0.7579908675799086,0.3596504843788427,1.0
balance_scale,4,cart_tuned_depth,0.05,0.0,0.7351598173515982,0.3562741706041885,1.0
balance_scale,4,cart_pruned,0.05,0.0,0.771689497716895,0.35965045653831357,1.0
balance_scale,4,noise_augmented_cart,0.05,0.0,0.7808219178082192,0.5383889302171072,1.0
balance_scale,5,matched_gini,0.05,0.0,0.7990867579908676,0.3540240574432473,1.0
balance_scale,5,mags_fixed,0.05,0.0,0.7990867579908676,0.3540240574432473,1.0
balance_scale,5,mags_binary_excluded,0.05,0.0,0.7990867579908676,0.3540240574432473,1.0
balance_scale,5,matched_gini_unrestricted,0.05,0.0,0.7990867579908676,0.3540240574432473,1.0
balance_scale,5,mags_fixed_unrestricted,0.05,0.0,0.7990867579908676,0.3540240574432473,1.0
balance_scale,5,cart_fixed,0.05,0.0,0.7990867579908676,0.3540240462846611,1.0
balance_scale,5,mags_tuned,0.05,0.0,0.7990867579908676,0.3540240574432473,1.0
balance_scale,5,cart_tuned_depth,0.05,0.0,0.7899543378995434,0.35402404498536844,1.0
balance_scale,5,cart_pruned,0.05,0.0,0.8127853881278538,0.3540240462846611,1.0
balance_scale,5,noise_augmented_cart,0.05,0.0,0.7899543378995434,0.5353911700486951,1.0
balance_scale,6,matched_gini,0.05,0.0,0.771689497716895,0.3496986654628611,1.0
balance_scale,6,mags_fixed,0.05,0.0,0.7442922374429224,0.34969866646286113,1.0
balance_scale,6,mags_binary_excluded,0.05,0.0,0.7442922374429224,0.34969866646286113,1.0
balance_scale,6,matched_gini_unrestricted,0.05,0.0,0.771689497716895,0.3496986654628611,1.0
balance_scale,6,mags_fixed_unrestricted,0.05,0.0,0.7442922374429224,0.34969866646286113,1.0
balance_scale,6,cart_fixed,0.05,0.0,0.771689497716895,0.34969866275787354,1.0
balance_scale,6,mags_tuned,0.05,0.0,0.7625570776255708,0.3496986654628611,1.0
balance_scale,6,cart_tuned_depth,0.05,0.0,0.7579908675799086,0.34969866275787354,1.0
balance_scale,6,cart_pruned,0.05,0.0,0.7442922374429224,0.3496986691678487,1.0
balance_scale,6,noise_augmented_cart,0.05,0.0639269406392694,0.776255707762557,0.5306616966152743,1.0
balance_scale,7,matched_gini,0.05,0.0,0.7899543378995434,0.3557704290695044,1.0
balance_scale,7,mags_fixed,0.05,0.0,0.7808219178082192,0.3557704290695044,1.0
balance_scale,7,mags_binary_excluded,0.05,0.0,0.7808219178082192,0.3557704290695044,1.0
balance_scale,7,matched_gini_unrestricted,0.05,0.0,0.7899543378995434,0.3557704290695044,1.0
balance_scale,7,mags_fixed_unrestricted,0.05,0.0,0.7808219178082192,0.3557704290695044,1.0
balance_scale,7,cart_fixed,0.05,0.0,0.7899543378995434,0.3557704464378692,1.0
balance_scale,7,mags_tuned,0.05,0.0,0.8082191780821918,0.35577042806950443,1.0
balance_scale,7,cart_tuned_depth,0.05,0.0,0.7899543378995434,0.3557704464378692,1.0
balance_scale,7,cart_pruned,0.05,0.0,0.7945205479452054,0.3557704464378692,1.0
balance_scale,7,noise_augmented_cart,0.05,0.0,0.7808219178082192,0.5902287240493116,1.0
balance_scale,8,matched_gini,0.05,0.0,0.8036529680365296,0.3542347458145213,1.0
balance_scale,8,mags_fixed,0.05,0.0,0.8036529680365296,0.3542347458145213,1.0
balance_scale,8,mags_binary_excluded,0.05,0.0,0.8036529680365296,0.3542347458145213,1.0
balance_scale,8,matched_gini_unrestricted,0.05,0.0,0.8036529680365296,0.3542347458145213,1.0
balance_scale,8,mags_fixed_unrestricted,0.05,0.0,0.8036529680365296,0.3542347458145213,1.0
balance_scale,8,cart_fixed,0.05,0.0,0.8036529680365296,0.3542347461778567,1.0
balance_scale,8,mags_tuned,0.05,0.0,0.8036529680365296,0.3542347458145213,1.0
balance_scale,8,cart_tuned_depth,0.05,0.0,0.8036529680365296,0.3542347461778567,1.0
balance_scale,8,cart_pruned,0.05,0.0,0.8036529680365296,0.35423474150597595,1.0
balance_scale,8,noise_augmented_cart,0.05,0.0,0.7990867579908676,0.4186080611524581,1.0
balance_scale,9,matched_gini,0.05,0.0,0.7808219178082192,0.35844471777726444,1.0
balance_scale,9,mags_fixed,0.05,0.0,0.7671232876712328,0.35844471777726444,1.0
balance_scale,9,mags_binary_excluded,0.05,0.0,0.7671232876712328,0.35844471777726444,1.0
balance_scale,9,matched_gini_unrestricted,0.05,0.0,0.7808219178082192,0.35844471777726444,1.0
balance_scale,9,mags_fixed_unrestricted,0.05,0.0,0.7671232876712328,0.35844471777726444,1.0
balance_scale,9,cart_fixed,0.05,0.0,0.7808219178082192,0.3584447045454289,1.0
balance_scale,9,mags_tuned,0.05,0.0,0.7625570776255708,0.35844471777726444,1.0
balance_scale,9,cart_tuned_depth,0.05,0.0,0.7808219178082192,0.3584447045454289,1.0
balance_scale,9,cart_pruned,0.05,0.0,0.7625570776255708,0.3584446875405653,1.0
balance_scale,9,noise_augmented_cart,0.05,0.0,0.7808219178082192,0.37582986471537366,1.0
balance_scale,10,matched_gini,0.05,0.0,0.7579908675799086,0.3564844942564011,1.0
balance_scale,10,mags_fixed,0.05,0.0,0.7579908675799086,0.3564844942564011,1.0
balance_scale,10,mags_binary_excluded,0.05,0.0,0.7579908675799086,0.3564844942564011,1.0
balance_scale,10,matched_gini_unrestricted,0.05,0.0,0.7579908675799086,0.3564844942564011,1.0
balance_scale,10,mags_fixed_unrestricted,0.05,0.0,0.7579908675799086,0.3564844942564011,1.0
balance_scale,10,cart_fixed,0.05,0.0,0.7579908675799086,0.3564844843379193,1.0
balance_scale,10,mags_tuned,0.05,0.0,0.7579908675799086,0.3564844942564011,1.0
balance_scale,10,cart_tuned_depth,0.05,0.0,0.7579908675799086,0.3564844843379193,1.0
balance_scale,10,cart_pruned,0.05,0.0,0.7945205479452054,0.3564844843379193,1.0
balance_scale,10,noise_augmented_cart,0.05,0.0867579908675799,0.7351598173515982,0.5668618177037087,1.0
balance_scale,11,matched_gini,0.05,0.0,0.8082191780821918,0.35253417204816173,1.0
balance_scale,11,mags_fixed,0.05,0.0,0.8082191780821918,0.35253417204816173,1.0
balance_scale,11,mags_binary_excluded,0.05,0.0,0.8082191780821918,0.35253417204816173,1.0
balance_scale,11,matched_gini_unrestricted,0.05,0.0,0.8082191780821918,0.35253417204816173,1.0
balance_scale,11,mags_fixed_unrestricted,0.05,0.0,0.8082191780821918,0.35253417204816173,1.0
balance_scale,11,cart_fixed,0.05,0.0,0.8082191780821918,0.35253418404523873,1.0
balance_scale,11,mags_tuned,0.05,0.0,0.7990867579908676,0.34860742013292245,1.0
balance_scale,11,cart_tuned_depth,0.05,0.0,0.8401826484018264,0.35253418111147367,1.0
balance_scale,11,cart_pruned,0.05,0.0,0.8127853881278538,0.3525341576195897,1.0
balance_scale,11,noise_augmented_cart,0.05,0.045662100456621,0.7351598173515982,0.4829536527342572,1.0
balance_scale,12,matched_gini,0.05,0.0,0.776255707762557,0.35510083449546587,1.0
balance_scale,12,mags_fixed,0.05,0.0,0.776255707762557,0.35510083449546587,1.0
balance_scale,12,mags_binary_excluded,0.05,0.0,0.776255707762557,0.35510083449546587,1.0
balance_scale,12,matched_gini_unrestricted,0.05,0.0,0.776255707762557,0.35510083449546587,1.0
balance_scale,12,mags_fixed_unrestricted,0.05,0.0,0.776255707762557,0.35510083449546587,1.0
balance_scale,12,cart_fixed,0.05,0.0,0.776255707762557,0.3551008403085919,1.0
balance_scale,12,mags_tuned,0.05,0.0,0.776255707762557,0.35510083449546587,1.0
balance_scale,12,cart_tuned_depth,0.05,0.0,0.7579908675799086,0.3509082181581057,1.0
balance_scale,12,cart_pruned,0.05,0.0,0.7579908675799086,0.3509082181581057,1.0
balance_scale,12,noise_augmented_cart,0.05,0.0091324200913242,0.7945205479452054,0.5917702933382064,1.0
balance_scale,13,matched_gini,0.05,0.0,0.8036529680365296,0.36184693507522997,1.0
balance_scale,13,mags_fixed,0.05,0.0,0.7853881278538812,0.36184693507522997,1.0
balance_scale,13,mags_binary_excluded,0.05,0.0,0.7853881278538812,0.36184693507522997,1.0
balance_scale,13,matched_gini_unrestricted,0.05,0.0,0.8036529680365296,0.36184693507522997,1.0
balance_scale,13,mags_fixed_unrestricted,0.05,0.0,0.7853881278538812,0.36184693507522997,1.0
balance_scale,13,cart_fixed,0.05,0.0,0.8036529680365296,0.36184694794741973,1.0
balance_scale,13,mags_tuned,0.05,0.0,0.7671232876712328,0.36184693407522994,1.0
balance_scale,13,cart_tuned_depth,0.05,0.0,0.8036529680365296,0.36184694794741973,1.0
balance_scale,13,cart_pruned,0.05,0.0,0.7853881278538812,0.36184694794741973,1.0
balance_scale,13,noise_augmented_cart,0.05,0.0821917808219178,0.7671232876712328,0.4904624439111601,1.0
balance_scale,14,matched_gini,0.05,0.0,0.7351598173515982,0.35799852456427933,1.0
balance_scale,14,mags_fixed,0.05,0.0,0.7351598173515982,0.35799852456427933,1.0
balance_scale,14,mags_binary_excluded,0.05,0.0,0.7351598173515982,0.35799852456427933,1.0
balance_scale,14,matched_gini_unrestricted,0.05,0.0,0.7351598173515982,0.35799852456427933,1.0
balance_scale,14,mags_fixed_unrestricted,0.05,0.0,0.7351598173515982,0.35799852456427933,1.0
balance_scale,14,cart_fixed,0.05,0.0,0.7351598173515982,0.3579985241730248,1.0
balance_scale,14,mags_tuned,0.05,0.0,0.771689497716895,0.3579985235642793,1.0
balance_scale,14,cart_tuned_depth,0.05,0.0,0.7625570776255708,0.35799852395553383,1.0
balance_scale,14,cart_pruned,0.05,0.0,0.776255707762557,0.35799852395553383,1.0
balance_scale,14,noise_augmented_cart,0.05,0.0639269406392694,0.7397260273972602,0.48661145882002615,1.0
balance_scale,15,matched_gini,0.05,0.0,0.7853881278538812,0.3599947245987383,1.0
balance_scale,15,mags_fixed,0.05,0.0,0.7853881278538812,0.3599947245987383,1.0
balance_scale,15,mags_binary_excluded,0.05,0.0,0.7853881278538812,0.3599947245987383,1.0
balance_scale,15,matched_gini_unrestricted,0.05,0.0,0.7853881278538812,0.3599947245987383,1.0
balance_scale,15,mags_fixed_unrestricted,0.05,0.0,0.7853881278538812,0.3599947245987383,1.0
balance_scale,15,cart_fixed,0.05,0.0,0.7853881278538812,0.3599947204575544,1.0
balance_scale,15,mags_tuned,0.05,0.0,0.7397260273972602,0.3599947235987383,1.0
balance_scale,15,cart_tuned_depth,0.05,0.0,0.7534246575342466,0.3599947204575544,1.0
balance_scale,15,cart_pruned,0.05,0.0,0.730593607305936,0.3599947204575544,1.0
balance_scale,15,noise_augmented_cart,0.05,0.0136986301369863,0.7808219178082192,0.4762164502225258,1.0
balance_scale,16,matched_gini,0.05,0.0,0.7945205479452054,0.35084527981222186,1.0
balance_scale,16,mags_fixed,0.05,0.0,0.7945205479452054,0.35084527981222186,1.0
balance_scale,16,mags_binary_excluded,0.05,0.0,0.7945205479452054,0.35084527981222186,1.0
balance_scale,16,matched_gini_unrestricted,0.05,0.0,0.7945205479452054,0.35084527981222186,1.0
balance_scale,16,mags_fixed_unrestricted,0.05,0.0,0.7945205479452054,0.35084527981222186,1.0
balance_scale,16,cart_fixed,0.05,0.0,0.7945205479452054,0.35084528480563165,1.0
balance_scale,16,mags_tuned,0.05,0.0273972602739726,0.771689497716895,0.35084527881222183,1.0
balance_scale,16,cart_tuned_depth,0.05,0.0,0.7853881278538812,0.3503292524321564,1.0
balance_scale,16,cart_pruned,0.05,0.0,0.771689497716895,0.3508452708132038,1.0
balance_scale,16,noise_augmented_cart,0.05,0.2146118721461187,0.6940639269406392,0.6540788621425236,1.0
balance_scale,17,matched_gini,0.05,0.0,0.7808219178082192,0.35399176100544183,1.0
balance_scale,17,mags_fixed,0.05,0.0,0.7808219178082192,0.35399176100544183,1.0
balance_scale,17,mags_binary_excluded,0.05,0.0,0.7808219178082192,0.35399176100544183,1.0
balance_scale,17,matched_gini_unrestricted,0.05,0.0,0.7808219178082192,0.35399176100544183,1.0
balance_scale,17,mags_fixed_unrestricted,0.05,0.0,0.7808219178082192,0.35399176100544183,1.0
balance_scale,17,cart_fixed,0.05,0.0,0.7808219178082192,0.35399176480215155,1.0
balance_scale,17,mags_tuned,0.05,0.0,0.7625570776255708,0.3539917600054418,1.0
balance_scale,17,cart_tuned_depth,0.05,0.0,0.771689497716895,0.35399176480215155,1.0
balance_scale,17,cart_pruned,0.05,0.0,0.7579908675799086,0.3539917274791566,1.0
balance_scale,17,noise_augmented_cart,0.05,0.0593607305936073,0.7671232876712328,0.5066555540808813,1.0
balance_scale,18,matched_gini,0.05,0.0,0.771689497716895,0.35644492380397574,1.0
balance_scale,18,mags_fixed,0.05,0.0,0.771689497716895,0.35644492380397574,1.0
balance_scale,18,mags_binary_excluded,0.05,0.0,0.771689497716895,0.35644492380397574,1.0
balance_scale,18,matched_gini_unrestricted,0.05,0.0,0.771689497716895,0.35644492380397574,1.0
balance_scale,18,mags_fixed_unrestricted,0.05,0.0,0.771689497716895,0.35644492380397574,1.0
balance_scale,18,cart_fixed,0.05,0.0,0.771689497716895,0.35644493074255323,1.0
balance_scale,18,mags_tuned,0.05,0.0,0.7853881278538812,0.35644492480397577,1.0
balance_scale,18,cart_tuned_depth,0.05,0.0,0.771689497716895,0.35644493074255323,1.0
balance_scale,18,cart_pruned,0.05,0.0,0.7945205479452054,0.3564449282108868,1.0
balance_scale,18,noise_augmented_cart,0.05,0.1552511415525114,0.7853881278538812,0.599580901433267,1.0
adult,28,matched_gini,0.05,0.006666666666666667,0.8523809523809524,1.0466607259737863,1.0
adult,28,mags_fixed,0.05,0.0038095238095238095,0.8495238095238096,1.0466607259737863,1.0
adult,28,mags_binary_excluded,0.05,0.006666666666666667,0.8523809523809524,1.0466607259737863,1.0
adult,28,matched_gini_unrestricted,0.05,0.004761904761904762,0.8542857142857143,1.0466607259737863,1.0
adult,28,mags_fixed_unrestricted,0.05,0.0038095238095238095,0.8495238095238096,1.0466607259737863,1.0
adult,28,cart_fixed,0.05,0.0038095238095238095,0.8552380952380952,1.0466607159203907,1.0
adult,28,mags_tuned,0.05,0.006666666666666667,0.8523809523809524,1.0466607259737863,1.0
adult,28,cart_tuned_depth,0.05,0.02095238095238095,0.8438095238095238,0.9761892378739729,1.0
adult,28,cart_pruned,0.05,0.01619047619047619,0.8438095238095238,0.9761892378739729,1.0
adult,28,noise_augmented_cart,0.05,0.004761904761904762,0.8552380952380952,0.8207125648715176,1.0
balance_scale,19,matched_gini,0.05,0.0,0.7990867579908676,0.35233074704629097,1.0
balance_scale,19,mags_fixed,0.05,0.0,0.7990867579908676,0.35233074704629097,1.0
balance_scale,19,mags_binary_excluded,0.05,0.0,0.7990867579908676,0.35233074704629097,1.0
balance_scale,19,matched_gini_unrestricted,0.05,0.0,0.7990867579908676,0.35233074704629097,1.0
balance_scale,19,mags_fixed_unrestricted,0.05,0.0,0.7990867579908676,0.35233074704629097,1.0
balance_scale,19,cart_fixed,0.05,0.0,0.7990867579908676,0.35233075924005824,1.0
balance_scale,19,mags_tuned,0.05,0.0,0.7990867579908676,0.35233074704629097,1.0
balance_scale,19,cart_tuned_depth,0.05,0.0,0.8082191780821918,0.35233075924005824,1.0
balance_scale,19,cart_pruned,0.05,0.0,0.7945205479452054,0.35233075924005824,1.0
balance_scale,19,noise_augmented_cart,0.05,0.0730593607305936,0.8036529680365296,0.554563395456426,1.0
adult,29,matched_gini,0.05,0.017142857142857144,0.8447619047619047,1.113091075664896,1.0
adult,29,mags_fixed,0.05,0.017142857142857144,0.840952380952381,1.113091075664896,0.9961904761904762
adult,29,mags_binary_excluded,0.05,0.017142857142857144,0.8447619047619047,1.113091075664896,1.0
adult,29,matched_gini_unrestricted,0.05,0.007619047619047619,0.8295238095238096,1.113091075664896,1.0
adult,29,mags_fixed_unrestricted,0.05,0.014285714285714285,0.8266666666666667,1.113091075664896,0.9961904761904762
adult,29,cart_fixed,0.05,0.006666666666666667,0.8485714285714285,1.1130910606838111,1.0
adult,29,mags_tuned,0.05,0.0019047619047619048,0.8285714285714286,1.113091075664896,0.9971428571428571
adult,29,cart_tuned_depth,0.05,0.006666666666666667,0.8514285714285714,1.1130910606838111,1.0
adult,29,cart_pruned,0.05,0.01904761904761905,0.8295238095238096,1.1130910606838111,1.0
adult,29,noise_augmented_cart,0.05,0.009523809523809525,0.8485714285714285,0.8999363892986119,1.0
balance_scale,20,matched_gini,0.05,0.0,0.8082191780821918,0.35548447590458826,1.0
balance_scale,20,mags_fixed,0.05,0.0,0.8082191780821918,0.35548447590458826,1.0
balance_scale,20,mags_binary_excluded,0.05,0.0,0.8082191780821918,0.35548447590458826,1.0
balance_scale,20,matched_gini_unrestricted,0.05,0.0,0.8082191780821918,0.35548447590458826,1.0
balance_scale,20,mags_fixed_unrestricted,0.05,0.0,0.8082191780821918,0.35548447590458826,1.0
balance_scale,20,cart_fixed,0.05,0.0,0.8082191780821918,0.35548448051903775,1.0
balance_scale,20,mags_tuned,0.05,0.0,0.8082191780821918,0.35548447590458826,1.0
balance_scale,20,cart_tuned_depth,0.05,0.0,0.7077625570776256,0.3558054143749994,1.0
balance_scale,20,cart_pruned,0.05,0.0,0.8127853881278538,0.35548448051903775,1.0
balance_scale,20,noise_augmented_cart,0.05,0.0410958904109589,0.7945205479452054,0.5272431843198706,1.0
balance_scale,21,matched_gini,0.05,0.0,0.730593607305936,0.356131034936005,1.0
balance_scale,21,mags_fixed,0.05,0.0,0.726027397260274,0.356131034936005,1.0
balance_scale,21,mags_binary_excluded,0.05,0.0,0.726027397260274,0.356131034936005,1.0
balance_scale,21,matched_gini_unrestricted,0.05,0.0,0.730593607305936,0.356131034936005,1.0
balance_scale,21,mags_fixed_unrestricted,0.05,0.0,0.726027397260274,0.356131034936005,1.0
balance_scale,21,cart_fixed,0.05,0.0,0.730593607305936,0.3561310468345042,1.0
balance_scale,21,mags_tuned,0.05,0.0,0.7442922374429224,0.35613103393600504,1.0
balance_scale,21,cart_tuned_depth,0.05,0.0,0.730593607305936,0.3561310468345042,1.0
balance_scale,21,cart_pruned,0.05,0.0,0.7488584474885844,0.35613102203750585,1.0
balance_scale,21,noise_augmented_cart,0.05,0.1415525114155251,0.7488584474885844,0.6091963724209577,1.0
balance_scale,22,matched_gini,0.05,0.0,0.7945205479452054,0.35646250960047166,1.0
balance_scale,22,mags_fixed,0.05,0.0,0.7945205479452054,0.35646250960047166,1.0
balance_scale,22,mags_binary_excluded,0.05,0.0,0.7945205479452054,0.35646250960047166,1.0
balance_scale,22,matched_gini_unrestricted,0.05,0.0,0.7945205479452054,0.35646250960047166,1.0
balance_scale,22,mags_fixed_unrestricted,0.05,0.0,0.7945205479452054,0.35646250960047166,1.0
balance_scale,22,cart_fixed,0.05,0.0,0.7945205479452054,0.35646250748299235,1.0
balance_scale,22,mags_tuned,0.05,0.0,0.776255707762557,0.3533364224119387,1.0
balance_scale,22,cart_tuned_depth,0.05,0.0,0.7945205479452054,0.35646250748299235,1.0
balance_scale,22,cart_pruned,0.05,0.0,0.7945205479452054,0.35646250748299235,1.0
balance_scale,22,noise_augmented_cart,0.05,0.0684931506849315,0.7625570776255708,0.4731821152509439,1.0
balance_scale,23,matched_gini,0.05,0.0,0.8127853881278538,0.3578583184388644,1.0
balance_scale,23,mags_fixed,0.05,0.0,0.7853881278538812,0.36429804755157447,1.0
balance_scale,23,mags_binary_excluded,0.05,0.0,0.7853881278538812,0.36429804755157447,1.0
balance_scale,23,matched_gini_unrestricted,0.05,0.0,0.8127853881278538,0.3578583184388644,1.0
balance_scale,23,mags_fixed_unrestricted,0.05,0.0,0.7853881278538812,0.36429804755157447,1.0
balance_scale,23,cart_fixed,0.05,0.0,0.8127853881278538,0.35785832168914744,1.0
balance_scale,23,mags_tuned,0.05,0.0,0.6894977168949772,0.3578583184388644,1.0
balance_scale,23,cart_tuned_depth,0.05,0.0,0.8127853881278538,0.35785832168914744,1.0
balance_scale,23,cart_pruned,0.05,0.0,0.8082191780821918,0.35785831418858133,1.0
balance_scale,23,noise_augmented_cart,0.05,0.045662100456621,0.8036529680365296,0.5830897575364725,1.0
balance_scale,24,matched_gini,0.05,0.0,0.7534246575342466,0.3520821233495905,1.0
balance_scale,24,mags_fixed,0.05,0.0,0.7534246575342466,0.3520821233495905,1.0
balance_scale,24,mags_binary_excluded,0.05,0.0,0.7534246575342466,0.3520821233495905,1.0
balance_scale,24,matched_gini_unrestricted,0.05,0.0,0.7534246575342466,0.3520821233495905,1.0
balance_scale,24,mags_fixed_unrestricted,0.05,0.0,0.7534246575342466,0.3520821233495905,1.0
balance_scale,24,cart_fixed,0.05,0.0,0.7534246575342466,0.35208213715601816,1.0
balance_scale,24,mags_tuned,0.05,0.0,0.7534246575342466,0.3520821233495905,1.0
balance_scale,24,cart_tuned_depth,0.05,0.0,0.7625570776255708,0.3520821085431628,1.0
balance_scale,24,cart_pruned,0.05,0.0,0.771689497716895,0.3520821085431628,1.0
balance_scale,24,noise_augmented_cart,0.05,0.0502283105022831,0.7671232876712328,0.41513611039697434,1.0
balance_scale,25,matched_gini,0.05,0.0,0.7808219178082192,0.35613103493600506,1.0
balance_scale,25,mags_fixed,0.05,0.0,0.7808219178082192,0.35613103493600506,1.0
balance_scale,25,mags_binary_excluded,0.05,0.0,0.7808219178082192,0.35613103493600506,1.0
balance_scale,25,matched_gini_unrestricted,0.05,0.0,0.7808219178082192,0.35613103493600506,1.0
balance_scale,25,mags_fixed_unrestricted,0.05,0.0,0.7808219178082192,0.35613103493600506,1.0
balance_scale,25,cart_fixed,0.05,0.0,0.7808219178082192,0.3561310471863393,1.0
balance_scale,25,mags_tuned,0.05,0.0,0.7671232876712328,0.356131033936005,1.0
balance_scale,25,cart_tuned_depth,0.05,0.0,0.7625570776255708,0.3561310210375058,1.0
balance_scale,25,cart_pruned,0.05,0.0,0.7625570776255708,0.3561309946055146,1.0
balance_scale,25,noise_augmented_cart,0.05,0.0410958904109589,0.7945205479452054,0.5725215451710741,1.0
balance_scale,26,matched_gini,0.05,0.0,0.7899543378995434,0.3541641162314709,1.0
balance_scale,26,mags_fixed,0.05,0.0,0.7899543378995434,0.3541641162314709,1.0
balance_scale,26,mags_binary_excluded,0.05,0.0,0.7899543378995434,0.3541641162314709,1.0
balance_scale,26,matched_gini_unrestricted,0.05,0.0,0.7899543378995434,0.3541641162314709,1.0
balance_scale,26,mags_fixed_unrestricted,0.05,0.0,0.7899543378995434,0.3541641162314709,1.0
balance_scale,26,cart_fixed,0.05,0.0,0.7899543378995434,0.3541641255376753,1.0
balance_scale,26,mags_tuned,0.05,0.0,0.771689497716895,0.35416411523147084,1.0
balance_scale,26,cart_tuned_depth,0.05,0.0182648401826484,0.7899543378995434,0.3541641160680139,1.0
balance_scale,26,cart_pruned,0.05,0.0,0.7899543378995434,0.3541641160680139,1.0
balance_scale,26,noise_augmented_cart,0.05,0.0136986301369863,0.776255707762557,0.5660558375013214,1.0
balance_scale,27,matched_gini,0.05,0.0,0.771689497716895,0.3541274686813941,1.0
balance_scale,27,mags_fixed,0.05,0.0,0.771689497716895,0.3541274686813941,1.0
balance_scale,27,mags_binary_excluded,0.05,0.0,0.771689497716895,0.3541274686813941,1.0
balance_scale,27,matched_gini_unrestricted,0.05,0.0,0.771689497716895,0.3541274686813941,1.0
balance_scale,27,mags_fixed_unrestricted,0.05,0.0,0.771689497716895,0.3541274686813941,1.0
balance_scale,27,cart_fixed,0.05,0.0,0.771689497716895,0.3541274617763986,1.0
balance_scale,27,mags_tuned,0.05,0.0,0.7534246575342466,0.354127469681394,1.0
balance_scale,27,cart_tuned_depth,0.05,0.0,0.771689497716895,0.3541274617763986,1.0
balance_scale,27,cart_pruned,0.05,0.0,0.7853881278538812,0.35412745777084925,1.0
balance_scale,27,noise_augmented_cart,0.05,0.1004566210045662,0.7488584474885844,0.5229037680345486,1.0
balance_scale,28,matched_gini,0.05,0.0,0.7808219178082192,0.3524369292555726,1.0
balance_scale,28,mags_fixed,0.05,0.0,0.7808219178082192,0.3524369292555726,1.0
balance_scale,28,mags_binary_excluded,0.05,0.0,0.7808219178082192,0.3524369292555726,1.0
balance_scale,28,matched_gini_unrestricted,0.05,0.0,0.7808219178082192,0.3524369292555726,1.0
balance_scale,28,mags_fixed_unrestricted,0.05,0.0,0.7808219178082192,0.3524369292555726,1.0
balance_scale,28,cart_fixed,0.05,0.0,0.7808219178082192,0.35243690958593427,1.0
balance_scale,28,mags_tuned,0.05,0.0,0.771689497716895,0.3524369292555726,1.0
balance_scale,28,cart_tuned_depth,0.05,0.0,0.771689497716895,0.35243690958593427,1.0
balance_scale,28,cart_pruned,0.05,0.0,0.7990867579908676,0.35243690958593427,1.0
balance_scale,28,noise_augmented_cart,0.05,0.091324200913242,0.7442922374429224,0.5724449300623039,1.0
balance_scale,29,matched_gini,0.05,0.0,0.776255707762557,0.35706415397315455,1.0
balance_scale,29,mags_fixed,0.05,0.0,0.776255707762557,0.35706415397315455,1.0
balance_scale,29,mags_binary_excluded,0.05,0.0,0.776255707762557,0.35706415397315455,1.0
balance_scale,29,matched_gini_unrestricted,0.05,0.0,0.776255707762557,0.35706415397315455,1.0
balance_scale,29,mags_fixed_unrestricted,0.05,0.0,0.776255707762557,0.35706415397315455,1.0
balance_scale,29,cart_fixed,0.05,0.0,0.776255707762557,0.3570641619151986,1.0
balance_scale,29,mags_tuned,0.05,0.0,0.7442922374429224,0.35606528908370577,1.0
balance_scale,29,cart_tuned_depth,0.05,0.0,0.7579908675799086,0.3560652921340582,1.0
balance_scale,29,cart_pruned,0.05,0.0,0.7579908675799086,0.3560652921340582,1.0
balance_scale,29,noise_augmented_cart,0.05,0.0867579908675799,0.776255707762557,0.5410303772680832,1.0
bank_marketing,0,matched_gini,0.05,0.013897662665824383,0.8875552747946936,1.2973102121366122,1.0
bank_marketing,0,mags_fixed,0.05,0.008843967150979154,0.8913455464308275,1.9860782277023552,0.9892608970309539
bank_marketing,0,mags_binary_excluded,0.05,0.013897662665824383,0.8875552747946936,1.2973102121366122,1.0
bank_marketing,0,matched_gini_unrestricted,0.05,0.015161086544535692,0.8900821225521163,2.0604338657463845,1.0
bank_marketing,0,mags_fixed_unrestricted,0.05,0.011370814908401769,0.8894504106127605,1.9117225896583263,1.0
bank_marketing,0,cart_fixed,0.05,0.008843967150979154,0.8932406822488945,1.3841573947379442,1.0
bank_marketing,0,mags_tuned,0.05,0.013265950726468731,0.8875552747946936,1.5750756877178307,1.0
bank_marketing,0,cart_tuned_depth,0.05,0.02337334175615919,0.8818698673404928,0.715943462517913,1.0
bank_marketing,0,cart_pruned,0.05,0.0082122552116235,0.8881869867340493,1.34231494628103,0.9715729627289956
bank_marketing,0,noise_augmented_cart,0.05,0.0082122552116235,0.8957675300063171,1.2098203435934014,1.0
bank_marketing,1,matched_gini,0.05,0.02969046114971573,0.8945041061276058,1.090166123535694,1.0
bank_marketing,1,mags_fixed,0.05,0.012634238787113077,0.8913455464308275,1.6695568572740658,1.0
bank_marketing,1,mags_binary_excluded,0.05,0.02969046114971573,0.8945041061276058,1.090166123535694,1.0
bank_marketing,1,matched_gini_unrestricted,0.05,0.0082122552116235,0.8963992419456728,1.7088868185526067,1.0
bank_marketing,1,mags_fixed_unrestricted,0.05,0.008843967150979154,0.8945041061276058,1.7403507875754394,0.9715729627289956
bank_marketing,1,cart_fixed,0.05,0.006317119393556538,0.9027163613392293,1.6459588796989144,1.0
bank_marketing,1,mags_tuned,0.05,0.008843967150979154,0.8932406822488945,1.7383842895115125,0.7296272899557802
bank_marketing,1,cart_tuned_depth,0.05,0.003158559696778269,0.897662665824384,1.7993457286852244,0.38597599494630447
bank_marketing,1,cart_pruned,0.05,0.007580543272267846,0.8843967150979154,1.8091782190048595,0.9703095388502843
bank_marketing,1,noise_augmented_cart,0.05,0.006317119393556538,0.8900821225521163,1.3685238470357428,0.9911560328490209
bank_marketing,2,matched_gini,0.05,0.017056222362602652,0.8825015792798484,1.1508417091415564,1.0
bank_marketing,2,mags_fixed,0.05,0.017687934301958308,0.8818698673404928,1.208867341484828,1.0
bank_marketing,2,mags_binary_excluded,0.05,0.017056222362602652,0.8825015792798484,1.1508417091415564,1.0
bank_marketing,2,matched_gini_unrestricted,0.05,0.017056222362602652,0.8799747315224258,0.9894119613305061,1.0
bank_marketing,2,mags_fixed_unrestricted,0.05,0.017687934301958308,0.885028427037271,1.1895254640370712,1.0
bank_marketing,2,cart_fixed,0.05,0.011370814908401769,0.8843967150979154,1.1577523448092748,1.0
bank_marketing,2,mags_tuned,0.05,0.01958307012002527,0.8723941882501579,0.880055424872955,1.0
bank_marketing,2,cart_tuned_depth,0.05,0.02021478205938092,0.8673404927353127,0.7562673996474655,1.0
bank_marketing,2,cart_pruned,0.05,0.006317119393556538,0.8799747315224258,1.7233612872223396,0.9709412507896399
bank_marketing,2,noise_augmented_cart,0.05,0.0082122552116235,0.8881869867340493,1.7581766583720482,1.0
bank_marketing,3,matched_gini,0.05,0.017687934301958308,0.8963992419456728,1.8036382903199055,1.0
bank_marketing,3,mags_fixed,0.05,0.006317119393556538,0.9001895135818067,1.9808168860698745,0.7302590018951358
bank_marketing,3,mags_binary_excluded,0.05,0.017687934301958308,0.8963992419456728,1.8036382903199055,1.0
bank_marketing,3,matched_gini_unrestricted,0.05,0.012002526847757423,0.8926089703095389,1.7973524771799245,1.0
bank_marketing,3,mags_fixed_unrestricted,0.05,0.013265950726468731,0.8945041061276058,1.8096106025361967,1.0
bank_marketing,3,cart_fixed,0.05,0.008843967150979154,0.8951358180669615,1.869333712458623,1.0
bank_marketing,3,mags_tuned,0.05,0.007580543272267846,0.8957675300063171,1.7897028951485598,0.7460518003790272
bank_marketing,3,cart_tuned_depth,0.05,0.0012634238787113076,0.8970309538850284,1.8494260050709859,0.3815540113708149
bank_marketing,3,cart_pruned,0.05,0.003790271636133923,0.8837650031585597,1.8753060246749138,0.9728363866077069
bank_marketing,3,noise_augmented_cart,0.05,0.006948831332912192,0.8938723941882502,1.1238435700597487,0.998104864181933
bank_marketing,4,matched_gini,0.05,0.01831964624131396,0.8951358180669615,1.26771958508668,1.0
bank_marketing,4,mags_fixed,0.05,0.0082122552116235,0.897662665824384,1.6953522454152288,0.6392924826279217
bank_marketing,4,mags_binary_excluded,0.05,0.01831964624131396,0.8982943777637398,1.26771958508668,1.0
bank_marketing,4,matched_gini_unrestricted,0.05,0.02147820593809223,0.883133291219204,1.105827766183355,1.0
bank_marketing,4,mags_fixed_unrestricted,0.05,0.010739102969046115,0.901452937460518,1.798612902605525,0.8490208464939988
bank_marketing,4,cart_fixed,0.05,0.014529374605180037,0.8926089703095389,1.0799092697897983,1.0
bank_marketing,4,mags_tuned,0.05,0.011370814908401769,0.8982943777637398,1.7404114412800853,1.0
bank_marketing,4,cart_tuned_depth,0.05,0.005685407454200884,0.8951358180669615,2.1722287743574413,1.0
bank_marketing,4,cart_pruned,0.05,0.017056222362602652,0.8825015792798484,0.7209471290657107,1.0
bank_marketing,4,noise_augmented_cart,0.05,0.006317119393556538,0.8919772583701832,1.5160039397862821,1.0
bank_marketing,6,matched_gini,0.05,0.01010739102969046,0.8951358180669615,1.7550357126428366,1.0
bank_marketing,6,mags_fixed,0.05,0.00505369551484523,0.8945041061276058,1.9952972860014284,0.9974731522425774
bank_marketing,6,mags_binary_excluded,0.05,0.01010739102969046,0.8951358180669615,1.7550357126428366,1.0
bank_marketing,6,matched_gini_unrestricted,0.05,0.008843967150979154,0.8982943777637398,1.618011534086765,1.0
bank_marketing,6,mags_fixed_unrestricted,0.05,0.008843967150979154,0.9027163613392293,1.8657812816128128,0.9974731522425774
bank_marketing,6,cart_fixed,0.05,0.005685407454200884,0.8951358180669615,1.7550357399862677,1.0
bank_marketing,6,mags_tuned,0.05,0.010739102969046115,0.9008212255211624,1.8113470188987568,0.9974731522425774
bank_marketing,6,cart_tuned_depth,0.05,0.0006317119393556538,0.8989260897030954,2.186755699520088,1.0
bank_marketing,6,cart_pruned,0.05,0.0012634238787113076,0.9001895135818067,2.1079198707618003,1.0
bank_marketing,6,noise_augmented_cart,0.05,0.0012634238787113076,0.8926089703095389,1.9452333067804908,1.0
bank_marketing,5,matched_gini,0.05,0.016424510423247,0.9058749210360075,1.803625912952961,1.0
bank_marketing,5,mags_fixed,0.05,0.012634238787113077,0.9008212255211624,1.721863843958043,1.0
bank_marketing,5,mags_binary_excluded,0.05,0.016424510423247,0.9058749210360075,1.803625912952961,1.0
bank_marketing,5,matched_gini_unrestricted,0.05,0.009475679090334808,0.899557801642451,1.6142473537731652,1.0
bank_marketing,5,mags_fixed_unrestricted,0.05,0.007580543272267846,0.897662665824384,1.5988735694610396,1.0
bank_marketing,5,cart_fixed,0.05,0.006948831332912192,0.9039797852179406,1.650760137892559,1.0
bank_marketing,5,mags_tuned,0.05,0.020846493998736577,0.899557801642451,1.5758128929928519,1.0
bank_marketing,5,cart_tuned_depth,0.05,0.012634238787113077,0.8919772583701832,0.807123663714256,1.0
bank_marketing,5,cart_pruned,0.05,0.008843967150979154,0.8862918509159823,1.785280750623656,0.9709412507896399
bank_marketing,5,noise_augmented_cart,0.05,0.0082122552116235,0.8945041061276058,1.5909858205355636,1.0
bank_marketing,7,matched_gini,0.05,0.018951358180669616,0.8825015792798484,1.595582450791665,1.0
bank_marketing,7,mags_fixed,0.05,0.01010739102969046,0.8806064434617814,1.595582450791665,1.0
bank_marketing,7,mags_binary_excluded,0.05,0.018951358180669616,0.8825015792798484,1.595582450791665,1.0
bank_marketing,7,matched_gini_unrestricted,0.05,0.017056222362602652,0.8825015792798484,1.3824159327607226,1.0
bank_marketing,7,mags_fixed_unrestricted,0.05,0.010739102969046115,0.8881869867340493,1.725113129372538,1.0
bank_marketing,7,cart_fixed,0.05,0.009475679090334808,0.8793430195830702,1.1284869353042597,1.0
bank_marketing,7,mags_tuned,0.05,0.009475679090334808,0.8825015792798484,1.8075417430149119,1.0
bank_marketing,7,cart_tuned_depth,0.05,0.005685407454200884,0.8907138344914719,2.3766916771948727,1.0
bank_marketing,7,cart_pruned,0.05,0.013897662665824383,0.8717624763108023,0.9950236390712922,1.0
bank_marketing,7,noise_augmented_cart,0.05,0.008843967150979154,0.8888186986734049,1.770179688237819,1.0
bank_marketing,8,matched_gini,0.05,0.013265950726468731,0.8945041061276058,1.3973177473952592,1.0
bank_marketing,8,mags_fixed,0.05,0.013897662665824383,0.8938723941882502,1.3551306630900875,0.998104864181933
bank_marketing,8,mags_binary_excluded,0.05,0.013265950726468731,0.8945041061276058,1.3973177473952592,1.0
bank_marketing,8,matched_gini_unrestricted,0.05,0.013265950726468731,0.8919772583701832,1.3551306630900872,1.0
bank_marketing,8,mags_fixed_unrestricted,0.05,0.013897662665824383,0.8982943777637398,1.732132110451187,0.8894504106127605
bank_marketing,8,cart_fixed,0.05,0.014529374605180037,0.8963992419456728,1.261673373966724,1.0
bank_marketing,8,mags_tuned,0.05,0.025900189513581806,0.8881869867340493,0.8844518155465838,1.0
bank_marketing,8,cart_tuned_depth,0.05,0.0006317119393556538,0.9008212255211624,1.7863217533195024,0.3986102337334176
bank_marketing,8,cart_pruned,0.05,0.003790271636133923,0.8938723941882502,1.6082701845267546,0.9917877447883765
bank_marketing,8,noise_augmented_cart,0.05,0.003790271636133923,0.8982943777637398,1.8242652242549136,1.0
bank_marketing,9,matched_gini,0.05,0.010739102969046115,0.8907138344914719,1.374216327235958,1.0
bank_marketing,9,mags_fixed,0.05,0.012002526847757423,0.8894504106127605,1.7096247750620286,0.8515476942514214
bank_marketing,9,mags_binary_excluded,0.05,0.010739102969046115,0.8907138344914719,1.374216327235958,1.0
bank_marketing,9,matched_gini_unrestricted,0.05,0.027795325331648767,0.886923562855338,1.2769069076063515,1.0
bank_marketing,9,mags_fixed_unrestricted,0.05,0.015161086544535692,0.8907138344914719,1.813122238962645,0.8515476942514214
bank_marketing,9,cart_fixed,0.05,0.007580543272267846,0.8856601389766267,1.2682167987882063,1.0
bank_marketing,9,mags_tuned,0.05,0.007580543272267846,0.8951358180669615,1.7000416765527124,1.0
bank_marketing,9,cart_tuned_depth,0.05,0.003790271636133923,0.899557801642451,1.7307075962337413,1.0
bank_marketing,9,cart_pruned,0.05,0.006948831332912192,0.8982943777637398,1.5735447806809537,1.0
bank_marketing,9,noise_augmented_cart,0.05,0.006948831332912192,0.8938723941882502,1.6462293305352842,1.0
bank_marketing,10,matched_gini,0.05,0.02021478205938092,0.8913455464308275,1.7777758119319327,1.0
bank_marketing,10,mags_fixed,0.05,0.018951358180669616,0.885028427037271,1.781611358449585,1.0
bank_marketing,10,mags_binary_excluded,0.05,0.02021478205938092,0.8913455464308275,1.7777758119319327,1.0
bank_marketing,10,matched_gini_unrestricted,0.05,0.022109917877447885,0.8736576121288693,1.294496950707718,1.0
bank_marketing,10,mags_fixed_unrestricted,0.05,0.0082122552116235,0.8894504106127605,2.0692773472735224,1.0
bank_marketing,10,cart_fixed,0.05,0.015161086544535692,0.8761844598862919,1.4636929682368698,1.0
bank_marketing,10,mags_tuned,0.05,0.012634238787113077,0.886923562855338,1.8640756085791137,0.9943145925457991
bank_marketing,10,cart_tuned_depth,0.05,0.006948831332912192,0.8881869867340493,1.70106480884797,1.0
bank_marketing,10,cart_pruned,0.05,0.010739102969046115,0.8780795957043588,1.5399719497121358,1.0
bank_marketing,10,noise_augmented_cart,0.05,0.006317119393556538,0.8951358180669615,1.634177783855732,1.0
bank_marketing,11,matched_gini,0.05,0.017687934301958308,0.8982943777637398,1.238774897837767,1.0
bank_marketing,11,mags_fixed,0.05,0.014529374605180037,0.8938723941882502,1.7494149316487548,0.8464939987365762
bank_marketing,11,mags_binary_excluded,0.05,0.018951358180669616,0.8970309538850284,1.238774897837767,1.0
bank_marketing,11,matched_gini_unrestricted,0.05,0.016424510423247,0.897662665824384,1.2775573464821453,1.0
bank_marketing,11,mags_fixed_unrestricted,0.05,0.020846493998736577,0.8825015792798484,0.9475209526270552,0.9962097283638661
bank_marketing,11,cart_fixed,0.05,0.011370814908401769,0.9001895135818067,1.293621424785599,1.0
bank_marketing,11,mags_tuned,0.05,0.017687934301958308,0.8919772583701832,0.8623799013783139,1.0
bank_marketing,11,cart_tuned_depth,0.05,0.012634238787113077,0.8951358180669615,0.9267171041954818,1.0
bank_marketing,11,cart_pruned,0.05,0.007580543272267846,0.8970309538850284,1.399531950316767,1.0
bank_marketing,11,noise_augmented_cart,0.05,0.011370814908401769,0.8951358180669615,1.4284489613916367,1.0
bank_marketing,12,matched_gini,0.05,0.013265950726468731,0.8926089703095389,1.7080531236100036,1.0
bank_marketing,12,mags_fixed,0.05,0.0082122552116235,0.8951358180669615,1.818372813043612,0.9873657612128869
bank_marketing,12,mags_binary_excluded,0.05,0.013265950726468731,0.8926089703095389,1.7080531236100036,1.0
bank_marketing,12,matched_gini_unrestricted,0.05,0.011370814908401769,0.8926089703095389,1.588223116121774,1.0
bank_marketing,12,mags_fixed_unrestricted,0.05,0.01010739102969046,0.9020846493998737,1.732581039811152,1.0
bank_marketing,12,cart_fixed,0.05,0.007580543272267846,0.8938723941882502,1.6509912232264283,1.0
bank_marketing,12,mags_tuned,0.05,0.003158559696778269,0.8951358180669615,1.974342029139403,0.9974731522425774
bank_marketing,12,cart_tuned_depth,0.05,0.007580543272267846,0.8970309538850284,1.6509912232264283,1.0
bank_marketing,12,cart_pruned,0.05,0.006317119393556538,0.899557801642451,1.609145823786094,1.0
bank_marketing,12,noise_augmented_cart,0.05,0.00505369551484523,0.9020846493998737,1.7030038623823325,1.0
bank_marketing,13,matched_gini,0.05,0.013265950726468731,0.9058749210360075,1.686772663380352,1.0
bank_marketing,13,mags_fixed,0.05,0.013265950726468731,0.897662665824384,1.7136382120417,1.0
bank_marketing,13,mags_binary_excluded,0.05,0.013265950726468731,0.9058749210360075,1.686772663380352,1.0
bank_marketing,13,matched_gini_unrestricted,0.05,0.026531901452937462,0.8989260897030954,1.2640468802802016,1.0
bank_marketing,13,mags_fixed_unrestricted,0.05,0.01831964624131396,0.901452937460518,1.6771778245727276,1.0
bank_marketing,13,cart_fixed,0.05,0.011370814908401769,0.9046114971572963,1.6906106422837814,1.0
bank_marketing,13,mags_tuned,0.05,0.014529374605180037,0.8919772583701832,1.4718482740895678,1.0
bank_marketing,13,cart_tuned_depth,0.05,0.01958307012002527,0.8900821225521163,0.7349646409606381,1.0
bank_marketing,13,cart_pruned,0.05,0.002526847757422615,0.8888186986734049,1.7865590303600243,0.9715729627289956
bank_marketing,13,noise_augmented_cart,0.05,0.003790271636133923,0.8938723941882502,1.4896282495167381,1.0
bank_marketing,14,matched_gini,0.05,0.010739102969046115,0.8907138344914719,1.492330131641555,1.0
bank_marketing,14,mags_fixed,0.05,0.005685407454200884,0.8970309538850284,1.9776718130537894,0.7631080227416298
bank_marketing,14,mags_binary_excluded,0.05,0.01010739102969046,0.8900821225521163,1.492330131641555,1.0
bank_marketing,14,matched_gini_unrestricted,0.05,0.009475679090334808,0.899557801642451,1.6140148458887884,0.8420720151610865
bank_marketing,14,mags_fixed_unrestricted,0.05,0.017687934301958308,0.8875552747946936,1.6451936533461957,0.9924194567277321
bank_marketing,14,cart_fixed,0.05,0.013265950726468731,0.886923562855338,1.4350063168305132,1.0
bank_marketing,14,mags_tuned,0.05,0.013265950726468731,0.881238155401137,1.0872417991242571,1.0
bank_marketing,14,cart_tuned_depth,0.05,0.010739102969046115,0.8951358180669615,1.918437168776507,1.0
bank_marketing,14,cart_pruned,0.05,0.01958307012002527,0.8825015792798484,0.882786809227566,1.0
bank_marketing,14,noise_augmented_cart,0.05,0.011370814908401769,0.899557801642451,1.7220196920494055,1.0
bank_marketing,15,matched_gini,0.05,0.015161086544535692,0.885028427037271,1.2551268808078995,1.0
bank_marketing,15,mags_fixed,0.05,0.012634238787113077,0.8945041061276058,1.9007292088021295,0.9993682880606444
bank_marketing,15,mags_binary_excluded,0.05,0.015161086544535692,0.885028427037271,1.2551268808078995,1.0
bank_marketing,15,matched_gini_unrestricted,0.05,0.015161086544535692,0.8951358180669615,1.3591135992132723,1.0
bank_marketing,15,mags_fixed_unrestricted,0.05,0.013265950726468731,0.8919772583701832,2.138083006542655,0.9185091598231206
bank_marketing,15,cart_fixed,0.05,0.005685407454200884,0.9020846493998737,1.3823485156992463,1.0
bank_marketing,15,mags_tuned,0.05,0.022109917877447885,0.8843967150979154,1.171649654632131,1.0
bank_marketing,15,cart_tuned_depth,0.05,0.015161086544535692,0.8862918509159823,0.8563725058475072,1.0
bank_marketing,15,cart_pruned,0.05,0.006948831332912192,0.8945041061276058,1.2563937302701067,1.0
bank_marketing,15,noise_augmented_cart,0.05,0.0082122552116235,0.8793430195830702,0.9614203560513843,1.0
bank_marketing,16,matched_gini,0.05,0.02021478205938092,0.8875552747946936,1.0295458157709971,1.0
bank_marketing,16,mags_fixed,0.05,0.02337334175615919,0.8926089703095389,1.0295458157709971,1.0
bank_marketing,16,mags_binary_excluded,0.05,0.02021478205938092,0.8875552747946936,1.0295458157709971,1.0
bank_marketing,16,matched_gini_unrestricted,0.05,0.027163613392293114,0.8926089703095389,1.3226773817347546,1.0
bank_marketing,16,mags_fixed_unrestricted,0.05,0.015161086544535692,0.8951358180669615,1.3691312720170932,1.0
bank_marketing,16,cart_fixed,0.05,0.013897662665824383,0.8888186986734049,1.357332676682222,1.0
bank_marketing,16,mags_tuned,0.05,0.0082122552116235,0.8919772583701832,1.7096615935654462,1.0
bank_marketing,16,cart_tuned_depth,0.05,0.005685407454200884,0.8957675300063171,1.780897485651139,0.6007580543272267
bank_marketing,16,cart_pruned,0.05,0.007580543272267846,0.8900821225521163,1.8117021990306967,0.967150979153506
bank_marketing,16,noise_augmented_cart,0.05,0.01010739102969046,0.899557801642451,0.9580848265481307,0.998104864181933
bank_marketing,17,matched_gini,0.05,0.014529374605180037,0.8913455464308275,1.6966010238113516,1.0
bank_marketing,17,mags_fixed,0.05,0.009475679090334808,0.8888186986734049,1.903688446875286,1.0
bank_marketing,17,mags_binary_excluded,0.05,0.017056222362602652,0.8894504106127605,1.6966010238113516,1.0
bank_marketing,17,matched_gini_unrestricted,0.05,0.01831964624131396,0.8900821225521163,1.7459208209861004,1.0
bank_marketing,17,mags_fixed_unrestricted,0.05,0.013265950726468731,0.8963992419456728,1.9265327082257895,0.9993682880606444
bank_marketing,17,cart_fixed,0.05,0.012634238787113077,0.8913455464308275,1.8046966610191588,1.0
bank_marketing,17,mags_tuned,0.05,0.00505369551484523,0.8982943777637398,1.8275409090402746,0.8168035375868604
bank_marketing,17,cart_tuned_depth,0.05,0.009475679090334808,0.8989260897030954,1.8161187916944104,1.0
bank_marketing,17,cart_pruned,0.05,0.009475679090334808,0.8970309538850284,1.67905322359139,1.0
bank_marketing,17,noise_augmented_cart,0.05,0.008843967150979154,0.9001895135818067,1.9110150929597738,0.9936828806064435
bank_marketing,18,matched_gini,0.05,0.015792798483891344,0.8938723941882502,1.7330764481519267,1.0
bank_marketing,18,mags_fixed,0.05,0.013265950726468731,0.897662665824384,1.6215132584351544,1.0
bank_marketing,18,mags_binary_excluded,0.05,0.015792798483891344,0.8938723941882502,1.7330764481519267,1.0
bank_marketing,18,matched_gini_unrestricted,0.05,0.008843967150979154,0.8957675300063171,1.729229441609969,1.0
bank_marketing,18,mags_fixed_unrestricted,0.05,0.008843967150979154,0.8970309538850284,1.910038749081979,0.8066961465571699
bank_marketing,18,cart_fixed,0.05,0.003790271636133923,0.899557801642451,1.736923455564728,1.0
bank_marketing,18,mags_tuned,0.05,0.02147820593809223,0.8926089703095389,1.4599389836729326,1.0
bank_marketing,18,cart_tuned_depth,0.05,0.006948831332912192,0.8970309538850284,1.4945620434213953,1.0
bank_marketing,18,cart_pruned,0.05,0.004421983575489577,0.8963992419456728,1.2740542956995835,1.0
bank_marketing,18,noise_augmented_cart,0.05,0.002526847757422615,0.8932406822488945,1.8437255011277296,0.8540745420088439
bank_marketing,19,matched_gini,0.05,0.006948831332912192,0.899557801642451,1.9552993560134067,1.0
bank_marketing,19,mags_fixed,0.05,0.006317119393556538,0.897662665824384,1.7310764950886428,0.9930511686670878
bank_marketing,19,mags_binary_excluded,0.05,0.006948831332912192,0.899557801642451,1.9552993560134067,1.0
bank_marketing,19,matched_gini_unrestricted,0.05,0.015792798483891344,0.8932406822488945,1.0014021002148352,1.0
bank_marketing,19,mags_fixed_unrestricted,0.05,0.006948831332912192,0.899557801642451,1.6759708767257768,0.9930511686670878
bank_marketing,19,cart_fixed,0.05,0.005685407454200884,0.9020846493998737,1.4446238016843973,1.0
bank_marketing,19,mags_tuned,0.05,0.010739102969046115,0.8982943777637398,1.4004427849114487,1.0
bank_marketing,19,cart_tuned_depth,0.05,0.0018951358180669614,0.897662665824384,2.008504831898966,0.687934301958307
bank_marketing,19,cart_pruned,0.05,0.004421983575489577,0.8945041061276058,1.4446238016843973,0.9728363866077069
bank_marketing,19,noise_augmented_cart,0.05,0.003158559696778269,0.8951358180669615,1.9194302193070605,1.0
bank_marketing,20,matched_gini,0.05,0.012002526847757423,0.885028427037271,1.683019354104433,1.0
bank_marketing,20,mags_fixed,0.05,0.008843967150979154,0.8843967150979154,3.7527606903533357,0.998104864181933
bank_marketing,20,mags_binary_excluded,0.05,0.013897662665824383,0.8818698673404928,1.6676141426343694,1.0
bank_marketing,20,matched_gini_unrestricted,0.05,0.01831964624131396,0.885028427037271,1.3152199302566678,1.0
bank_marketing,20,mags_fixed_unrestricted,0.05,0.014529374605180037,0.8888186986734049,2.139398743905063,0.998104864181933
bank_marketing,20,cart_fixed,0.05,0.012002526847757423,0.8837650031585597,1.2998147299277303,1.0
bank_marketing,20,mags_tuned,0.05,0.020846493998736577,0.8780795957043588,1.0842249128530403,1.0
bank_marketing,20,cart_tuned_depth,0.05,0.012002526847757423,0.8837650031585597,1.2998147299277303,1.0
bank_marketing,20,cart_pruned,0.05,0.00505369551484523,0.8945041061276058,2.154803921739628,1.0
bank_marketing,20,noise_augmented_cart,0.05,0.004421983575489577,0.8989260897030954,2.1414751042505027,1.0
bank_marketing,21,matched_gini,0.05,0.02337334175615919,0.8982943777637398,1.389329147775834,1.0
bank_marketing,21,mags_fixed,0.05,0.02147820593809223,0.8945041061276058,1.4716939014372281,0.7637397346809854
bank_marketing,21,mags_binary_excluded,0.05,0.022109917877447885,0.8970309538850284,1.4372026211937283,1.0
bank_marketing,21,matched_gini_unrestricted,0.05,0.01831964624131396,0.9008212255211624,1.376745907860633,1.0
bank_marketing,21,mags_fixed_unrestricted,0.05,0.016424510423247,0.9008212255211624,1.8467383878001968,0.9425142135186355
bank_marketing,21,cart_fixed,0.05,0.015161086544535692,0.8919772583701832,1.4448575010525766,1.0
bank_marketing,21,mags_tuned,0.05,0.02147820593809223,0.8945041061276058,1.4716939014372281,0.7637397346809854
bank_marketing,21,cart_tuned_depth,0.05,0.003790271636133923,0.8989260897030954,1.7931542745216293,0.6399241945672773
bank_marketing,21,cart_pruned,0.05,0.006948831332912192,0.8970309538850284,1.5666418730282414,1.0
bank_marketing,21,noise_augmented_cart,0.05,0.007580543272267846,0.8926089703095389,1.4878896300612383,1.0
bank_marketing,22,matched_gini,0.05,0.012002526847757423,0.8970309538850284,1.4892384604460198,1.0
bank_marketing,22,mags_fixed,0.05,0.012002526847757423,0.8989260897030954,1.6106821422826598,1.0
bank_marketing,22,mags_binary_excluded,0.05,0.013897662665824383,0.899557801642451,1.4892384604460198,1.0
bank_marketing,22,matched_gini_unrestricted,0.05,0.022741629816803537,0.8982943777637398,1.6288705227990259,1.0
bank_marketing,22,mags_fixed_unrestricted,0.05,0.020846493998736577,0.8963992419456728,1.7117287007069169,0.9993682880606444
bank_marketing,22,cart_fixed,0.05,0.012634238787113077,0.8945041061276058,1.5924937125486673,1.0
bank_marketing,22,mags_tuned,0.05,0.009475679090334808,0.9008212255211624,1.7198124253808575,1.0
bank_marketing,22,cart_tuned_depth,0.05,0.015792798483891344,0.8913455464308275,0.8346445744119542,1.0
bank_marketing,22,cart_pruned,0.05,0.015792798483891344,0.8913455464308275,0.8346445744119542,1.0
bank_marketing,22,noise_augmented_cart,0.05,0.007580543272267846,0.8963992419456728,1.7129512329622814,1.0
bank_marketing,23,matched_gini,0.05,0.024636765634870498,0.8900821225521163,1.2725279203424051,1.0
bank_marketing,23,mags_fixed,0.05,0.009475679090334808,0.9039797852179406,1.7645355701206626,0.5293746051800379
bank_marketing,23,mags_binary_excluded,0.05,0.025268477574226154,0.8900821225521163,1.2725279203424051,1.0
bank_marketing,23,matched_gini_unrestricted,0.05,0.018951358180669616,0.9052432090966519,1.2904518776367389,1.0
bank_marketing,23,mags_fixed_unrestricted,0.05,0.006948831332912192,0.9008212255211624,1.676013718826984,0.4390397978521794
bank_marketing,23,cart_fixed,0.05,0.01958307012002527,0.8963992419456728,1.3669717814487439,1.0
bank_marketing,23,mags_tuned,0.05,0.024636765634870498,0.8900821225521163,1.2725279203424051,1.0
bank_marketing,23,cart_tuned_depth,0.05,0.015792798483891344,0.9027163613392293,1.8038786023326336,1.0
bank_marketing,23,cart_pruned,0.05,0.008843967150979154,0.8989260897030954,1.8383413673832432,1.0
bank_marketing,23,noise_augmented_cart,0.05,0.005685407454200884,0.9071383449147189,2.3339312136180945,0.9608338597599495
bank_marketing,25,matched_gini,0.05,0.010739102969046115,0.9039797852179406,1.9020234378655616,1.0
bank_marketing,25,mags_fixed,0.05,0.011370814908401769,0.8945041061276058,1.45657678832204,0.9943145925457991
bank_marketing,25,mags_binary_excluded,0.05,0.010739102969046115,0.9039797852179406,1.9020234378655616,1.0
bank_marketing,25,matched_gini_unrestricted,0.05,0.012634238787113077,0.8957675300063171,1.7384948761908219,1.0
bank_marketing,25,mags_fixed_unrestricted,0.05,0.007580543272267846,0.8982943777637398,1.9946087056918214,0.8003790271636134
bank_marketing,25,cart_fixed,0.05,0.00505369551484523,0.9071383449147189,1.9100743699903093,1.0
bank_marketing,25,mags_tuned,0.05,0.004421983575489577,0.9001895135818067,1.8678071432341175,0.39355653821857234
bank_marketing,25,cart_tuned_depth,0.05,0.003790271636133923,0.903348073278585,1.4565767977125452,1.0
bank_marketing,25,cart_pruned,0.05,0.00505369551484523,0.901452937460518,1.6253323149670078,1.0
bank_marketing,25,noise_augmented_cart,0.05,0.005685407454200884,0.9027163613392293,1.7325703984813443,0.998104864181933
bank_marketing,26,matched_gini,0.05,0.01831964624131396,0.8818698673404928,0.8360737726053884,1.0
bank_marketing,26,mags_fixed,0.05,0.012634238787113077,0.8900821225521163,1.6896467626862386,0.8528111181301327
bank_marketing,26,mags_binary_excluded,0.05,0.018951358180669616,0.8843967150979154,0.8360737726053884,1.0
bank_marketing,26,matched_gini_unrestricted,0.05,0.013897662665824383,0.8919772583701832,1.7090903387700849,0.948831332912192
bank_marketing,26,mags_fixed_unrestricted,0.05,0.015161086544535692,0.8913455464308275,1.6799249746443154,0.8528111181301327
bank_marketing,26,cart_fixed,0.05,0.007580543272267846,0.885028427037271,1.8218630831587488,1.0
bank_marketing,26,mags_tuned,0.05,0.006317119393556538,0.8888186986734049,1.6118724583508535,0.38534428300694884
bank_marketing,26,cart_tuned_depth,0.05,0.005685407454200884,0.881238155401137,1.681869335355056,0.8054327226784587
bank_marketing,26,cart_pruned,0.05,0.030322173089071383,0.8692356285533797,0.7999033815694724,1.0
bank_marketing,26,noise_augmented_cart,0.05,0.008843967150979154,0.8875552747946936,1.7866866241066837,1.0
bank_marketing,24,matched_gini,0.05,0.013265950726468731,0.9001895135818067,1.2678067617342463,1.0
bank_marketing,24,mags_fixed,0.05,0.010739102969046115,0.899557801642451,1.6061419992315413,1.0
bank_marketing,24,mags_binary_excluded,0.05,0.013265950726468731,0.9001895135818067,1.2678067617342463,1.0
bank_marketing,24,matched_gini_unrestricted,0.05,0.01010739102969046,0.9008212255211624,1.625149596843749,1.0
bank_marketing,24,mags_fixed_unrestricted,0.05,0.008843967150979154,0.9008212255211624,1.6707678311130474,1.0
bank_marketing,24,cart_fixed,0.05,0.0082122552116235,0.901452937460518,1.6004397049268366,1.0
bank_marketing,24,mags_tuned,0.05,0.020846493998736577,0.8989260897030954,1.3894553864523749,1.0
bank_marketing,24,cart_tuned_depth,0.05,0.011370814908401769,0.901452937460518,0.986009106042462,1.0
bank_marketing,24,cart_pruned,0.05,0.012002526847757423,0.8938723941882502,1.0834330498747902,1.0
bank_marketing,24,noise_augmented_cart,0.05,0.0018951358180669614,0.8926089703095389,1.7201875700188194,1.0
bank_marketing,27,matched_gini,0.05,0.02147820593809223,0.8970309538850284,1.6779670940801492,1.0
bank_marketing,27,mags_fixed,0.05,0.012002526847757423,0.8938723941882502,1.9003721999085241,1.0
bank_marketing,27,mags_binary_excluded,0.05,0.022109917877447885,0.897662665824384,1.6779670940801492,1.0
bank_marketing,27,matched_gini_unrestricted,0.05,0.015161086544535692,0.8938723941882502,1.6422234163577318,1.0
bank_marketing,27,mags_fixed_unrestricted,0.05,0.020846493998736577,0.8913455464308275,1.840799403704495,1.0
bank_marketing,27,cart_fixed,0.05,0.014529374605180037,0.8862918509159823,1.6918674132498421,1.0
bank_marketing,27,mags_tuned,0.05,0.013265950726468731,0.8945041061276058,1.6501664558516025,1.0
bank_marketing,27,cart_tuned_depth,0.05,0.0006317119393556538,0.8926089703095389,2.3709973107332605,1.0
bank_marketing,27,cart_pruned,0.05,0.010739102969046115,0.8875552747946936,1.6044939788172663,1.0
bank_marketing,27,noise_augmented_cart,0.05,0.014529374605180037,0.883133291219204,1.305482412468665,1.0
breast_cancer,0,matched_gini,0.05,0.04,0.915,0.6198897465876875,1.0
breast_cancer,0,mags_fixed,0.05,0.04,0.92,0.6507602362138445,1.0
breast_cancer,0,mags_binary_excluded,0.05,0.04,0.92,0.6507602362138445,1.0
breast_cancer,0,matched_gini_unrestricted,0.05,0.025,0.91,0.6298128607719842,1.0
breast_cancer,0,mags_fixed_unrestricted,0.05,0.025,0.915,0.6434106763291213,1.0
breast_cancer,0,cart_fixed,0.05,0.03,0.925,0.6525152137289782,1.0
breast_cancer,0,mags_tuned,0.05,0.03,0.93,0.6975838956059562,1.0
breast_cancer,0,cart_tuned_depth,0.05,0.035,0.91,0.6149433118608238,1.0
breast_cancer,0,cart_pruned,0.05,0.035,0.92,0.6268854001337225,1.0
breast_cancer,0,noise_augmented_cart,0.05,0.03,0.91,0.609672738827774,1.0
breast_cancer,1,matched_gini,0.05,0.035,0.94,0.5925389342662397,1.0
breast_cancer,1,mags_fixed,0.05,0.04,0.955,0.40578747796437464,1.0
breast_cancer,1,mags_binary_excluded,0.05,0.04,0.955,0.40578747796437464,1.0
breast_cancer,1,matched_gini_unrestricted,0.05,0.015,0.95,0.5744534206805261,1.0
breast_cancer,1,mags_fixed_unrestricted,0.05,0.015,0.95,0.5744534206805261,1.0
breast_cancer,1,cart_fixed,0.05,0.015,0.92,0.5018161255497184,1.0
breast_cancer,1,mags_tuned,0.05,0.03,0.935,0.6700160509697283,1.0
breast_cancer,1,cart_tuned_depth,0.05,0.015,0.94,0.6229470644590134,1.0
breast_cancer,1,cart_pruned,0.05,0.015,0.92,0.5010730096703016,1.0
breast_cancer,1,noise_augmented_cart,0.05,0.035,0.935,0.48282250932225146,1.0
bank_marketing,28,matched_gini,0.05,0.012634238787113077,0.8875552747946936,1.6300181674699097,1.0
bank_marketing,28,mags_fixed,0.05,0.01010739102969046,0.8989260897030954,1.9412033407713873,1.0
bank_marketing,28,mags_binary_excluded,0.05,0.012634238787113077,0.8875552747946936,1.6300181674699097,1.0
bank_marketing,28,matched_gini_unrestricted,0.05,0.017687934301958308,0.8926089703095389,1.8411873076198282,1.0
bank_marketing,28,mags_fixed_unrestricted,0.05,0.009475679090334808,0.897662665824384,1.7613234941149656,0.7416298168035376
bank_marketing,28,cart_fixed,0.05,0.0082122552116235,0.8945041061276058,1.7856822493386977,1.0
bank_marketing,28,mags_tuned,0.05,0.0082122552116235,0.8963992419456728,1.8411873076198282,1.0
bank_marketing,28,cart_tuned_depth,0.05,0.002526847757422615,0.897662665824384,1.7631972685691448,0.6778269109286166
bank_marketing,28,cart_pruned,0.05,0.007580543272267846,0.8982943777637398,1.9093496435712378,1.0
bank_marketing,28,noise_augmented_cart,0.05,0.00505369551484523,0.901452937460518,1.703237257463274,1.0
bank_marketing,29,matched_gini,0.05,0.011370814908401769,0.8963992419456728,1.7713975497184078,1.0
bank_marketing,29,mags_fixed,0.05,0.010739102969046115,0.8957675300063171,2.0943495629223867,1.0
bank_marketing,29,mags_binary_excluded,0.05,0.011370814908401769,0.8963992419456728,1.7713975497184078,1.0
bank_marketing,29,matched_gini_unrestricted,0.05,0.013265950726468731,0.8938723941882502,1.62105042371184,1.0
bank_marketing,29,mags_fixed_unrestricted,0.05,0.012002526847757423,0.8957675300063171,1.6827312959196625,1.0
bank_marketing,29,cart_fixed,0.05,0.007580543272267846,0.8888186986734049,1.678876269316694,1.0
bank_marketing,29,mags_tuned,0.05,0.01010739102969046,0.897662665824384,1.6788762414066738,0.815540113708149
bank_marketing,29,cart_tuned_depth,0.05,0.0018951358180669614,0.9001895135818067,1.7636874686024502,0.38787113076437146
bank_marketing,29,cart_pruned,0.05,0.013265950726468731,0.8749210360075805,0.6688519575933198,1.0
bank_marketing,29,noise_augmented_cart,0.05,0.006948831332912192,0.8957675300063171,1.7742573292687025,0.8717624763108023
breast_cancer,2,matched_gini,0.05,0.03,0.935,0.6435996608966928,1.0
breast_cancer,2,mags_fixed,0.05,0.03,0.935,0.6435996608966928,1.0
breast_cancer,2,mags_binary_excluded,0.05,0.03,0.935,0.6435996608966928,1.0
breast_cancer,2,matched_gini_unrestricted,0.05,0.03,0.915,0.640501959165571,1.0
breast_cancer,2,mags_fixed_unrestricted,0.05,0.03,0.915,0.640501959165571,1.0
breast_cancer,2,cart_fixed,0.05,0.02,0.935,0.6435996580137079,1.0
breast_cancer,2,mags_tuned,0.05,0.035,0.935,0.669832517035473,1.0
breast_cancer,2,cart_tuned_depth,0.05,0.02,0.93,0.6698325137459341,1.0
breast_cancer,2,cart_pruned,0.05,0.02,0.935,0.6435996580137079,1.0
breast_cancer,2,noise_augmented_cart,0.05,0.025,0.945,0.6090858930499793,1.0
breast_cancer,3,matched_gini,0.05,0.05,0.915,0.6809120056111764,1.0
breast_cancer,3,mags_fixed,0.05,0.045,0.915,0.6112837788669558,1.0
breast_cancer,3,mags_binary_excluded,0.05,0.045,0.915,0.6112837788669558,1.0
breast_cancer,3,matched_gini_unrestricted,0.05,0.03,0.915,0.6409179443245667,1.0
breast_cancer,3,mags_fixed_unrestricted,0.05,0.035,0.92,0.5590869031470465,1.0
breast_cancer,3,cart_fixed,0.05,0.01,0.935,0.6112837784468731,1.0
breast_cancer,3,mags_tuned,0.05,0.045,0.925,0.8122472383760486,1.0
breast_cancer,3,cart_tuned_depth,0.05,0.01,0.93,0.7119413312293066,1.0
breast_cancer,3,cart_pruned,0.05,0.01,0.93,0.7119413312293066,1.0
breast_cancer,3,noise_augmented_cart,0.05,0.015,0.93,0.5447522002100403,1.0
breast_cancer,4,matched_gini,0.05,0.045,0.945,0.33419739154803707,1.0
breast_cancer,4,mags_fixed,0.05,0.045,0.945,0.33419739154803707,1.0
breast_cancer,4,mags_binary_excluded,0.05,0.045,0.945,0.33419739154803707,1.0
breast_cancer,4,matched_gini_unrestricted,0.05,0.04,0.92,0.6470145884242486,1.0
breast_cancer,4,mags_fixed_unrestricted,0.05,0.02,0.93,0.5844355562049584,1.0
breast_cancer,4,cart_fixed,0.05,0.025,0.925,0.647458052109114,1.0
breast_cancer,4,mags_tuned,0.05,0.04,0.935,0.8035590779014995,1.0
breast_cancer,4,cart_tuned_depth,0.05,0.025,0.925,0.647458052109114,1.0
breast_cancer,4,cart_pruned,0.05,0.02,0.915,0.8035590782415499,1.0
breast_cancer,4,noise_augmented_cart,0.05,0.02,0.925,0.644441480727178,1.0
breast_cancer,5,matched_gini,0.05,0.035,0.955,0.5604458151531058,1.0
breast_cancer,5,mags_fixed,0.05,0.035,0.95,0.5523812358824991,1.0
breast_cancer,5,mags_binary_excluded,0.05,0.035,0.95,0.5523812358824991,1.0
breast_cancer,5,matched_gini_unrestricted,0.05,0.05,0.93,0.587950793767362,1.0
breast_cancer,5,mags_fixed_unrestricted,0.05,0.015,0.94,0.6408253714411656,1.0
breast_cancer,5,cart_fixed,0.05,0.025,0.94,0.5516178464471302,1.0
breast_cancer,5,mags_tuned,0.05,0.035,0.93,0.5627378534721204,1.0
breast_cancer,5,cart_tuned_depth,0.05,0.035,0.92,0.5755562904695704,1.0
breast_cancer,5,cart_pruned,0.05,0.035,0.92,0.5985615639678271,1.0
breast_cancer,5,noise_augmented_cart,0.05,0.035,0.94,0.5928170934614936,1.0
breast_cancer,6,matched_gini,0.05,0.02,0.94,0.6593485029280266,1.0
breast_cancer,6,mags_fixed,0.05,0.025,0.94,0.654784967796089,1.0
breast_cancer,6,mags_binary_excluded,0.05,0.025,0.94,0.654784967796089,1.0
breast_cancer,6,matched_gini_unrestricted,0.05,0.02,0.945,0.658129682381008,1.0
breast_cancer,6,mags_fixed_unrestricted,0.05,0.02,0.945,0.6494713950314788,1.0
breast_cancer,6,cart_fixed,0.05,0.015,0.945,0.6580887695129997,1.0
breast_cancer,6,mags_tuned,0.05,0.03,0.935,0.6536413558278287,1.0
breast_cancer,6,cart_tuned_depth,0.05,0.015,0.945,0.6654752006933422,1.0
breast_cancer,6,cart_pruned,0.05,0.015,0.94,0.7224457089537042,1.0
breast_cancer,6,noise_augmented_cart,0.05,0.01,0.95,0.6555365429464943,1.0
breast_cancer,7,matched_gini,0.05,0.025,0.94,0.4587199405967043,1.0
breast_cancer,7,mags_fixed,0.05,0.025,0.94,0.4587199405967043,1.0
breast_cancer,7,mags_binary_excluded,0.05,0.025,0.94,0.4587199405967043,1.0
breast_cancer,7,matched_gini_unrestricted,0.05,0.015,0.96,0.690894030206768,1.0
breast_cancer,7,mags_fixed_unrestricted,0.05,0.02,0.95,0.505073247739448,1.0
breast_cancer,7,cart_fixed,0.05,0.01,0.93,0.4532615486013962,1.0
breast_cancer,7,mags_tuned,0.05,0.025,0.94,0.4587199405967043,1.0
breast_cancer,7,cart_tuned_depth,0.05,0.015,0.96,0.6877901937463347,1.0
breast_cancer,7,cart_pruned,0.05,0.015,0.96,0.6877901937463347,1.0
breast_cancer,7,noise_augmented_cart,0.05,0.015,0.92,0.4896177940370713,1.0
breast_cancer,8,matched_gini,0.05,0.04,0.925,0.4615142522980754,1.0
breast_cancer,8,mags_fixed,0.05,0.04,0.93,0.49447955596222365,1.0
breast_cancer,8,mags_binary_excluded,0.05,0.04,0.93,0.49447955596222365,1.0
breast_cancer,8,matched_gini_unrestricted,0.05,0.04,0.925,0.4896874552235134,1.0
breast_cancer,8,mags_fixed_unrestricted,0.05,0.04,0.925,0.4896874552235134,1.0
breast_cancer,8,cart_fixed,0.05,0.02,0.905,0.5349769912037877,1.0
breast_cancer,8,mags_tuned,0.05,0.035,0.93,0.46337283024946657,1.0
breast_cancer,8,cart_tuned_depth,0.05,0.02,0.91,0.8023083640947017,1.0
breast_cancer,8,cart_pruned,0.05,0.045,0.91,0.4668721816425484,1.0
breast_cancer,8,noise_augmented_cart,0.05,0.02,0.905,0.5249584500931774,1.0
breast_cancer,9,matched_gini,0.05,0.045,0.925,0.6537845931914692,1.0
breast_cancer,9,mags_fixed,0.05,0.04,0.935,0.7114668209289325,1.0
breast_cancer,9,mags_binary_excluded,0.05,0.04,0.935,0.7114668209289325,1.0
breast_cancer,9,matched_gini_unrestricted,0.05,0.035,0.925,0.7023008778911985,1.0
breast_cancer,9,mags_fixed_unrestricted,0.05,0.05,0.925,0.697009598392458,1.0
breast_cancer,9,cart_fixed,0.05,0.015,0.925,0.6537845919979389,1.0
breast_cancer,9,mags_tuned,0.05,0.03,0.925,0.7663591539642483,1.0
breast_cancer,9,cart_tuned_depth,0.05,0.015,0.92,0.7663591448649096,1.0
breast_cancer,9,cart_pruned,0.05,0.015,0.92,0.7114668209770514,1.0
breast_cancer,9,noise_augmented_cart,0.05,0.02,0.935,0.6934786801125188,1.0
breast_cancer,10,matched_gini,0.05,0.045,0.915,0.715132460907376,1.0
breast_cancer,10,mags_fixed,0.05,0.045,0.915,0.715132460907376,1.0
breast_cancer,10,mags_binary_excluded,0.05,0.045,0.915,0.715132460907376,1.0
breast_cancer,10,matched_gini_unrestricted,0.05,0.03,0.94,0.6617785390160765,1.0
breast_cancer,10,mags_fixed_unrestricted,0.05,0.02,0.945,0.6914724728462154,1.0
breast_cancer,10,cart_fixed,0.05,0.005,0.945,0.7151324609964498,1.0
breast_cancer,10,mags_tuned,0.05,0.045,0.915,0.715132460907376,1.0
breast_cancer,10,cart_tuned_depth,0.05,0.005,0.945,0.7151324609964498,1.0
breast_cancer,10,cart_pruned,0.05,0.005,0.945,0.7151324609964498,1.0
breast_cancer,10,noise_augmented_cart,0.05,0.04,0.93,0.750853207960666,1.0
breast_cancer,11,matched_gini,0.05,0.025,0.91,0.6031550362848301,1.0
breast_cancer,11,mags_fixed,0.05,0.02,0.915,0.6031550362848301,1.0
breast_cancer,11,mags_binary_excluded,0.05,0.02,0.915,0.6031550362848301,1.0
breast_cancer,11,matched_gini_unrestricted,0.05,0.035,0.93,0.7243524341743564,1.0
breast_cancer,11,mags_fixed_unrestricted,0.05,0.04,0.935,0.7256032969846297,1.0
breast_cancer,11,cart_fixed,0.05,0.015,0.92,0.6041462082349313,1.0
breast_cancer,11,mags_tuned,0.05,0.025,0.91,0.6031550362848301,1.0
breast_cancer,11,cart_tuned_depth,0.05,0.015,0.92,0.6041462082349313,1.0
breast_cancer,11,cart_pruned,0.05,0.015,0.915,0.6591402441265779,1.0
breast_cancer,11,noise_augmented_cart,0.05,0.02,0.91,0.6639241815073675,1.0
breast_cancer,12,matched_gini,0.05,0.045,0.93,0.5721933877298002,1.0
breast_cancer,12,mags_fixed,0.05,0.045,0.93,0.5721933877298002,1.0
breast_cancer,12,mags_binary_excluded,0.05,0.045,0.93,0.5721933877298002,1.0
breast_cancer,12,matched_gini_unrestricted,0.05,0.03,0.915,0.6458344991130088,1.0
breast_cancer,12,mags_fixed_unrestricted,0.05,0.03,0.915,0.6458344991130088,1.0
breast_cancer,12,cart_fixed,0.05,0.015,0.92,0.5721933864493112,1.0
breast_cancer,12,mags_tuned,0.05,0.045,0.93,0.5721933877298002,1.0
breast_cancer,12,cart_tuned_depth,0.05,0.01,0.91,0.7282648493130135,1.0
breast_cancer,12,cart_pruned,0.05,0.015,0.92,0.5721933864493112,1.0
breast_cancer,12,noise_augmented_cart,0.05,0.015,0.915,0.5942451039830258,1.0
breast_cancer,13,matched_gini,0.05,0.02,0.92,0.655496420796107,1.0
breast_cancer,13,mags_fixed,0.05,0.02,0.915,0.6517543777424117,1.0
breast_cancer,13,mags_binary_excluded,0.05,0.02,0.915,0.6517543777424117,1.0
breast_cancer,13,matched_gini_unrestricted,0.05,0.025,0.94,0.6692780915548391,1.0
breast_cancer,13,mags_fixed_unrestricted,0.05,0.025,0.94,0.6692780915548391,1.0
breast_cancer,13,cart_fixed,0.05,0.01,0.92,0.6554964205620395,1.0
breast_cancer,13,mags_tuned,0.05,0.02,0.915,0.6517543777424117,1.0
breast_cancer,13,cart_tuned_depth,0.05,0.015,0.9,0.6672552178739293,1.0
breast_cancer,13,cart_pruned,0.05,0.01,0.92,0.6554964205620395,1.0
breast_cancer,13,noise_augmented_cart,0.05,0.035,0.93,0.5866793363238474,1.0
breast_cancer,14,matched_gini,0.05,0.05,0.925,0.5078620064581159,1.0
breast_cancer,14,mags_fixed,0.05,0.04,0.91,0.6220796208024526,1.0
breast_cancer,14,mags_binary_excluded,0.05,0.04,0.91,0.6220796208024526,1.0
breast_cancer,14,matched_gini_unrestricted,0.05,0.05,0.93,0.5343083927256982,1.0
breast_cancer,14,mags_fixed_unrestricted,0.05,0.055,0.935,0.497429572769651,1.0
breast_cancer,14,cart_fixed,0.05,0.06,0.925,0.4694675504812784,1.0
breast_cancer,14,mags_tuned,0.05,0.045,0.945,0.706983882301388,1.0
breast_cancer,14,cart_tuned_depth,0.05,0.04,0.95,0.706983884996868,1.0
breast_cancer,14,cart_pruned,0.05,0.04,0.95,0.706983884996868,1.0
breast_cancer,14,noise_augmented_cart,0.05,0.02,0.935,0.5912778999102083,1.0
breast_cancer,15,matched_gini,0.05,0.025,0.92,0.5930446362302019,1.0
breast_cancer,15,mags_fixed,0.05,0.025,0.92,0.5930446362302019,1.0
breast_cancer,15,mags_binary_excluded,0.05,0.025,0.92,0.5930446362302019,1.0
breast_cancer,15,matched_gini_unrestricted,0.05,0.025,0.925,0.5870486558565284,1.0
breast_cancer,15,mags_fixed_unrestricted,0.05,0.025,0.925,0.5870486558565284,1.0
breast_cancer,15,cart_fixed,0.05,0.005,0.94,0.586291573344387,1.0
breast_cancer,15,mags_tuned,0.05,0.025,0.935,0.7095215599838883,1.0
breast_cancer,15,cart_tuned_depth,0.05,0.005,0.95,0.7064748197293801,1.0
breast_cancer,15,cart_pruned,0.05,0.01,0.945,0.7053080184514038,1.0
breast_cancer,15,noise_augmented_cart,0.05,0.03,0.965,0.6635416938558796,1.0
breast_cancer,16,matched_gini,0.05,0.05,0.95,0.6793210230447108,1.0
breast_cancer,16,mags_fixed,0.05,0.05,0.955,0.703143333492634,1.0
breast_cancer,16,mags_binary_excluded,0.05,0.05,0.955,0.703143333492634,1.0
breast_cancer,16,matched_gini_unrestricted,0.05,0.045,0.96,0.6634294126250102,1.0
breast_cancer,16,mags_fixed_unrestricted,0.05,0.045,0.96,0.6634294126250102,1.0
breast_cancer,16,cart_fixed,0.05,0.025,0.97,0.7031433346704086,1.0
breast_cancer,16,mags_tuned,0.05,0.025,0.945,0.6723177135390953,1.0
breast_cancer,16,cart_tuned_depth,0.05,0.025,0.97,0.7031433346704086,1.0
breast_cancer,16,cart_pruned,0.05,0.025,0.945,0.6723177140293268,1.0
breast_cancer,16,noise_augmented_cart,0.05,0.03,0.965,0.6199706935866682,1.0
breast_cancer,17,matched_gini,0.05,0.04,0.93,0.4767598803499834,1.0
breast_cancer,17,mags_fixed,0.05,0.055,0.92,0.3776992102943424,1.0
breast_cancer,17,mags_binary_excluded,0.05,0.055,0.92,0.3776992102943424,1.0
breast_cancer,17,matched_gini_unrestricted,0.05,0.025,0.94,0.5635690406754073,1.0
breast_cancer,17,mags_fixed_unrestricted,0.05,0.035,0.945,0.6291757599744676,1.0
breast_cancer,17,cart_fixed,0.05,0.03,0.925,0.5537358777593562,1.0
breast_cancer,17,mags_tuned,0.05,0.04,0.915,0.6149796440517281,1.0
breast_cancer,17,cart_tuned_depth,0.05,0.025,0.92,0.6149796440765598,1.0
breast_cancer,17,cart_pruned,0.05,0.01,0.91,0.7406453055772244,1.0
breast_cancer,17,noise_augmented_cart,0.05,0.02,0.94,0.644160154785825,1.0
breast_cancer,18,matched_gini,0.05,0.04,0.905,0.7188715101607792,1.0
breast_cancer,18,mags_fixed,0.05,0.03,0.915,0.6969292121587782,1.0
breast_cancer,18,mags_binary_excluded,0.05,0.03,0.915,0.6969292121587782,1.0
breast_cancer,18,matched_gini_unrestricted,0.05,0.025,0.925,0.6839338575055023,1.0
breast_cancer,18,mags_fixed_unrestricted,0.05,0.025,0.925,0.6839338575055023,1.0
breast_cancer,18,cart_fixed,0.05,0.01,0.915,0.718871509529826,1.0
breast_cancer,18,mags_tuned,0.05,0.03,0.915,0.6969292121587782,1.0
breast_cancer,18,cart_tuned_depth,0.05,0.01,0.915,0.718871509529826,1.0
breast_cancer,18,cart_pruned,0.05,0.01,0.915,0.718871509529826,1.0
breast_cancer,18,noise_augmented_cart,0.05,0.005,0.93,0.5218949636448758,1.0
breast_cancer,19,matched_gini,0.05,0.015,0.955,0.6683164267822679,1.0
breast_cancer,19,mags_fixed,0.05,0.015,0.955,0.6683164267822679,1.0
breast_cancer,19,mags_binary_excluded,0.05,0.015,0.955,0.6683164267822679,1.0
breast_cancer,19,matched_gini_unrestricted,0.05,0.02,0.95,0.6785086392001634,1.0
breast_cancer,19,mags_fixed_unrestricted,0.05,0.02,0.96,0.6785086392001634,1.0
breast_cancer,19,cart_fixed,0.05,0.005,0.945,0.668316422219877,1.0
breast_cancer,19,mags_tuned,0.05,0.02,0.945,0.6834437926621408,1.0
breast_cancer,19,cart_tuned_depth,0.05,0.015,0.94,0.683443791146875,1.0
breast_cancer,19,cart_pruned,0.05,0.005,0.95,0.683443791146875,1.0
breast_cancer,19,noise_augmented_cart,0.05,0.015,0.955,0.5993155405453378,1.0
breast_cancer,20,matched_gini,0.05,0.03,0.92,0.6169290718958658,1.0
breast_cancer,20,mags_fixed,0.05,0.055,0.905,0.6312385224019392,1.0
breast_cancer,20,mags_binary_excluded,0.05,0.055,0.905,0.6312385224019392,1.0
breast_cancer,20,matched_gini_unrestricted,0.05,0.035,0.91,0.6036522631118801,1.0
breast_cancer,20,mags_fixed_unrestricted,0.05,0.045,0.92,0.6233196009588641,1.0
breast_cancer,20,cart_fixed,0.05,0.03,0.905,0.5898585622402079,1.0
breast_cancer,20,mags_tuned,0.05,0.055,0.905,0.6312385224019392,1.0
breast_cancer,20,cart_tuned_depth,0.05,0.03,0.905,0.5898585622402079,1.0
breast_cancer,20,cart_pruned,0.05,0.02,0.875,0.6723966306822944,1.0
breast_cancer,20,noise_augmented_cart,0.05,0.04,0.89,0.5861477074142136,1.0
breast_cancer,21,matched_gini,0.05,0.02,0.925,0.6914966083274858,1.0
breast_cancer,21,mags_fixed,0.05,0.025,0.915,0.6787250872076052,1.0
breast_cancer,21,mags_binary_excluded,0.05,0.025,0.915,0.6787250872076052,1.0
breast_cancer,21,matched_gini_unrestricted,0.05,0.045,0.965,0.7108479538830795,1.0
breast_cancer,21,mags_fixed_unrestricted,0.05,0.04,0.955,0.6953046312981727,1.0
breast_cancer,21,cart_fixed,0.05,0.005,0.92,0.6873517351357192,1.0
breast_cancer,21,mags_tuned,0.05,0.015,0.92,0.708775510371759,1.0
breast_cancer,21,cart_tuned_depth,0.05,0.005,0.92,0.6873517351357192,1.0
breast_cancer,21,cart_pruned,0.05,0.005,0.92,0.708775510371759,1.0
breast_cancer,21,noise_augmented_cart,0.05,0.02,0.915,0.6560623269921425,1.0
breast_cancer,22,matched_gini,0.05,0.04,0.94,0.5248303711544149,1.0
breast_cancer,22,mags_fixed,0.05,0.04,0.94,0.5248303711544149,1.0
breast_cancer,22,mags_binary_excluded,0.05,0.04,0.94,0.5248303711544149,1.0
breast_cancer,22,matched_gini_unrestricted,0.05,0.05,0.925,0.44520473532056604,1.0
breast_cancer,22,mags_fixed_unrestricted,0.05,0.06,0.93,0.44381042245668845,1.0
breast_cancer,22,cart_fixed,0.05,0.025,0.935,0.5248303710376303,1.0
breast_cancer,22,mags_tuned,0.05,0.035,0.94,0.5793855968013274,1.0
breast_cancer,22,cart_tuned_depth,0.05,0.025,0.935,0.5248303710376303,1.0
breast_cancer,22,cart_pruned,0.05,0.03,0.935,0.6323277415284341,1.0
breast_cancer,22,noise_augmented_cart,0.05,0.025,0.945,0.6110237334534965,1.0
breast_cancer,23,matched_gini,0.05,0.04,0.92,0.47235233114448744,1.0
breast_cancer,23,mags_fixed,0.05,0.035,0.935,0.47235233114448744,1.0
breast_cancer,23,mags_binary_excluded,0.05,0.035,0.935,0.47235233114448744,1.0
breast_cancer,23,matched_gini_unrestricted,0.05,0.01,0.945,0.6087266328444397,1.0
breast_cancer,23,mags_fixed_unrestricted,0.05,0.01,0.94,0.6165169724736468,1.0
breast_cancer,23,cart_fixed,0.05,0.01,0.91,0.4723523308840988,1.0
breast_cancer,23,mags_tuned,0.05,0.04,0.92,0.47235233114448744,1.0
breast_cancer,23,cart_tuned_depth,0.05,0.01,0.91,0.4723523308840988,1.0
breast_cancer,23,cart_pruned,0.05,0.01,0.915,0.6275859275745321,1.0
breast_cancer,23,noise_augmented_cart,0.05,0.03,0.945,0.49558285137131897,1.0
breast_cancer,24,matched_gini,0.05,0.03,0.93,0.6486502110186113,1.0
breast_cancer,24,mags_fixed,0.05,0.03,0.93,0.6486502110186113,1.0
breast_cancer,24,mags_binary_excluded,0.05,0.03,0.93,0.6486502110186113,1.0
breast_cancer,24,matched_gini_unrestricted,0.05,0.03,0.905,0.6642349722602894,1.0
breast_cancer,24,mags_fixed_unrestricted,0.05,0.035,0.9,0.6396555279985574,1.0
breast_cancer,24,cart_fixed,0.05,0.01,0.9,0.6309460957331522,1.0
breast_cancer,24,mags_tuned,0.05,0.035,0.9,0.6749792520387279,1.0
breast_cancer,24,cart_tuned_depth,0.05,0.02,0.9,0.6280363639834223,1.0
breast_cancer,24,cart_pruned,0.05,0.005,0.87,0.7240111369746276,1.0
breast_cancer,24,noise_augmented_cart,0.05,0.02,0.92,0.6114488357512067,1.0
breast_cancer,26,matched_gini,0.05,0.04,0.925,0.5439185248222369,1.0
breast_cancer,26,mags_fixed,0.05,0.025,0.94,0.6531940438640447,1.0
breast_cancer,26,mags_binary_excluded,0.05,0.025,0.94,0.6531940438640447,1.0
breast_cancer,26,matched_gini_unrestricted,0.05,0.045,0.905,0.5510556762217447,1.0
breast_cancer,26,mags_fixed_unrestricted,0.05,0.03,0.94,0.6351157822351188,1.0
breast_cancer,26,cart_fixed,0.05,0.03,0.925,0.543918520948437,1.0
breast_cancer,26,mags_tuned,0.05,0.03,0.915,0.6310849549219546,1.0
breast_cancer,26,cart_tuned_depth,0.05,0.03,0.89,0.6106008433485208,1.0
breast_cancer,26,cart_pruned,0.05,0.02,0.92,0.6409268765667375,1.0
breast_cancer,26,noise_augmented_cart,0.05,0.015,0.91,0.6453221380049083,1.0
breast_cancer,25,matched_gini,0.05,0.025,0.935,0.6662909462912838,1.0
breast_cancer,25,mags_fixed,0.05,0.015,0.95,0.7252006666689739,1.0
breast_cancer,25,mags_binary_excluded,0.05,0.015,0.95,0.7252006666689739,1.0
breast_cancer,25,matched_gini_unrestricted,0.05,0.015,0.95,0.632641813622612,1.0
breast_cancer,25,mags_fixed_unrestricted,0.05,0.015,0.95,0.632641813622612,1.0
breast_cancer,25,cart_fixed,0.05,0.02,0.92,0.6789000611040517,1.0
breast_cancer,25,mags_tuned,0.05,0.015,0.95,0.7252006666689739,1.0
breast_cancer,25,cart_tuned_depth,0.05,0.02,0.925,0.6720031905727801,1.0
breast_cancer,25,cart_pruned,0.05,0.01,0.91,0.8160138644578545,1.0
breast_cancer,25,noise_augmented_cart,0.05,0.015,0.925,0.5827562131465017,1.0
breast_cancer,27,matched_gini,0.05,0.04,0.9,0.57537375091207,1.0
breast_cancer,27,mags_fixed,0.05,0.025,0.925,0.5864258723640762,1.0
breast_cancer,27,mags_binary_excluded,0.05,0.025,0.925,0.5864258723640762,1.0
breast_cancer,27,matched_gini_unrestricted,0.05,0.025,0.925,0.5786063871523921,1.0
breast_cancer,27,mags_fixed_unrestricted,0.05,0.025,0.925,0.5786063871523921,1.0
breast_cancer,27,cart_fixed,0.05,0.02,0.91,0.57537375091207,1.0
breast_cancer,27,mags_tuned,0.05,0.02,0.91,0.6102602090381094,1.0
breast_cancer,27,cart_tuned_depth,0.05,0.015,0.915,0.6102602086454763,1.0
breast_cancer,27,cart_pruned,0.05,0.015,0.915,0.6102602086454763,1.0
breast_cancer,27,noise_augmented_cart,0.05,0.01,0.935,0.6848602475209365,1.0
car_evaluation,0,matched_gini,0.05,0.0,0.824793388429752,,0.0
car_evaluation,0,mags_fixed,0.05,0.0,0.824793388429752,,0.0
car_evaluation,0,mags_binary_excluded,0.05,0.0,0.824793388429752,,0.0
car_evaluation,0,matched_gini_unrestricted,0.05,0.0,0.824793388429752,,0.0
car_evaluation,0,mags_fixed_unrestricted,0.05,0.0,0.824793388429752,,0.0
car_evaluation,0,cart_fixed,0.05,0.0,0.824793388429752,,0.0
car_evaluation,0,mags_tuned,0.05,0.0,0.9190082644628099,,0.0
car_evaluation,0,cart_tuned_depth,0.05,0.0,0.9322314049586777,,0.0
car_evaluation,0,cart_pruned,0.05,0.0,0.9322314049586777,,0.0
car_evaluation,0,noise_augmented_cart,0.05,0.0,0.824793388429752,,0.0
car_evaluation,1,matched_gini,0.05,0.0,0.8909090909090909,,0.0
car_evaluation,1,mags_fixed,0.05,0.0,0.8909090909090909,,0.0
car_evaluation,1,mags_binary_excluded,0.05,0.0,0.8909090909090909,,0.0
car_evaluation,1,matched_gini_unrestricted,0.05,0.0,0.8909090909090909,,0.0
car_evaluation,1,mags_fixed_unrestricted,0.05,0.0,0.8909090909090909,,0.0
car_evaluation,1,cart_fixed,0.05,0.0,0.8909090909090909,,0.0
car_evaluation,1,mags_tuned,0.05,0.0,0.947107438016529,,0.0
car_evaluation,1,cart_tuned_depth,0.05,0.0,0.943801652892562,,0.0
car_evaluation,1,cart_pruned,0.05,0.0,0.9487603305785124,,0.0
car_evaluation,1,noise_augmented_cart,0.05,0.0,0.8909090909090909,,0.0
breast_cancer,28,matched_gini,0.05,0.03,0.915,0.5798731576922319,1.0
breast_cancer,28,mags_fixed,0.05,0.04,0.91,0.5491041750731201,1.0
breast_cancer,28,mags_binary_excluded,0.05,0.04,0.91,0.5491041750731201,1.0
breast_cancer,28,matched_gini_unrestricted,0.05,0.045,0.93,0.5755855377204858,1.0
breast_cancer,28,mags_fixed_unrestricted,0.05,0.035,0.935,0.5685692370359234,1.0
breast_cancer,28,cart_fixed,0.05,0.015,0.95,0.5866078480508633,1.0
breast_cancer,28,mags_tuned,0.05,0.035,0.925,0.6377844148848381,1.0
breast_cancer,28,cart_tuned_depth,0.05,0.03,0.93,0.6377844148848381,1.0
breast_cancer,28,cart_pruned,0.05,0.03,0.93,0.6377844148848381,1.0
breast_cancer,28,noise_augmented_cart,0.05,0.02,0.955,0.6156205147305271,1.0
car_evaluation,2,matched_gini,0.05,0.0,0.8727272727272727,,0.0
car_evaluation,2,mags_fixed,0.05,0.0,0.8727272727272727,,0.0
car_evaluation,2,mags_binary_excluded,0.05,0.0,0.8727272727272727,,0.0
car_evaluation,2,matched_gini_unrestricted,0.05,0.0,0.8727272727272727,,0.0
car_evaluation,2,mags_fixed_unrestricted,0.05,0.0,0.8727272727272727,,0.0
car_evaluation,2,cart_fixed,0.05,0.0,0.8727272727272727,,0.0
car_evaluation,2,mags_tuned,0.05,0.0,0.9289256198347108,,0.0
car_evaluation,2,cart_tuned_depth,0.05,0.0,0.9454545454545454,,0.0
car_evaluation,2,cart_pruned,0.05,0.0,0.9421487603305785,,0.0
car_evaluation,2,noise_augmented_cart,0.05,0.0,0.8727272727272727,,0.0
car_evaluation,3,matched_gini,0.05,0.0,0.8512396694214877,,0.0
car_evaluation,3,mags_fixed,0.05,0.0,0.8512396694214877,,0.0
car_evaluation,3,mags_binary_excluded,0.05,0.0,0.8512396694214877,,0.0
car_evaluation,3,matched_gini_unrestricted,0.05,0.0,0.8512396694214877,,0.0
car_evaluation,3,mags_fixed_unrestricted,0.05,0.0,0.8512396694214877,,0.0
car_evaluation,3,cart_fixed,0.05,0.0,0.8512396694214877,,0.0
car_evaluation,3,mags_tuned,0.05,0.0,0.9289256198347108,,0.0
car_evaluation,3,cart_tuned_depth,0.05,0.0,0.9338842975206612,,0.0
car_evaluation,3,cart_pruned,0.05,0.0,0.9338842975206612,,0.0
car_evaluation,3,noise_augmented_cart,0.05,0.0,0.8710743801652893,,0.0
car_evaluation,4,matched_gini,0.05,0.0,0.8578512396694215,,0.0
car_evaluation,4,mags_fixed,0.05,0.0,0.8578512396694215,,0.0
car_evaluation,4,mags_binary_excluded,0.05,0.0,0.8578512396694215,,0.0
car_evaluation,4,matched_gini_unrestricted,0.05,0.0,0.8578512396694215,,0.0
car_evaluation,4,mags_fixed_unrestricted,0.05,0.0,0.8578512396694215,,0.0
car_evaluation,4,cart_fixed,0.05,0.0,0.8578512396694215,,0.0
car_evaluation,4,mags_tuned,0.05,0.0,0.947107438016529,,0.0
car_evaluation,4,cart_tuned_depth,0.05,0.0,0.9603305785123967,,0.0
car_evaluation,4,cart_pruned,0.05,0.0,0.9619834710743802,,0.0
car_evaluation,4,noise_augmented_cart,0.05,0.0,0.8578512396694215,,0.0
car_evaluation,5,matched_gini,0.05,0.0,0.8330578512396695,,0.0
car_evaluation,5,mags_fixed,0.05,0.0,0.8330578512396695,,0.0
car_evaluation,5,mags_binary_excluded,0.05,0.0,0.8330578512396695,,0.0
car_evaluation,5,matched_gini_unrestricted,0.05,0.0,0.8330578512396695,,0.0
car_evaluation,5,mags_fixed_unrestricted,0.05,0.0,0.8330578512396695,,0.0
car_evaluation,5,cart_fixed,0.05,0.0,0.8330578512396695,,0.0
car_evaluation,5,mags_tuned,0.05,0.0,0.9421487603305785,,0.0
car_evaluation,5,cart_tuned_depth,0.05,0.0,0.9388429752066115,,0.0
car_evaluation,5,cart_pruned,0.05,0.0,0.9223140495867769,,0.0
car_evaluation,5,noise_augmented_cart,0.05,0.0,0.8413223140495868,,0.0
car_evaluation,6,matched_gini,0.05,0.0,0.8743801652892562,,0.0
car_evaluation,6,mags_fixed,0.05,0.0,0.8743801652892562,,0.0
car_evaluation,6,mags_binary_excluded,0.05,0.0,0.8743801652892562,,0.0
car_evaluation,6,matched_gini_unrestricted,0.05,0.0,0.8743801652892562,,0.0
car_evaluation,6,mags_fixed_unrestricted,0.05,0.0,0.8743801652892562,,0.0
car_evaluation,6,cart_fixed,0.05,0.0,0.8743801652892562,,0.0
car_evaluation,6,mags_tuned,0.05,0.0,0.9355371900826446,,0.0
car_evaluation,6,cart_tuned_depth,0.05,0.0,0.9454545454545454,,0.0
car_evaluation,6,cart_pruned,0.05,0.0,0.9404958677685951,,0.0
car_evaluation,6,noise_augmented_cart,0.05,0.0,0.8743801652892562,,0.0
car_evaluation,7,matched_gini,0.05,0.0,0.8545454545454545,,0.0
car_evaluation,7,mags_fixed,0.05,0.0,0.8545454545454545,,0.0
car_evaluation,7,mags_binary_excluded,0.05,0.0,0.8545454545454545,,0.0
car_evaluation,7,matched_gini_unrestricted,0.05,0.0,0.8545454545454545,,0.0
car_evaluation,7,mags_fixed_unrestricted,0.05,0.0,0.8545454545454545,,0.0
car_evaluation,7,cart_fixed,0.05,0.0,0.8545454545454545,,0.0
car_evaluation,7,mags_tuned,0.05,0.0,0.9338842975206612,,0.0
car_evaluation,7,cart_tuned_depth,0.05,0.0,0.9338842975206612,,0.0
car_evaluation,7,cart_pruned,0.05,0.0,0.9289256198347108,,0.0
car_evaluation,7,noise_augmented_cart,0.05,0.0,0.8545454545454545,,0.0
car_evaluation,8,matched_gini,0.05,0.0,0.8710743801652893,,0.0
car_evaluation,8,mags_fixed,0.05,0.0,0.8710743801652893,,0.0
car_evaluation,8,mags_binary_excluded,0.05,0.0,0.8710743801652893,,0.0
car_evaluation,8,matched_gini_unrestricted,0.05,0.0,0.8710743801652893,,0.0
car_evaluation,8,mags_fixed_unrestricted,0.05,0.0,0.8710743801652893,,0.0
car_evaluation,8,cart_fixed,0.05,0.0,0.8710743801652893,,0.0
car_evaluation,8,mags_tuned,0.05,0.0,0.9355371900826446,,0.0
car_evaluation,8,cart_tuned_depth,0.05,0.0,0.947107438016529,,0.0
car_evaluation,8,cart_pruned,0.05,0.0,0.9553719008264463,,0.0
car_evaluation,8,noise_augmented_cart,0.05,0.0,0.8710743801652893,,0.0
breast_cancer,29,matched_gini,0.05,0.035,0.9,0.5828112300377983,1.0
breast_cancer,29,mags_fixed,0.05,0.025,0.9,0.5886081282608215,1.0
breast_cancer,29,mags_binary_excluded,0.05,0.025,0.9,0.5886081282608215,1.0
breast_cancer,29,matched_gini_unrestricted,0.05,0.02,0.925,0.5785474668405088,1.0
breast_cancer,29,mags_fixed_unrestricted,0.05,0.025,0.925,0.5824640296848754,1.0
breast_cancer,29,cart_fixed,0.05,0.025,0.91,0.6165291830254663,1.0
breast_cancer,29,mags_tuned,0.05,0.035,0.9,0.5828112300377983,1.0
breast_cancer,29,cart_tuned_depth,0.05,0.03,0.92,0.713707574827811,1.0
breast_cancer,29,cart_pruned,0.05,0.03,0.905,0.6101377311385432,1.0
breast_cancer,29,noise_augmented_cart,0.05,0.05,0.925,0.5625746980908998,1.0
car_evaluation,9,matched_gini,0.05,0.0,0.8578512396694215,,0.0
car_evaluation,9,mags_fixed,0.05,0.0,0.8578512396694215,,0.0
car_evaluation,9,mags_binary_excluded,0.05,0.0,0.8578512396694215,,0.0
car_evaluation,9,matched_gini_unrestricted,0.05,0.0,0.8578512396694215,,0.0
car_evaluation,9,mags_fixed_unrestricted,0.05,0.0,0.8578512396694215,,0.0
car_evaluation,9,cart_fixed,0.05,0.0,0.8578512396694215,,0.0
car_evaluation,9,mags_tuned,0.05,0.0,0.9603305785123967,,0.0
car_evaluation,9,cart_tuned_depth,0.05,0.0,0.9586776859504132,,0.0
car_evaluation,9,cart_pruned,0.05,0.0,0.9619834710743802,,0.0
car_evaluation,9,noise_augmented_cart,0.05,0.0,0.8578512396694215,,0.0
car_evaluation,10,matched_gini,0.05,0.0,0.8578512396694215,,0.0
car_evaluation,10,mags_fixed,0.05,0.0,0.8578512396694215,,0.0
car_evaluation,10,mags_binary_excluded,0.05,0.0,0.8578512396694215,,0.0
car_evaluation,10,matched_gini_unrestricted,0.05,0.0,0.8578512396694215,,0.0
car_evaluation,10,mags_fixed_unrestricted,0.05,0.0,0.8578512396694215,,0.0
car_evaluation,10,cart_fixed,0.05,0.0,0.8578512396694215,,0.0
car_evaluation,10,mags_tuned,0.05,0.0,0.9289256198347108,,0.0
car_evaluation,10,cart_tuned_depth,0.05,0.0,0.947107438016529,,0.0
car_evaluation,10,cart_pruned,0.05,0.0,0.947107438016529,,0.0
car_evaluation,10,noise_augmented_cart,0.05,0.0,0.8578512396694215,,0.0
car_evaluation,11,matched_gini,0.05,0.0,0.8611570247933884,,0.0
car_evaluation,11,mags_fixed,0.05,0.0,0.8611570247933884,,0.0
car_evaluation,11,mags_binary_excluded,0.05,0.0,0.8611570247933884,,0.0
car_evaluation,11,matched_gini_unrestricted,0.05,0.0,0.8611570247933884,,0.0
car_evaluation,11,mags_fixed_unrestricted,0.05,0.0,0.8611570247933884,,0.0
car_evaluation,11,cart_fixed,0.05,0.0,0.8611570247933884,,0.0
car_evaluation,11,mags_tuned,0.05,0.0,0.947107438016529,,0.0
car_evaluation,11,cart_tuned_depth,0.05,0.0,0.947107438016529,,0.0
car_evaluation,11,cart_pruned,0.05,0.0,0.9504132231404959,,0.0
car_evaluation,11,noise_augmented_cart,0.05,0.0,0.8495867768595041,,0.0
car_evaluation,12,matched_gini,0.05,0.0,0.8578512396694215,,0.0
car_evaluation,12,mags_fixed,0.05,0.0,0.8578512396694215,,0.0
car_evaluation,12,mags_binary_excluded,0.05,0.0,0.8578512396694215,,0.0
car_evaluation,12,matched_gini_unrestricted,0.05,0.0,0.8578512396694215,,0.0
car_evaluation,12,mags_fixed_unrestricted,0.05,0.0,0.8578512396694215,,0.0
car_evaluation,12,cart_fixed,0.05,0.0,0.8578512396694215,,0.0
car_evaluation,12,mags_tuned,0.05,0.0,0.943801652892562,,0.0
car_evaluation,12,cart_tuned_depth,0.05,0.0,0.9553719008264463,,0.0
car_evaluation,12,cart_pruned,0.05,0.0,0.9504132231404959,,0.0
car_evaluation,12,noise_augmented_cart,0.05,0.0,0.8578512396694215,,0.0
car_evaluation,13,matched_gini,0.05,0.0,0.8314049586776859,,0.0
car_evaluation,13,mags_fixed,0.05,0.0,0.8314049586776859,,0.0
car_evaluation,13,mags_binary_excluded,0.05,0.0,0.8314049586776859,,0.0
car_evaluation,13,matched_gini_unrestricted,0.05,0.0,0.8314049586776859,,0.0
car_evaluation,13,mags_fixed_unrestricted,0.05,0.0,0.8314049586776859,,0.0
car_evaluation,13,cart_fixed,0.05,0.0,0.8314049586776859,,0.0
car_evaluation,13,mags_tuned,0.05,0.0,0.9487603305785124,,0.0
car_evaluation,13,cart_tuned_depth,0.05,0.0,0.9454545454545454,,0.0
car_evaluation,13,cart_pruned,0.05,0.0,0.915702479338843,,0.0
car_evaluation,13,noise_augmented_cart,0.05,0.0,0.8495867768595041,,0.0
car_evaluation,14,matched_gini,0.05,0.0,0.8413223140495868,,0.0
car_evaluation,14,mags_fixed,0.05,0.0,0.8413223140495868,,0.0
car_evaluation,14,mags_binary_excluded,0.05,0.0,0.8413223140495868,,0.0
car_evaluation,14,matched_gini_unrestricted,0.05,0.0,0.8413223140495868,,0.0
car_evaluation,14,mags_fixed_unrestricted,0.05,0.0,0.8413223140495868,,0.0
car_evaluation,14,cart_fixed,0.05,0.0,0.8413223140495868,,0.0
car_evaluation,14,mags_tuned,0.05,0.0,0.9355371900826446,,0.0
car_evaluation,14,cart_tuned_depth,0.05,0.0,0.9421487603305785,,0.0
car_evaluation,14,cart_pruned,0.05,0.0,0.9371900826446281,,0.0
car_evaluation,14,noise_augmented_cart,0.05,0.0,0.8413223140495868,,0.0
car_evaluation,15,matched_gini,0.05,0.0,0.8644628099173554,,0.0
car_evaluation,15,mags_fixed,0.05,0.0,0.8644628099173554,,0.0
car_evaluation,15,mags_binary_excluded,0.05,0.0,0.8644628099173554,,0.0
car_evaluation,15,matched_gini_unrestricted,0.05,0.0,0.8644628099173554,,0.0
car_evaluation,15,mags_fixed_unrestricted,0.05,0.0,0.8644628099173554,,0.0
car_evaluation,15,cart_fixed,0.05,0.0,0.8644628099173554,,0.0
car_evaluation,15,mags_tuned,0.05,0.0,0.9074380165289256,,0.0
car_evaluation,15,cart_tuned_depth,0.05,0.0,0.9289256198347108,,0.0
car_evaluation,15,cart_pruned,0.05,0.0,0.9355371900826446,,0.0
car_evaluation,15,noise_augmented_cart,0.05,0.0,0.8644628099173554,,0.0
car_evaluation,16,matched_gini,0.05,0.0,0.8429752066115702,,0.0
car_evaluation,16,mags_fixed,0.05,0.0,0.8429752066115702,,0.0
car_evaluation,16,mags_binary_excluded,0.05,0.0,0.8429752066115702,,0.0
car_evaluation,16,matched_gini_unrestricted,0.05,0.0,0.8429752066115702,,0.0
car_evaluation,16,mags_fixed_unrestricted,0.05,0.0,0.8429752066115702,,0.0
car_evaluation,16,cart_fixed,0.05,0.0,0.8429752066115702,,0.0
car_evaluation,16,mags_tuned,0.05,0.0,0.9537190082644628,,0.0
car_evaluation,16,cart_tuned_depth,0.05,0.0,0.947107438016529,,0.0
car_evaluation,16,cart_pruned,0.05,0.0,0.9289256198347108,,0.0
car_evaluation,16,noise_augmented_cart,0.05,0.0,0.8380165289256198,,0.0
car_evaluation,17,matched_gini,0.05,0.0,0.859504132231405,,0.0
car_evaluation,17,mags_fixed,0.05,0.0,0.859504132231405,,0.0
car_evaluation,17,mags_binary_excluded,0.05,0.0,0.859504132231405,,0.0
car_evaluation,17,matched_gini_unrestricted,0.05,0.0,0.859504132231405,,0.0
car_evaluation,17,mags_fixed_unrestricted,0.05,0.0,0.859504132231405,,0.0
car_evaluation,17,cart_fixed,0.05,0.0,0.859504132231405,,0.0
car_evaluation,17,mags_tuned,0.05,0.0,0.9057851239669421,,0.0
car_evaluation,17,cart_tuned_depth,0.05,0.0,0.9305785123966942,,0.0
car_evaluation,17,cart_pruned,0.05,0.0,0.9355371900826446,,0.0
car_evaluation,17,noise_augmented_cart,0.05,0.0,0.856198347107438,,0.0
car_evaluation,18,matched_gini,0.05,0.0,0.8429752066115702,,0.0
car_evaluation,18,mags_fixed,0.05,0.0,0.8429752066115702,,0.0
car_evaluation,18,mags_binary_excluded,0.05,0.0,0.8429752066115702,,0.0
car_evaluation,18,matched_gini_unrestricted,0.05,0.0,0.8429752066115702,,0.0
car_evaluation,18,mags_fixed_unrestricted,0.05,0.0,0.8429752066115702,,0.0
car_evaluation,18,cart_fixed,0.05,0.0,0.8429752066115702,,0.0
car_evaluation,18,mags_tuned,0.05,0.0,0.9504132231404959,,0.0
car_evaluation,18,cart_tuned_depth,0.05,0.0,0.9487603305785124,,0.0
car_evaluation,18,cart_pruned,0.05,0.0,0.9586776859504132,,0.0
car_evaluation,18,noise_augmented_cart,0.05,0.0,0.8429752066115702,,0.0
car_evaluation,19,matched_gini,0.05,0.0,0.8314049586776859,,0.0
car_evaluation,19,mags_fixed,0.05,0.0,0.8314049586776859,,0.0
car_evaluation,19,mags_binary_excluded,0.05,0.0,0.8314049586776859,,0.0
car_evaluation,19,matched_gini_unrestricted,0.05,0.0,0.8314049586776859,,0.0
car_evaluation,19,mags_fixed_unrestricted,0.05,0.0,0.8314049586776859,,0.0
car_evaluation,19,cart_fixed,0.05,0.0,0.8314049586776859,,0.0
car_evaluation,19,mags_tuned,0.05,0.0,0.9388429752066115,,0.0
car_evaluation,19,cart_tuned_depth,0.05,0.0,0.9388429752066115,,0.0
car_evaluation,19,cart_pruned,0.05,0.0,0.9553719008264463,,0.0
car_evaluation,19,noise_augmented_cart,0.05,0.0,0.8297520661157025,,0.0
car_evaluation,20,matched_gini,0.05,0.0,0.8479338842975207,,0.0
car_evaluation,20,mags_fixed,0.05,0.0,0.8479338842975207,,0.0
car_evaluation,20,mags_binary_excluded,0.05,0.0,0.8479338842975207,,0.0
car_evaluation,20,matched_gini_unrestricted,0.05,0.0,0.8479338842975207,,0.0
car_evaluation,20,mags_fixed_unrestricted,0.05,0.0,0.8479338842975207,,0.0
car_evaluation,20,cart_fixed,0.05,0.0,0.8479338842975207,,0.0
car_evaluation,20,mags_tuned,0.05,0.0,0.9338842975206612,,0.0
car_evaluation,20,cart_tuned_depth,0.05,0.0,0.9586776859504132,,0.0
car_evaluation,20,cart_pruned,0.05,0.0,0.947107438016529,,0.0
car_evaluation,20,noise_augmented_cart,0.05,0.0,0.8413223140495868,,0.0
car_evaluation,21,matched_gini,0.05,0.0,0.8264462809917356,,0.0
car_evaluation,21,mags_fixed,0.05,0.0,0.8264462809917356,,0.0
car_evaluation,21,mags_binary_excluded,0.05,0.0,0.8264462809917356,,0.0
car_evaluation,21,matched_gini_unrestricted,0.05,0.0,0.8264462809917356,,0.0
car_evaluation,21,mags_fixed_unrestricted,0.05,0.0,0.8264462809917356,,0.0
car_evaluation,21,cart_fixed,0.05,0.0,0.8264462809917356,,0.0
car_evaluation,21,mags_tuned,0.05,0.0,0.9289256198347108,,0.0
car_evaluation,21,cart_tuned_depth,0.05,0.0,0.943801652892562,,0.0
car_evaluation,21,cart_pruned,0.05,0.0,0.943801652892562,,0.0
car_evaluation,21,noise_augmented_cart,0.05,0.0,0.8264462809917356,,0.0
car_evaluation,22,matched_gini,0.05,0.0,0.8578512396694215,,0.0
car_evaluation,22,mags_fixed,0.05,0.0,0.8578512396694215,,0.0
car_evaluation,22,mags_binary_excluded,0.05,0.0,0.8578512396694215,,0.0
car_evaluation,22,matched_gini_unrestricted,0.05,0.0,0.8578512396694215,,0.0
car_evaluation,22,mags_fixed_unrestricted,0.05,0.0,0.8578512396694215,,0.0
car_evaluation,22,cart_fixed,0.05,0.0,0.8578512396694215,,0.0
car_evaluation,22,mags_tuned,0.05,0.0,0.9256198347107438,,0.0
car_evaluation,22,cart_tuned_depth,0.05,0.0,0.9256198347107438,,0.0
car_evaluation,22,cart_pruned,0.05,0.0,0.9223140495867769,,0.0
car_evaluation,22,noise_augmented_cart,0.05,0.0,0.8082644628099174,,0.0
car_evaluation,23,matched_gini,0.05,0.0,0.8727272727272727,,0.0
car_evaluation,23,mags_fixed,0.05,0.0,0.8727272727272727,,0.0
car_evaluation,23,mags_binary_excluded,0.05,0.0,0.8727272727272727,,0.0
car_evaluation,23,matched_gini_unrestricted,0.05,0.0,0.8727272727272727,,0.0
car_evaluation,23,mags_fixed_unrestricted,0.05,0.0,0.8727272727272727,,0.0
car_evaluation,23,cart_fixed,0.05,0.0,0.8727272727272727,,0.0
car_evaluation,23,mags_tuned,0.05,0.0,0.9305785123966942,,0.0
car_evaluation,23,cart_tuned_depth,0.05,0.0,0.947107438016529,,0.0
car_evaluation,23,cart_pruned,0.05,0.0,0.947107438016529,,0.0
car_evaluation,23,noise_augmented_cart,0.05,0.0,0.8429752066115702,,0.0
car_evaluation,25,matched_gini,0.05,0.0,0.8446280991735537,,0.0
car_evaluation,25,mags_fixed,0.05,0.0,0.8446280991735537,,0.0
car_evaluation,25,mags_binary_excluded,0.05,0.0,0.8446280991735537,,0.0
car_evaluation,25,matched_gini_unrestricted,0.05,0.0,0.8446280991735537,,0.0
car_evaluation,25,mags_fixed_unrestricted,0.05,0.0,0.8446280991735537,,0.0
car_evaluation,25,cart_fixed,0.05,0.0,0.8446280991735537,,0.0
car_evaluation,25,mags_tuned,0.05,0.0,0.9504132231404959,,0.0
car_evaluation,25,cart_tuned_depth,0.05,0.0,0.9619834710743802,,0.0
car_evaluation,25,cart_pruned,0.05,0.0,0.968595041322314,,0.0
car_evaluation,25,noise_augmented_cart,0.05,0.0,0.8446280991735537,,0.0
car_evaluation,24,matched_gini,0.05,0.0,0.8363636363636363,,0.0
car_evaluation,24,mags_fixed,0.05,0.0,0.8363636363636363,,0.0
car_evaluation,24,mags_binary_excluded,0.05,0.0,0.8363636363636363,,0.0
car_evaluation,24,matched_gini_unrestricted,0.05,0.0,0.8363636363636363,,0.0
car_evaluation,24,mags_fixed_unrestricted,0.05,0.0,0.8363636363636363,,0.0
car_evaluation,24,cart_fixed,0.05,0.0,0.8363636363636363,,0.0
car_evaluation,24,mags_tuned,0.05,0.0,0.9504132231404959,,0.0
car_evaluation,24,cart_tuned_depth,0.05,0.0,0.9504132231404959,,0.0
car_evaluation,24,cart_pruned,0.05,0.0,0.9702479338842975,,0.0
car_evaluation,24,noise_augmented_cart,0.05,0.0,0.8363636363636363,,0.0
car_evaluation,26,matched_gini,0.05,0.0,0.8776859504132232,,0.0
car_evaluation,26,mags_fixed,0.05,0.0,0.8776859504132232,,0.0
car_evaluation,26,mags_binary_excluded,0.05,0.0,0.8776859504132232,,0.0
car_evaluation,26,matched_gini_unrestricted,0.05,0.0,0.8776859504132232,,0.0
car_evaluation,26,mags_fixed_unrestricted,0.05,0.0,0.8776859504132232,,0.0
car_evaluation,26,cart_fixed,0.05,0.0,0.8776859504132232,,0.0
car_evaluation,26,mags_tuned,0.05,0.0,0.9173553719008265,,0.0
car_evaluation,26,cart_tuned_depth,0.05,0.0,0.9305785123966942,,0.0
car_evaluation,26,cart_pruned,0.05,0.0,0.9223140495867769,,0.0
car_evaluation,26,noise_augmented_cart,0.05,0.0,0.8776859504132232,,0.0
car_evaluation,27,matched_gini,0.05,0.0,0.8396694214876033,,0.0
car_evaluation,27,mags_fixed,0.05,0.0,0.8396694214876033,,0.0
car_evaluation,27,mags_binary_excluded,0.05,0.0,0.8396694214876033,,0.0
car_evaluation,27,matched_gini_unrestricted,0.05,0.0,0.8396694214876033,,0.0
car_evaluation,27,mags_fixed_unrestricted,0.05,0.0,0.8396694214876033,,0.0
car_evaluation,27,cart_fixed,0.05,0.0,0.8396694214876033,,0.0
car_evaluation,27,mags_tuned,0.05,0.0,0.9404958677685951,,0.0
car_evaluation,27,cart_tuned_depth,0.05,0.0,0.9404958677685951,,0.0
car_evaluation,27,cart_pruned,0.05,0.0,0.9504132231404959,,0.0
car_evaluation,27,noise_augmented_cart,0.05,0.0,0.8347107438016529,,0.0
car_evaluation,28,matched_gini,0.05,0.0,0.8628099173553719,,0.0
car_evaluation,28,mags_fixed,0.05,0.0,0.8628099173553719,,0.0
car_evaluation,28,mags_binary_excluded,0.05,0.0,0.8628099173553719,,0.0
car_evaluation,28,matched_gini_unrestricted,0.05,0.0,0.8628099173553719,,0.0
car_evaluation,28,mags_fixed_unrestricted,0.05,0.0,0.8628099173553719,,0.0
car_evaluation,28,cart_fixed,0.05,0.0,0.8628099173553719,,0.0
car_evaluation,28,mags_tuned,0.05,0.0,0.9223140495867769,,0.0
car_evaluation,28,cart_tuned_depth,0.05,0.0,0.9289256198347108,,0.0
car_evaluation,28,cart_pruned,0.05,0.0,0.9289256198347108,,0.0
car_evaluation,28,noise_augmented_cart,0.05,0.0,0.8446280991735537,,0.0
car_evaluation,29,matched_gini,0.05,0.0,0.8297520661157025,,0.0
car_evaluation,29,mags_fixed,0.05,0.0,0.8297520661157025,,0.0
car_evaluation,29,mags_binary_excluded,0.05,0.0,0.8297520661157025,,0.0
car_evaluation,29,matched_gini_unrestricted,0.05,0.0,0.8297520661157025,,0.0
car_evaluation,29,mags_fixed_unrestricted,0.05,0.0,0.8297520661157025,,0.0
car_evaluation,29,cart_fixed,0.05,0.0,0.8297520661157025,,0.0
car_evaluation,29,mags_tuned,0.05,0.0,0.9206611570247933,,0.0
car_evaluation,29,cart_tuned_depth,0.05,0.0,0.9239669421487603,,0.0
car_evaluation,29,cart_pruned,0.05,0.0,0.9371900826446281,,0.0
car_evaluation,29,noise_augmented_cart,0.05,0.0,0.8578512396694215,,0.0
cmc,0,matched_gini,0.05,0.0,0.5445736434108527,0.3063453719712591,0.9612403100775194
cmc,0,mags_fixed,0.05,0.0,0.5445736434108527,0.3063453719712591,0.9612403100775194
cmc,0,mags_binary_excluded,0.05,0.0,0.5445736434108527,0.3063453719712591,0.9612403100775194
cmc,0,matched_gini_unrestricted,0.05,0.0,0.5445736434108527,0.3063453719712591,0.9612403100775194
cmc,0,mags_fixed_unrestricted,0.05,0.0,0.5445736434108527,0.3063453719712591,0.9612403100775194
cmc,0,cart_fixed,0.05,0.0,0.5445736434108527,0.3063453916982817,0.9612403100775194
cmc,0,mags_tuned,0.05,0.0,0.5426356589147286,0.42888351935976243,0.9709302325581395
cmc,0,cart_tuned_depth,0.05,0.0,0.5484496124031008,0.4288835030219246,1.0
cmc,0,cart_pruned,0.05,0.0,0.5310077519379846,0.22037744216048705,1.0
cmc,0,noise_augmented_cart,0.05,0.18410852713178294,0.5465116279069767,0.39708942953486553,0.9689922480620154
cmc,1,matched_gini,0.05,0.0,0.5329457364341085,0.2987433242271142,1.0
cmc,1,mags_fixed,0.05,0.0,0.562015503875969,0.29874332322711405,1.0
cmc,1,mags_binary_excluded,0.05,0.0,0.5329457364341085,0.2987433242271142,1.0
cmc,1,matched_gini_unrestricted,0.05,0.0,0.5329457364341085,0.2987433242271142,1.0
cmc,1,mags_fixed_unrestricted,0.05,0.0,0.562015503875969,0.29874332322711405,1.0
cmc,1,cart_fixed,0.05,0.0,0.5329457364341085,0.2987433366805483,1.0
cmc,1,mags_tuned,0.05,0.0,0.5058139534883721,0.20680444870575646,1.0
cmc,1,cart_tuned_depth,0.05,0.0,0.5329457364341085,0.2987433366805483,1.0
cmc,1,cart_pruned,0.05,0.0,0.5329457364341085,0.2987433350625184,1.0
cmc,1,noise_augmented_cart,0.05,0.011627906976744186,0.560077519379845,0.5041380236629485,1.0
cmc,2,matched_gini,0.05,0.0,0.5174418604651163,0.4294622978548259,1.0
cmc,2,mags_fixed,0.05,0.0,0.501937984496124,0.4294622988548259,1.0
cmc,2,mags_binary_excluded,0.05,0.0,0.5174418604651163,0.4294622978548259,1.0
cmc,2,matched_gini_unrestricted,0.05,0.0,0.5174418604651163,0.4294622978548259,1.0
cmc,2,mags_fixed_unrestricted,0.05,0.0,0.501937984496124,0.4294622988548259,1.0
cmc,2,cart_fixed,0.05,0.0,0.5174418604651163,0.4294622971385247,1.0
cmc,2,mags_tuned,0.05,0.003875968992248062,0.4883720930232558,0.2077755469333207,0.9903100775193798
cmc,2,cart_tuned_depth,0.05,0.0,0.5174418604651163,0.4294622971385247,1.0
cmc,2,cart_pruned,0.05,0.005813953488372093,0.501937984496124,0.20777558700678747,1.0
cmc,2,noise_augmented_cart,0.05,0.03294573643410853,0.5174418604651163,0.4248656397340685,0.9748062015503876
cmc,3,matched_gini,0.05,0.0,0.5968992248062015,0.544407960039115,1.0
cmc,3,mags_fixed,0.05,0.0,0.5697674418604651,0.5444079600391148,1.0
cmc,3,mags_binary_excluded,0.05,0.0,0.5891472868217055,0.3024488676883971,1.0
cmc,3,matched_gini_unrestricted,0.05,0.0,0.5968992248062015,0.544407960039115,1.0
cmc,3,mags_fixed_unrestricted,0.05,0.0,0.5697674418604651,0.5444079600391148,1.0
cmc,3,cart_fixed,0.05,0.0,0.5968992248062015,0.5444079564632615,1.0
cmc,3,mags_tuned,0.05,0.0,0.5387596899224806,0.21839904739330743,0.998062015503876
cmc,3,cart_tuned_depth,0.05,0.0,0.5968992248062015,0.5444079564632615,1.0
cmc,3,cart_pruned,0.05,0.0,0.5077519379844961,0.5444079490359981,1.0
cmc,3,noise_augmented_cart,0.05,0.015503875968992248,0.5310077519379846,0.4170450079805106,1.0
cmc,4,matched_gini,0.05,0.0,0.5290697674418605,0.21757774048954018,1.0
cmc,4,mags_fixed,0.05,0.0,0.5232558139534884,0.21757774048954018,0.9108527131782945
cmc,4,mags_binary_excluded,0.05,0.0,0.5290697674418605,0.21757774048954018,1.0
cmc,4,matched_gini_unrestricted,0.05,0.0,0.5290697674418605,0.21757774048954018,1.0
cmc,4,mags_fixed_unrestricted,0.05,0.0,0.5232558139534884,0.21757774048954018,0.9108527131782945
cmc,4,cart_fixed,0.05,0.0,0.5290697674418605,0.21757777441320583,1.0
cmc,4,mags_tuned,0.05,0.0,0.5445736434108527,0.3026014427383462,1.0
cmc,4,cart_tuned_depth,0.05,0.0,0.5271317829457365,0.5446825771208628,1.0
cmc,4,cart_pruned,0.05,0.0,0.48255813953488375,0.21757773767701674,1.0
cmc,4,noise_augmented_cart,0.05,0.025193798449612403,0.5310077519379846,0.25352649796781707,1.0
cmc,5,matched_gini,0.05,0.0,0.5445736434108527,0.21204815871632068,1.0
cmc,5,mags_fixed,0.05,0.0,0.5581395348837209,0.42608224143236995,1.0
cmc,5,mags_binary_excluded,0.05,0.0,0.5445736434108527,0.21204815871632068,1.0
cmc,5,matched_gini_unrestricted,0.05,0.0,0.5445736434108527,0.21204815871632068,1.0
cmc,5,mags_fixed_unrestricted,0.05,0.0,0.5581395348837209,0.42608224143236995,1.0
cmc,5,cart_fixed,0.05,0.0,0.5445736434108527,0.21204816833231188,1.0
cmc,5,mags_tuned,0.05,0.0,0.5581395348837209,0.42608224143236995,1.0
cmc,5,cart_tuned_depth,0.05,0.0,0.5581395348837209,0.21204816833231188,1.0
cmc,5,cart_pruned,0.05,0.0,0.5465116279069767,0.21204816833231188,1.0
cmc,5,noise_augmented_cart,0.05,0.02131782945736434,0.5348837209302325,0.3636245704419472,1.0
cmc,6,matched_gini,0.05,0.0,0.560077519379845,0.29638788226733204,1.0
cmc,6,mags_fixed,0.05,0.0,0.5775193798449613,0.29638788226733204,1.0
cmc,6,mags_binary_excluded,0.05,0.0,0.560077519379845,0.29638788226733204,1.0
cmc,6,matched_gini_unrestricted,0.05,0.0,0.560077519379845,0.29638788226733204,1.0
cmc,6,mags_fixed_unrestricted,0.05,0.0,0.5775193798449613,0.29638788226733204,1.0
cmc,6,cart_fixed,0.05,0.0,0.560077519379845,0.2963878723776701,1.0
cmc,6,mags_tuned,0.05,0.0,0.5542635658914729,0.2053474848032074,1.0
cmc,6,cart_tuned_depth,0.05,0.0,0.5329457364341085,0.5334981737763786,1.0
cmc,6,cart_pruned,0.05,0.0,0.5348837209302325,0.2963878687625132,1.0
cmc,6,noise_augmented_cart,0.05,0.060077519379844964,0.5581395348837209,0.3146855670438792,1.0
cmc,7,matched_gini,0.05,0.0,0.5658914728682171,0.42054900841110976,1.0
cmc,7,mags_fixed,0.05,0.0,0.5406976744186046,0.42054900841110976,1.0
cmc,7,mags_binary_excluded,0.05,0.0,0.5658914728682171,0.42054900841110976,1.0
cmc,7,matched_gini_unrestricted,0.05,0.0,0.5658914728682171,0.42054900841110976,1.0
cmc,7,mags_fixed_unrestricted,0.05,0.0,0.5406976744186046,0.42054900841110976,1.0
cmc,7,cart_fixed,0.05,0.0,0.5658914728682171,0.4205490086579279,1.0
cmc,7,mags_tuned,0.05,0.0,0.5658914728682171,0.42054900841110976,1.0
cmc,7,cart_tuned_depth,0.05,0.0,0.46511627906976744,0.21851529655450075,1.0
cmc,7,cart_pruned,0.05,0.0,0.5445736434108527,0.30039214136002207,0.9205426356589147
cmc,7,noise_augmented_cart,0.05,0.02131782945736434,0.5562015503875969,0.5879701966512237,1.0
cmc,9,matched_gini,0.05,0.0,0.5542635658914729,0.30258309811488504,1.0
cmc,9,mags_fixed,0.05,0.0,0.5678294573643411,0.4236163359608389,1.0
cmc,9,mags_binary_excluded,0.05,0.0,0.5465116279069767,0.302583098114885,1.0
cmc,9,matched_gini_unrestricted,0.05,0.0,0.5542635658914729,0.30258309811488504,1.0
cmc,9,mags_fixed_unrestricted,0.05,0.0,0.5678294573643411,0.4236163359608389,1.0
cmc,9,cart_fixed,0.05,0.0,0.5542635658914729,0.3025831120475398,1.0
cmc,9,mags_tuned,0.05,0.0,0.5290697674418605,0.5446495758067929,1.0
cmc,9,cart_tuned_depth,0.05,0.0,0.5542635658914729,0.3025831120475398,1.0
cmc,9,cart_pruned,0.05,0.0,0.5503875968992248,0.5446495796296229,1.0
cmc,9,noise_augmented_cart,0.05,0.0,0.5581395348837209,0.4328558456940614,1.0
cmc,8,matched_gini,0.05,0.0,0.5251937984496124,0.20676586893102203,1.0
cmc,8,mags_fixed,0.05,0.0,0.5310077519379846,0.20676586893102203,1.0
cmc,8,mags_binary_excluded,0.05,0.0,0.5251937984496124,0.20676586893102203,1.0
cmc,8,matched_gini_unrestricted,0.05,0.0,0.5251937984496124,0.20676586893102203,1.0
cmc,8,mags_fixed_unrestricted,0.05,0.0,0.5310077519379846,0.20676586893102203,1.0
cmc,8,cart_fixed,0.05,0.0,0.5251937984496124,0.20676587208409306,1.0
cmc,8,mags_tuned,0.05,0.0,0.5290697674418605,0.20676586893102203,0.9903100775193798
cmc,8,cart_tuned_depth,0.05,0.0,0.5,0.5418372586111664,1.0
cmc,8,cart_pruned,0.05,0.0,0.49806201550387597,0.20676587208409306,1.0
cmc,8,noise_augmented_cart,0.05,0.01744186046511628,0.5135658914728682,0.2787807217170715,1.0
cmc,11,matched_gini,0.05,0.0,0.5678294573643411,0.21435534720572283,1.0
cmc,11,mags_fixed,0.05,0.0,0.562015503875969,0.21435534720572283,1.0
cmc,11,mags_binary_excluded,0.05,0.0,0.5678294573643411,0.21435534720572283,1.0
cmc,11,matched_gini_unrestricted,0.05,0.0,0.5678294573643411,0.21435534720572283,1.0
cmc,11,mags_fixed_unrestricted,0.05,0.0,0.562015503875969,0.21435534720572283,1.0
cmc,11,cart_fixed,0.05,0.0,0.5678294573643411,0.21435535647684567,1.0
cmc,11,mags_tuned,0.05,0.0,0.5465116279069767,0.5441389608940485,1.0
cmc,11,cart_tuned_depth,0.05,0.0,0.5116279069767442,0.21435534594639064,1.0
cmc,11,cart_pruned,0.05,0.0,0.5503875968992248,0.21435535647684567,1.0
cmc,11,noise_augmented_cart,0.05,0.01937984496124031,0.5329457364341085,0.3008433305325841,1.0
cmc,10,matched_gini,0.05,0.0,0.5213178294573644,0.25338418467030727,1.0
cmc,10,mags_fixed,0.05,0.0,0.560077519379845,0.2970642694121337,1.0
cmc,10,mags_binary_excluded,0.05,0.0,0.5213178294573644,0.25338418467030727,1.0
cmc,10,matched_gini_unrestricted,0.05,0.0,0.5213178294573644,0.25338418467030727,1.0
cmc,10,mags_fixed_unrestricted,0.05,0.0,0.560077519379845,0.2970642689121338,1.0
cmc,10,cart_fixed,0.05,0.0,0.5213178294573644,0.25338420401857054,1.0
cmc,10,mags_tuned,0.05,0.0,0.5368217054263565,0.2970642699121337,1.0
cmc,10,cart_tuned_depth,0.05,0.0,0.5058139534883721,0.6291122887994791,1.0
cmc,10,cart_pruned,0.05,0.0,0.501937984496124,0.41588998707728975,0.877906976744186
cmc,10,noise_augmented_cart,0.05,0.011627906976744186,0.5193798449612403,0.5558368299319139,0.936046511627907
cmc,12,matched_gini,0.05,0.0,0.5697674418604651,0.4292876158576058,1.0
cmc,12,mags_fixed,0.05,0.0,0.5775193798449613,0.4292876168576056,1.0
cmc,12,mags_binary_excluded,0.05,0.0,0.5697674418604651,0.4292876158576058,1.0
cmc,12,matched_gini_unrestricted,0.05,0.0,0.5697674418604651,0.4292876158576058,1.0
cmc,12,mags_fixed_unrestricted,0.05,0.0,0.5775193798449613,0.4292876168576056,1.0
cmc,12,cart_fixed,0.05,0.0,0.5697674418604651,0.429287601201401,1.0
cmc,12,mags_tuned,0.05,0.0,0.5717054263565892,0.4292876168576056,1.0
cmc,12,cart_tuned_depth,0.05,0.0,0.5697674418604651,0.429287601201401,1.0
cmc,12,cart_pruned,0.05,0.0,0.5077519379844961,0.6342785068734491,1.0
cmc,12,noise_augmented_cart,0.05,0.029069767441860465,0.5523255813953488,0.3980861568632052,1.0
cmc,13,matched_gini,0.05,0.0,0.5387596899224806,0.30350135408764906,1.0
cmc,13,mags_fixed,0.05,0.0,0.5406976744186046,0.3035013550876492,1.0
cmc,13,mags_binary_excluded,0.05,0.0,0.5387596899224806,0.30350135408764906,1.0
cmc,13,matched_gini_unrestricted,0.05,0.0,0.5387596899224806,0.30350135408764906,1.0
cmc,13,mags_fixed_unrestricted,0.05,0.0,0.5406976744186046,0.3035013550876492,1.0
cmc,13,cart_fixed,0.05,0.0,0.5387596899224806,0.3035013539639281,1.0
cmc,13,mags_tuned,0.05,0.001937984496124031,0.5290697674418605,0.20750771053261743,1.0
cmc,13,cart_tuned_depth,0.05,0.0,0.5426356589147286,0.42490189559898767,1.0
cmc,13,cart_pruned,0.05,0.0,0.5077519379844961,0.6225231380462443,1.0
cmc,13,noise_augmented_cart,0.05,0.06976744186046512,0.5271317829457365,0.341477180672155,1.0
cmc,15,matched_gini,0.05,0.0,0.5213178294573644,0.3022676190535557,1.0
cmc,15,mags_fixed,0.05,0.0,0.5077519379844961,0.4231746652749778,1.0
cmc,15,mags_binary_excluded,0.05,0.0,0.5213178294573644,0.3022676190535557,1.0
cmc,15,matched_gini_unrestricted,0.05,0.0,0.5213178294573644,0.3022676190535557,1.0
cmc,15,mags_fixed_unrestricted,0.05,0.0,0.5077519379844961,0.4231746652749778,1.0
cmc,15,cart_fixed,0.05,0.0,0.5213178294573644,0.30226763382602584,1.0
cmc,15,mags_tuned,0.05,0.0,0.5213178294573644,0.3022676190535557,1.0
cmc,15,cart_tuned_depth,0.05,0.0,0.562015503875969,0.42317466577497787,1.0
cmc,15,cart_pruned,0.05,0.0,0.5155038759689923,0.4231746692605107,1.0
cmc,15,noise_augmented_cart,0.05,0.046511627906976744,0.5368217054263565,0.3963679286282152,1.0
cmc,14,matched_gini,0.05,0.0,0.5736434108527132,0.3032485799767797,1.0
cmc,14,mags_fixed,0.05,0.0,0.5794573643410853,0.3032485799767797,1.0
cmc,14,mags_binary_excluded,0.05,0.0,0.5736434108527132,0.3032485799767797,1.0
cmc,14,matched_gini_unrestricted,0.05,0.0,0.5736434108527132,0.3032485799767797,1.0
cmc,14,mags_fixed_unrestricted,0.05,0.0,0.5794573643410853,0.3032485799767797,1.0
cmc,14,cart_fixed,0.05,0.0,0.5736434108527132,0.3032485737516376,1.0
cmc,14,mags_tuned,0.05,0.003875968992248062,0.5465116279069767,0.21410521229574178,0.9844961240310077
cmc,14,cart_tuned_depth,0.05,0.0,0.5503875968992248,0.2141052129257886,1.0
cmc,14,cart_pruned,0.05,0.0,0.5503875968992248,0.2141052346930592,1.0
cmc,14,noise_augmented_cart,0.05,0.003875968992248062,0.5658914728682171,0.302994819027981,1.0
cmc,16,matched_gini,0.05,0.0,0.5717054263565892,0.3051616409961936,1.0
cmc,16,mags_fixed,0.05,0.0,0.5794573643410853,0.2160681598612896,1.0
cmc,16,mags_binary_excluded,0.05,0.0,0.5717054263565892,0.3051616409961936,1.0
cmc,16,matched_gini_unrestricted,0.05,0.0,0.5717054263565892,0.3051616409961936,1.0
cmc,16,mags_fixed_unrestricted,0.05,0.0,0.5794573643410853,0.2160681598612896,1.0
cmc,16,cart_fixed,0.05,0.0,0.5717054263565892,0.3051616320001183,1.0
cmc,16,mags_tuned,0.05,0.0,0.5872093023255814,0.427226297394671,1.0
cmc,16,cart_tuned_depth,0.05,0.0,0.5503875968992248,0.30516164088691444,1.0
cmc,16,cart_pruned,0.05,0.0,0.5387596899224806,0.5492909536838693,1.0
cmc,16,noise_augmented_cart,0.05,0.03294573643410853,0.5717054263565892,0.3751017511020785,1.0
cmc,17,matched_gini,0.05,0.0,0.562015503875969,0.30250745091220976,1.0
cmc,17,mags_fixed,0.05,0.0,0.5484496124031008,0.3025074509122098,1.0
cmc,17,mags_binary_excluded,0.05,0.0,0.562015503875969,0.30250745091220976,1.0
cmc,17,matched_gini_unrestricted,0.05,0.0,0.562015503875969,0.30250745091220976,1.0
cmc,17,mags_fixed_unrestricted,0.05,0.0,0.5484496124031008,0.3025074509122098,1.0
cmc,17,cart_fixed,0.05,0.0,0.562015503875969,0.30250746544413765,1.0
cmc,17,mags_tuned,0.05,0.0,0.5406976744186046,0.20874186113608176,1.0
cmc,17,cart_tuned_depth,0.05,0.0,0.563953488372093,0.5445133953100495,1.0
cmc,17,cart_pruned,0.05,0.0,0.5465116279069767,0.20874187302205338,1.0
cmc,17,noise_augmented_cart,0.05,0.011627906976744186,0.562015503875969,0.36226919799930035,1.0
cmc,18,matched_gini,0.05,0.0,0.5465116279069767,0.4284819512242101,1.0
cmc,18,mags_fixed,0.05,0.0,0.5581395348837209,0.3060585368744358,1.0
cmc,18,mags_binary_excluded,0.05,0.0,0.5465116279069767,0.4284819512242101,1.0
cmc,18,matched_gini_unrestricted,0.05,0.0,0.5465116279069767,0.4284819512242101,1.0
cmc,18,mags_fixed_unrestricted,0.05,0.0,0.5581395348837209,0.3060585368744358,1.0
cmc,18,cart_fixed,0.05,0.0,0.5465116279069767,0.4284819554327657,1.0
cmc,18,mags_tuned,0.05,0.0,0.5581395348837209,0.5509053645739843,1.0
cmc,18,cart_tuned_depth,0.05,0.0,0.49806201550387597,0.21141684006562234,1.0
cmc,18,cart_pruned,0.05,0.0,0.5503875968992248,0.6342505442455832,1.0
cmc,18,noise_augmented_cart,0.05,0.08527131782945736,0.5852713178294574,0.3672702435493229,1.0
cmc,19,matched_gini,0.05,0.0,0.562015503875969,0.42326552350448554,0.9224806201550387
cmc,19,mags_fixed,0.05,0.001937984496124031,0.562015503875969,0.3023325167889182,0.9186046511627907
cmc,19,mags_binary_excluded,0.05,0.0,0.562015503875969,0.42326552350448554,0.9224806201550387
cmc,19,matched_gini_unrestricted,0.05,0.0,0.562015503875969,0.42326552350448554,0.9224806201550387
cmc,19,mags_fixed_unrestricted,0.05,0.001937984496124031,0.562015503875969,0.3023325167889182,0.9186046511627907
cmc,19,cart_fixed,0.05,0.0,0.562015503875969,0.4232655030469883,0.9224806201550387
cmc,19,mags_tuned,0.05,0.0,0.562015503875969,0.42326552350448554,0.9224806201550387
cmc,19,cart_tuned_depth,0.05,0.0,0.5697674418604651,0.4232655030469883,1.0
cmc,19,cart_pruned,0.05,0.0,0.5775193798449613,0.4232655133208208,1.0
cmc,19,noise_augmented_cart,0.05,0.031007751937984496,0.5562015503875969,0.33149656035996616,1.0
cmc,20,matched_gini,0.05,0.0,0.5290697674418605,0.5484959935940764,1.0
cmc,20,mags_fixed,0.05,0.0,0.5658914728682171,0.4266079952398373,1.0
cmc,20,mags_binary_excluded,0.05,0.0,0.5290697674418605,0.5484959935940764,1.0
cmc,20,matched_gini_unrestricted,0.05,0.0,0.5290697674418605,0.5484959935940764,1.0
cmc,20,mags_fixed_unrestricted,0.05,0.0,0.5658914728682171,0.4266079952398373,1.0
cmc,20,cart_fixed,0.05,0.0,0.5290697674418605,0.5484960049123473,1.0
cmc,20,mags_tuned,0.05,0.003875968992248062,0.5155038759689923,0.21325761501451332,0.9941860465116279
cmc,20,cart_tuned_depth,0.05,0.0,0.5348837209302325,0.5484960049123473,1.0
cmc,20,cart_pruned,0.05,0.0,0.49806201550387597,0.21325761255589865,0.9961240310077519
cmc,20,noise_augmented_cart,0.05,0.07945736434108527,0.5271317829457365,0.4690240107433115,1.0
cmc,21,matched_gini,0.05,0.0,0.5290697674418605,0.21221630380059195,0.9806201550387597
cmc,21,mags_fixed,0.05,0.0,0.5290697674418605,0.21221630380059195,0.9806201550387597
cmc,21,mags_binary_excluded,0.05,0.0,0.5290697674418605,0.21221630380059195,0.9806201550387597
cmc,21,matched_gini_unrestricted,0.05,0.0,0.5290697674418605,0.21221630380059195,0.9806201550387597
cmc,21,mags_fixed_unrestricted,0.05,0.0,0.5290697674418605,0.21221630380059195,0.9806201550387597
cmc,21,cart_fixed,0.05,0.0,0.5290697674418605,0.212216314950931,0.9806201550387597
cmc,21,mags_tuned,0.05,0.0,0.5213178294573644,0.302602293706944,0.9806201550387597
cmc,21,cart_tuned_depth,0.05,0.0,0.5251937984496124,0.212216314950931,0.9806201550387597
cmc,21,cart_pruned,0.05,0.0,0.5368217054263565,0.212216314950931,0.9806201550387597
cmc,21,noise_augmented_cart,0.05,0.12015503875968993,0.5329457364341085,0.3478079329110999,0.9806201550387597
cmc,22,matched_gini,0.05,0.0,0.5038759689922481,0.3032128962245692,1.0
cmc,22,mags_fixed,0.05,0.0,0.5717054263565892,0.42449805331439683,0.7790697674418605
cmc,22,mags_binary_excluded,0.05,0.0,0.5038759689922481,0.3032128962245692,1.0
cmc,22,matched_gini_unrestricted,0.05,0.0,0.5038759689922481,0.3032128962245692,1.0
cmc,22,mags_fixed_unrestricted,0.05,0.0,0.5717054263565892,0.42449805331439683,0.7790697674418605
cmc,22,cart_fixed,0.05,0.0,0.5038759689922481,0.3032129045210843,1.0
cmc,22,mags_tuned,0.05,0.0,0.5426356589147286,0.21201680866307174,0.9922480620155039
cmc,22,cart_tuned_depth,0.05,0.0,0.5755813953488372,0.21201681840685804,1.0
cmc,22,cart_pruned,0.05,0.0,0.5387596899224806,0.2120168095071663,1.0
cmc,22,noise_augmented_cart,0.05,0.005813953488372093,0.5406976744186046,0.3165216812086225,1.0
cmc,23,matched_gini,0.05,0.0,0.5465116279069767,0.42468201767974767,1.0
cmc,23,mags_fixed,0.05,0.0,0.5135658914728682,0.3033442988426769,0.9922480620155039
cmc,23,mags_binary_excluded,0.05,0.0,0.5329457364341085,0.30334429834267695,1.0
cmc,23,matched_gini_unrestricted,0.05,0.0,0.5465116279069767,0.42468201767974767,1.0
cmc,23,mags_fixed_unrestricted,0.05,0.0,0.5135658914728682,0.3033442988426769,0.9922480620155039
cmc,23,cart_fixed,0.05,0.0,0.5465116279069767,0.4246819969391906,1.0
cmc,23,mags_tuned,0.05,0.0,0.5116279069767442,0.4246820176797476,1.0
cmc,23,cart_tuned_depth,0.05,0.0,0.5135658914728682,0.3033443041261299,1.0
cmc,23,cart_pruned,0.05,0.0,0.5193798449612403,0.3033442776021198,1.0
cmc,23,noise_augmented_cart,0.05,0.09108527131782945,0.5232558139534884,0.3745223724563715,1.0
cmc,24,matched_gini,0.05,0.001937984496124031,0.5213178294573644,0.30205430834292857,1.0
cmc,24,mags_fixed,0.05,0.001937984496124031,0.5348837209302325,0.3020543083429285,0.9748062015503876
cmc,24,mags_binary_excluded,0.05,0.001937984496124031,0.5213178294573644,0.30205430834292857,1.0
cmc,24,matched_gini_unrestricted,0.05,0.001937984496124031,0.5213178294573644,0.30205430834292857,1.0
cmc,24,mags_fixed_unrestricted,0.05,0.001937984496124031,0.5348837209302325,0.3020543083429285,0.9748062015503876
cmc,24,cart_fixed,0.05,0.0,0.5213178294573644,0.30205435494305627,1.0
cmc,24,mags_tuned,0.05,0.001937984496124031,0.5232558139534884,0.21074367612605385,1.0
cmc,24,cart_tuned_depth,0.05,0.0,0.48255813953488375,0.21074366270115422,1.0
cmc,24,cart_pruned,0.05,0.0,0.5310077519379846,0.4228760089940726,1.0
cmc,24,noise_augmented_cart,0.05,0.07945736434108527,0.5232558139534884,0.4063707784856582,1.0
cmc,25,matched_gini,0.05,0.0,0.5387596899224806,0.30351438162477795,1.0
cmc,25,mags_fixed,0.05,0.0,0.5348837209302325,0.30351438162477795,1.0
cmc,25,mags_binary_excluded,0.05,0.0,0.5387596899224806,0.30351438162477795,1.0
cmc,25,matched_gini_unrestricted,0.05,0.0,0.5387596899224806,0.30351438162477795,1.0
cmc,25,mags_fixed_unrestricted,0.05,0.0,0.5348837209302325,0.30351438162477795,1.0
cmc,25,cart_fixed,0.05,0.0,0.5387596899224806,0.30351438852560797,1.0
cmc,25,mags_tuned,0.05,0.0,0.5406976744186046,0.30351438162477795,1.0
cmc,25,cart_tuned_depth,0.05,0.0,0.5387596899224806,0.4249201386349429,1.0
cmc,25,cart_pruned,0.05,0.0,0.5406976744186046,0.3642172476971445,1.0
cmc,25,noise_augmented_cart,0.05,0.03682170542635659,0.5310077519379846,0.39703813460404486,1.0
cmc,26,matched_gini,0.05,0.0,0.5329457364341085,0.2976188160539843,1.0
cmc,26,mags_fixed,0.05,0.003875968992248062,0.5193798449612403,0.2976188160539843,1.0
cmc,26,mags_binary_excluded,0.05,0.0,0.5271317829457365,0.2976188160539843,1.0
cmc,26,matched_gini_unrestricted,0.05,0.0,0.5329457364341085,0.2976188160539843,1.0
cmc,26,mags_fixed_unrestricted,0.05,0.003875968992248062,0.5193798449612403,0.2976188160539843,1.0
cmc,26,cart_fixed,0.05,0.0,0.5329457364341085,0.29761880250559575,1.0
cmc,26,mags_tuned,0.05,0.0,0.5329457364341085,0.2976188160539843,1.0
cmc,26,cart_tuned_depth,0.05,0.0,0.5077519379844961,0.2043746355405156,1.0
cmc,26,cart_pruned,0.05,0.0,0.4941860465116279,0.20437463240354847,1.0
cmc,26,noise_augmented_cart,0.05,0.031007751937984496,0.5426356589147286,0.2706967693313254,0.9748062015503876
cmc,27,matched_gini,0.05,0.0,0.5329457364341085,0.3009630358807733,1.0
cmc,27,mags_fixed,0.05,0.0,0.5290697674418605,0.3009630358807733,0.9670542635658915
cmc,27,mags_binary_excluded,0.05,0.0,0.5329457364341085,0.3009630358807733,1.0
cmc,27,matched_gini_unrestricted,0.05,0.0,0.5329457364341085,0.3009630358807733,1.0
cmc,27,mags_fixed_unrestricted,0.05,0.0,0.5290697674418605,0.3009630358807733,0.9670542635658915
cmc,27,cart_fixed,0.05,0.0,0.5329457364341085,0.3009630517680199,1.0
cmc,27,mags_tuned,0.05,0.0,0.4806201550387597,0.20875056147217366,1.0
cmc,27,cart_tuned_depth,0.05,0.0,0.5271317829457365,0.5417334468981452,1.0
cmc,27,cart_pruned,0.05,0.0,0.5348837209302325,0.3009630517680199,1.0
cmc,27,noise_augmented_cart,0.05,0.025193798449612403,0.5213178294573644,0.38149141461940755,1.0
cmc,28,matched_gini,0.05,0.0,0.5542635658914729,0.3027735120581099,1.0
cmc,28,mags_fixed,0.05,0.0,0.5542635658914729,0.3027735120581099,1.0
cmc,28,mags_binary_excluded,0.05,0.0,0.5542635658914729,0.3027735120581099,1.0
cmc,28,matched_gini_unrestricted,0.05,0.0,0.5542635658914729,0.3027735120581099,1.0
cmc,28,mags_fixed_unrestricted,0.05,0.0,0.5542635658914729,0.3027735120581099,1.0
cmc,28,cart_fixed,0.05,0.0,0.5542635658914729,0.30277350078930576,1.0
cmc,28,mags_tuned,0.05,0.0,0.5484496124031008,0.30277351205810993,1.0
cmc,28,cart_tuned_depth,0.05,0.0,0.5406976744186046,0.4844376181929758,1.0
cmc,28,cart_pruned,0.05,0.0,0.5484496124031008,0.30277352992173584,1.0
cmc,28,noise_augmented_cart,0.05,0.003875968992248062,0.560077519379845,0.42816996928801965,1.0
cmc,29,matched_gini,0.05,0.0,0.560077519379845,0.30746295207162955,0.9825581395348837
cmc,29,mags_fixed,0.05,0.0,0.5387596899224806,0.30746295207162955,0.9825581395348837
cmc,29,mags_binary_excluded,0.05,0.0,0.560077519379845,0.30746295207162955,0.9825581395348837
cmc,29,matched_gini_unrestricted,0.05,0.0,0.560077519379845,0.30746295207162955,0.9825581395348837
cmc,29,mags_fixed_unrestricted,0.05,0.0,0.5387596899224806,0.30746295207162955,0.9825581395348837
cmc,29,cart_fixed,0.05,0.0,0.560077519379845,0.3074629489558474,0.9825581395348837
cmc,29,mags_tuned,0.05,0.0,0.5426356589147286,0.30746295207162955,0.9825581395348837
cmc,29,cart_tuned_depth,0.05,0.0,0.560077519379845,0.3074629489558474,0.9825581395348837
cmc,29,cart_pruned,0.05,0.0,0.4806201550387597,0.22178672015394868,1.0
cmc,29,noise_augmented_cart,0.05,0.023255813953488372,0.5155038759689923,0.2390070411848466,1.0
compas,0,matched_gini,0.05,0.08158415841584159,0.6677227722772278,0.3139402991933455,1.0
compas,0,mags_fixed,0.05,0.07128712871287128,0.662970297029703,0.45901601714701684,1.0
compas,0,mags_binary_excluded,0.05,0.08158415841584159,0.6677227722772278,0.3139402991933455,1.0
compas,0,matched_gini_unrestricted,0.05,0.08633663366336633,0.6633663366336634,0.3139402991933455,1.0
compas,0,mags_fixed_unrestricted,0.05,0.07128712871287128,0.662970297029703,0.45901601714701684,1.0
compas,0,cart_fixed,0.05,0.037227722772277226,0.6625742574257426,0.31394030896465125,1.0
compas,0,mags_tuned,0.05,0.03207920792079208,0.6633663366336634,0.5232338313222423,0.9837623762376237
compas,0,cart_tuned_depth,0.05,0.03287128712871287,0.6411881188118812,0.3139403020508766,1.0
compas,0,cart_pruned,0.05,0.041584158415841586,0.666930693069307,0.3139403020508766,1.0
compas,0,noise_augmented_cart,0.05,0.024554455445544555,0.6570297029702971,0.19763649219831683,1.0
compas,1,matched_gini,0.05,0.0899009900990099,0.6645544554455446,0.3019042207323036,1.0
compas,1,mags_fixed,0.05,0.07366336633663366,0.6673267326732674,0.5031736995538392,1.0
compas,1,mags_binary_excluded,0.05,0.10336633663366336,0.6637623762376238,0.3019042207323035,1.0
compas,1,matched_gini_unrestricted,0.05,0.09108910891089109,0.6681188118811882,0.30190422073230355,1.0
compas,1,mags_fixed_unrestricted,0.05,0.06693069306930693,0.6768316831683169,0.46165421589512357,1.0
compas,1,cart_fixed,0.05,0.0502970297029703,0.6681188118811882,0.377717087176491,1.0
compas,1,mags_tuned,0.05,0.08356435643564357,0.660990099009901,0.3019042207323036,1.0
compas,1,cart_tuned_depth,0.05,0.03564356435643564,0.6661386138613862,0.3019042209263085,1.0
compas,1,cart_pruned,0.05,0.03801980198019802,0.6752475247524753,0.30190422314202453,1.0
compas,1,noise_augmented_cart,0.05,0.04673267326732673,0.6677227722772278,0.3422070625214798,1.0
compas,2,matched_gini,0.05,0.07445544554455445,0.6566336633663367,0.3128457634905824,1.0
compas,2,mags_fixed,0.05,0.07801980198019802,0.6574257425742575,0.3810343972774292,1.0
compas,2,mags_binary_excluded,0.05,0.07445544554455445,0.6566336633663367,0.3128457634905824,1.0
compas,2,matched_gini_unrestricted,0.05,0.08237623762376238,0.6479207920792079,0.3810343962774294,1.0
compas,2,mags_fixed_unrestricted,0.05,0.07128712871287128,0.6601980198019802,0.46570870656130237,1.0
compas,2,cart_fixed,0.05,0.03762376237623762,0.6633663366336634,0.31284576477336085,1.0
compas,2,mags_tuned,0.05,0.05306930693069307,0.6617821782178218,0.5214096041509704,1.0
compas,2,cart_tuned_depth,0.05,0.033663366336633666,0.6502970297029703,0.31284576477336085,1.0
compas,2,cart_pruned,0.05,0.04118811881188119,0.666930693069307,0.3810344086562705,1.0
compas,2,noise_augmented_cart,0.05,0.048712871287128715,0.6594059405940594,0.4107370023600975,1.0
compas,3,matched_gini,0.05,0.0895049504950495,0.6748514851485149,0.30562317664805716,1.0
compas,3,mags_fixed,0.05,0.03128712871287129,0.6641584158415842,0.5093719604134285,1.0
compas,3,mags_binary_excluded,0.05,0.0895049504950495,0.6748514851485149,0.30562317664805716,1.0
compas,3,matched_gini_unrestricted,0.05,0.09227722772277228,0.6748514851485149,0.30562317664805716,1.0
compas,3,mags_fixed_unrestricted,0.05,0.03128712871287129,0.6641584158415842,0.5093719604134285,1.0
compas,3,cart_fixed,0.05,0.05465346534653465,0.6685148514851486,0.3056231825528662,1.0
compas,3,mags_tuned,0.05,0.03128712871287129,0.6641584158415842,0.5093719604134285,1.0
compas,3,cart_tuned_depth,0.05,0.05465346534653465,0.6685148514851486,0.3056231825528662,1.0
compas,3,cart_pruned,0.05,0.0403960396039604,0.6704950495049505,0.37745964485102845,1.0
compas,3,noise_augmented_cart,0.05,0.10811881188118812,0.6613861386138614,0.31072307721413844,1.0
compas,5,matched_gini,0.05,0.09267326732673267,0.6617821782178218,0.3020079283611023,1.0
compas,5,mags_fixed,0.05,0.05465346534653465,0.6621782178217822,0.5033465466018369,1.0
compas,5,mags_binary_excluded,0.05,0.09386138613861386,0.6613861386138614,0.3020079283611023,1.0
compas,5,matched_gini_unrestricted,0.05,0.08712871287128712,0.6704950495049505,0.3727077891116643,1.0
compas,5,mags_fixed_unrestricted,0.05,0.05465346534653465,0.6621782178217822,0.5033465466018369,1.0
compas,5,cart_fixed,0.05,0.03683168316831683,0.6645544554455446,0.30200796048689765,1.0
compas,5,mags_tuned,0.05,0.0594059405940594,0.6641584158415842,0.5033465456018369,1.0
compas,5,cart_tuned_depth,0.05,0.04792079207920792,0.6550495049504951,0.30200796048689765,1.0
compas,5,cart_pruned,0.05,0.0403960396039604,0.6621782178217822,0.37270778837455176,1.0
compas,5,noise_augmented_cart,0.05,0.04831683168316832,0.6661386138613862,0.21929142060897835,1.0
compas,4,matched_gini,0.05,0.05623762376237624,0.6732673267326733,0.3010798410599594,1.0
compas,4,mags_fixed,0.05,0.08316831683168317,0.6918811881188118,0.5017997334332657,1.0
compas,4,mags_binary_excluded,0.05,0.0598019801980198,0.6760396039603961,0.3010798410599594,1.0
compas,4,matched_gini_unrestricted,0.05,0.09346534653465347,0.6843564356435644,0.3803803921452297,1.0
compas,4,mags_fixed_unrestricted,0.05,0.08316831683168317,0.6918811881188118,0.5017997334332657,1.0
compas,4,cart_fixed,0.05,0.02574257425742574,0.6784158415841585,0.3010798452022773,1.0
compas,4,mags_tuned,0.05,0.06455445544554456,0.6780198019801981,0.3010798410599594,1.0
compas,4,cart_tuned_depth,0.05,0.030495049504950494,0.6851485148514852,0.3010798359176415,1.0
compas,4,cart_pruned,0.05,0.024950495049504952,0.6815841584158416,0.3010798485329296,1.0
compas,4,noise_augmented_cart,0.05,0.07485148514851485,0.6831683168316832,0.3154437785568935,1.0
compas,6,matched_gini,0.05,0.08158415841584159,0.6677227722772278,0.30650656306973834,1.0
compas,6,mags_fixed,0.05,0.06970297029702971,0.6681188118811882,0.5108442701162306,1.0
compas,6,mags_binary_excluded,0.05,0.08633663366336633,0.6641584158415842,0.30650656306973834,1.0
compas,6,matched_gini_unrestricted,0.05,0.08158415841584159,0.6712871287128713,0.3065065630697383,1.0
compas,6,mags_fixed_unrestricted,0.05,0.06732673267326733,0.6665346534653466,0.5108442701162306,1.0
compas,6,cart_fixed,0.05,0.040792079207920794,0.6744554455445545,0.37745490079511235,1.0
compas,6,mags_tuned,0.05,0.0,0.6601980198019802,0.5108442711162304,0.8277227722772277
compas,6,cart_tuned_depth,0.05,0.050693069306930696,0.668910891089109,0.30650656367409984,1.0
compas,6,cart_pruned,0.05,0.035247524752475244,0.6744554455445545,0.3774549066048541,1.0
compas,6,noise_augmented_cart,0.05,0.10455445544554455,0.6578217821782179,0.30886405021741986,1.0
compas,7,matched_gini,0.05,0.09465346534653465,0.6653465346534654,0.30196172431594875,1.0
compas,7,mags_fixed,0.05,0.07564356435643564,0.6625742574257426,0.5032695388599144,1.0
compas,7,mags_binary_excluded,0.05,0.09584158415841584,0.6665346534653466,0.30196172431594875,1.0
compas,7,matched_gini_unrestricted,0.05,0.09108910891089109,0.6605940594059406,0.30196172431594875,1.0
compas,7,mags_fixed_unrestricted,0.05,0.07564356435643564,0.6625742574257426,0.5032695388599144,1.0
compas,7,cart_fixed,0.05,0.04910891089108911,0.6657425742574258,0.30196172391253057,1.0
compas,7,mags_tuned,0.05,0.0807920792079208,0.6613861386138614,0.30196172431594875,1.0
compas,7,cart_tuned_depth,0.05,0.04910891089108911,0.6764356435643565,0.3019617286135055,1.0
compas,7,cart_pruned,0.05,0.043168316831683165,0.6693069306930693,0.3019617286135055,1.0
compas,7,noise_augmented_cart,0.05,0.031683168316831684,0.664950495049505,0.33810210620241704,1.0
compas,9,matched_gini,0.05,0.08871287128712871,0.6506930693069307,0.30196422775806414,1.0
compas,9,mags_fixed,0.05,0.06495049504950495,0.6479207920792079,0.5032737112634401,1.0
compas,9,mags_binary_excluded,0.05,0.08871287128712871,0.6506930693069307,0.30196422775806414,1.0
compas,9,matched_gini_unrestricted,0.05,0.0796039603960396,0.6582178217821782,0.30196422775806414,1.0
compas,9,mags_fixed_unrestricted,0.05,0.06495049504950495,0.6479207920792079,0.5032737112634401,1.0
compas,9,cart_fixed,0.05,0.04831683168316832,0.6594059405940594,0.30196424291115626,1.0
compas,9,mags_tuned,0.05,0.07762376237623762,0.6510891089108911,0.30196422775806403,1.0
compas,9,cart_tuned_depth,0.05,0.04198019801980198,0.6542574257425743,0.3833981090321005,1.0
compas,9,cart_pruned,0.05,0.04673267326732673,0.6574257425742575,0.30196424291115626,1.0
compas,9,noise_augmented_cart,0.05,0.04554455445544554,0.6542574257425743,0.30690100033292717,1.0
compas,10,matched_gini,0.05,0.07405940594059406,0.6530693069306931,0.3089355402947535,1.0
compas,10,mags_fixed,0.05,0.05465346534653465,0.6546534653465347,0.5148925654912557,1.0
compas,10,mags_binary_excluded,0.05,0.07366336633663366,0.6534653465346535,0.3089355402947535,1.0
compas,10,matched_gini_unrestricted,0.05,0.07366336633663366,0.6598019801980198,0.3089355402947535,1.0
compas,10,mags_fixed_unrestricted,0.05,0.05465346534653465,0.6546534653465347,0.5148925654912557,1.0
compas,10,cart_fixed,0.05,0.040792079207920794,0.6598019801980198,0.3089355469538351,1.0
compas,10,mags_tuned,0.05,0.10376237623762376,0.6447524752475248,0.30893553929475337,1.0
compas,10,cart_tuned_depth,0.05,0.04594059405940594,0.6586138613861386,0.3089355348709974,1.0
compas,10,cart_pruned,0.05,0.03762376237623762,0.6661386138613862,0.37891521680483065,1.0
compas,10,noise_augmented_cart,0.05,0.06891089108910892,0.6621782178217822,0.32025859571136567,1.0
compas,8,matched_gini,0.05,0.08673267326732673,0.6792079207920793,0.3111010113384221,1.0
compas,8,mags_fixed,0.05,0.07683168316831683,0.6704950495049505,0.3111010113384221,1.0
compas,8,mags_binary_excluded,0.05,0.08871287128712871,0.6776237623762377,0.3111010113384221,1.0
compas,8,matched_gini_unrestricted,0.05,0.08396039603960397,0.6768316831683169,0.3111010113384221,1.0
compas,8,mags_fixed_unrestricted,0.05,0.08316831683168317,0.6697029702970297,0.3111010113384221,1.0
compas,8,cart_fixed,0.05,0.06970297029702971,0.6815841584158416,0.31110102395552336,1.0
compas,8,mags_tuned,0.05,0.08673267326732673,0.6720792079207921,0.3111010113384221,1.0
compas,8,cart_tuned_depth,0.05,0.07247524752475247,0.6613861386138614,0.31110101135844165,1.0
compas,8,cart_pruned,0.05,0.07445544554455445,0.6677227722772278,0.31110102395552336,1.0
compas,8,noise_augmented_cart,0.05,0.05861386138613861,0.6700990099009901,0.3636295680603468,1.0
compas,11,matched_gini,0.05,0.09663366336633664,0.6582178217821782,0.30730061451090795,1.0
compas,11,mags_fixed,0.05,0.0598019801980198,0.6697029702970297,0.5121676891848466,1.0
compas,11,mags_binary_excluded,0.05,0.07366336633663366,0.6570297029702971,0.3807067428828531,1.0
compas,11,matched_gini_unrestricted,0.05,0.0899009900990099,0.6621782178217822,0.307300614510908,1.0
compas,11,mags_fixed_unrestricted,0.05,0.0598019801980198,0.6697029702970297,0.5121676891848466,1.0
compas,11,cart_fixed,0.05,0.044356435643564354,0.6526732673267327,0.3073006188892545,1.0
compas,11,mags_tuned,0.05,0.09663366336633664,0.6582178217821782,0.30730061451090795,1.0
compas,11,cart_tuned_depth,0.05,0.04594059405940594,0.6558415841584159,0.3073006374835065,1.0
compas,11,cart_pruned,0.05,0.04594059405940594,0.6558415841584159,0.3073006374835065,1.0
compas,11,noise_augmented_cart,0.05,0.038415841584158415,0.6562376237623763,0.38915572595587283,1.0
compas,14,matched_gini,0.05,0.09069306930693069,0.6582178217821782,0.3049850791329158,1.0
compas,14,mags_fixed,0.05,0.05742574257425743,0.6693069306930693,0.4641627835940883,1.0
compas,14,mags_binary_excluded,0.05,0.09069306930693069,0.6582178217821782,0.3049850791329158,1.0
compas,14,matched_gini_unrestricted,0.05,0.12752475247524753,0.6574257425742575,0.30498507913291567,1.0
compas,14,mags_fixed_unrestricted,0.05,0.05742574257425743,0.6693069306930693,0.4641627835940883,1.0
compas,14,cart_fixed,0.05,0.04831683168316832,0.6562376237623763,0.30498508271545116,1.0
compas,14,mags_tuned,0.05,0.09069306930693069,0.6582178217821782,0.3049850791329158,1.0
compas,14,cart_tuned_depth,0.05,0.06930693069306931,0.6510891089108911,0.304985076452481,1.0
compas,14,cart_pruned,0.05,0.042772277227722776,0.6700990099009901,0.30498508691386167,1.0
compas,14,noise_augmented_cart,0.05,0.06732673267326733,0.6661386138613862,0.37962507736653034,1.0
compas,13,matched_gini,0.05,0.08712871287128712,0.6693069306930693,0.3081035872217856,1.0
compas,13,mags_fixed,0.05,0.06891089108910892,0.6724752475247525,0.463303644375595,1.0
compas,13,mags_binary_excluded,0.05,0.08712871287128712,0.6693069306930693,0.3081035872217856,1.0
compas,13,matched_gini_unrestricted,0.05,0.10455445544554455,0.6697029702970297,0.3081035862217855,1.0
compas,13,mags_fixed_unrestricted,0.05,0.06376237623762376,0.6665346534653466,0.5135059780363092,1.0
compas,13,cart_fixed,0.05,0.08198019801980198,0.6772277227722773,0.30810358186604886,1.0
compas,13,mags_tuned,0.05,0.0598019801980198,0.6693069306930693,0.3790666181254868,1.0
compas,13,cart_tuned_depth,0.05,0.08118811881188119,0.6736633663366337,0.3081035600403137,1.0
compas,13,cart_pruned,0.05,0.05623762376237624,0.68,0.30810358767084506,1.0
compas,13,noise_augmented_cart,0.05,0.027326732673267327,0.6637623762376238,0.29087183618870527,1.0
compas,12,matched_gini,0.05,0.10178217821782178,0.6752475247524753,0.303096543053841,1.0
compas,12,mags_fixed,0.05,0.03762376237623762,0.6776237623762377,0.4639751147329696,1.0
compas,12,mags_binary_excluded,0.05,0.10178217821782178,0.6752475247524753,0.303096543053841,1.0
compas,12,matched_gini_unrestricted,0.05,0.06653465346534654,0.683960396039604,0.30309654305384104,1.0
compas,12,mags_fixed_unrestricted,0.05,0.03089108910891089,0.6823762376237624,0.5051609034230682,1.0
compas,12,cart_fixed,0.05,0.06534653465346535,0.6835643564356436,0.30309655079203746,1.0
compas,12,mags_tuned,0.05,0.024554455445544555,0.6617821782178218,0.5051609034230682,1.0
compas,12,cart_tuned_depth,0.05,0.03920792079207921,0.6625742574257426,0.3030965469046671,1.0
compas,12,cart_pruned,0.05,0.035247524752475244,0.6879207920792079,0.3796160075808434,1.0
compas,12,noise_augmented_cart,0.05,0.02178217821782178,0.662970297029703,0.2740854376928384,1.0
compas,15,matched_gini,0.05,0.09623762376237624,0.6756435643564357,0.3106627559021176,1.0
compas,15,mags_fixed,0.05,0.0598019801980198,0.6792079207920793,0.46478077858243566,1.0
compas,15,mags_binary_excluded,0.05,0.09623762376237624,0.6756435643564357,0.3106627559021176,1.0
compas,15,matched_gini_unrestricted,0.05,0.11287128712871287,0.6732673267326733,0.3106627559021176,1.0
compas,15,mags_fixed_unrestricted,0.05,0.0598019801980198,0.6792079207920793,0.46478077858243566,1.0
compas,15,cart_fixed,0.05,0.06455445544554456,0.6704950495049505,0.31066275370689417,1.0
compas,15,mags_tuned,0.05,0.10336633663366336,0.6716831683168317,0.3106627559021176,1.0
compas,15,cart_tuned_depth,0.05,0.049900990099009904,0.6776237623762377,0.3802751801368595,1.0
compas,15,cart_pruned,0.05,0.05504950495049505,0.6740594059405941,0.3802751678671865,1.0
compas,15,noise_augmented_cart,0.05,0.041584158415841586,0.6562376237623763,0.2717868580940429,1.0
compas,18,matched_gini,0.05,0.08316831683168317,0.6562376237623763,0.30643649812409196,1.0
compas,18,mags_fixed,0.05,0.06217821782178218,0.6617821782178218,0.464225112060909,1.0
compas,18,mags_binary_excluded,0.05,0.0891089108910891,0.6617821782178218,0.30643649812409196,1.0
compas,18,matched_gini_unrestricted,0.05,0.08673267326732673,0.662970297029703,0.30643649812409185,1.0
compas,18,mags_fixed_unrestricted,0.05,0.06217821782178218,0.6617821782178218,0.464225112060909,1.0
compas,18,cart_fixed,0.05,0.04831683168316832,0.6625742574257426,0.30643649944259577,1.0
compas,18,mags_tuned,0.05,0.0,0.6550495049504951,0.5107274962068198,0.8253465346534653
compas,18,cart_tuned_depth,0.05,0.038415841584158415,0.6328712871287129,0.3064364958055879,1.0
compas,18,cart_pruned,0.05,0.04831683168316832,0.6601980198019802,0.30643653516524383,1.0
compas,18,noise_augmented_cart,0.05,0.07405940594059406,0.6582178217821782,0.40626159864148154,1.0
compas,16,matched_gini,0.05,0.0899009900990099,0.6677227722772278,0.30605291555507325,1.0
compas,16,mags_fixed,0.05,0.07841584158415842,0.6665346534653466,0.30605291555507325,1.0
compas,16,mags_binary_excluded,0.05,0.08752475247524752,0.6665346534653466,0.30605291555507325,1.0
compas,16,matched_gini_unrestricted,0.05,0.08871287128712871,0.6665346534653466,0.30605291555507325,1.0
compas,16,mags_fixed_unrestricted,0.05,0.07722772277227723,0.6653465346534654,0.30605291555507325,1.0
compas,16,cart_fixed,0.05,0.05267326732673267,0.6780198019801981,0.306052904882331,1.0
compas,16,mags_tuned,0.05,0.09980198019801981,0.6633663366336634,0.30605291555507325,1.0
compas,16,cart_tuned_depth,0.05,0.055445544554455446,0.6784158415841585,0.30605291809787255,1.0
compas,16,cart_pruned,0.05,0.04831683168316832,0.6788118811881189,0.30605291809787255,1.0
compas,16,noise_augmented_cart,0.05,0.014653465346534653,0.6792079207920793,0.27288213030328284,1.0
compas,17,matched_gini,0.05,0.08514851485148515,0.6764356435643565,0.37733585675076414,1.0
compas,17,mags_fixed,0.05,0.06574257425742575,0.6780198019801981,0.5204206832532259,1.0
compas,17,mags_binary_excluded,0.05,0.08316831683168317,0.6780198019801981,0.37733585675076414,1.0
compas,17,matched_gini_unrestricted,0.05,0.11247524752475248,0.6768316831683169,0.31225241035193557,1.0
compas,17,mags_fixed_unrestricted,0.05,0.06574257425742575,0.6780198019801981,0.5204206832532259,1.0
compas,17,cart_fixed,0.05,0.027722772277227723,0.6728712871287129,0.31225241258145536,1.0
compas,17,mags_tuned,0.05,0.06811881188118812,0.6807920792079208,0.5204206832532259,1.0
compas,17,cart_tuned_depth,0.05,0.03762376237623762,0.6835643564356436,0.31225240545841176,1.0
compas,17,cart_pruned,0.05,0.03762376237623762,0.6827722772277228,0.31225240545841176,1.0
compas,17,noise_augmented_cart,0.05,0.06534653465346535,0.6697029702970297,0.2430542969336758,1.0
compas,19,matched_gini,0.05,0.09782178217821783,0.6760396039603961,0.315714804305972,1.0
compas,19,mags_fixed,0.05,0.06534653465346535,0.6748514851485149,0.4687293364956499,1.0
compas,19,mags_binary_excluded,0.05,0.08831683168316831,0.6752475247524753,0.315714804305972,1.0
compas,19,matched_gini_unrestricted,0.05,0.08792079207920792,0.6697029702970297,0.315714804305972,1.0
compas,19,mags_fixed_unrestricted,0.05,0.06534653465346535,0.6748514851485149,0.4687293364956499,1.0
compas,19,cart_fixed,0.05,0.05742574257425743,0.6772277227722773,0.31571480733840757,1.0
compas,19,mags_tuned,0.05,0.07326732673267326,0.6776237623762377,0.3835058199509864,1.0
compas,19,cart_tuned_depth,0.05,0.05742574257425743,0.6772277227722773,0.31571480733840757,1.0
compas,19,cart_pruned,0.05,0.033663366336633666,0.6740594059405941,0.38350582097822244,1.0
compas,19,noise_augmented_cart,0.05,0.0807920792079208,0.6740594059405941,0.23992881319439285,1.0
compas,21,matched_gini,0.05,0.07207920792079207,0.6855445544554456,0.3117568236964634,1.0
compas,21,mags_fixed,0.05,0.07247524752475247,0.68,0.461060190668281,1.0
compas,21,mags_binary_excluded,0.05,0.07207920792079207,0.6855445544554456,0.3117568236964634,1.0
compas,21,matched_gini_unrestricted,0.05,0.07564356435643564,0.6831683168316832,0.37723106427404807,1.0
compas,21,mags_fixed_unrestricted,0.05,0.07405940594059406,0.6784158415841585,0.3772310652740481,1.0
compas,21,cart_fixed,0.05,0.041584158415841586,0.6867326732673268,0.31175682799285487,1.0
compas,21,mags_tuned,0.05,0.0,0.6784158415841585,0.5195947054941056,0.8213861386138613
compas,21,cart_tuned_depth,0.05,0.03564356435643564,0.6823762376237624,0.46106018997178166,1.0
compas,21,cart_pruned,0.05,0.04237623762376238,0.683960396039604,0.3772310645775488,1.0
compas,21,noise_augmented_cart,0.05,0.04910891089108911,0.6792079207920793,0.3717628408556855,1.0
compas,20,matched_gini,0.05,0.08871287128712871,0.6693069306930693,0.3075159994190347,1.0
compas,20,mags_fixed,0.05,0.08316831683168317,0.6681188118811882,0.381867308775792,1.0
compas,20,mags_binary_excluded,0.05,0.08871287128712871,0.6693069306930693,0.3075159994190347,1.0
compas,20,matched_gini_unrestricted,0.05,0.09267326732673267,0.6803960396039604,0.3075159994190347,1.0
compas,20,mags_fixed_unrestricted,0.05,0.08316831683168317,0.668910891089109,0.381867308775792,1.0
compas,20,cart_fixed,0.05,0.06811881188118812,0.6673267326732674,0.30751600114495437,1.0
compas,20,mags_tuned,0.05,0.023762376237623763,0.6732673267326733,0.5125266650317245,1.0
compas,20,cart_tuned_depth,0.05,0.06891089108910892,0.6700990099009901,0.3075159966931151,1.0
compas,20,cart_pruned,0.05,0.06336633663366337,0.6697029702970297,0.3075160238172914,1.0
compas,20,noise_augmented_cart,0.05,0.06217821782178218,0.6677227722772278,0.3991307449357959,1.0
compas,22,matched_gini,0.05,0.07445544554455445,0.6708910891089109,0.30055273306947655,1.0
compas,22,mags_fixed,0.05,0.07366336633663366,0.6657425742574258,0.4634051413116321,1.0
compas,22,mags_binary_excluded,0.05,0.07445544554455445,0.6708910891089109,0.30055273306947655,1.0
compas,22,matched_gini_unrestricted,0.05,0.0803960396039604,0.6637623762376238,0.30055273306947655,1.0
compas,22,mags_fixed_unrestricted,0.05,0.07247524752475247,0.662970297029703,0.46340514131163196,1.0
compas,22,cart_fixed,0.05,0.033663366336633666,0.6788118811881189,0.30055273336977895,1.0
compas,22,mags_tuned,0.05,0.06653465346534654,0.6562376237623763,0.5009212211157942,1.0
compas,22,cart_tuned_depth,0.05,0.02415841584158416,0.6534653465346535,0.30055273571584945,1.0
compas,22,cart_pruned,0.05,0.03445544554455446,0.68,0.3005527414649267,1.0
compas,22,noise_augmented_cart,0.05,0.028910891089108912,0.6851485148514852,0.34384288886163955,1.0
compas,23,matched_gini,0.05,0.08712871287128712,0.6788118811881189,0.3131010475408179,1.0
compas,23,mags_fixed,0.05,0.06297029702970297,0.6792079207920793,0.5218350785680297,1.0
compas,23,mags_binary_excluded,0.05,0.08792079207920792,0.6780198019801981,0.3131010475408179,1.0
compas,23,matched_gini_unrestricted,0.05,0.08712871287128712,0.6788118811881189,0.3131010475408179,1.0
compas,23,mags_fixed_unrestricted,0.05,0.06297029702970297,0.6792079207920793,0.5218350785680297,1.0
compas,23,cart_fixed,0.05,0.03683168316831683,0.6807920792079208,0.31310104738192485,1.0
compas,23,mags_tuned,0.05,0.06297029702970297,0.6792079207920793,0.5218350785680297,1.0
compas,23,cart_tuned_depth,0.05,0.03762376237623762,0.6764356435643565,0.38055086026279916,1.0
compas,23,cart_pruned,0.05,0.03683168316831683,0.6827722772277228,0.38055089116990065,1.0
compas,23,noise_augmented_cart,0.05,0.04118811881188119,0.68,0.4159989006369096,1.0
compas,24,matched_gini,0.05,0.08752475247524752,0.6736633663366337,0.30822805298971584,1.0
compas,24,mags_fixed,0.05,0.08237623762376238,0.6653465346534654,0.3745814873288512,1.0
compas,24,mags_binary_excluded,0.05,0.08594059405940593,0.6776237623762377,0.30822805298971584,1.0
compas,24,matched_gini_unrestricted,0.05,0.08752475247524752,0.6736633663366337,0.30822805298971584,1.0
compas,24,mags_fixed_unrestricted,0.05,0.08237623762376238,0.6653465346534654,0.3745814873288512,1.0
compas,24,cart_fixed,0.05,0.04950495049504951,0.6697029702970297,0.30822805104165135,1.0
compas,24,mags_tuned,0.05,0.043168316831683165,0.6685148514851486,0.5137134209828597,1.0
compas,24,cart_tuned_depth,0.05,0.04950495049504951,0.6697029702970297,0.30822805104165135,1.0
compas,24,cart_pruned,0.05,0.031683168316831684,0.664950495049505,0.3745815157337423,1.0
compas,24,noise_augmented_cart,0.05,0.01702970297029703,0.6784158415841585,0.36505848532464197,1.0
compas,26,matched_gini,0.05,0.08831683168316831,0.666930693069307,0.31020344749142237,1.0
compas,26,mags_fixed,0.05,0.06257425742574257,0.6732673267326733,0.31020344749142237,1.0
compas,26,mags_binary_excluded,0.05,0.0891089108910891,0.6681188118811882,0.31020344749142237,1.0
compas,26,matched_gini_unrestricted,0.05,0.08831683168316831,0.666930693069307,0.31020344749142237,1.0
compas,26,mags_fixed_unrestricted,0.05,0.06297029702970297,0.6768316831683169,0.31020344749142237,1.0
compas,26,cart_fixed,0.05,0.047524752475247525,0.668910891089109,0.3102034675534239,1.0
compas,26,mags_tuned,0.05,0.08831683168316831,0.666930693069307,0.31020344749142237,1.0
compas,26,cart_tuned_depth,0.05,0.047524752475247525,0.668910891089109,0.3102034675534239,1.0
compas,26,cart_pruned,0.05,0.041584158415841586,0.6772277227722773,0.3102034675534239,1.0
compas,26,noise_augmented_cart,0.05,0.046336633663366336,0.6625742574257426,0.24234532318636748,1.0
compas,25,matched_gini,0.05,0.08435643564356436,0.6716831683168317,0.3122619301653102,1.0
compas,25,mags_fixed,0.05,0.05861386138613861,0.6677227722772278,0.378186981930379,1.0
compas,25,mags_binary_excluded,0.05,0.07445544554455445,0.6700990099009901,0.3122619301653102,1.0
compas,25,matched_gini_unrestricted,0.05,0.09980198019801981,0.68,0.3122619301653102,1.0
compas,25,mags_fixed_unrestricted,0.05,0.05861386138613861,0.6677227722772278,0.378186981930379,1.0
compas,25,cart_fixed,0.05,0.037227722772277226,0.6752475247524753,0.3122619291269527,1.0
compas,25,mags_tuned,0.05,0.05861386138613861,0.6677227722772278,0.378186981930379,1.0
compas,25,cart_tuned_depth,0.05,0.0297029702970297,0.6633663366336634,0.3122619302036675,1.0
compas,25,cart_pruned,0.05,0.027326732673267327,0.6736633663366337,0.3781869785852463,1.0
compas,25,noise_augmented_cart,0.05,0.07049504950495049,0.659009900990099,0.16757733841035813,1.0
compas,27,matched_gini,0.05,0.08475247524752476,0.6570297029702971,0.30808856903069787,1.0
compas,27,mags_fixed,0.05,0.06693069306930693,0.6530693069306931,0.4576972054762856,1.0
compas,27,mags_binary_excluded,0.05,0.08316831683168317,0.6538613861386139,0.30808856903069787,1.0
compas,27,matched_gini_unrestricted,0.05,0.0803960396039604,0.6518811881188119,0.30808856903069776,1.0
compas,27,mags_fixed_unrestricted,0.05,0.06693069306930693,0.6530693069306931,0.4576972054762856,1.0
compas,27,cart_fixed,0.05,0.042772277227722776,0.6566336633663367,0.30808857034784626,1.0
compas,27,mags_tuned,0.05,0.08158415841584159,0.6526732673267327,0.37447953093514275,1.0
compas,27,cart_tuned_depth,0.05,0.03564356435643564,0.6550495049504951,0.3080885747565425,1.0
compas,27,cart_pruned,0.05,0.04673267326732673,0.659009900990099,0.37447953505114523,1.0
compas,27,noise_augmented_cart,0.05,0.06376237623762376,0.6550495049504951,0.387180492048003,1.0
compas,28,matched_gini,0.05,0.08514851485148515,0.6673267326732674,0.3017597685954592,1.0
compas,28,mags_fixed,0.05,0.06455445544554456,0.6677227722772278,0.46622239793337655,1.0
compas,28,mags_binary_excluded,0.05,0.08514851485148515,0.6673267326732674,0.3017597685954592,1.0
compas,28,matched_gini_unrestricted,0.05,0.0700990099009901,0.6685148514851486,0.3017597685954592,1.0
compas,28,mags_fixed_unrestricted,0.05,0.06217821782178218,0.6673267326732674,0.4662223989333766,1.0
compas,28,cart_fixed,0.05,0.03920792079207921,0.6704950495049505,0.3017597647770875,1.0
compas,28,mags_tuned,0.05,0.08514851485148515,0.6673267326732674,0.3017597685954592,1.0
compas,28,cart_tuned_depth,0.05,0.03920792079207921,0.6704950495049505,0.3017597647770875,1.0
compas,28,cart_pruned,0.05,0.040792079207920794,0.6657425742574258,0.3017597714138309,1.0
compas,28,noise_augmented_cart,0.05,0.09742574257425743,0.666930693069307,0.2045262417344999,1.0
compas,29,matched_gini,0.05,0.08356435643564357,0.664950495049505,0.38027941806040955,1.0
compas,29,mags_fixed,0.05,0.052277227722772275,0.6704950495049505,0.5102315894302104,1.0
compas,29,mags_binary_excluded,0.05,0.08356435643564357,0.664950495049505,0.38027941806040955,1.0
compas,29,matched_gini_unrestricted,0.05,0.0807920792079208,0.6792079207920793,0.30613895405812624,1.0
compas,29,mags_fixed_unrestricted,0.05,0.05267326732673267,0.6704950495049505,0.5102315894302104,1.0
compas,29,cart_fixed,0.05,0.03643564356435643,0.6697029702970297,0.30613897544666585,1.0
compas,29,mags_tuned,0.05,0.018613861386138613,0.6637623762376238,0.5102315894302104,1.0
compas,29,cart_tuned_depth,0.05,0.04356435643564356,0.6502970297029703,0.3802794197735285,1.0
compas,29,cart_pruned,0.05,0.04831683168316832,0.6546534653465347,0.2957728824267709,1.0
compas,29,noise_augmented_cart,0.05,0.05742574257425743,0.6637623762376238,0.2859693350392998,1.0
covertype_3000,0,matched_gini,0.05,0.09428571428571429,0.6704761904761904,0.31548660773077675,1.0
covertype_3000,0,mags_fixed,0.05,0.0761904761904762,0.6895238095238095,0.371222148896167,1.0
covertype_3000,0,mags_binary_excluded,0.05,0.09428571428571429,0.6704761904761904,0.31548660773077675,1.0
covertype_3000,0,matched_gini_unrestricted,0.05,0.09523809523809523,0.68,0.3308937942216019,1.0
covertype_3000,0,mags_fixed_unrestricted,0.05,0.08095238095238096,0.6752380952380952,0.3839922716237453,1.0
covertype_3000,0,cart_fixed,0.05,0.06952380952380953,0.6771428571428572,0.3605561471765713,1.0
covertype_3000,0,mags_tuned,0.05,0.0761904761904762,0.7123809523809523,0.3902997303301342,1.0
covertype_3000,0,cart_tuned_depth,0.05,0.10380952380952381,0.6685714285714286,0.2614031902249893,1.0
covertype_3000,0,cart_pruned,0.05,0.12095238095238095,0.6542857142857142,0.2067571250401864,1.0
covertype_3000,0,noise_augmented_cart,0.05,0.054285714285714284,0.6847619047619048,0.31007826638396335,1.0
covertype_3000,1,matched_gini,0.05,0.08,0.6838095238095238,0.29500834096147577,1.0
covertype_3000,1,mags_fixed,0.05,0.058095238095238096,0.6914285714285714,0.38478980320359,1.0
covertype_3000,1,mags_binary_excluded,0.05,0.08,0.6838095238095238,0.29500834096147577,1.0
covertype_3000,1,matched_gini_unrestricted,0.05,0.07809523809523809,0.6514285714285715,0.2827682112639802,1.0
covertype_3000,1,mags_fixed_unrestricted,0.05,0.06952380952380953,0.6638095238095238,0.34113739814657473,1.0
covertype_3000,1,cart_fixed,0.05,0.05714285714285714,0.6657142857142857,0.2409063200674627,1.0
covertype_3000,1,mags_tuned,0.05,0.14285714285714285,0.6695238095238095,0.18111933998761442,1.0
covertype_3000,1,cart_tuned_depth,0.05,0.022857142857142857,0.68,0.4132334448434971,1.0
covertype_3000,1,cart_pruned,0.05,0.024761904761904763,0.6876190476190476,0.36074778858161605,1.0
covertype_3000,1,noise_augmented_cart,0.05,0.049523809523809526,0.679047619047619,0.30321691534721396,1.0
covertype_3000,3,matched_gini,0.05,0.0838095238095238,0.6695238095238095,0.3019587855051334,1.0
covertype_3000,3,mags_fixed,0.05,0.07142857142857142,0.6704761904761904,0.3555609361007192,1.0
covertype_3000,3,mags_binary_excluded,0.05,0.08857142857142856,0.6704761904761904,0.29481183152572193,1.0
covertype_3000,3,matched_gini_unrestricted,0.05,0.08,0.6819047619047619,0.28298277487236656,1.0
covertype_3000,3,mags_fixed_unrestricted,0.05,0.08285714285714285,0.6847619047619048,0.34010068450871034,1.0
covertype_3000,3,cart_fixed,0.05,0.06666666666666667,0.680952380952381,0.2733709603850627,1.0
covertype_3000,3,mags_tuned,0.05,0.07142857142857142,0.6638095238095238,0.3534307218254247,1.0
covertype_3000,3,cart_tuned_depth,0.05,0.09428571428571429,0.6933333333333334,0.19475446644461591,1.0
covertype_3000,3,cart_pruned,0.05,0.08952380952380952,0.6914285714285714,0.18255056663905755,1.0
covertype_3000,3,noise_augmented_cart,0.05,0.045714285714285714,0.700952380952381,0.31498657172183,1.0
covertype_3000,2,matched_gini,0.05,0.09142857142857143,0.6780952380952381,0.28949675540405717,1.0
covertype_3000,2,mags_fixed,0.05,0.08571428571428572,0.6885714285714286,0.3758918433939622,1.0
covertype_3000,2,mags_binary_excluded,0.05,0.08952380952380952,0.6771428571428572,0.2869995137552733,1.0
covertype_3000,2,matched_gini_unrestricted,0.05,0.1180952380952381,0.6838095238095238,0.26285936828053075,1.0
covertype_3000,2,mags_fixed_unrestricted,0.05,0.10857142857142857,0.6771428571428572,0.3337993135653783,1.0
covertype_3000,2,cart_fixed,0.05,0.05238095238095238,0.6657142857142857,0.2628593710157083,1.0
covertype_3000,2,mags_tuned,0.05,0.0761904761904762,0.6914285714285714,0.4524042176562876,1.0
covertype_3000,2,cart_tuned_depth,0.05,0.07714285714285714,0.659047619047619,0.19133301359994223,1.0
covertype_3000,2,cart_pruned,0.05,0.10380952380952381,0.6314285714285715,0.14868616062278117,1.0
covertype_3000,2,noise_augmented_cart,0.05,0.07523809523809524,0.6561904761904762,0.2743445287464461,1.0
covertype_3000,4,matched_gini,0.05,0.09333333333333334,0.7019047619047619,0.28764542969090123,1.0
covertype_3000,4,mags_fixed,0.05,0.09619047619047619,0.7066666666666667,0.3043587726714123,1.0
covertype_3000,4,mags_binary_excluded,0.05,0.09333333333333334,0.7019047619047619,0.28764542969090123,1.0
covertype_3000,4,matched_gini_unrestricted,0.05,0.07714285714285714,0.6971428571428572,0.2938029776047737,1.0
covertype_3000,4,mags_fixed_unrestricted,0.05,0.06761904761904762,0.7095238095238096,0.31315526847694475,1.0
covertype_3000,4,cart_fixed,0.05,0.06095238095238095,0.6838095238095238,0.2747047776648329,1.0
covertype_3000,4,mags_tuned,0.05,0.10857142857142857,0.6933333333333334,0.22870890494383586,1.0
covertype_3000,4,cart_tuned_depth,0.05,0.06095238095238095,0.6838095238095238,0.2747047776648329,1.0
covertype_3000,4,cart_pruned,0.05,0.05047619047619047,0.7047619047619048,0.2762099776119266,1.0
covertype_3000,4,noise_augmented_cart,0.05,0.05714285714285714,0.6866666666666666,0.28676578006034803,1.0
covertype_3000,5,matched_gini,0.05,0.11142857142857143,0.6695238095238095,0.2632061936329563,1.0
covertype_3000,5,mags_fixed,0.05,0.06190476190476191,0.6971428571428572,0.37024337863702506,1.0
covertype_3000,5,mags_binary_excluded,0.05,0.11047619047619048,0.6704761904761904,0.2632061936329563,1.0
covertype_3000,5,matched_gini_unrestricted,0.05,0.09904761904761905,0.6857142857142857,0.33339451116841123,1.0
covertype_3000,5,mags_fixed_unrestricted,0.05,0.07333333333333333,0.7047619047619048,0.4309166722978717,1.0
covertype_3000,5,cart_fixed,0.05,0.06,0.6857142857142857,0.2774778774218192,1.0
covertype_3000,5,mags_tuned,0.05,0.06190476190476191,0.6971428571428572,0.37024337863702506,1.0
covertype_3000,5,cart_tuned_depth,0.05,0.07333333333333333,0.6933333333333334,0.22990625516690813,1.0
covertype_3000,5,cart_pruned,0.05,0.04380952380952381,0.6838095238095238,0.2768460898741449,1.0
covertype_3000,5,noise_augmented_cart,0.05,0.04476190476190476,0.6952380952380952,0.31000618236760746,1.0
covertype_3000,6,matched_gini,0.05,0.08952380952380952,0.7133333333333334,0.29505851418484147,1.0
covertype_3000,6,mags_fixed,0.05,0.07523809523809524,0.7266666666666667,0.35462156045311866,1.0
covertype_3000,6,mags_binary_excluded,0.05,0.08952380952380952,0.7133333333333334,0.29505851418484147,1.0
covertype_3000,6,matched_gini_unrestricted,0.05,0.10761904761904761,0.7,0.2590434578927063,1.0
covertype_3000,6,mags_fixed_unrestricted,0.05,0.06952380952380953,0.719047619047619,0.3769885578036828,1.0
covertype_3000,6,cart_fixed,0.05,0.06190476190476191,0.6876190476190476,0.27688715247221973,1.0
covertype_3000,6,mags_tuned,0.05,0.05523809523809524,0.7276190476190476,0.47342424980391146,1.0
covertype_3000,6,cart_tuned_depth,0.05,0.06190476190476191,0.6876190476190476,0.27688715247221973,1.0
covertype_3000,6,cart_pruned,0.05,0.06571428571428571,0.6876190476190476,0.23403236691027118,1.0
covertype_3000,6,noise_augmented_cart,0.05,0.045714285714285714,0.7123809523809523,0.30178332833277655,1.0
covertype_3000,7,matched_gini,0.05,0.10476190476190476,0.6695238095238095,0.2371787860996024,1.0
covertype_3000,7,mags_fixed,0.05,0.05714285714285714,0.7,0.3892802570265044,1.0
covertype_3000,7,mags_binary_excluded,0.05,0.10476190476190476,0.6695238095238095,0.2371787860996024,1.0
covertype_3000,7,matched_gini_unrestricted,0.05,0.08666666666666667,0.7019047619047619,0.3289866999848321,1.0
covertype_3000,7,mags_fixed_unrestricted,0.05,0.06952380952380953,0.7047619047619048,0.36391554176351215,1.0
covertype_3000,7,cart_fixed,0.05,0.05142857142857143,0.6733333333333333,0.2806313880415144,1.0
covertype_3000,7,mags_tuned,0.05,0.06285714285714286,0.6971428571428572,0.3865471057749246,1.0
covertype_3000,7,cart_tuned_depth,0.05,0.06380952380952382,0.6666666666666666,0.2343504029011546,1.0
covertype_3000,7,cart_pruned,0.05,0.05904761904761905,0.6676190476190477,0.2333938795438962,1.0
covertype_3000,7,noise_augmented_cart,0.05,0.06,0.6980952380952381,0.3222475165531808,1.0
covertype_3000,8,matched_gini,0.05,0.14857142857142858,0.6971428571428572,0.2011637095895198,1.0
covertype_3000,8,mags_fixed,0.05,0.08190476190476191,0.7180952380952381,0.3675860666492789,1.0
covertype_3000,8,mags_binary_excluded,0.05,0.14761904761904762,0.6952380952380952,0.20280998252121224,1.0
covertype_3000,8,matched_gini_unrestricted,0.05,0.12380952380952381,0.6704761904761904,0.20684885362897376,1.0
covertype_3000,8,mags_fixed_unrestricted,0.05,0.07047619047619047,0.6942857142857143,0.32699803024338964,1.0
covertype_3000,8,cart_fixed,0.05,0.08,0.68,0.23540432530525035,1.0
covertype_3000,8,mags_tuned,0.05,0.09142857142857143,0.7114285714285714,0.2919091285719084,0.9952380952380953
covertype_3000,8,cart_tuned_depth,0.05,0.10285714285714286,0.6714285714285714,0.17130647646091848,1.0
covertype_3000,8,cart_pruned,0.05,0.058095238095238096,0.660952380952381,0.3406942754396143,1.0
covertype_3000,8,noise_augmented_cart,0.05,0.06761904761904762,0.699047619047619,0.27869095058832855,1.0
covertype_3000,9,matched_gini,0.05,0.08571428571428572,0.6885714285714286,0.2862066357261337,1.0
covertype_3000,9,mags_fixed,0.05,0.07809523809523809,0.6876190476190476,0.32631202303170664,1.0
covertype_3000,9,mags_binary_excluded,0.05,0.08476190476190476,0.6933333333333334,0.28620970511420907,1.0
covertype_3000,9,matched_gini_unrestricted,0.05,0.08571428571428572,0.6952380952380952,0.2990603422054847,1.0
covertype_3000,9,mags_fixed_unrestricted,0.05,0.05904761904761905,0.7133333333333334,0.38829307868577384,1.0
covertype_3000,9,cart_fixed,0.05,0.06190476190476191,0.680952380952381,0.26433097021300866,1.0
covertype_3000,9,mags_tuned,0.05,0.0838095238095238,0.6876190476190476,0.28275391431710606,1.0
covertype_3000,9,cart_tuned_depth,0.05,0.06190476190476191,0.680952380952381,0.26433097021300866,1.0
covertype_3000,9,cart_pruned,0.05,0.06571428571428571,0.680952380952381,0.2479242372418805,1.0
covertype_3000,9,noise_augmented_cart,0.05,0.04476190476190476,0.6847619047619048,0.2933714297008987,1.0
covertype_3000,10,matched_gini,0.05,0.07238095238095238,0.6961904761904761,0.34094187405924903,1.0
covertype_3000,10,mags_fixed,0.05,0.06,0.6876190476190476,0.3983636627060698,1.0
covertype_3000,10,mags_binary_excluded,0.05,0.07333333333333333,0.6942857142857143,0.3409418730592489,1.0
covertype_3000,10,matched_gini_unrestricted,0.05,0.08,0.6828571428571428,0.32987221837224107,1.0
covertype_3000,10,mags_fixed_unrestricted,0.05,0.06952380952380953,0.6857142857142857,0.3750360603651739,1.0
covertype_3000,10,cart_fixed,0.05,0.05333333333333334,0.6980952380952381,0.3176142732964577,1.0
covertype_3000,10,mags_tuned,0.05,0.07523809523809524,0.6952380952380952,0.3570917517567923,1.0
covertype_3000,10,cart_tuned_depth,0.05,0.05333333333333334,0.6980952380952381,0.3176142732964577,1.0
covertype_3000,10,cart_pruned,0.05,0.08571428571428572,0.6828571428571428,0.23532952107436614,1.0
covertype_3000,10,noise_augmented_cart,0.05,0.02761904761904762,0.6923809523809524,0.3253109034709671,1.0
covertype_3000,11,matched_gini,0.05,0.0761904761904762,0.6828571428571428,0.33875239159287396,1.0
covertype_3000,11,mags_fixed,0.05,0.07714285714285714,0.6971428571428572,0.36954806401040796,1.0
covertype_3000,11,mags_binary_excluded,0.05,0.08190476190476191,0.6828571428571428,0.3278833304160972,1.0
covertype_3000,11,matched_gini_unrestricted,0.05,0.07238095238095238,0.700952380952381,0.3496214527696507,1.0
covertype_3000,11,mags_fixed_unrestricted,0.05,0.07238095238095238,0.7085714285714285,0.37498259384879634,1.0
covertype_3000,11,cart_fixed,0.05,0.03619047619047619,0.6914285714285714,0.3600049523234887,1.0
covertype_3000,11,mags_tuned,0.05,0.09428571428571429,0.6904761904761905,0.3156121036170235,1.0
covertype_3000,11,cart_tuned_depth,0.05,0.04666666666666667,0.6723809523809524,0.29117665316858254,1.0
covertype_3000,11,cart_pruned,0.05,0.05142857142857143,0.66,0.2448923386138009,1.0
covertype_3000,11,noise_augmented_cart,0.05,0.0380952380952381,0.6923809523809524,0.32968906246842716,1.0
covertype_3000,12,matched_gini,0.05,0.10952380952380952,0.6771428571428572,0.26012925447835794,1.0
covertype_3000,12,mags_fixed,0.05,0.07428571428571429,0.6733333333333333,0.31144727047068715,1.0
covertype_3000,12,mags_binary_excluded,0.05,0.10666666666666667,0.6761904761904762,0.26064047554138337,1.0
covertype_3000,12,matched_gini_unrestricted,0.05,0.09523809523809523,0.6971428571428572,0.2849034680953445,1.0
covertype_3000,12,mags_fixed_unrestricted,0.05,0.07428571428571429,0.6761904761904762,0.36984363249644103,1.0
covertype_3000,12,cart_fixed,0.05,0.05142857142857143,0.680952380952381,0.3061384995721983,1.0
covertype_3000,12,mags_tuned,0.05,0.09428571428571429,0.6695238095238095,0.2827120183724157,1.0
covertype_3000,12,cart_tuned_depth,0.05,0.07047619047619047,0.68,0.23535502354993001,1.0
covertype_3000,12,cart_pruned,0.05,0.04857142857142857,0.6647619047619048,0.27074676657286323,1.0
covertype_3000,12,noise_augmented_cart,0.05,0.06761904761904762,0.6266666666666667,0.26698165239903593,1.0
covertype_3000,13,matched_gini,0.05,0.10380952380952381,0.6885714285714286,0.2897185536230604,1.0
covertype_3000,13,mags_fixed,0.05,0.06095238095238095,0.6866666666666666,0.3784925605044977,1.0
covertype_3000,13,mags_binary_excluded,0.05,0.09238095238095238,0.6914285714285714,0.2905859749422912,1.0
covertype_3000,13,matched_gini_unrestricted,0.05,0.10857142857142857,0.6752380952380952,0.26890045496152326,1.0
covertype_3000,13,mags_fixed_unrestricted,0.05,0.07714285714285714,0.6942857142857143,0.32407203080086955,1.0
covertype_3000,13,cart_fixed,0.05,0.05619047619047619,0.6685714285714286,0.25849140501441376,1.0
covertype_3000,13,mags_tuned,0.05,0.10666666666666667,0.6761904761904762,0.24114298774614007,1.0
covertype_3000,13,cart_tuned_depth,0.05,0.0980952380952381,0.6428571428571429,0.15089477955516697,1.0
covertype_3000,13,cart_pruned,0.05,0.06761904761904762,0.6828571428571428,0.2248115519422085,1.0
covertype_3000,13,noise_augmented_cart,0.05,0.06190476190476191,0.6895238095238095,0.28265999727268654,1.0
covertype_3000,14,matched_gini,0.05,0.09142857142857143,0.6533333333333333,0.2840317986116768,1.0
covertype_3000,14,mags_fixed,0.05,0.06857142857142857,0.6704761904761904,0.3488511174108774,1.0
covertype_3000,14,mags_binary_excluded,0.05,0.09142857142857143,0.6533333333333333,0.2840317986116768,1.0
covertype_3000,14,matched_gini_unrestricted,0.05,0.09619047619047619,0.6523809523809524,0.3069176067540711,1.0
covertype_3000,14,mags_fixed_unrestricted,0.05,0.06476190476190476,0.6695238095238095,0.38981517988126235,1.0
covertype_3000,14,cart_fixed,0.05,0.08571428571428572,0.638095238095238,0.2694451059584284,1.0
covertype_3000,14,mags_tuned,0.05,0.11238095238095239,0.680952380952381,0.26052308487845577,1.0
covertype_3000,14,cart_tuned_depth,0.05,0.10095238095238095,0.660952380952381,0.22900027812264184,1.0
covertype_3000,14,cart_pruned,0.05,0.1019047619047619,0.6476190476190476,0.23732585492261798,1.0
covertype_3000,14,noise_augmented_cart,0.05,0.04857142857142857,0.66,0.29166365723419474,1.0
covertype_3000,15,matched_gini,0.05,0.11428571428571428,0.6761904761904762,0.21682928676567856,1.0
covertype_3000,15,mags_fixed,0.05,0.09333333333333334,0.6752380952380952,0.27150390007152275,1.0
covertype_3000,15,mags_binary_excluded,0.05,0.11333333333333333,0.680952380952381,0.21619788677349266,1.0
covertype_3000,15,matched_gini_unrestricted,0.05,0.10380952380952381,0.6723809523809524,0.24552904629600006,1.0
covertype_3000,15,mags_fixed_unrestricted,0.05,0.08666666666666667,0.6838095238095238,0.28134047922488875,1.0
covertype_3000,15,cart_fixed,0.05,0.05238095238095238,0.6980952380952381,0.2643166937829896,1.0
covertype_3000,15,mags_tuned,0.05,0.1019047619047619,0.6866666666666666,0.2455009273586608,1.0
covertype_3000,15,cart_tuned_depth,0.05,0.07523809523809524,0.7047619047619048,0.2049636310331886,1.0
covertype_3000,15,cart_pruned,0.05,0.04,0.679047619047619,0.31180410385778057,1.0
covertype_3000,15,noise_augmented_cart,0.05,0.08857142857142856,0.6580952380952381,0.2427062963078308,1.0
covertype_3000,17,matched_gini,0.05,0.08285714285714285,0.6971428571428572,0.292842182671202,1.0
covertype_3000,17,mags_fixed,0.05,0.047619047619047616,0.699047619047619,0.3967168593385867,1.0
covertype_3000,17,mags_binary_excluded,0.05,0.08285714285714285,0.6971428571428572,0.292842182671202,1.0
covertype_3000,17,matched_gini_unrestricted,0.05,0.08285714285714285,0.7152380952380952,0.2648074101845074,1.0
covertype_3000,17,mags_fixed_unrestricted,0.05,0.05047619047619047,0.7028571428571428,0.4429708433803054,1.0
covertype_3000,17,cart_fixed,0.05,0.06571428571428571,0.6923809523809524,0.2868798405745505,1.0
covertype_3000,17,mags_tuned,0.05,0.06666666666666667,0.6952380952380952,0.34779437674638436,1.0
covertype_3000,17,cart_tuned_depth,0.05,0.06761904761904762,0.68,0.28286089985099355,1.0
covertype_3000,17,cart_pruned,0.05,0.06857142857142857,0.6933333333333334,0.27574489917513906,1.0
covertype_3000,17,noise_augmented_cart,0.05,0.05047619047619047,0.700952380952381,0.2970928947871928,1.0
covertype_3000,16,matched_gini,0.05,0.06952380952380953,0.6885714285714286,0.35208179712701115,1.0
covertype_3000,16,mags_fixed,0.05,0.05238095238095238,0.700952380952381,0.40212039642062847,1.0
covertype_3000,16,mags_binary_excluded,0.05,0.06952380952380953,0.6885714285714286,0.35208179712701115,1.0
covertype_3000,16,matched_gini_unrestricted,0.05,0.1,0.6904761904761905,0.2813024673772512,1.0
covertype_3000,16,mags_fixed_unrestricted,0.05,0.06761904761904762,0.7019047619047619,0.42220413253155786,1.0
covertype_3000,16,cart_fixed,0.05,0.05904761904761905,0.6704761904761904,0.2886141421671018,1.0
covertype_3000,16,mags_tuned,0.05,0.1019047619047619,0.699047619047619,0.3019331449784493,1.0
covertype_3000,16,cart_tuned_depth,0.05,0.05904761904761905,0.6704761904761904,0.2886141421671018,1.0
covertype_3000,16,cart_pruned,0.05,0.08285714285714285,0.6676190476190477,0.22835791704841835,1.0
covertype_3000,16,noise_augmented_cart,0.05,0.04,0.7142857142857143,0.33892843047843907,1.0
covertype_3000,18,matched_gini,0.05,0.11047619047619048,0.6723809523809524,0.2989788085435292,1.0
covertype_3000,18,mags_fixed,0.05,0.0761904761904762,0.6857142857142857,0.33696478978522443,1.0
covertype_3000,18,mags_binary_excluded,0.05,0.10857142857142857,0.6714285714285714,0.28694726074436905,1.0
covertype_3000,18,matched_gini_unrestricted,0.05,0.05619047619047619,0.6885714285714286,0.3517418038801943,1.0
covertype_3000,18,mags_fixed_unrestricted,0.05,0.06,0.6876190476190476,0.36747762087746616,1.0
covertype_3000,18,cart_fixed,0.05,0.0838095238095238,0.6866666666666666,0.2712114324339937,1.0
covertype_3000,18,mags_tuned,0.05,0.04476190476190476,0.68,0.5535305223746215,1.0
covertype_3000,18,cart_tuned_depth,0.05,0.058095238095238096,0.6695238095238095,0.3128650773776975,1.0
covertype_3000,18,cart_pruned,0.05,0.11047619047619048,0.6714285714285714,0.17446600945569957,1.0
covertype_3000,18,noise_augmented_cart,0.05,0.05714285714285714,0.6923809523809524,0.3596064532260159,1.0
covertype_3000,19,matched_gini,0.05,0.08952380952380952,0.6876190476190476,0.2557170731503972,1.0
covertype_3000,19,mags_fixed,0.05,0.07428571428571429,0.68,0.2929122082074024,1.0
covertype_3000,19,mags_binary_excluded,0.05,0.08952380952380952,0.6876190476190476,0.2557170731503972,1.0
covertype_3000,19,matched_gini_unrestricted,0.05,0.09142857142857143,0.6828571428571428,0.27717584951966134,1.0
covertype_3000,19,mags_fixed_unrestricted,0.05,0.09523809523809523,0.659047619047619,0.3236698628197336,1.0
covertype_3000,19,cart_fixed,0.05,0.054285714285714284,0.6828571428571428,0.27717583891415876,1.0
covertype_3000,19,mags_tuned,0.05,0.14,0.6638095238095238,0.17925812305293545,1.0
covertype_3000,19,cart_tuned_depth,0.05,0.054285714285714284,0.6828571428571428,0.27717583891415876,1.0
covertype_3000,19,cart_pruned,0.05,0.0761904761904762,0.6542857142857142,0.19695733867467052,1.0
covertype_3000,19,noise_augmented_cart,0.05,0.05904761904761905,0.6866666666666666,0.2986346243889254,1.0
covertype_3000,21,matched_gini,0.05,0.0980952380952381,0.6838095238095238,0.26422803089660446,1.0
covertype_3000,21,mags_fixed,0.05,0.08857142857142856,0.7019047619047619,0.30406671438629096,1.0
covertype_3000,21,mags_binary_excluded,0.05,0.0980952380952381,0.6838095238095238,0.26422803089660446,1.0
covertype_3000,21,matched_gini_unrestricted,0.05,0.07428571428571429,0.7,0.30235460306080464,1.0
covertype_3000,21,mags_fixed_unrestricted,0.05,0.07238095238095238,0.6961904761904761,0.3333883889769238,1.0
covertype_3000,21,cart_fixed,0.05,0.0419047619047619,0.6895238095238095,0.31033492474623126,1.0
covertype_3000,21,mags_tuned,0.05,0.08285714285714285,0.7095238095238096,0.3081618612404371,1.0
covertype_3000,21,cart_tuned_depth,0.05,0.039047619047619046,0.6942857142857143,0.30944826872298037,1.0
covertype_3000,21,cart_pruned,0.05,0.08952380952380952,0.6628571428571428,0.19387475918265543,1.0
covertype_3000,21,noise_augmented_cart,0.05,0.054285714285714284,0.6923809523809524,0.3121082786060563,1.0
covertype_3000,20,matched_gini,0.05,0.08,0.7228571428571429,0.2776110170836251,1.0
covertype_3000,20,mags_fixed,0.05,0.06476190476190476,0.7228571428571429,0.3723206156179122,1.0
covertype_3000,20,mags_binary_excluded,0.05,0.08,0.7228571428571429,0.2776110170836251,1.0
covertype_3000,20,matched_gini_unrestricted,0.05,0.07333333333333333,0.7085714285714285,0.29402889698564094,1.0
covertype_3000,20,mags_fixed_unrestricted,0.05,0.06571428571428571,0.7066666666666667,0.37058080015941713,1.0
covertype_3000,20,cart_fixed,0.05,0.06285714285714286,0.7228571428571429,0.3139825954863478,1.0
covertype_3000,20,mags_tuned,0.05,0.06476190476190476,0.7228571428571429,0.3723206156179122,1.0
covertype_3000,20,cart_tuned_depth,0.05,0.054285714285714284,0.7209523809523809,0.33639293164654716,1.0
covertype_3000,20,cart_pruned,0.05,0.10857142857142857,0.6952380952380952,0.2002011523264809,1.0
covertype_3000,20,noise_augmented_cart,0.05,0.049523809523809526,0.7152380952380952,0.34094522531104643,1.0
covertype_3000,22,matched_gini,0.05,0.09142857142857143,0.680952380952381,0.33842422002511546,1.0
covertype_3000,22,mags_fixed,0.05,0.06666666666666667,0.6666666666666666,0.4366764126453102,1.0
covertype_3000,22,mags_binary_excluded,0.05,0.09428571428571429,0.680952380952381,0.3265975667097216,1.0
covertype_3000,22,matched_gini_unrestricted,0.05,0.08476190476190476,0.6695238095238095,0.31840988349137195,1.0
covertype_3000,22,mags_fixed_unrestricted,0.05,0.06095238095238095,0.6733333333333333,0.43240325650112177,1.0
covertype_3000,22,cart_fixed,0.05,0.05714285714285714,0.6666666666666666,0.3234245120861334,1.0
covertype_3000,22,mags_tuned,0.05,0.06476190476190476,0.6914285714285714,0.40202112944567403,1.0
covertype_3000,22,cart_tuned_depth,0.05,0.08761904761904762,0.68,0.19164302515799436,1.0
covertype_3000,22,cart_pruned,0.05,0.0419047619047619,0.6780952380952381,0.3402436981699283,1.0
covertype_3000,22,noise_augmented_cart,0.05,0.05238095238095238,0.6914285714285714,0.3712041731222119,1.0
covertype_3000,23,matched_gini,0.05,0.1,0.6942857142857143,0.3321597952200329,1.0
covertype_3000,23,mags_fixed,0.05,0.07523809523809524,0.699047619047619,0.42013725372966315,1.0
covertype_3000,23,mags_binary_excluded,0.05,0.09904761904761905,0.6952380952380952,0.33395525306716817,1.0
covertype_3000,23,matched_gini_unrestricted,0.05,0.08666666666666667,0.7038095238095238,0.33305752389360044,1.0
covertype_3000,23,mags_fixed_unrestricted,0.05,0.06952380952380953,0.7019047619047619,0.37884171224555097,1.0
covertype_3000,23,cart_fixed,0.05,0.05523809523809524,0.6895238095238095,0.33934160083868414,1.0
covertype_3000,23,mags_tuned,0.05,0.07904761904761905,0.7104761904761905,0.31779612744295027,1.0
covertype_3000,23,cart_tuned_depth,0.05,0.09142857142857143,0.6857142857142857,0.23561255438203316,1.0
covertype_3000,23,cart_pruned,0.05,0.08761904761904762,0.6866666666666666,0.21833725204150245,1.0
covertype_3000,23,noise_augmented_cart,0.05,0.06,0.7180952380952381,0.36233133425975295,1.0
covertype_3000,24,matched_gini,0.05,0.09904761904761905,0.659047619047619,0.2785573359389,1.0
covertype_3000,24,mags_fixed,0.05,0.06857142857142857,0.6771428571428572,0.34331932953509625,1.0
covertype_3000,24,mags_binary_excluded,0.05,0.09619047619047619,0.660952380952381,0.28836556061675334,1.0
covertype_3000,24,matched_gini_unrestricted,0.05,0.11523809523809524,0.6571428571428571,0.2637270157267224,1.0
covertype_3000,24,mags_fixed_unrestricted,0.05,0.0761904761904762,0.68,0.3518422568500008,1.0
covertype_3000,24,cart_fixed,0.05,0.05619047619047619,0.680952380952381,0.3024216540920061,1.0
covertype_3000,24,mags_tuned,0.05,0.09238095238095238,0.6723809523809524,0.303781330080542,1.0
covertype_3000,24,cart_tuned_depth,0.05,0.08285714285714285,0.6876190476190476,0.2371363966153463,1.0
covertype_3000,24,cart_pruned,0.05,0.11047619047619048,0.6638095238095238,0.168666655269344,1.0
covertype_3000,24,noise_augmented_cart,0.05,0.025714285714285714,0.6676190476190477,0.3223908274803302,1.0
covertype_3000,25,matched_gini,0.05,0.09904761904761905,0.6857142857142857,0.26244757000784347,1.0
covertype_3000,25,mags_fixed,0.05,0.10095238095238095,0.6828571428571428,0.2761304032435833,1.0
covertype_3000,25,mags_binary_excluded,0.05,0.09904761904761905,0.6857142857142857,0.26244757000784347,1.0
covertype_3000,25,matched_gini_unrestricted,0.05,0.1219047619047619,0.6619047619047619,0.21554972253565147,1.0
covertype_3000,25,mags_fixed_unrestricted,0.05,0.07809523809523809,0.6885714285714286,0.3769865441418507,1.0
covertype_3000,25,cart_fixed,0.05,0.040952380952380955,0.6723809523809524,0.3210698793480834,1.0
covertype_3000,25,mags_tuned,0.05,0.11142857142857143,0.6876190476190476,0.22719809040579045,1.0
covertype_3000,25,cart_tuned_depth,0.05,0.040952380952380955,0.6723809523809524,0.3210698793480834,1.0
covertype_3000,25,cart_pruned,0.05,0.04380952380952381,0.6828571428571428,0.28503476750784307,1.0
covertype_3000,25,noise_augmented_cart,0.05,0.05047619047619047,0.6923809523809524,0.29543493336792415,1.0
covertype_3000,26,matched_gini,0.05,0.06,0.6828571428571428,0.30869253581573153,1.0
covertype_3000,26,mags_fixed,0.05,0.06666666666666667,0.6857142857142857,0.3344169137170425,1.0
covertype_3000,26,mags_binary_excluded,0.05,0.06190476190476191,0.680952380952381,0.30869253581573153,1.0
covertype_3000,26,matched_gini_unrestricted,0.05,0.08666666666666667,0.6638095238095238,0.2995052579938348,1.0
covertype_3000,26,mags_fixed_unrestricted,0.05,0.08,0.6723809523809524,0.32890454652390444,1.0
covertype_3000,26,cart_fixed,0.05,0.0419047619047619,0.680952380952381,0.3096112579204225,1.0
covertype_3000,26,mags_tuned,0.05,0.06666666666666667,0.6857142857142857,0.3344169137170425,1.0
covertype_3000,26,cart_tuned_depth,0.05,0.08952380952380952,0.66,0.19171043998819565,1.0
covertype_3000,26,cart_pruned,0.05,0.06285714285714286,0.6695238095238095,0.22675307331809047,1.0
covertype_3000,26,noise_augmented_cart,0.05,0.035238095238095235,0.6914285714285714,0.32403993239732454,1.0
covertype_3000,27,matched_gini,0.05,0.07714285714285714,0.6933333333333334,0.3281903489226357,1.0
covertype_3000,27,mags_fixed,0.05,0.05523809523809524,0.6971428571428572,0.487333874753682,0.9380952380952381
covertype_3000,27,mags_binary_excluded,0.05,0.0761904761904762,0.6933333333333334,0.3281903489226357,1.0
covertype_3000,27,matched_gini_unrestricted,0.05,0.06285714285714286,0.6742857142857143,0.3650637274660199,1.0
covertype_3000,27,mags_fixed_unrestricted,0.05,0.06,0.68,0.4493605782473993,1.0
covertype_3000,27,cart_fixed,0.05,0.039047619047619046,0.6933333333333334,0.3021819353971952,1.0
covertype_3000,27,mags_tuned,0.05,0.12095238095238095,0.6895238095238095,0.2565227932140701,1.0
covertype_3000,27,cart_tuned_depth,0.05,0.045714285714285714,0.6714285714285714,0.3056753681911284,1.0
covertype_3000,27,cart_pruned,0.05,0.07142857142857142,0.660952380952381,0.18340519995961882,1.0
covertype_3000,27,noise_augmented_cart,0.05,0.06190476190476191,0.6847619047619048,0.33132447911372986,1.0
credit_approval,0,matched_gini,0.05,0.21074380165289255,0.8429752066115702,0.4723755758685521,0.9917355371900827
credit_approval,0,mags_fixed,0.05,0.19008264462809918,0.7975206611570248,0.38856817703831775,0.9297520661157025
credit_approval,0,mags_binary_excluded,0.05,0.21074380165289255,0.8429752066115702,0.4723755758685521,0.9917355371900827
credit_approval,0,matched_gini_unrestricted,0.05,0.1652892561983471,0.8264462809917356,0.49475871190735365,0.9917355371900827
credit_approval,0,mags_fixed_unrestricted,0.05,0.2066115702479339,0.7892561983471075,0.3864179265774186,0.9297520661157025
credit_approval,0,cart_fixed,0.05,0.1322314049586777,0.8388429752066116,0.30240292932602336,0.7066115702479339
credit_approval,0,mags_tuned,0.05,0.1859504132231405,0.8099173553719008,0.38974412403325753,0.8884297520661157
credit_approval,0,cart_tuned_depth,0.05,0.0,0.8636363636363636,,0.0
credit_approval,0,cart_pruned,0.05,0.0,0.8636363636363636,,0.0
credit_approval,0,noise_augmented_cart,0.05,0.18181818181818182,0.8636363636363636,0.3567245051067727,0.5165289256198347
credit_approval,1,matched_gini,0.05,0.0743801652892562,0.8553719008264463,0.8759161292762923,0.640495867768595
credit_approval,1,mags_fixed,0.05,0.07024793388429752,0.8388429752066116,0.648559879593915,0.731404958677686
credit_approval,1,mags_binary_excluded,0.05,0.06611570247933884,0.8512396694214877,0.6773240571346849,0.640495867768595
credit_approval,1,matched_gini_unrestricted,0.05,0.23140495867768596,0.7892561983471075,0.11831341007986321,0.640495867768595
credit_approval,1,mags_fixed_unrestricted,0.05,0.08677685950413223,0.8223140495867769,0.648559879593915,0.731404958677686
credit_approval,1,cart_fixed,0.05,0.05785123966942149,0.8388429752066116,1.2854427657284597,1.0
credit_approval,1,mags_tuned,0.05,0.08264462809917356,0.8181818181818182,0.5512515705775737,0.7644628099173554
credit_approval,1,cart_tuned_depth,0.05,0.0,0.859504132231405,,0.0
credit_approval,1,cart_pruned,0.05,0.0,0.859504132231405,,0.0
credit_approval,1,noise_augmented_cart,0.05,0.004132231404958678,0.8677685950413223,0.6404241487668504,0.15289256198347106
credit_approval,2,matched_gini,0.05,0.08677685950413223,0.8305785123966942,0.36567666978321556,1.0
credit_approval,2,mags_fixed,0.05,0.13636363636363635,0.8429752066115702,0.615427225275733,0.9917355371900827
credit_approval,2,mags_binary_excluded,0.05,0.08677685950413223,0.8305785123966942,0.36567666978321556,1.0
credit_approval,2,matched_gini_unrestricted,0.05,0.07024793388429752,0.8471074380165289,0.668372000105089,0.9917355371900827
credit_approval,2,mags_fixed_unrestricted,0.05,0.07851239669421488,0.8388429752066116,0.6134163365521581,0.8677685950413223
credit_approval,2,cart_fixed,0.05,0.07851239669421488,0.8305785123966942,0.46107786052511335,1.0
credit_approval,2,mags_tuned,0.05,0.19421487603305784,0.78099173553719,0.29604447368369885,1.0
credit_approval,2,cart_tuned_depth,0.05,0.0371900826446281,0.8553719008264463,0.3346369103583191,0.6570247933884298
credit_approval,2,cart_pruned,0.05,0.0,0.8636363636363636,,0.0
credit_approval,2,noise_augmented_cart,0.05,0.0,0.859504132231405,0.5740859601569072,0.8512396694214877
credit_approval,3,matched_gini,0.05,0.14049586776859505,0.8636363636363636,0.35314413962881064,0.5041322314049587
credit_approval,3,mags_fixed,0.05,0.0,0.8801652892561983,0.7193747349823796,0.11983471074380166
credit_approval,3,mags_binary_excluded,0.05,0.1446280991735537,0.8636363636363636,0.35314413962881064,0.5041322314049587
credit_approval,3,matched_gini_unrestricted,0.05,0.1115702479338843,0.8636363636363636,0.28760455604941404,0.5041322314049587
credit_approval,3,mags_fixed_unrestricted,0.05,0.0,0.8801652892561983,0.7193747349823796,0.11983471074380166
credit_approval,3,cart_fixed,0.05,0.024793388429752067,0.8264462809917356,0.35314413744383033,0.5041322314049587
credit_approval,3,mags_tuned,0.05,0.0,0.8636363636363636,,0.0
credit_approval,3,cart_tuned_depth,0.05,0.0,0.8760330578512396,,0.0
credit_approval,3,cart_pruned,0.05,0.0,0.8760330578512396,,0.0
credit_approval,3,noise_augmented_cart,0.05,0.0743801652892562,0.8512396694214877,0.17917407047278125,0.9917355371900827
credit_approval,4,matched_gini,0.05,0.049586776859504134,0.8264462809917356,0.40741265734080834,1.0
credit_approval,4,mags_fixed,0.05,0.02066115702479339,0.8429752066115702,0.960702727374689,0.6198347107438017
credit_approval,4,mags_binary_excluded,0.05,0.049586776859504134,0.8264462809917356,0.40741265734080834,1.0
credit_approval,4,matched_gini_unrestricted,0.05,0.1322314049586777,0.7644628099173554,0.298079623077034,1.0
credit_approval,4,mags_fixed_unrestricted,0.05,0.11570247933884298,0.7644628099173554,0.2605871815592899,0.6198347107438017
credit_approval,4,cart_fixed,0.05,0.05785123966942149,0.8140495867768595,0.31986853992943654,1.0
credit_approval,4,mags_tuned,0.05,0.03305785123966942,0.8471074380165289,0.7822745105697184,0.6115702479338843
credit_approval,4,cart_tuned_depth,0.05,0.05785123966942149,0.8140495867768595,0.31986853992943654,1.0
credit_approval,4,cart_pruned,0.05,0.0,0.8553719008264463,,0.0
credit_approval,4,noise_augmented_cart,0.05,0.01652892561983471,0.8388429752066116,0.9400414429143955,0.6322314049586777
credit_approval,5,matched_gini,0.05,0.09917355371900827,0.8140495867768595,0.4362414179522263,1.0
credit_approval,5,mags_fixed,0.05,0.024793388429752067,0.8553719008264463,0.28223832601039356,0.5454545454545454
credit_approval,5,mags_binary_excluded,0.05,0.09917355371900827,0.8140495867768595,0.4362414179522263,1.0
credit_approval,5,matched_gini_unrestricted,0.05,0.12396694214876033,0.8181818181818182,0.5123052701567702,1.0
credit_approval,5,mags_fixed_unrestricted,0.05,0.024793388429752067,0.8553719008264463,0.28223832601039356,0.5454545454545454
credit_approval,5,cart_fixed,0.05,0.05785123966942149,0.7892561983471075,0.43624141986909576,1.0
credit_approval,5,mags_tuned,0.05,0.0,0.859504132231405,,0.0
credit_approval,5,cart_tuned_depth,0.05,0.012396694214876033,0.8305785123966942,0.3940293579049469,0.4793388429752066
credit_approval,5,cart_pruned,0.05,0.0,0.859504132231405,,0.0
credit_approval,5,noise_augmented_cart,0.05,0.01652892561983471,0.8801652892561983,0.3351910982223608,0.6157024793388429
covertype_3000,28,matched_gini,0.05,0.07428571428571429,0.6866666666666666,0.3244099543976316,1.0
covertype_3000,28,mags_fixed,0.05,0.07714285714285714,0.6923809523809524,0.3784155087522276,1.0
covertype_3000,28,mags_binary_excluded,0.05,0.07428571428571429,0.6866666666666666,0.3244099543976316,1.0
covertype_3000,28,matched_gini_unrestricted,0.05,0.06952380952380953,0.6780952380952381,0.32074430420669786,1.0
covertype_3000,28,mags_fixed_unrestricted,0.05,0.06952380952380953,0.6866666666666666,0.3590106887410214,1.0
covertype_3000,28,cart_fixed,0.05,0.035238095238095235,0.6980952380952381,0.3903916484831623,1.0
covertype_3000,28,mags_tuned,0.05,0.12761904761904763,0.6828571428571428,0.22910307493335552,1.0
covertype_3000,28,cart_tuned_depth,0.05,0.035238095238095235,0.6980952380952381,0.3903916484831623,1.0
covertype_3000,28,cart_pruned,0.05,0.07714285714285714,0.6780952380952381,0.20891282588936771,1.0
covertype_3000,28,noise_augmented_cart,0.05,0.03333333333333333,0.6933333333333334,0.3254504247766207,1.0
covertype_3000,29,matched_gini,0.05,0.09238095238095238,0.6933333333333334,0.26721405525421255,1.0
covertype_3000,29,mags_fixed,0.05,0.06666666666666667,0.7,0.37674437110337544,1.0
covertype_3000,29,mags_binary_excluded,0.05,0.09238095238095238,0.6933333333333334,0.26721405525421255,1.0
covertype_3000,29,matched_gini_unrestricted,0.05,0.0980952380952381,0.6923809523809524,0.2961385992882346,1.0
covertype_3000,29,mags_fixed_unrestricted,0.05,0.07333333333333333,0.7019047619047619,0.3259276890568737,1.0
covertype_3000,29,cart_fixed,0.05,0.07047619047619047,0.6847619047619048,0.2766320677038993,1.0
covertype_3000,29,mags_tuned,0.05,0.08,0.7,0.3416983826402707,1.0
covertype_3000,29,cart_tuned_depth,0.05,0.054285714285714284,0.6638095238095238,0.36507597632320027,1.0
covertype_3000,29,cart_pruned,0.05,0.09333333333333334,0.6485714285714286,0.19450523937082298,1.0
covertype_3000,29,noise_augmented_cart,0.05,0.05714285714285714,0.6838095238095238,0.31235323521863123,1.0
credit_approval,6,matched_gini,0.05,0.012396694214876033,0.8512396694214877,0.5622256879078125,0.30578512396694213
credit_approval,6,mags_fixed,0.05,0.028925619834710745,0.8057851239669421,0.461298301599756,0.3181818181818182
credit_approval,6,mags_binary_excluded,0.05,0.012396694214876033,0.8512396694214877,0.5622256879078125,0.30578512396694213
credit_approval,6,matched_gini_unrestricted,0.05,0.012396694214876033,0.8512396694214877,0.9513487880979634,0.6694214876033058
credit_approval,6,mags_fixed_unrestricted,0.05,0.004132231404958678,0.8057851239669421,1.678850801761112,0.5785123966942148
credit_approval,6,cart_fixed,0.05,0.012396694214876033,0.8512396694214877,0.47567439022687485,0.17768595041322313
credit_approval,6,mags_tuned,0.05,0.0,0.8553719008264463,0.2719336193063943,0.012396694214876033
credit_approval,6,cart_tuned_depth,0.05,0.0,0.8966942148760331,,0.0
credit_approval,6,cart_pruned,0.05,0.0,0.8677685950413223,0.5316360912297923,0.045454545454545456
credit_approval,6,noise_augmented_cart,0.05,0.008264462809917356,0.8223140495867769,1.6371597216291813,0.6033057851239669
credit_approval,7,matched_gini,0.05,0.08677685950413223,0.8429752066115702,0.4659150051521675,0.8512396694214877
credit_approval,7,mags_fixed,0.05,0.01652892561983471,0.859504132231405,0.08347396665853984,0.2768595041322314
credit_approval,7,mags_binary_excluded,0.05,0.08677685950413223,0.8636363636363636,0.4401178479200405,0.8512396694214877
credit_approval,7,matched_gini_unrestricted,0.05,0.10330578512396695,0.8181818181818182,0.4426615624693502,0.9834710743801653
credit_approval,7,mags_fixed_unrestricted,0.05,0.0371900826446281,0.8388429752066116,0.2689714875094033,0.47520661157024796
credit_approval,7,cart_fixed,0.05,0.06198347107438017,0.8553719008264463,0.3923276378000473,0.9710743801652892
credit_approval,7,mags_tuned,0.05,0.0,0.8677685950413223,,0.0
credit_approval,7,cart_tuned_depth,0.05,0.0,0.8842975206611571,,0.0
credit_approval,7,cart_pruned,0.05,0.0371900826446281,0.8512396694214877,0.5036009046019055,0.47520661157024796
credit_approval,7,noise_augmented_cart,0.05,0.049586776859504134,0.8223140495867769,0.3319761817475673,0.9834710743801653
credit_approval,8,matched_gini,0.05,0.15702479338842976,0.8181818181818182,0.43904070720881216,1.0
credit_approval,8,mags_fixed,0.05,0.19834710743801653,0.8347107438016529,0.5233491743592049,0.9090909090909091
credit_approval,8,mags_binary_excluded,0.05,0.15702479338842976,0.8181818181818182,0.43904070720881216,1.0
credit_approval,8,matched_gini_unrestricted,0.05,0.13636363636363635,0.8099173553719008,0.501574558287028,1.0
credit_approval,8,mags_fixed_unrestricted,0.05,0.19421487603305784,0.8305785123966942,0.27272921929521443,0.5991735537190083
credit_approval,8,cart_fixed,0.05,0.04132231404958678,0.8223140495867769,0.3942721606452548,1.0
credit_approval,8,mags_tuned,0.05,0.11570247933884298,0.8512396694214877,0.2520602766129523,0.34710743801652894
credit_approval,8,cart_tuned_depth,0.05,0.04132231404958678,0.8223140495867769,0.3942721606452548,1.0
credit_approval,8,cart_pruned,0.05,0.0,0.8471074380165289,,0.0
credit_approval,8,noise_augmented_cart,0.05,0.004132231404958678,0.859504132231405,0.8191959056623228,0.6487603305785123
credit_approval,9,matched_gini,0.05,0.0743801652892562,0.8099173553719008,1.37521218219001,0.9834710743801653
credit_approval,9,mags_fixed,0.05,0.008264462809917356,0.8140495867768595,1.4802403201329226,0.7024793388429752
credit_approval,9,mags_binary_excluded,0.05,0.0743801652892562,0.8099173553719008,1.37521218219001,0.9834710743801653
credit_approval,9,matched_gini_unrestricted,0.05,0.0743801652892562,0.8099173553719008,1.37521218219001,0.9834710743801653
credit_approval,9,mags_fixed_unrestricted,0.05,0.008264462809917356,0.8140495867768595,1.4802403201329226,0.7024793388429752
credit_approval,9,cart_fixed,0.05,0.012396694214876033,0.8140495867768595,1.4802402885421362,0.7024793388429752
credit_approval,9,mags_tuned,0.05,0.008264462809917356,0.8016528925619835,1.17581584648123,0.756198347107438
credit_approval,9,cart_tuned_depth,0.05,0.008264462809917356,0.8181818181818182,1.837992414500968,0.23140495867768596
credit_approval,9,cart_pruned,0.05,0.0,0.8264462809917356,,0.0
credit_approval,9,noise_augmented_cart,0.05,0.008264462809917356,0.8388429752066116,1.261929786264608,0.6942148760330579
credit_approval,10,matched_gini,0.05,0.18181818181818182,0.8347107438016529,0.489376287857275,0.9917355371900827
credit_approval,10,mags_fixed,0.05,0.1322314049586777,0.8388429752066116,0.031912081858202684,0.23553719008264462
credit_approval,10,mags_binary_excluded,0.05,0.16942148760330578,0.8140495867768595,0.5208035702982512,0.9917355371900827
credit_approval,10,matched_gini_unrestricted,0.05,0.18181818181818182,0.8347107438016529,0.489376287857275,0.9917355371900827
credit_approval,10,mags_fixed_unrestricted,0.05,0.14049586776859505,0.8305785123966942,0.5562670735668824,0.5330578512396694
credit_approval,10,cart_fixed,0.05,0.16115702479338842,0.8140495867768595,0.5589286725424236,0.9917355371900827
credit_approval,10,mags_tuned,0.05,0.14049586776859505,0.8553719008264463,0.5942189062380224,0.5330578512396694
credit_approval,10,cart_tuned_depth,0.05,0.0,0.8553719008264463,,0.0
credit_approval,10,cart_pruned,0.05,0.14049586776859505,0.8553719008264463,0.03895650837752762,0.2231404958677686
credit_approval,10,noise_augmented_cart,0.05,0.012396694214876033,0.8347107438016529,0.5942189095751083,0.22727272727272727
credit_approval,11,matched_gini,0.05,0.07851239669421488,0.8347107438016529,1.2632036433995357,0.871900826446281
credit_approval,11,mags_fixed,0.05,0.1652892561983471,0.8305785123966942,0.045075304395748333,0.3181818181818182
credit_approval,11,mags_binary_excluded,0.05,0.07851239669421488,0.8347107438016529,1.2632036433995357,0.871900826446281
credit_approval,11,matched_gini_unrestricted,0.05,0.09090909090909091,0.8264462809917356,0.4482147153185543,0.871900826446281
credit_approval,11,mags_fixed_unrestricted,0.05,0.1652892561983471,0.8305785123966942,0.045075304395748333,0.3181818181818182
credit_approval,11,cart_fixed,0.05,0.028925619834710745,0.8181818181818182,1.2632036273921496,0.871900826446281
credit_approval,11,mags_tuned,0.05,0.09090909090909091,0.8264462809917356,0.4757254902692618,0.8264462809917356
credit_approval,11,cart_tuned_depth,0.05,0.0,0.8553719008264463,,0.0
credit_approval,11,cart_pruned,0.05,0.0,0.8553719008264463,,0.0
credit_approval,11,noise_augmented_cart,0.05,0.02066115702479339,0.8760330578512396,1.1776681627010535,1.0
credit_approval,12,matched_gini,0.05,0.14049586776859505,0.859504132231405,0.4802448859222207,0.9958677685950413
credit_approval,12,mags_fixed,0.05,0.07851239669421488,0.8677685950413223,0.5439716489161459,0.9793388429752066
credit_approval,12,mags_binary_excluded,0.05,0.07851239669421488,0.8677685950413223,0.5017269014271972,0.9958677685950413
credit_approval,12,matched_gini_unrestricted,0.05,0.14049586776859505,0.859504132231405,0.4802448859222207,0.9958677685950413
credit_approval,12,mags_fixed_unrestricted,0.05,0.07851239669421488,0.8677685950413223,0.5439716489161459,0.9793388429752066
credit_approval,12,cart_fixed,0.05,0.04132231404958678,0.8760330578512396,0.5456280215284229,0.9958677685950413
credit_approval,12,mags_tuned,0.05,0.01652892561983471,0.871900826446281,0.07832334401546309,0.13636363636363635
credit_approval,12,cart_tuned_depth,0.05,0.0,0.8925619834710744,,0.0
credit_approval,12,cart_pruned,0.05,0.0,0.8884297520661157,,0.0
credit_approval,12,noise_augmented_cart,0.05,0.03305785123966942,0.8801652892561983,0.219418632721211,0.49586776859504134
credit_approval,13,matched_gini,0.05,0.16942148760330578,0.7520661157024794,0.47899294475698484,1.0
credit_approval,13,mags_fixed,0.05,0.01652892561983471,0.8347107438016529,0.1250144597994512,0.2727272727272727
credit_approval,13,mags_binary_excluded,0.05,0.16942148760330578,0.7520661157024794,0.47899294475698484,1.0
credit_approval,13,matched_gini_unrestricted,0.05,0.128099173553719,0.7851239669421488,0.542303184458137,1.0
credit_approval,13,mags_fixed_unrestricted,0.05,0.01652892561983471,0.8181818181818182,0.5545174186505837,0.4462809917355372
credit_approval,13,cart_fixed,0.05,0.09090909090909091,0.7851239669421488,0.4789929485129033,1.0
credit_approval,13,mags_tuned,0.05,0.0,0.8429752066115702,0.3346593635992052,0.004132231404958678
credit_approval,13,cart_tuned_depth,0.05,0.128099173553719,0.7355371900826446,0.25340575066240195,1.0
credit_approval,13,cart_pruned,0.05,0.0,0.8429752066115702,,0.0
credit_approval,13,noise_augmented_cart,0.05,0.008264462809917356,0.8223140495867769,0.6481036661981989,0.6652892561983471
credit_approval,14,matched_gini,0.05,0.1115702479338843,0.8264462809917356,0.6952566689886801,0.78099173553719
credit_approval,14,mags_fixed,0.05,0.14049586776859505,0.8305785123966942,0.0718348295003072,0.28512396694214875
credit_approval,14,mags_binary_excluded,0.05,0.1115702479338843,0.8264462809917356,0.6952566689886801,0.78099173553719
credit_approval,14,matched_gini_unrestricted,0.05,0.09504132231404959,0.8264462809917356,0.6856960902302053,0.6652892561983471
credit_approval,14,mags_fixed_unrestricted,0.05,0.14049586776859505,0.8305785123966942,0.0718348295003072,0.28512396694214875
credit_approval,14,cart_fixed,0.05,0.08264462809917356,0.8223140495867769,0.6952566649252465,0.78099173553719
credit_approval,14,mags_tuned,0.05,0.04132231404958678,0.8305785123966942,0.2709388406382227,0.1115702479338843
credit_approval,14,cart_tuned_depth,0.05,0.0,0.8429752066115702,,0.0
credit_approval,14,cart_pruned,0.05,0.0,0.8471074380165289,0.7248787245289189,0.19834710743801653
credit_approval,14,noise_augmented_cart,0.05,0.0,0.8471074380165289,2.328943340240634,0.41735537190082644
credit_approval,15,matched_gini,0.05,0.06198347107438017,0.8471074380165289,0.48941892387084673,0.6735537190082644
credit_approval,15,mags_fixed,0.05,0.1115702479338843,0.8760330578512396,0.04449068685195057,0.21487603305785125
credit_approval,15,mags_binary_excluded,0.05,0.06198347107438017,0.8471074380165289,0.48941892387084673,0.6735537190082644
credit_approval,15,matched_gini_unrestricted,0.05,0.08264462809917356,0.8553719008264463,0.5228985162542938,1.0
credit_approval,15,mags_fixed_unrestricted,0.05,0.11570247933884298,0.871900826446281,0.04449068685195057,0.21487603305785125
credit_approval,15,cart_fixed,0.05,0.028925619834710745,0.871900826446281,1.0749026980392542,0.9710743801652892
credit_approval,15,mags_tuned,0.05,0.1115702479338843,0.8760330578512396,0.04449068685195057,0.21487603305785125
credit_approval,15,cart_tuned_depth,0.05,0.0,0.8925619834710744,,0.0
credit_approval,15,cart_pruned,0.05,0.0,0.8925619834710744,,0.0
credit_approval,15,noise_augmented_cart,0.05,0.012396694214876033,0.8760330578512396,0.14810658482277672,0.21487603305785125
credit_approval,16,matched_gini,0.05,0.10743801652892562,0.8512396694214877,0.5939925119293087,0.9917355371900827
credit_approval,16,mags_fixed,0.05,0.012396694214876033,0.8636363636363636,0.5939925119293087,0.2603305785123967
credit_approval,16,mags_binary_excluded,0.05,0.11983471074380166,0.8553719008264463,0.5939925119293087,0.9917355371900827
credit_approval,16,matched_gini_unrestricted,0.05,0.1322314049586777,0.8471074380165289,0.47498146245487066,0.9917355371900827
credit_approval,16,mags_fixed_unrestricted,0.05,0.045454545454545456,0.859504132231405,0.5939925119293087,0.5991735537190083
credit_approval,16,cart_fixed,0.05,0.09504132231404959,0.8636363636363636,0.5690219381571398,0.6694214876033058
credit_approval,16,mags_tuned,0.05,0.049586776859504134,0.8388429752066116,0.6220110265957856,0.6652892561983471
credit_approval,16,cart_tuned_depth,0.05,0.09504132231404959,0.8471074380165289,0.5939925176434978,0.9917355371900827
credit_approval,16,cart_pruned,0.05,0.08677685950413223,0.871900826446281,0.027236102593436562,0.1652892561983471
credit_approval,16,noise_augmented_cart,0.05,0.02066115702479339,0.8512396694214877,0.6014508007306365,0.45041322314049587
credit_approval,17,matched_gini,0.05,0.0743801652892562,0.8016528925619835,0.8440237154938406,1.0
credit_approval,17,mags_fixed,0.05,0.03305785123966942,0.8223140495867769,0.8632229687939887,0.8223140495867769
credit_approval,17,mags_binary_excluded,0.05,0.0743801652892562,0.8016528925619835,0.8440237154938406,1.0
credit_approval,17,matched_gini_unrestricted,0.05,0.045454545454545456,0.8305785123966942,0.8677856867858353,0.9917355371900827
credit_approval,17,mags_fixed_unrestricted,0.05,0.01652892561983471,0.8223140495867769,1.0450812318947462,0.9421487603305785
credit_approval,17,cart_fixed,0.05,0.04132231404958678,0.7892561983471075,1.0095234046727155,0.9504132231404959
credit_approval,17,mags_tuned,0.05,0.008264462809917356,0.8347107438016529,1.5015907836110092,0.5041322314049587
credit_approval,17,cart_tuned_depth,0.05,0.0,0.859504132231405,,0.0
credit_approval,17,cart_pruned,0.05,0.028925619834710745,0.8347107438016529,0.46906640367870717,0.5867768595041323
credit_approval,17,noise_augmented_cart,0.05,0.012396694214876033,0.8471074380165289,1.5118585105205473,0.5950413223140496
credit_approval,18,matched_gini,0.05,0.05371900826446281,0.8347107438016529,0.5658021451995816,1.0
credit_approval,18,mags_fixed,0.05,0.0371900826446281,0.8305785123966942,0.6547603854556311,0.9628099173553719
credit_approval,18,mags_binary_excluded,0.05,0.028925619834710745,0.8305785123966942,0.7618050381593287,1.0
credit_approval,18,matched_gini_unrestricted,0.05,0.10330578512396695,0.8140495867768595,0.2967745141402584,1.0
credit_approval,18,mags_fixed_unrestricted,0.05,0.049586776859504134,0.8429752066115702,0.47666208966725565,0.5371900826446281
credit_approval,18,cart_fixed,0.05,0.06198347107438017,0.7851239669421488,0.5158637440416005,0.9628099173553719
credit_approval,18,mags_tuned,0.05,0.07851239669421488,0.8181818181818182,0.3227042374602773,1.0
credit_approval,18,cart_tuned_depth,0.05,0.05371900826446281,0.8057851239669421,0.5533175488871156,1.0
credit_approval,18,cart_pruned,0.05,0.0,0.8801652892561983,,0.0
credit_approval,18,noise_augmented_cart,0.05,0.008264462809917356,0.8305785123966942,0.21075557881797635,0.3181818181818182
credit_approval,19,matched_gini,0.05,0.25206611570247933,0.7727272727272727,0.08319109922863024,0.5454545454545454
credit_approval,19,mags_fixed,0.05,0.18181818181818182,0.8347107438016529,0.8733755853732713,0.71900826446281
credit_approval,19,mags_binary_excluded,0.05,0.25206611570247933,0.7727272727272727,0.08319109922863024,0.5454545454545454
credit_approval,19,matched_gini_unrestricted,0.05,0.17355371900826447,0.8347107438016529,0.46893997452799996,0.6115702479338843
credit_approval,19,mags_fixed_unrestricted,0.05,0.18181818181818182,0.8388429752066116,0.8733755853732713,0.6115702479338843
credit_approval,19,cart_fixed,0.05,0.02066115702479339,0.8347107438016529,0.7490480005216774,0.5454545454545454
credit_approval,19,mags_tuned,0.05,0.15289256198347106,0.8305785123966942,0.02608474148835649,0.21487603305785125
credit_approval,19,cart_tuned_depth,0.05,0.02066115702479339,0.8471074380165289,0.5761753719714443,0.5454545454545454
credit_approval,19,cart_pruned,0.05,0.0,0.8429752066115702,,0.0
credit_approval,19,noise_augmented_cart,0.05,0.02066115702479339,0.8264462809917356,2.39519917963801,0.6611570247933884
credit_approval,20,matched_gini,0.05,0.15289256198347106,0.8264462809917356,0.516265862731885,0.8471074380165289
credit_approval,20,mags_fixed,0.05,0.17355371900826447,0.8388429752066116,0.27087715159794945,0.5165289256198347
credit_approval,20,mags_binary_excluded,0.05,0.19421487603305784,0.8264462809917356,0.466288528488721,0.7768595041322314
credit_approval,20,matched_gini_unrestricted,0.05,0.16942148760330578,0.8347107438016529,0.6933627001185773,1.0
credit_approval,20,mags_fixed_unrestricted,0.05,0.15702479338842976,0.8388429752066116,0.46848831121525486,0.640495867768595
credit_approval,20,cart_fixed,0.05,0.09090909090909091,0.8223140495867769,0.36633386022819836,0.5578512396694215
credit_approval,20,mags_tuned,0.05,0.1487603305785124,0.8223140495867769,0.549750677674805,0.8057851239669421
credit_approval,20,cart_tuned_depth,0.05,0.08677685950413223,0.8305785123966942,0.23339415114138184,0.5247933884297521
credit_approval,20,cart_pruned,0.05,0.0,0.8636363636363636,,0.0
credit_approval,20,noise_augmented_cart,0.05,0.004132231404958678,0.8677685950413223,0.734833453460344,0.48760330578512395
credit_approval,21,matched_gini,0.05,0.13636363636363635,0.8305785123966942,0.45837934821563014,1.0
credit_approval,21,mags_fixed,0.05,0.128099173553719,0.8347107438016529,0.7014892389699282,0.9793388429752066
credit_approval,21,mags_binary_excluded,0.05,0.13636363636363635,0.8347107438016529,0.5197783793458968,1.0
credit_approval,21,matched_gini_unrestricted,0.05,0.14049586776859505,0.8347107438016529,0.5523237539389303,1.0
credit_approval,21,mags_fixed_unrestricted,0.05,0.1322314049586777,0.8347107438016529,0.44936731524525453,0.6570247933884298
credit_approval,21,cart_fixed,0.05,0.10743801652892562,0.8553719008264463,0.45837934348049275,1.0
credit_approval,21,mags_tuned,0.05,0.1322314049586777,0.8388429752066116,0.7836456362096494,0.9793388429752066
credit_approval,21,cart_tuned_depth,0.05,0.07851239669421488,0.8553719008264463,0.5197783711945098,1.0
credit_approval,21,cart_pruned,0.05,0.09917355371900827,0.8677685950413223,0.5753275622706144,0.5206611570247934
credit_approval,21,noise_augmented_cart,0.05,0.01652892561983471,0.871900826446281,1.0648200113331787,0.9338842975206612
credit_approval,22,matched_gini,0.05,0.13636363636363635,0.768595041322314,0.2804669151841598,1.0
credit_approval,22,mags_fixed,0.05,0.08264462809917356,0.8388429752066116,0.5012400221978864,0.6446280991735537
credit_approval,22,mags_binary_excluded,0.05,0.12396694214876033,0.7892561983471075,0.8001004400631959,1.0
credit_approval,22,matched_gini_unrestricted,0.05,0.045454545454545456,0.8264462809917356,0.1900895509413066,0.45454545454545453
credit_approval,22,mags_fixed_unrestricted,0.05,0.08264462809917356,0.8388429752066116,0.5012400221978864,0.6446280991735537
credit_approval,22,cart_fixed,0.05,0.09504132231404959,0.7768595041322314,0.2843640712405768,0.9504132231404959
credit_approval,22,mags_tuned,0.05,0.08264462809917356,0.8388429752066116,0.5012400221978864,0.6446280991735537
credit_approval,22,cart_tuned_depth,0.05,0.08264462809917356,0.8223140495867769,0.2840784947498205,0.48760330578512395
credit_approval,22,cart_pruned,0.05,0.0,0.8512396694214877,,0.0
credit_approval,22,noise_augmented_cart,0.05,0.008264462809917356,0.8512396694214877,1.1561778095491313,0.9834710743801653
credit_approval,23,matched_gini,0.05,0.11570247933884298,0.8223140495867769,0.47372699986607236,0.6570247933884298
credit_approval,23,mags_fixed,0.05,0.01652892561983471,0.8388429752066116,0.5108488477021557,0.2768595041322314
credit_approval,23,mags_binary_excluded,0.05,0.11570247933884298,0.8223140495867769,0.47372699986607236,0.6570247933884298
credit_approval,23,matched_gini_unrestricted,0.05,0.2190082644628099,0.7479338842975206,0.2781850160754313,1.0
credit_approval,23,mags_fixed_unrestricted,0.05,0.17768595041322313,0.743801652892562,0.1877996256008576,0.5867768595041323
credit_approval,23,cart_fixed,0.05,0.08264462809917356,0.8223140495867769,0.4845477195755146,0.5578512396694215
credit_approval,23,mags_tuned,0.05,0.01652892561983471,0.8429752066115702,0.5200460136159855,0.2603305785123967
credit_approval,23,cart_tuned_depth,0.05,0.0,0.8512396694214877,,0.0
credit_approval,23,cart_pruned,0.05,0.0,0.8512396694214877,,0.0
credit_approval,23,noise_augmented_cart,0.05,0.012396694214876033,0.8388429752066116,1.0350362288537687,0.9710743801652892
credit_approval,24,matched_gini,0.05,0.2066115702479339,0.8347107438016529,0.27426445269322086,1.0
credit_approval,24,mags_fixed,0.05,0.21074380165289255,0.8388429752066116,0.3712781713056271,0.9834710743801653
credit_approval,24,mags_binary_excluded,0.05,0.22727272727272727,0.8223140495867769,0.27426445269322086,1.0
credit_approval,24,matched_gini_unrestricted,0.05,0.2066115702479339,0.8181818181818182,0.3177205737477622,1.0
credit_approval,24,mags_fixed_unrestricted,0.05,0.2066115702479339,0.8181818181818182,0.36484607813739955,0.9834710743801653
credit_approval,24,cart_fixed,0.05,0.049586776859504134,0.8264462809917356,0.37127816534174984,0.9834710743801653
credit_approval,24,mags_tuned,0.05,0.17768595041322313,0.8471074380165289,0.5326754542199874,0.9834710743801653
credit_approval,24,cart_tuned_depth,0.05,0.0,0.871900826446281,,0.0
credit_approval,24,cart_pruned,0.05,0.01652892561983471,0.8388429752066116,0.5660241843163305,0.6859504132231405
credit_approval,24,noise_augmented_cart,0.05,0.008264462809917356,0.8801652892561983,1.0423543317263375,1.0
credit_approval,25,matched_gini,0.05,0.0371900826446281,0.8099173553719008,0.6417961250315054,0.6528925619834711
credit_approval,25,mags_fixed,0.05,0.004132231404958678,0.8305785123966942,0.6278440353786466,0.16942148760330578
credit_approval,25,mags_binary_excluded,0.05,0.0371900826446281,0.8099173553719008,0.6417961250315054,0.6528925619834711
credit_approval,25,matched_gini_unrestricted,0.05,0.0371900826446281,0.8099173553719008,0.6417961250315054,0.6528925619834711
credit_approval,25,mags_fixed_unrestricted,0.05,0.004132231404958678,0.8305785123966942,0.6278440353786466,0.16942148760330578
credit_approval,25,cart_fixed,0.05,0.02066115702479339,0.8264462809917356,0.6417961278069718,0.6528925619834711
credit_approval,25,mags_tuned,0.05,0.0,0.8305785123966942,,0.0
credit_approval,25,cart_tuned_depth,0.05,0.03305785123966942,0.8181818181818182,0.37127064280503547,0.6652892561983471
credit_approval,25,cart_pruned,0.05,0.0,0.8264462809917356,,0.0
credit_approval,25,noise_augmented_cart,0.05,0.0,0.8305785123966942,0.9389957093848171,0.15702479338842976
credit_approval,26,matched_gini,0.05,0.10330578512396695,0.8471074380165289,0.39554454953560647,0.5165289256198347
credit_approval,26,mags_fixed,0.05,0.08677685950413223,0.8388429752066116,0.01972614483736085,0.1487603305785124
credit_approval,26,mags_binary_excluded,0.05,0.10330578512396695,0.8471074380165289,0.39554454953560647,0.5165289256198347
credit_approval,26,matched_gini_unrestricted,0.05,0.1322314049586777,0.8347107438016529,0.6391352945578469,0.9917355371900827
credit_approval,26,mags_fixed_unrestricted,0.05,0.08677685950413223,0.8388429752066116,0.0270930591912837,0.15702479338842976
credit_approval,26,cart_fixed,0.05,0.012396694214876033,0.8553719008264463,0.04028851451145643,0.19834710743801653
credit_approval,26,mags_tuned,0.05,0.0743801652892562,0.8388429752066116,0.4779974480048163,0.3884297520661157
credit_approval,26,cart_tuned_depth,0.05,0.0,0.8553719008264463,,0.0
credit_approval,26,cart_pruned,0.05,0.0,0.8471074380165289,,0.0
credit_approval,26,noise_augmented_cart,0.05,0.012396694214876033,0.8429752066115702,1.120699275595964,0.21487603305785125
credit_approval,27,matched_gini,0.05,0.049586776859504134,0.8471074380165289,0.5738486088151273,0.987603305785124
credit_approval,27,mags_fixed,0.05,0.08677685950413223,0.8305785123966942,0.5431244178241619,0.9090909090909091
credit_approval,27,mags_binary_excluded,0.05,0.049586776859504134,0.8471074380165289,0.5738486088151273,0.987603305785124
credit_approval,27,matched_gini_unrestricted,0.05,0.049586776859504134,0.8471074380165289,0.5738486088151273,0.987603305785124
credit_approval,27,mags_fixed_unrestricted,0.05,0.0371900826446281,0.8553719008264463,0.47473831368298103,0.4834710743801653
credit_approval,27,cart_fixed,0.05,0.03305785123966942,0.8471074380165289,0.4747382991443413,0.9462809917355371
credit_approval,27,mags_tuned,0.05,0.0,0.8429752066115702,,0.0
credit_approval,27,cart_tuned_depth,0.05,0.03305785123966942,0.8471074380165289,0.4747382991443413,0.9462809917355371
credit_approval,27,cart_pruned,0.05,0.0,0.871900826446281,,0.0
credit_approval,27,noise_augmented_cart,0.05,0.0,0.8636363636363636,0.29630793438728414,0.12396694214876033
credit_approval,28,matched_gini,0.05,0.128099173553719,0.8471074380165289,0.48138401854023566,0.5371900826446281
credit_approval,28,mags_fixed,0.05,0.128099173553719,0.8471074380165289,0.03659486304429513,0.23553719008264462
credit_approval,28,mags_binary_excluded,0.05,0.128099173553719,0.8471074380165289,0.48138401854023566,0.5371900826446281
credit_approval,28,matched_gini_unrestricted,0.05,0.16942148760330578,0.8264462809917356,0.48138401854023566,0.7892561983471075
credit_approval,28,mags_fixed_unrestricted,0.05,0.1322314049586777,0.8388429752066116,0.4495292195887206,0.6115702479338843
credit_approval,28,cart_fixed,0.05,0.028925619834710745,0.8347107438016529,0.46926231865217943,0.6074380165289256
credit_approval,28,mags_tuned,0.05,0.008264462809917356,0.8512396694214877,0.47080842688300173,0.17355371900826447
credit_approval,28,cart_tuned_depth,0.05,0.028925619834710745,0.8429752066115702,0.03659486003016463,0.25206611570247933
credit_approval,28,cart_pruned,0.05,0.05371900826446281,0.8181818181818182,0.27674445159062877,0.628099173553719
credit_approval,28,noise_augmented_cart,0.05,0.008264462809917356,0.8347107438016529,1.1895234086903803,0.5909090909090909
credit_approval,29,matched_gini,0.05,0.1446280991735537,0.7851239669421488,0.4687232511333301,1.0
credit_approval,29,mags_fixed,0.05,0.07024793388429752,0.8181818181818182,0.07446197927758016,0.256198347107438
credit_approval,29,mags_binary_excluded,0.05,0.1446280991735537,0.7851239669421488,0.4687232511333301,1.0
credit_approval,29,matched_gini_unrestricted,0.05,0.06198347107438017,0.8099173553719008,0.9507485061353246,0.8471074380165289
credit_approval,29,mags_fixed_unrestricted,0.05,0.06611570247933884,0.8181818181818182,0.7702266380716554,0.6239669421487604
credit_approval,29,cart_fixed,0.05,0.03305785123966942,0.8016528925619835,1.040840480282295,1.0
credit_approval,29,mags_tuned,0.05,0.06611570247933884,0.8099173553719008,0.07446197927758016,0.23553719008264462
credit_approval,29,cart_tuned_depth,0.05,0.0,0.8140495867768595,,0.0
credit_approval,29,cart_pruned,0.05,0.01652892561983471,0.8016528925619835,0.935109863156013,0.5495867768595041
credit_approval,29,noise_augmented_cart,0.05,0.02066115702479339,0.8388429752066116,0.13405630111239564,0.2066115702479339
credit_g_openml,0,matched_gini,0.05,0.054285714285714284,0.7628571428571429,1.1212489762861848,0.7
credit_g_openml,0,mags_fixed,0.05,0.008571428571428572,0.7228571428571429,0.4992026872885661,0.42
credit_g_openml,0,mags_binary_excluded,0.05,0.054285714285714284,0.7628571428571429,1.1212489762861848,0.7
credit_g_openml,0,matched_gini_unrestricted,0.05,0.045714285714285714,0.6942857142857143,1.3687665538612868,0.9742857142857143
credit_g_openml,0,mags_fixed_unrestricted,0.05,0.025714285714285714,0.7371428571428571,0.4992026872885661,0.42
credit_g_openml,0,cart_fixed,0.05,0.022857142857142857,0.7485714285714286,0.44135745479083166,0.7
credit_g_openml,0,mags_tuned,0.05,0.008571428571428572,0.7228571428571429,0.4992026872885661,0.42
credit_g_openml,0,cart_tuned_depth,0.05,0.002857142857142857,0.7285714285714285,1.3687665456042484,0.7
credit_g_openml,0,cart_pruned,0.05,0.03428571428571429,0.7142857142857143,0.3429143952182535,0.8742857142857143
credit_g_openml,0,noise_augmented_cart,0.05,0.05142857142857143,0.7057142857142857,1.291448291812447,0.9114285714285715
credit_g_openml,2,matched_gini,0.05,0.022857142857142857,0.7114285714285714,0.6819827529576099,0.7114285714285714
credit_g_openml,2,mags_fixed,0.05,0.02,0.7228571428571429,0.6819827529576099,0.6371428571428571
credit_g_openml,2,mags_binary_excluded,0.05,0.022857142857142857,0.7114285714285714,0.6819827529576099,0.7114285714285714
credit_g_openml,2,matched_gini_unrestricted,0.05,0.025714285714285714,0.7085714285714285,0.7622160168937994,0.8885714285714286
credit_g_openml,2,mags_fixed_unrestricted,0.05,0.022857142857142857,0.72,0.7622160168937994,0.8142857142857143
credit_g_openml,2,cart_fixed,0.05,0.02,0.7085714285714285,0.681982754612604,0.7228571428571429
credit_g_openml,2,mags_tuned,0.05,0.014285714285714285,0.7142857142857143,0.8362204179371682,0.5485714285714286
credit_g_openml,2,cart_tuned_depth,0.05,0.02,0.7171428571428572,0.681982754612604,0.6228571428571429
credit_g_openml,2,cart_pruned,0.05,0.07428571428571429,0.72,0.3808763820502509,0.76
credit_g_openml,2,noise_augmented_cart,0.05,0.005714285714285714,0.7257142857142858,0.8712708604282531,0.6428571428571429
credit_g_openml,1,matched_gini,0.05,0.03428571428571429,0.6771428571428572,0.8441950807858207,0.9657142857142857
credit_g_openml,1,mags_fixed,0.05,0.002857142857142857,0.7,1.0049941436021677,0.9028571428571428
credit_g_openml,1,mags_binary_excluded,0.05,0.005714285714285714,0.6942857142857143,0.9887998589142947,0.9657142857142857
credit_g_openml,1,matched_gini_unrestricted,0.05,0.002857142857142857,0.7114285714285714,1.326592269234861,0.9657142857142857
credit_g_openml,1,mags_fixed_unrestricted,0.05,0.005714285714285714,0.7057142857142857,1.0049941436021677,0.8885714285714286
credit_g_openml,1,cart_fixed,0.05,0.02857142857142857,0.68,0.8441950811739,0.9657142857142857
credit_g_openml,1,mags_tuned,0.05,0.0,0.7028571428571428,0.8441950807858207,0.5028571428571429
credit_g_openml,1,cart_tuned_depth,0.05,0.04,0.7057142857142857,0.8441950811739,0.9657142857142857
credit_g_openml,1,cart_pruned,0.05,0.08571428571428572,0.6942857142857143,0.4019976610134948,0.9657142857142857
credit_g_openml,1,noise_augmented_cart,0.05,0.002857142857142857,0.7,1.0747824455665032,0.9
credit_g_openml,3,matched_gini,0.05,0.05714285714285714,0.72,1.3641220879823934,0.9257142857142857
credit_g_openml,3,mags_fixed,0.05,0.011428571428571429,0.7085714285714285,1.3432491974919032,0.8142857142857143
credit_g_openml,3,mags_binary_excluded,0.05,0.06571428571428571,0.7142857142857143,1.0516306484847038,0.9257142857142857
credit_g_openml,3,matched_gini_unrestricted,0.05,0.04857142857142857,0.6914285714285714,1.3641220879823934,0.9457142857142857
credit_g_openml,3,mags_fixed_unrestricted,0.05,0.011428571428571429,0.7,1.3432491974919032,0.8142857142857143
credit_g_openml,3,cart_fixed,0.05,0.002857142857142857,0.7257142857142858,1.3816812642309817,0.9257142857142857
credit_g_openml,3,mags_tuned,0.05,0.008571428571428572,0.6942857142857143,0.9220199461467584,0.6171428571428571
credit_g_openml,3,cart_tuned_depth,0.05,0.005714285714285714,0.6942857142857143,0.7618159304563208,0.9571428571428572
credit_g_openml,3,cart_pruned,0.05,0.005714285714285714,0.7485714285714286,0.5468479198379363,0.5828571428571429
credit_g_openml,3,noise_augmented_cart,0.05,0.002857142857142857,0.6714285714285714,2.1017321294863693,0.8057142857142857
credit_g_openml,4,matched_gini,0.05,0.011428571428571429,0.72,0.8436570883317512,0.8828571428571429
credit_g_openml,4,mags_fixed,0.05,0.0,0.7114285714285714,0.8436570883317512,0.4228571428571429
credit_g_openml,4,mags_binary_excluded,0.05,0.011428571428571429,0.7228571428571429,0.8436570883317512,0.8942857142857142
credit_g_openml,4,matched_gini_unrestricted,0.05,0.011428571428571429,0.72,0.8436570883317512,0.8828571428571429
credit_g_openml,4,mags_fixed_unrestricted,0.05,0.0,0.7114285714285714,0.8436570883317512,0.4228571428571429
credit_g_openml,4,cart_fixed,0.05,0.011428571428571429,0.7228571428571429,0.9279622881034062,0.9857142857142858
credit_g_openml,4,mags_tuned,0.05,0.08285714285714285,0.6971428571428572,0.3615673241421791,0.9885714285714285
credit_g_openml,4,cart_tuned_depth,0.05,0.0,0.7114285714285714,0.8436570860437576,0.54
credit_g_openml,4,cart_pruned,0.05,0.0,0.7057142857142857,0.8436570860437576,0.5628571428571428
credit_g_openml,4,noise_augmented_cart,0.05,0.054285714285714284,0.7257142857142858,0.8665160870164228,1.0
credit_g_openml,5,matched_gini,0.05,0.09142857142857143,0.6828571428571428,0.36961934188269735,0.6457142857142857
credit_g_openml,5,mags_fixed,0.05,0.0,0.66,0.8624451297262937,0.46
credit_g_openml,5,mags_binary_excluded,0.05,0.08857142857142856,0.68,0.36961934188269735,0.6314285714285715
credit_g_openml,5,matched_gini_unrestricted,0.05,0.005714285714285714,0.6771428571428572,1.108858022648092,0.8857142857142857
credit_g_openml,5,mags_fixed_unrestricted,0.05,0.002857142857142857,0.6542857142857142,1.108858023648092,0.7485714285714286
credit_g_openml,5,cart_fixed,0.05,0.07428571428571429,0.6828571428571428,0.36961934091204623,0.5714285714285714
credit_g_openml,5,mags_tuned,0.05,0.10285714285714286,0.6942857142857143,0.42448791895699944,0.6685714285714286
credit_g_openml,5,cart_tuned_depth,0.05,0.08285714285714285,0.66,0.451101381472976,0.7742857142857142
credit_g_openml,5,cart_pruned,0.05,0.07428571428571429,0.7228571428571429,0.3299269607385236,0.5428571428571428
credit_g_openml,5,noise_augmented_cart,0.05,0.08285714285714285,0.66,0.5385088012113739,0.5714285714285714
credit_g_openml,6,matched_gini,0.05,0.005714285714285714,0.7085714285714285,1.0790256973470858,0.8657142857142858
credit_g_openml,6,mags_fixed,0.05,0.0,0.7171428571428572,0.8392422100477334,0.43142857142857144
credit_g_openml,6,mags_binary_excluded,0.05,0.005714285714285714,0.7085714285714285,1.0790256973470858,0.8657142857142858
credit_g_openml,6,matched_gini_unrestricted,0.05,0.005714285714285714,0.7085714285714285,0.9443859417215654,0.8657142857142858
credit_g_openml,6,mags_fixed_unrestricted,0.05,0.0,0.7171428571428572,0.8392422100477334,0.43142857142857144
credit_g_openml,6,cart_fixed,0.05,0.008571428571428572,0.7,1.0790256971841305,0.8485714285714285
credit_g_openml,6,mags_tuned,0.05,0.0,0.7171428571428572,0.8392422100477334,0.43142857142857144
credit_g_openml,6,cart_tuned_depth,0.05,0.0,0.7171428571428572,0.839242208884778,0.36
credit_g_openml,6,cart_pruned,0.05,0.04857142857142857,0.6657142857142857,0.5757990766590453,0.9314285714285714
credit_g_openml,6,noise_augmented_cart,0.05,0.045714285714285714,0.6828571428571428,1.0712806991003903,0.8685714285714285
credit_g_openml,7,matched_gini,0.05,0.04285714285714286,0.7228571428571429,0.6536911733686432,0.9542857142857143
credit_g_openml,7,mags_fixed,0.05,0.008571428571428572,0.6971428571428572,0.9151676427161004,0.76
credit_g_openml,7,mags_binary_excluded,0.05,0.03142857142857143,0.7228571428571429,0.6134156109458131,0.9542857142857143
credit_g_openml,7,matched_gini_unrestricted,0.05,0.04,0.7314285714285714,0.523754725955522,0.7742857142857142
credit_g_openml,7,mags_fixed_unrestricted,0.05,0.008571428571428572,0.6971428571428572,0.653691173368643,0.58
credit_g_openml,7,cart_fixed,0.05,0.037142857142857144,0.7257142857142858,0.6536911711353043,0.9457142857142857
credit_g_openml,7,mags_tuned,0.05,0.0,0.6942857142857143,0.8479543327140177,0.32571428571428573
credit_g_openml,7,cart_tuned_depth,0.05,0.04285714285714286,0.68,0.47937353024905005,0.9542857142857143
credit_g_openml,7,cart_pruned,0.05,0.04285714285714286,0.66,0.47937353024905005,0.98
credit_g_openml,7,noise_augmented_cart,0.05,0.011428571428571429,0.7257142857142858,0.5404231060325225,0.6571428571428571
credit_g_openml,8,matched_gini,0.05,0.10571428571428572,0.6942857142857143,0.2508312174393856,0.6342857142857142
credit_g_openml,8,mags_fixed,0.05,0.03428571428571429,0.6771428571428572,1.0441118919571286,0.26
credit_g_openml,8,mags_binary_excluded,0.05,0.04,0.6628571428571428,0.5064161838089953,0.7942857142857143
credit_g_openml,8,matched_gini_unrestricted,0.05,0.04,0.6828571428571428,1.0441118919571286,0.49714285714285716
credit_g_openml,8,mags_fixed_unrestricted,0.05,0.03428571428571429,0.6771428571428572,1.0441118919571286,0.26
credit_g_openml,8,cart_fixed,0.05,0.037142857142857144,0.6885714285714286,0.4407919352278212,0.6342857142857142
credit_g_openml,8,mags_tuned,0.05,0.045714285714285714,0.6485714285714286,1.0305368142236597,0.5142857142857142
credit_g_openml,8,cart_tuned_depth,0.05,0.03428571428571429,0.6314285714285715,0.37527679790852153,0.8228571428571428
credit_g_openml,8,cart_pruned,0.05,0.04285714285714286,0.7114285714285714,0.37842375990046007,0.6342857142857142
credit_g_openml,8,noise_augmented_cart,0.05,0.1,0.6657142857142857,0.4057232596978825,0.5285714285714286
credit_g_openml,9,matched_gini,0.05,0.04285714285714286,0.6714285714285714,1.5774989781478568,0.8742857142857143
credit_g_openml,9,mags_fixed,0.05,0.005714285714285714,0.6857142857142857,0.879664439186246,0.21142857142857144
credit_g_openml,9,mags_binary_excluded,0.05,0.04285714285714286,0.6885714285714286,1.5774989781478568,0.9571428571428572
credit_g_openml,9,matched_gini_unrestricted,0.05,0.04285714285714286,0.6885714285714286,1.5774989781478568,0.8742857142857143
credit_g_openml,9,mags_fixed_unrestricted,0.05,0.005714285714285714,0.6971428571428572,0.879664439186246,0.22285714285714286
credit_g_openml,9,cart_fixed,0.05,0.008571428571428572,0.6657142857142857,1.5774989857966157,0.9457142857142857
credit_g_openml,9,mags_tuned,0.05,0.037142857142857144,0.6714285714285714,1.426966566196736,0.5485714285714286
credit_g_openml,9,cart_tuned_depth,0.05,0.017142857142857144,0.6514285714285715,0.6625227609455155,0.96
credit_g_openml,9,cart_pruned,0.05,0.005714285714285714,0.7,1.5774989857966157,0.52
credit_g_openml,9,noise_augmented_cart,0.05,0.04857142857142857,0.6942857142857143,1.6451397671992036,0.5371428571428571
credit_g_openml,10,matched_gini,0.05,0.05714285714285714,0.6771428571428572,0.541773465625435,0.6857142857142857
credit_g_openml,10,mags_fixed,0.05,0.045714285714285714,0.6885714285714286,0.5434388576891291,0.6485714285714286
credit_g_openml,10,mags_binary_excluded,0.05,0.054285714285714284,0.6771428571428572,0.541773465625435,0.6857142857142857
credit_g_openml,10,matched_gini_unrestricted,0.05,0.07142857142857142,0.6571428571428571,0.541773465625435,0.7685714285714286
credit_g_openml,10,mags_fixed_unrestricted,0.05,0.05714285714285714,0.6885714285714286,0.541773465625435,0.5885714285714285
credit_g_openml,10,cart_fixed,0.05,0.037142857142857144,0.6857142857142857,0.541773456330994,0.6457142857142857
credit_g_openml,10,mags_tuned,0.05,0.017142857142857144,0.7,0.541773465625435,0.3742857142857143
credit_g_openml,10,cart_tuned_depth,0.05,0.0,0.7142857142857143,0.541773456330994,0.38285714285714284
credit_g_openml,10,cart_pruned,0.05,0.037142857142857144,0.6942857142857143,0.43306100272003933,0.6628571428571428
credit_g_openml,10,noise_augmented_cart,0.05,0.02,0.6971428571428572,0.6029010311533431,0.7542857142857143
credit_g_openml,11,matched_gini,0.05,0.008571428571428572,0.7171428571428572,0.8789531934182876,0.7257142857142858
credit_g_openml,11,mags_fixed,0.05,0.002857142857142857,0.7228571428571429,0.902706540969559,0.6257142857142857
credit_g_openml,11,mags_binary_excluded,0.05,0.011428571428571429,0.68,0.8789531934182876,0.8657142857142858
credit_g_openml,11,matched_gini_unrestricted,0.05,0.008571428571428572,0.7171428571428572,0.8789531934182876,0.7257142857142858
credit_g_openml,11,mags_fixed_unrestricted,0.05,0.002857142857142857,0.7228571428571429,0.902706540969559,0.6257142857142857
credit_g_openml,11,cart_fixed,0.05,0.008571428571428572,0.7228571428571429,0.8789531928166031,0.6742857142857143
credit_g_openml,11,mags_tuned,0.05,0.025714285714285714,0.6657142857142857,0.7504528715435965,0.6914285714285714
credit_g_openml,11,cart_tuned_depth,0.05,0.025714285714285714,0.6142857142857143,0.4497676637376088,0.8657142857142858
credit_g_openml,11,cart_pruned,0.05,0.03428571428571429,0.6514285714285715,0.44976762670339343,0.8571428571428571
credit_g_openml,11,noise_augmented_cart,0.05,0.011428571428571429,0.7085714285714285,0.9106235309030029,0.8114285714285714
credit_g_openml,12,matched_gini,0.05,0.10857142857142857,0.7057142857142857,0.4783114678264272,0.9314285714285714
credit_g_openml,12,mags_fixed,0.05,0.02,0.6485714285714286,0.913140074941361,0.58
credit_g_openml,12,mags_binary_excluded,0.05,0.02,0.6885714285714286,1.401837235971703,1.0
credit_g_openml,12,matched_gini_unrestricted,0.05,0.03142857142857143,0.7028571428571428,1.1469577395223025,0.9085714285714286
credit_g_openml,12,mags_fixed_unrestricted,0.05,0.02,0.6485714285714286,0.913140074941361,0.58
credit_g_openml,12,cart_fixed,0.05,0.06,0.7142857142857143,0.47831147201147306,0.9314285714285714
credit_g_openml,12,mags_tuned,0.05,0.0,0.62,0.7646384933482017,0.4
credit_g_openml,12,cart_tuned_depth,0.05,0.06,0.6342857142857142,0.45965387484891096,0.9314285714285714
credit_g_openml,12,cart_pruned,0.05,0.0,0.7114285714285714,1.4018372269855925,0.5428571428571428
credit_g_openml,12,noise_augmented_cart,0.05,0.0,0.6885714285714286,0.9432154503918182,0.7657142857142857
credit_g_openml,13,matched_gini,0.05,0.011428571428571429,0.7142857142857143,0.9891175160147649,0.96
credit_g_openml,13,mags_fixed,0.05,0.017142857142857144,0.6914285714285714,1.3534827885678853,0.6028571428571429
credit_g_openml,13,mags_binary_excluded,0.05,0.011428571428571429,0.7314285714285714,0.9579283968741408,0.96
credit_g_openml,13,matched_gini_unrestricted,0.05,0.017142857142857144,0.7142857142857143,1.1349743320413899,0.9085714285714286
credit_g_openml,13,mags_fixed_unrestricted,0.05,0.017142857142857144,0.6914285714285714,1.3534827885678853,0.6028571428571429
credit_g_openml,13,cart_fixed,0.05,0.008571428571428572,0.7057142857142857,1.5382222626563657,0.7885714285714286
credit_g_openml,13,mags_tuned,0.05,0.02,0.7142857142857143,0.9668299867019244,0.7914285714285715
credit_g_openml,13,cart_tuned_depth,0.05,0.002857142857142857,0.6685714285714286,2.2008491393647116,0.3
credit_g_openml,13,cart_pruned,0.05,0.002857142857142857,0.6771428571428572,2.2008491393647116,0.3
credit_g_openml,13,noise_augmented_cart,0.05,0.022857142857142857,0.6914285714285714,1.3113117301054862,0.8371428571428572
credit_g_openml,14,matched_gini,0.05,0.011428571428571429,0.6942857142857143,0.6376672958866758,0.9571428571428572
credit_g_openml,14,mags_fixed,0.05,0.002857142857142857,0.6971428571428572,0.8927342138413461,0.4542857142857143
credit_g_openml,14,mags_binary_excluded,0.05,0.011428571428571429,0.6942857142857143,0.6376672958866758,0.9571428571428572
credit_g_openml,14,matched_gini_unrestricted,0.05,0.08285714285714285,0.6914285714285714,0.3826003779320055,0.9571428571428572
credit_g_openml,14,mags_fixed_unrestricted,0.05,0.0,0.6971428571428572,0.8927342138413461,0.37142857142857144
credit_g_openml,14,cart_fixed,0.05,0.011428571428571429,0.6914285714285714,0.4427509465281838,0.9571428571428572
credit_g_openml,14,mags_tuned,0.05,0.0,0.7114285714285714,0.8927342138413461,0.5714285714285714
credit_g_openml,14,cart_tuned_depth,0.05,0.03428571428571429,0.6742857142857143,0.40110613976683906,0.98
credit_g_openml,14,cart_pruned,0.05,0.014285714285714285,0.7171428571428572,0.42284243545064704,0.7714285714285715
credit_g_openml,14,noise_augmented_cart,0.05,0.0,0.7142857142857143,0.5513497592415739,0.8257142857142857
credit_g_openml,15,matched_gini,0.05,0.022857142857142857,0.72,0.8327791036783079,0.9971428571428571
credit_g_openml,15,mags_fixed,0.05,0.014285714285714285,0.7171428571428572,1.1673883147058521,0.56
credit_g_openml,15,mags_binary_excluded,0.05,0.022857142857142857,0.7285714285714285,0.8496627763739296,0.9971428571428571
credit_g_openml,15,matched_gini_unrestricted,0.05,0.005714285714285714,0.7228571428571429,0.8755412366543889,0.6857142857142857
credit_g_openml,15,mags_fixed_unrestricted,0.05,0.014285714285714285,0.7171428571428572,1.1673883147058521,0.56
credit_g_openml,15,cart_fixed,0.05,0.017142857142857144,0.7142857142857143,0.8327790847360628,0.9971428571428571
credit_g_openml,15,mags_tuned,0.05,0.04285714285714286,0.72,0.49012751276510347,0.9485714285714286
credit_g_openml,15,cart_tuned_depth,0.05,0.017142857142857144,0.7142857142857143,0.8327790847360628,0.9971428571428571
credit_g_openml,15,cart_pruned,0.05,0.045714285714285714,0.6885714285714286,0.39447429332642714,0.9885714285714285
credit_g_openml,15,noise_augmented_cart,0.05,0.005714285714285714,0.6914285714285714,0.7001481323158023,0.5428571428571428
credit_g_openml,16,matched_gini,0.05,0.054285714285714284,0.7314285714285714,0.5524143155092032,0.8771428571428571
credit_g_openml,16,mags_fixed,0.05,0.03142857142857143,0.7371428571428571,0.6214594721133473,0.5342857142857143
credit_g_openml,16,mags_binary_excluded,0.05,0.017142857142857144,0.72,0.655971011400917,0.8171428571428572
credit_g_openml,16,matched_gini_unrestricted,0.05,0.05142857142857143,0.7171428571428572,0.5633783986843627,0.9371428571428572
credit_g_openml,16,mags_fixed_unrestricted,0.05,0.03142857142857143,0.7257142857142858,0.6214594731133473,0.8542857142857143
credit_g_openml,16,cart_fixed,0.05,0.054285714285714284,0.7114285714285714,0.6214594569142331,0.9971428571428571
credit_g_openml,16,mags_tuned,0.05,0.03142857142857143,0.7142857142857143,0.7043207360617936,0.5914285714285714
credit_g_openml,16,cart_tuned_depth,0.05,0.10285714285714286,0.6971428571428572,0.45573694832694084,0.9885714285714285
credit_g_openml,16,cart_pruned,0.05,0.03142857142857143,0.7314285714285714,0.6214594410900376,0.4742857142857143
credit_g_openml,16,noise_augmented_cart,0.05,0.0,0.72,0.9007810582522193,0.5771428571428572
credit_g_openml,17,matched_gini,0.05,0.017142857142857144,0.6885714285714286,0.8864159358020341,0.7771428571428571
credit_g_openml,17,mags_fixed,0.05,0.008571428571428572,0.6628571428571428,0.47620718966020986,0.27714285714285714
credit_g_openml,17,mags_binary_excluded,0.05,0.017142857142857144,0.6885714285714286,0.8864159358020341,0.7771428571428571
credit_g_openml,17,matched_gini_unrestricted,0.05,0.008571428571428572,0.6857142857142857,0.8864159358020341,0.7285714285714285
credit_g_openml,17,mags_fixed_unrestricted,0.05,0.008571428571428572,0.6628571428571428,0.47620718966020986,0.27714285714285714
credit_g_openml,17,cart_fixed,0.05,0.011428571428571429,0.6857142857142857,0.8864159322928138,0.8085714285714286
credit_g_openml,17,mags_tuned,0.05,0.0,0.6914285714285714,0.9091478192506148,0.02857142857142857
credit_g_openml,17,cart_tuned_depth,0.05,0.022857142857142857,0.6942857142857143,0.4762071916000622,0.9142857142857143
credit_g_openml,17,cart_pruned,0.05,0.014285714285714285,0.7,0.4762071740400208,0.7914285714285715
credit_g_openml,17,noise_augmented_cart,0.05,0.0,0.7085714285714285,0.9016660949799664,0.4228571428571429
credit_g_openml,18,matched_gini,0.05,0.07142857142857142,0.6914285714285714,0.6865454975060375,0.9628571428571429
credit_g_openml,18,mags_fixed,0.05,0.06,0.72,0.6266157484186413,0.7228571428571429
credit_g_openml,18,mags_binary_excluded,0.05,0.07142857142857142,0.6914285714285714,0.6865454975060375,0.9628571428571429
credit_g_openml,18,matched_gini_unrestricted,0.05,0.06857142857142857,0.6914285714285714,0.6266157484186413,0.9628571428571429
credit_g_openml,18,mags_fixed_unrestricted,0.05,0.06571428571428571,0.72,0.9611636965084525,0.8857142857142857
credit_g_openml,18,cart_fixed,0.05,0.06857142857142857,0.68,0.6865454675623958,0.9628571428571429
credit_g_openml,18,mags_tuned,0.05,0.06571428571428571,0.7,0.61434288423748,0.98
credit_g_openml,18,cart_tuned_depth,0.05,0.002857142857142857,0.6971428571428572,0.8772620418409812,0.24857142857142858
credit_g_openml,18,cart_pruned,0.05,0.0,0.7142857142857143,0.8772620418409812,0.5828571428571429
credit_g_openml,18,noise_augmented_cart,0.05,0.07142857142857142,0.6685714285714286,0.5283068443329517,0.9971428571428571
credit_g_openml,19,matched_gini,0.05,0.06857142857142857,0.66,0.6886531253482717,0.94
credit_g_openml,19,mags_fixed,0.05,0.022857142857142857,0.7114285714285714,0.8627931388966465,0.7571428571428571
credit_g_openml,19,mags_binary_excluded,0.05,0.06857142857142857,0.66,0.6886531253482717,0.94
credit_g_openml,19,matched_gini_unrestricted,0.05,0.06857142857142857,0.6657142857142857,0.7408405589654246,0.9514285714285714
credit_g_openml,19,mags_fixed_unrestricted,0.05,0.017142857142857144,0.6771428571428572,0.8627931388966465,0.7714285714285715
credit_g_openml,19,cart_fixed,0.05,0.045714285714285714,0.6657142857142857,0.688653125358206,0.94
credit_g_openml,19,mags_tuned,0.05,0.022857142857142857,0.6685714285714286,1.0023136979238099,0.76
credit_g_openml,19,cart_tuned_depth,0.05,0.045714285714285714,0.6657142857142857,0.688653125358206,0.94
credit_g_openml,19,cart_pruned,0.05,0.02857142857142857,0.6828571428571428,0.37189375914601647,0.5914285714285714
credit_g_openml,19,noise_augmented_cart,0.05,0.005714285714285714,0.7114285714285714,1.070479977109834,1.0
credit_g_openml,20,matched_gini,0.05,0.06285714285714286,0.6971428571428572,0.9750744707786881,1.0
credit_g_openml,20,mags_fixed,0.05,0.054285714285714284,0.6714285714285714,0.9750744707786881,0.8371428571428572
credit_g_openml,20,mags_binary_excluded,0.05,0.06285714285714286,0.6971428571428572,0.9750744707786881,1.0
credit_g_openml,20,matched_gini_unrestricted,0.05,0.10857142857142857,0.6657142857142857,0.6010021998777445,0.9514285714285714
credit_g_openml,20,mags_fixed_unrestricted,0.05,0.054285714285714284,0.6714285714285714,0.9750744707786881,0.8371428571428572
credit_g_openml,20,cart_fixed,0.05,0.07142857142857142,0.66,0.6902565141010522,1.0
credit_g_openml,20,mags_tuned,0.05,0.017142857142857144,0.6885714285714286,1.05986355510727,0.8657142857142858
credit_g_openml,20,cart_tuned_depth,0.05,0.07428571428571429,0.6542857142857142,0.6206338849760211,1.0
credit_g_openml,20,cart_pruned,0.05,0.11142857142857143,0.6628571428571428,0.2967617953842453,0.66
credit_g_openml,20,noise_augmented_cart,0.05,0.005714285714285714,0.6885714285714286,0.9560104090268533,0.5085714285714286
credit_g_openml,21,matched_gini,0.05,0.02857142857142857,0.6685714285714286,0.8017449538228401,0.9371428571428572
credit_g_openml,21,mags_fixed,0.05,0.011428571428571429,0.6828571428571428,0.6370958506098514,0.15714285714285714
credit_g_openml,21,mags_binary_excluded,0.05,0.02857142857142857,0.6685714285714286,0.6370958516098514,0.8028571428571428
credit_g_openml,21,matched_gini_unrestricted,0.05,0.037142857142857144,0.7057142857142857,0.3822575113659109,0.7085714285714285
credit_g_openml,21,mags_fixed_unrestricted,0.05,0.011428571428571429,0.6828571428571428,0.6370958506098514,0.15714285714285714
credit_g_openml,21,cart_fixed,0.05,0.017142857142857144,0.68,0.8017449489134482,0.9371428571428572
credit_g_openml,21,mags_tuned,0.05,0.011428571428571429,0.6714285714285714,0.6370958506098514,0.15714285714285714
credit_g_openml,21,cart_tuned_depth,0.05,0.002857142857142857,0.6657142857142857,0.6370958546375395,0.6457142857142857
credit_g_openml,21,cart_pruned,0.05,0.045714285714285714,0.6771428571428572,0.44235542768258906,0.9914285714285714
credit_g_openml,21,noise_augmented_cart,0.05,0.022857142857142857,0.6742857142857143,0.5535324672435881,0.6771428571428572
credit_g_openml,22,matched_gini,0.05,0.05142857142857143,0.6885714285714286,1.33573675883857,1.0
credit_g_openml,22,mags_fixed,0.05,0.04857142857142857,0.6714285714285714,0.7347983668991717,0.6342857142857142
credit_g_openml,22,mags_binary_excluded,0.05,0.06857142857142857,0.6628571428571428,0.8191550178684137,1.0
credit_g_openml,22,matched_gini_unrestricted,0.05,0.05714285714285714,0.6857142857142857,1.1657190694323,1.0
credit_g_openml,22,mags_fixed_unrestricted,0.05,0.05714285714285714,0.6742857142857143,0.5485945510513957,0.6685714285714286
credit_g_openml,22,cart_fixed,0.05,0.05714285714285714,0.6914285714285714,1.216468654487083,1.0
credit_g_openml,22,mags_tuned,0.05,0.04285714285714286,0.6714285714285714,0.777623409057419,0.6828571428571428
credit_g_openml,22,cart_tuned_depth,0.05,0.002857142857142857,0.6942857142857143,3.0936666276720945,0.37714285714285717
credit_g_openml,22,cart_pruned,0.05,0.08,0.66,0.44524558821591453,0.6228571428571429
credit_g_openml,22,noise_augmented_cart,0.05,0.011428571428571429,0.68,1.4795847663644799,1.0
credit_g_openml,23,matched_gini,0.05,0.0,0.6828571428571428,0.938091333568943,0.8942857142857142
credit_g_openml,23,mags_fixed,0.05,0.002857142857142857,0.7114285714285714,0.8565181742151219,0.5
credit_g_openml,23,mags_binary_excluded,0.05,0.0,0.6828571428571428,0.938091333568943,0.8942857142857142
credit_g_openml,23,matched_gini_unrestricted,0.05,0.017142857142857144,0.6714285714285714,0.7749450138613008,0.8142857142857143
credit_g_openml,23,mags_fixed_unrestricted,0.05,0.0,0.6828571428571428,0.8565181742151219,0.5
credit_g_openml,23,cart_fixed,0.05,0.002857142857142857,0.6742857142857143,0.7749449700741056,0.7885714285714286
credit_g_openml,23,mags_tuned,0.05,0.0,0.7,0.8565181742151219,0.6114285714285714
credit_g_openml,23,cart_tuned_depth,0.05,0.008571428571428572,0.6714285714285714,0.856518173010288,0.94
credit_g_openml,23,cart_pruned,0.05,0.0,0.6857142857142857,0.8565181744199559,0.6114285714285714
credit_g_openml,23,noise_augmented_cart,0.05,0.054285714285714284,0.6685714285714286,0.6526740287884977,0.5828571428571429
credit_g_openml,24,matched_gini,0.05,0.011428571428571429,0.6971428571428572,0.8676778749268413,0.9971428571428571
credit_g_openml,24,mags_fixed,0.05,0.011428571428571429,0.7142857142857143,0.8676778749268413,0.94
credit_g_openml,24,mags_binary_excluded,0.05,0.011428571428571429,0.6971428571428572,0.8676778749268413,0.9971428571428571
credit_g_openml,24,matched_gini_unrestricted,0.05,0.011428571428571429,0.6971428571428572,0.8676778749268413,0.9971428571428571
credit_g_openml,24,mags_fixed_unrestricted,0.05,0.011428571428571429,0.7142857142857143,0.8676778749268413,0.94
credit_g_openml,24,cart_fixed,0.05,0.008571428571428572,0.6942857142857143,0.8676778805416129,0.9971428571428571
credit_g_openml,24,mags_tuned,0.05,0.011428571428571429,0.7114285714285714,0.8676778749268413,0.9771428571428571
credit_g_openml,24,cart_tuned_depth,0.05,0.03428571428571429,0.6914285714285714,0.454497931479747,0.9971428571428571
credit_g_openml,24,cart_pruned,0.05,0.025714285714285714,0.7171428571428572,0.36703075535237634,0.5971428571428572
credit_g_openml,24,noise_augmented_cart,0.05,0.014285714285714285,0.7,0.8808090492125652,0.9314285714285714
credit_g_openml,25,matched_gini,0.05,0.022857142857142857,0.66,0.4515526761224995,0.7657142857142857
credit_g_openml,25,mags_fixed,0.05,0.002857142857142857,0.68,1.2012898305106683,0.6257142857142857
credit_g_openml,25,mags_binary_excluded,0.05,0.022857142857142857,0.66,0.4515526761224995,0.7657142857142857
credit_g_openml,25,matched_gini_unrestricted,0.05,0.022857142857142857,0.66,0.4183745119724807,0.6485714285714286
credit_g_openml,25,mags_fixed_unrestricted,0.05,0.002857142857142857,0.68,1.2012898305106683,0.6257142857142857
credit_g_openml,25,cart_fixed,0.05,0.045714285714285714,0.6742857142857143,0.45155269964005873,0.7285714285714285
credit_g_openml,25,mags_tuned,0.05,0.02,0.68,0.45177206416027826,0.7828571428571428
credit_g_openml,25,cart_tuned_depth,0.05,0.025714285714285714,0.6514285714285715,0.4556616432494361,0.8342857142857143
credit_g_openml,25,cart_pruned,0.05,0.04857142857142857,0.6857142857142857,0.4515526536049403,0.6257142857142857
credit_g_openml,25,noise_augmented_cart,0.05,0.014285714285714285,0.6428571428571429,0.4149507904405277,0.6428571428571429
credit_g_openml,26,matched_gini,0.05,0.03428571428571429,0.7085714285714285,0.6934785986586782,0.62
credit_g_openml,26,mags_fixed,0.05,0.025714285714285714,0.7142857142857143,0.6934785986586782,0.4714285714285714
credit_g_openml,26,mags_binary_excluded,0.05,0.11142857142857143,0.7028571428571428,0.28555001080063225,0.62
credit_g_openml,26,matched_gini_unrestricted,0.05,0.03142857142857143,0.7114285714285714,0.6934785986586782,0.62
credit_g_openml,26,mags_fixed_unrestricted,0.05,0.022857142857142857,0.7171428571428572,0.6934785986586782,0.4714285714285714
credit_g_openml,26,cart_fixed,0.05,0.017142857142857144,0.6914285714285714,0.6934785990163284,0.62
credit_g_openml,26,mags_tuned,0.05,0.022857142857142857,0.7228571428571429,0.6934785986586782,0.32571428571428573
credit_g_openml,26,cart_tuned_depth,0.05,0.017142857142857144,0.7028571428571428,0.4515452607266739,0.6028571428571429
credit_g_openml,26,cart_pruned,0.05,0.025714285714285714,0.7142857142857143,0.28555001044298206,0.5342857142857143
credit_g_openml,26,noise_augmented_cart,0.05,0.011428571428571429,0.7085714285714285,0.6684737015108266,0.5114285714285715
credit_g_openml,27,matched_gini,0.05,0.008571428571428572,0.7142857142857143,1.1174345411183804,0.7628571428571429
credit_g_openml,27,mags_fixed,0.05,0.008571428571428572,0.6971428571428572,1.7366922036154893,0.43142857142857144
credit_g_openml,27,mags_binary_excluded,0.05,0.008571428571428572,0.7114285714285714,1.1174345411183804,0.76
credit_g_openml,27,matched_gini_unrestricted,0.05,0.008571428571428572,0.7057142857142857,1.11743454011838,0.7114285714285714
credit_g_openml,27,mags_fixed_unrestricted,0.05,0.008571428571428572,0.6942857142857143,1.9743369400864839,0.4085714285714286
credit_g_openml,27,cart_fixed,0.05,0.005714285714285714,0.7114285714285714,1.117434532250236,0.7628571428571429
credit_g_openml,27,mags_tuned,0.05,0.037142857142857144,0.6857142857142857,0.8421158760801358,0.9371428571428572
credit_g_openml,27,cart_tuned_depth,0.05,0.06285714285714286,0.68,0.535016657413018,0.9371428571428572
credit_g_openml,27,cart_pruned,0.05,0.05714285714285714,0.7257142857142858,0.37247818890760453,0.5285714285714286
credit_g_openml,27,noise_augmented_cart,0.05,0.022857142857142857,0.7314285714285714,1.2913060912737517,0.76
diabetes,0,matched_gini,0.05,0.08921933085501858,0.7397769516728625,0.46300737101855494,1.0
diabetes,0,mags_fixed,0.05,0.07806691449814127,0.7360594795539034,0.4645113578943268,1.0
diabetes,0,mags_binary_excluded,0.05,0.07806691449814127,0.7360594795539034,0.4645113578943268,1.0
diabetes,0,matched_gini_unrestricted,0.05,0.06319702602230483,0.7026022304832714,0.488215057362473,1.0
diabetes,0,mags_fixed_unrestricted,0.05,0.05947955390334572,0.7026022304832714,0.4645113578943268,1.0
diabetes,0,cart_fixed,0.05,0.048327137546468404,0.7434944237918215,0.45671729857452376,1.0
diabetes,0,mags_tuned,0.05,0.07806691449814127,0.7360594795539034,0.4645113578943268,1.0
diabetes,0,cart_tuned_depth,0.05,0.04460966542750929,0.7137546468401487,0.44295709734191635,1.0
diabetes,0,cart_pruned,0.05,0.03345724907063197,0.7323420074349443,0.6012402606961459,1.0
diabetes,0,noise_augmented_cart,0.05,0.026022304832713755,0.7026022304832714,0.4926126342594164,1.0
credit_g_openml,28,matched_gini,0.05,0.04,0.7171428571428572,1.0748608872059544,0.9742857142857143
credit_g_openml,28,mags_fixed,0.05,0.011428571428571429,0.6742857142857143,1.0748608872059544,0.4828571428571429
credit_g_openml,28,mags_binary_excluded,0.05,0.04,0.7171428571428572,1.0748608872059544,0.9742857142857143
credit_g_openml,28,matched_gini_unrestricted,0.05,0.03428571428571429,0.7171428571428572,1.0748608872059544,0.9742857142857143
credit_g_openml,28,mags_fixed_unrestricted,0.05,0.011428571428571429,0.6742857142857143,1.0552069403192077,0.4828571428571429
credit_g_openml,28,cart_fixed,0.05,0.03142857142857143,0.7142857142857143,1.0748608831872601,0.9742857142857143
credit_g_openml,28,mags_tuned,0.05,0.008571428571428572,0.68,1.0748608872059544,0.34
credit_g_openml,28,cart_tuned_depth,0.05,0.04285714285714286,0.6971428571428572,0.4525145844926503,0.9428571428571428
credit_g_openml,28,cart_pruned,0.05,0.04857142857142857,0.6657142857142857,0.47293878635192566,0.9542857142857143
credit_g_openml,28,noise_augmented_cart,0.05,0.037142857142857144,0.7,1.2325461344681004,0.96
diabetes,1,matched_gini,0.05,0.06691449814126393,0.7211895910780669,0.6104990866784415,1.0
diabetes,1,mags_fixed,0.05,0.06691449814126393,0.7211895910780669,0.6104990866784415,1.0
diabetes,1,mags_binary_excluded,0.05,0.06691449814126393,0.7211895910780669,0.6104990866784415,1.0
diabetes,1,matched_gini_unrestricted,0.05,0.1449814126394052,0.7100371747211895,0.3100870677625416,1.0
diabetes,1,mags_fixed_unrestricted,0.05,0.1449814126394052,0.7100371747211895,0.3100870677625416,1.0
diabetes,1,cart_fixed,0.05,0.07063197026022305,0.7063197026022305,0.5165761512974442,1.0
diabetes,1,mags_tuned,0.05,0.05204460966542751,0.7286245353159851,0.7044220229366632,1.0
diabetes,1,cart_tuned_depth,0.05,0.03717472118959108,0.7360594795539034,0.7044220238138876,1.0
diabetes,1,cart_pruned,0.05,0.07063197026022305,0.7397769516728625,0.29787327046467227,1.0
diabetes,1,noise_augmented_cart,0.05,0.040892193308550186,0.7174721189591078,0.37679595271978994,1.0
credit_g_openml,29,matched_gini,0.05,0.05714285714285714,0.6685714285714286,0.4900078888509244,1.0
credit_g_openml,29,mags_fixed,0.05,0.017142857142857144,0.6457142857142857,0.6564258208872706,0.6914285714285714
credit_g_openml,29,mags_binary_excluded,0.05,0.05714285714285714,0.6685714285714286,0.4900078888509244,1.0
credit_g_openml,29,matched_gini_unrestricted,0.05,0.04285714285714286,0.64,0.4423554129206196,0.9228571428571428
credit_g_openml,29,mags_fixed_unrestricted,0.05,0.014285714285714285,0.6457142857142857,0.6564258208872706,0.6914285714285714
credit_g_openml,29,cart_fixed,0.05,0.022857142857142857,0.6514285714285715,0.6564258154803494,0.9857142857142858
credit_g_openml,29,mags_tuned,0.05,0.002857142857142857,0.6428571428571429,0.3258253132459312,0.04285714285714286
credit_g_openml,29,cart_tuned_depth,0.05,0.005714285714285714,0.6857142857142857,0.5886721753059867,0.9914285714285714
credit_g_openml,29,cart_pruned,0.05,0.022857142857142857,0.7171428571428572,0.3938554871254411,0.64
credit_g_openml,29,noise_augmented_cart,0.05,0.03428571428571429,0.6828571428571428,0.7481645816259578,0.6914285714285714
diabetes,2,matched_gini,0.05,0.08178438661710037,0.7026022304832714,0.48373133888540193,1.0
diabetes,2,mags_fixed,0.05,0.08178438661710037,0.7026022304832714,0.48373133888540193,1.0
diabetes,2,mags_binary_excluded,0.05,0.08178438661710037,0.7026022304832714,0.48373133888540193,1.0
diabetes,2,matched_gini_unrestricted,0.05,0.06691449814126393,0.7063197026022305,0.48373133888540193,1.0
diabetes,2,mags_fixed_unrestricted,0.05,0.06319702602230483,0.6988847583643123,0.5149398112973633,1.0
diabetes,2,cart_fixed,0.05,0.06319702602230483,0.7137546468401487,0.5149398180742351,1.0
diabetes,2,mags_tuned,0.05,0.08178438661710037,0.7026022304832714,0.44102814861957357,1.0
diabetes,2,cart_tuned_depth,0.05,0.040892193308550186,0.7397769516728625,0.6709821851340422,1.0
diabetes,2,cart_pruned,0.05,0.040892193308550186,0.7397769516728625,0.6709821851340422,1.0
diabetes,2,noise_augmented_cart,0.05,0.040892193308550186,0.7137546468401487,0.4823758903365978,1.0
diabetes,3,matched_gini,0.05,0.05204460966542751,0.7434944237918215,0.6587266383120768,1.0
diabetes,3,mags_fixed,0.05,0.05204460966542751,0.7434944237918215,0.6587266383120768,1.0
diabetes,3,mags_binary_excluded,0.05,0.05204460966542751,0.7434944237918215,0.6587266383120768,1.0
diabetes,3,matched_gini_unrestricted,0.05,0.026022304832713755,0.7472118959107806,0.7041416256576336,1.0
diabetes,3,mags_fixed_unrestricted,0.05,0.026022304832713755,0.7472118959107806,0.7041416256576336,1.0
diabetes,3,cart_fixed,0.05,0.03717472118959108,0.7323420074349443,0.6638538940465323,1.0
diabetes,3,mags_tuned,0.05,0.03717472118959108,0.7323420074349443,0.6732039383231909,1.0
diabetes,3,cart_tuned_depth,0.05,0.05947955390334572,0.7286245353159851,0.2973042413756294,1.0
diabetes,3,cart_pruned,0.05,0.07434944237918216,0.7732342007434945,0.3293633411088621,1.0
diabetes,3,noise_augmented_cart,0.05,0.02973977695167286,0.7286245353159851,0.6948282052456969,1.0
diabetes,5,matched_gini,0.05,0.13011152416356878,0.7472118959107806,0.29238797248058196,1.0
diabetes,5,mags_fixed,0.05,0.13011152416356878,0.7472118959107806,0.29238797248058196,1.0
diabetes,5,mags_binary_excluded,0.05,0.13011152416356878,0.7472118959107806,0.29238797248058196,1.0
diabetes,5,matched_gini_unrestricted,0.05,0.11895910780669144,0.758364312267658,0.35995967710092114,1.0
diabetes,5,mags_fixed_unrestricted,0.05,0.11895910780669144,0.758364312267658,0.35995967710092114,1.0
diabetes,5,cart_fixed,0.05,0.07434944237918216,0.7286245353159851,0.28223357633830654,1.0
diabetes,5,mags_tuned,0.05,0.13011152416356878,0.7472118959107806,0.29238797248058196,1.0
diabetes,5,cart_tuned_depth,0.05,0.07434944237918216,0.7286245353159851,0.28223357633830654,1.0
diabetes,5,cart_pruned,0.05,0.048327137546468404,0.7806691449814126,0.5080204361586309,1.0
diabetes,5,noise_augmented_cart,0.05,0.01486988847583643,0.7397769516728625,0.6241612973350393,1.0
diabetes,4,matched_gini,0.05,0.10780669144981413,0.6914498141263941,0.38638839491296123,1.0
diabetes,4,mags_fixed,0.05,0.11152416356877323,0.6840148698884758,0.38638839491296123,1.0
diabetes,4,mags_binary_excluded,0.05,0.11152416356877323,0.6840148698884758,0.38638839491296123,1.0
diabetes,4,matched_gini_unrestricted,0.05,0.10037174721189591,0.7211895910780669,0.41729946542599805,1.0
diabetes,4,mags_fixed_unrestricted,0.05,0.09665427509293681,0.7137546468401487,0.3863883949129612,1.0
diabetes,4,cart_fixed,0.05,0.048327137546468404,0.7026022304832714,0.47482798946105825,1.0
diabetes,4,mags_tuned,0.05,0.07806691449814127,0.7174721189591078,0.5634625524275799,1.0
diabetes,4,cart_tuned_depth,0.05,0.048327137546468404,0.7026022304832714,0.47482798946105825,1.0
diabetes,4,cart_pruned,0.05,0.03717472118959108,0.7286245353159851,0.5100326855436111,1.0
diabetes,4,noise_augmented_cart,0.05,0.022304832713754646,0.7063197026022305,0.4480151516451427,1.0
diabetes,6,matched_gini,0.05,0.10037174721189591,0.7323420074349443,0.4433717297792886,1.0
diabetes,6,mags_fixed,0.05,0.10037174721189591,0.7323420074349443,0.4433717297792886,1.0
diabetes,6,mags_binary_excluded,0.05,0.10037174721189591,0.7323420074349443,0.4433717297792886,1.0
diabetes,6,matched_gini_unrestricted,0.05,0.09293680297397769,0.79182156133829,0.44337172977928857,1.0
diabetes,6,mags_fixed_unrestricted,0.05,0.09293680297397769,0.79182156133829,0.44337172977928857,1.0
diabetes,6,cart_fixed,0.05,0.048327137546468404,0.7323420074349443,0.38221700896400945,1.0
diabetes,6,mags_tuned,0.05,0.08921933085501858,0.7397769516728625,0.3861825221587309,1.0
diabetes,6,cart_tuned_depth,0.05,0.048327137546468404,0.7323420074349443,0.38221700896400945,1.0
diabetes,6,cart_pruned,0.05,0.022304832713754646,0.7769516728624535,0.546821012104839,1.0
diabetes,6,noise_augmented_cart,0.05,0.01858736059479554,0.7620817843866171,0.4866425965146193,1.0
diabetes,7,matched_gini,0.05,0.10037174721189591,0.7881040892193308,0.43832232409356203,1.0
diabetes,7,mags_fixed,0.05,0.10037174721189591,0.7881040892193308,0.43832232409356203,1.0
diabetes,7,mags_binary_excluded,0.05,0.10037174721189591,0.7881040892193308,0.43832232409356203,1.0
diabetes,7,matched_gini_unrestricted,0.05,0.10408921933085502,0.7732342007434945,0.4403186481927761,1.0
diabetes,7,mags_fixed_unrestricted,0.05,0.10037174721189591,0.7806691449814126,0.4403186481927761,1.0
diabetes,7,cart_fixed,0.05,0.03345724907063197,0.7063197026022305,0.45929722465344275,1.0
diabetes,7,mags_tuned,0.05,0.10037174721189591,0.7323420074349443,0.5226485477505427,1.0
diabetes,7,cart_tuned_depth,0.05,0.04460966542750929,0.7360594795539034,0.33259453079957124,1.0
diabetes,7,cart_pruned,0.05,0.026022304832713755,0.724907063197026,0.5226485478946631,1.0
diabetes,7,noise_augmented_cart,0.05,0.03345724907063197,0.6988847583643123,0.3901410300335166,1.0
diabetes,8,matched_gini,0.05,0.10037174721189591,0.6914498141263941,0.43466351167912964,1.0
diabetes,8,mags_fixed,0.05,0.10037174721189591,0.6914498141263941,0.43466351167912964,1.0
diabetes,8,mags_binary_excluded,0.05,0.10037174721189591,0.6914498141263941,0.43466351167912964,1.0
diabetes,8,matched_gini_unrestricted,0.05,0.05947955390334572,0.724907063197026,0.5450000874584435,1.0
diabetes,8,mags_fixed_unrestricted,0.05,0.05947955390334572,0.724907063197026,0.5450000874584435,1.0
diabetes,8,cart_fixed,0.05,0.05204460966542751,0.7063197026022305,0.47684470850383426,1.0
diabetes,8,mags_tuned,0.05,0.13382899628252787,0.6431226765799256,0.2253810811299192,1.0
diabetes,8,cart_tuned_depth,0.05,0.06691449814126393,0.6802973977695167,0.24147973121501856,1.0
diabetes,8,cart_pruned,0.05,0.048327137546468404,0.6802973977695167,0.402466228938369,1.0
diabetes,8,noise_augmented_cart,0.05,0.040892193308550186,0.7174721189591078,0.5043309490435876,1.0
diabetes,9,matched_gini,0.05,0.048327137546468404,0.7509293680297398,0.48670976862483534,1.0
diabetes,9,mags_fixed,0.05,0.048327137546468404,0.7546468401486989,0.45530913745549106,1.0
diabetes,9,mags_binary_excluded,0.05,0.048327137546468404,0.7546468401486989,0.45530913745549106,1.0
diabetes,9,matched_gini_unrestricted,0.05,0.05947955390334572,0.7620817843866171,0.48670976862483545,1.0
diabetes,9,mags_fixed_unrestricted,0.05,0.06691449814126393,0.7546468401486989,0.4867097686248352,1.0
diabetes,9,cart_fixed,0.05,0.011152416356877323,0.7620817843866171,0.8007160997983735,1.0
diabetes,9,mags_tuned,0.05,0.01858736059479554,0.7286245353159851,1.2089242615197522,1.0
diabetes,9,cart_tuned_depth,0.05,0.007434944237918215,0.7286245353159851,1.177523601870312,1.0
diabetes,9,cart_pruned,0.05,0.01858736059479554,0.7992565055762082,0.5474733031497501,1.0
diabetes,9,noise_augmented_cart,0.05,0.026022304832713755,0.7992565055762082,0.45077295146446456,1.0
diabetes,11,matched_gini,0.05,0.04460966542750929,0.7360594795539034,0.4663169239447105,1.0
diabetes,11,mags_fixed,0.05,0.048327137546468404,0.7323420074349443,0.4663169239447104,1.0
diabetes,11,mags_binary_excluded,0.05,0.048327137546468404,0.7323420074349443,0.4663169239447104,1.0
diabetes,11,matched_gini_unrestricted,0.05,0.06319702602230483,0.7286245353159851,0.5330299778013419,1.0
diabetes,11,mags_fixed_unrestricted,0.05,0.07063197026022305,0.7323420074349443,0.553088389790579,1.0
diabetes,11,cart_fixed,0.05,0.040892193308550186,0.7211895910780669,0.4520745563961891,1.0
diabetes,11,mags_tuned,0.05,0.048327137546468404,0.7323420074349443,0.4663169239447104,1.0
diabetes,11,cart_tuned_depth,0.05,0.026022304832713755,0.7434944237918215,0.5653348264985414,1.0
diabetes,11,cart_pruned,0.05,0.026022304832713755,0.7434944237918215,0.5653348264985414,1.0
diabetes,11,noise_augmented_cart,0.05,0.026022304832713755,0.7472118959107806,0.7597921260490984,1.0
diabetes,10,matched_gini,0.05,0.05947955390334572,0.7286245353159851,0.530989712614829,1.0
diabetes,10,mags_fixed,0.05,0.05947955390334572,0.7286245353159851,0.530989712614829,1.0
diabetes,10,mags_binary_excluded,0.05,0.05947955390334572,0.7286245353159851,0.530989712614829,1.0
diabetes,10,matched_gini_unrestricted,0.05,0.05204460966542751,0.758364312267658,0.5967918461737715,1.0
diabetes,10,mags_fixed_unrestricted,0.05,0.05204460966542751,0.758364312267658,0.5967918461737715,1.0
diabetes,10,cart_fixed,0.05,0.03345724907063197,0.7434944237918215,0.6613098792794273,1.0
diabetes,10,mags_tuned,0.05,0.12639405204460966,0.6802973977695167,0.29789667631214556,1.0
diabetes,10,cart_tuned_depth,0.05,0.06691449814126393,0.7174721189591078,0.33108772338548204,1.0
diabetes,10,cart_pruned,0.05,0.026022304832713755,0.7732342007434945,0.7183978410276819,1.0
diabetes,10,noise_augmented_cart,0.05,0.03345724907063197,0.7509293680297398,0.6594836248825793,1.0
diabetes,12,matched_gini,0.05,0.07063197026022305,0.7434944237918215,0.39533561088192193,1.0
diabetes,12,mags_fixed,0.05,0.07063197026022305,0.7434944237918215,0.39533561088192193,1.0
diabetes,12,mags_binary_excluded,0.05,0.07063197026022305,0.7434944237918215,0.39533561088192193,1.0
diabetes,12,matched_gini_unrestricted,0.05,0.07063197026022305,0.724907063197026,0.39533561088192193,1.0
diabetes,12,mags_fixed_unrestricted,0.05,0.07063197026022305,0.724907063197026,0.39533561088192193,1.0
diabetes,12,cart_fixed,0.05,0.055762081784386616,0.7509293680297398,0.3953356009400368,1.0
diabetes,12,mags_tuned,0.05,0.040892193308550186,0.7695167286245354,0.6797962777891644,1.0
diabetes,12,cart_tuned_depth,0.05,0.05947955390334572,0.7434944237918215,0.3753043678954305,1.0
diabetes,12,cart_pruned,0.05,0.05947955390334572,0.7509293680297398,0.4122195539617197,1.0
diabetes,12,noise_augmented_cart,0.05,0.04460966542750929,0.7360594795539034,0.35465107200615054,1.0
diabetes,13,matched_gini,0.05,0.06319702602230483,0.7546468401486989,0.5352831287418907,1.0
diabetes,13,mags_fixed,0.05,0.06691449814126393,0.7509293680297398,0.5363387238547065,1.0
diabetes,13,mags_binary_excluded,0.05,0.06691449814126393,0.7509293680297398,0.5363387238547065,1.0
diabetes,13,matched_gini_unrestricted,0.05,0.07434944237918216,0.7472118959107806,0.567938777645543,1.0
diabetes,13,mags_fixed_unrestricted,0.05,0.07434944237918216,0.7472118959107806,0.567938777645543,1.0
diabetes,13,cart_fixed,0.05,0.048327137546468404,0.7509293680297398,0.5363386877842727,1.0
diabetes,13,mags_tuned,0.05,0.07434944237918216,0.7732342007434945,0.3779098506693687,1.0
diabetes,13,cart_tuned_depth,0.05,0.011152416356877323,0.7397769516728625,1.1492843894053764,1.0
diabetes,13,cart_pruned,0.05,0.040892193308550186,0.7620817843866171,0.5679387794205434,1.0
diabetes,13,noise_augmented_cart,0.05,0.01858736059479554,0.7546468401486989,0.4794502130202294,1.0
diabetes,15,matched_gini,0.05,0.040892193308550186,0.7546468401486989,0.5891445856481545,1.0
diabetes,15,mags_fixed,0.05,0.04460966542750929,0.758364312267658,0.5480595029214136,1.0
diabetes,15,mags_binary_excluded,0.05,0.04460966542750929,0.758364312267658,0.5480595029214136,1.0
diabetes,15,matched_gini_unrestricted,0.05,0.04460966542750929,0.7769516728624535,0.6268068694308755,1.0
diabetes,15,mags_fixed_unrestricted,0.05,0.04460966542750929,0.7769516728624535,0.6147545745838078,1.0
diabetes,15,cart_fixed,0.05,0.026022304832713755,0.7397769516728625,0.5891445685161729,1.0
diabetes,15,mags_tuned,0.05,0.05947955390334572,0.7509293680297398,0.5572989324239299,1.0
diabetes,15,cart_tuned_depth,0.05,0.007434944237918215,0.7620817843866171,1.034983721955548,1.0
diabetes,15,cart_pruned,0.05,0.007434944237918215,0.7657992565055762,1.0986750284039972,1.0
diabetes,15,noise_augmented_cart,0.05,0.02973977695167286,0.7360594795539034,0.628009278165088,1.0
diabetes,14,matched_gini,0.05,0.08178438661710037,0.7620817843866171,0.4471976088344871,1.0
diabetes,14,mags_fixed,0.05,0.08178438661710037,0.7620817843866171,0.4471976088344871,1.0
diabetes,14,mags_binary_excluded,0.05,0.08178438661710037,0.7620817843866171,0.4471976088344871,1.0
diabetes,14,matched_gini_unrestricted,0.05,0.05947955390334572,0.7100371747211895,0.6316827738488764,1.0
diabetes,14,mags_fixed_unrestricted,0.05,0.05947955390334572,0.7100371747211895,0.6316827738488764,1.0
diabetes,14,cart_fixed,0.05,0.055762081784386616,0.7360594795539034,0.32383275939556344,1.0
diabetes,14,mags_tuned,0.05,0.03345724907063197,0.7620817843866171,0.6939273235017903,1.0
diabetes,14,cart_tuned_depth,0.05,0.01486988847583643,0.7509293680297398,0.6322448993646842,1.0
diabetes,14,cart_pruned,0.05,0.01486988847583643,0.7509293680297398,0.6322448993646842,1.0
diabetes,14,noise_augmented_cart,0.05,0.01486988847583643,0.7546468401486989,0.6075415747149127,1.0
diabetes,16,matched_gini,0.05,0.040892193308550186,0.7472118959107806,0.7354016295471664,1.0
diabetes,16,mags_fixed,0.05,0.040892193308550186,0.7472118959107806,0.7354016295471664,1.0
diabetes,16,mags_binary_excluded,0.05,0.040892193308550186,0.7472118959107806,0.7354016295471664,1.0
diabetes,16,matched_gini_unrestricted,0.05,0.05947955390334572,0.724907063197026,0.5460048365668816,1.0
diabetes,16,mags_fixed_unrestricted,0.05,0.05947955390334572,0.724907063197026,0.5460048365668816,1.0
diabetes,16,cart_fixed,0.05,0.02973977695167286,0.7323420074349443,0.7354016287522036,1.0
diabetes,16,mags_tuned,0.05,0.03345724907063197,0.7397769516728625,0.6335212322561539,1.0
diabetes,16,cart_tuned_depth,0.05,0.08178438661710037,0.7137546468401487,0.2978208135654345,1.0
diabetes,16,cart_pruned,0.05,0.09665427509293681,0.6914498141263941,0.24818401210369948,1.0
diabetes,16,noise_augmented_cart,0.05,0.01486988847583643,0.7397769516728625,0.6991505606369692,1.0
diabetes,17,matched_gini,0.05,0.06319702602230483,0.7360594795539034,0.44676989858112326,1.0
diabetes,17,mags_fixed,0.05,0.06319702602230483,0.7360594795539034,0.44676989858112326,1.0
diabetes,17,mags_binary_excluded,0.05,0.06319702602230483,0.7360594795539034,0.44676989858112326,1.0
diabetes,17,matched_gini_unrestricted,0.05,0.08178438661710037,0.7100371747211895,0.3795253258262557,1.0
diabetes,17,mags_fixed_unrestricted,0.05,0.055762081784386616,0.7063197026022305,0.6325422090437597,1.0
diabetes,17,cart_fixed,0.05,0.02973977695167286,0.7211895910780669,0.4632266734009134,1.0
diabetes,17,mags_tuned,0.05,0.048327137546468404,0.7360594795539034,0.46322665535121366,1.0
diabetes,17,cart_tuned_depth,0.05,0.040892193308550186,0.724907063197026,0.4467698971003705,1.0
diabetes,17,cart_pruned,0.05,0.01858736059479554,0.7360594795539034,0.5482032458377599,1.0
diabetes,17,noise_augmented_cart,0.05,0.011152416356877323,0.724907063197026,0.9034862311083688,1.0
diabetes,19,matched_gini,0.05,0.08178438661710037,0.7323420074349443,0.492845078625808,1.0
diabetes,19,mags_fixed,0.05,0.08178438661710037,0.7323420074349443,0.492845078625808,1.0
diabetes,19,mags_binary_excluded,0.05,0.08178438661710037,0.7323420074349443,0.492845078625808,1.0
diabetes,19,matched_gini_unrestricted,0.05,0.07806691449814127,0.6988847583643123,0.5416836626232269,1.0
diabetes,19,mags_fixed_unrestricted,0.05,0.07806691449814127,0.6988847583643123,0.5416836626232269,1.0
diabetes,19,cart_fixed,0.05,0.048327137546468404,0.7397769516728625,0.5107303287993036,1.0
diabetes,19,mags_tuned,0.05,0.048327137546468404,0.724907063197026,0.5726370147159827,1.0
diabetes,19,cart_tuned_depth,0.05,0.040892193308550186,0.7211895910780669,0.49284507386190607,1.0
diabetes,19,cart_pruned,0.05,0.03345724907063197,0.7360594795539034,0.6531782819818512,1.0
diabetes,19,noise_augmented_cart,0.05,0.007434944237918215,0.7174721189591078,0.7772960378945629,1.0
diabetes,18,matched_gini,0.05,0.10037174721189591,0.7657992565055762,0.46176952257142645,1.0
diabetes,18,mags_fixed,0.05,0.10037174721189591,0.7657992565055762,0.46176952257142645,1.0
diabetes,18,mags_binary_excluded,0.05,0.10037174721189591,0.7657992565055762,0.46176952257142645,1.0
diabetes,18,matched_gini_unrestricted,0.05,0.07806691449814127,0.7397769516728625,0.3540233006380936,1.0
diabetes,18,mags_fixed_unrestricted,0.05,0.07806691449814127,0.7397769516728625,0.3540233006380936,1.0
diabetes,18,cart_fixed,0.05,0.048327137546468404,0.7509293680297398,0.35038279750355855,1.0
diabetes,18,mags_tuned,0.05,0.10037174721189591,0.7657992565055762,0.46176952257142645,1.0
diabetes,18,cart_tuned_depth,0.05,0.04460966542750929,0.7397769516728625,0.27661800307752943,1.0
diabetes,18,cart_pruned,0.05,0.05204460966542751,0.7620817843866171,0.3798719454772907,1.0
diabetes,18,noise_augmented_cart,0.05,0.05947955390334572,0.7137546468401487,0.43455528076936073,1.0
diabetes,20,matched_gini,0.05,0.08921933085501858,0.7211895910780669,0.3554390970903275,1.0
diabetes,20,mags_fixed,0.05,0.08921933085501858,0.7211895910780669,0.3554390970903275,1.0
diabetes,20,mags_binary_excluded,0.05,0.08921933085501858,0.7211895910780669,0.3554390970903275,1.0
diabetes,20,matched_gini_unrestricted,0.05,0.055762081784386616,0.7323420074349443,0.46814725250095873,1.0
diabetes,20,mags_fixed_unrestricted,0.05,0.055762081784386616,0.7323420074349443,0.46814725250095873,1.0
diabetes,20,cart_fixed,0.05,0.048327137546468404,0.7434944237918215,0.3956891075101459,1.0
diabetes,20,mags_tuned,0.05,0.055762081784386616,0.7434944237918215,0.3741464179371871,1.0
diabetes,20,cart_tuned_depth,0.05,0.08178438661710037,0.6914498141263941,0.2057583500710725,1.0
diabetes,20,cart_pruned,0.05,0.02973977695167286,0.7620817843866171,0.6360488934341911,1.0
diabetes,20,noise_augmented_cart,0.05,0.06691449814126393,0.7286245353159851,0.41674409551135483,1.0
diabetes,21,matched_gini,0.05,0.048327137546468404,0.6914498141263941,0.6317276063988898,1.0
diabetes,21,mags_fixed,0.05,0.048327137546468404,0.6914498141263941,0.6317276063988898,1.0
diabetes,21,mags_binary_excluded,0.05,0.048327137546468404,0.6914498141263941,0.6317276063988898,1.0
diabetes,21,matched_gini_unrestricted,0.05,0.05947955390334572,0.6988847583643123,0.6144746506479176,1.0
diabetes,21,mags_fixed_unrestricted,0.05,0.05947955390334572,0.6988847583643123,0.6144746506479176,1.0
diabetes,21,cart_fixed,0.05,0.03345724907063197,0.6877323420074349,0.6317276067704313,1.0
diabetes,21,mags_tuned,0.05,0.05204460966542751,0.6840148698884758,0.5829631301531527,1.0
diabetes,21,cart_tuned_depth,0.05,0.04460966542750929,0.7137546468401487,0.5973424502620671,1.0
diabetes,21,cart_pruned,0.05,0.01486988847583643,0.7063197026022305,0.898078339825303,1.0
diabetes,21,noise_augmented_cart,0.05,0.026022304832713755,0.6914498141263941,0.568506713740797,1.0
diabetes,23,matched_gini,0.05,0.06319702602230483,0.7509293680297398,0.47841816297781026,1.0
diabetes,23,mags_fixed,0.05,0.06691449814126393,0.7434944237918215,0.4548105528599385,1.0
diabetes,23,mags_binary_excluded,0.05,0.06691449814126393,0.7434944237918215,0.4548105528599385,1.0
diabetes,23,matched_gini_unrestricted,0.05,0.07063197026022305,0.758364312267658,0.47841816297781026,1.0
diabetes,23,mags_fixed_unrestricted,0.05,0.07063197026022305,0.758364312267658,0.47841816297781026,1.0
diabetes,23,cart_fixed,0.05,0.06319702602230483,0.7397769516728625,0.4548105526000848,1.0
diabetes,23,mags_tuned,0.05,0.08921933085501858,0.7323420074349443,0.4475524741082741,1.0
diabetes,23,cart_tuned_depth,0.05,0.06319702602230483,0.7397769516728625,0.4548105526000848,1.0
diabetes,23,cart_pruned,0.05,0.05947955390334572,0.7509293680297398,0.4938354300143197,1.0
diabetes,23,noise_augmented_cart,0.05,0.01858736059479554,0.7472118959107806,0.4243993232255327,1.0
diabetes,22,matched_gini,0.05,0.05204460966542751,0.7806691449814126,0.5230506600395911,1.0
diabetes,22,mags_fixed,0.05,0.06319702602230483,0.7657992565055762,0.5890256021073511,1.0
diabetes,22,mags_binary_excluded,0.05,0.06319702602230483,0.7657992565055762,0.5890256021073511,1.0
diabetes,22,matched_gini_unrestricted,0.05,0.048327137546468404,0.7955390334572491,0.5018484466954948,1.0
diabetes,22,mags_fixed_unrestricted,0.05,0.048327137546468404,0.7955390334572491,0.5018484466954948,1.0
diabetes,22,cart_fixed,0.05,0.01486988847583643,0.7657992565055762,0.5666030661262608,1.0
diabetes,22,mags_tuned,0.05,0.055762081784386616,0.7843866171003717,0.7932443183896529,1.0
diabetes,22,cart_tuned_depth,0.05,0.07063197026022305,0.724907063197026,0.3399618501932843,1.0
diabetes,22,cart_pruned,0.05,0.011152416356877323,0.7769516728624535,0.7608669981959573,1.0
diabetes,22,noise_augmented_cart,0.05,0.022304832713754646,0.758364312267658,0.4873529125264348,1.0
diabetes,24,matched_gini,0.05,0.07434944237918216,0.6914498141263941,0.35022312954122364,1.0
diabetes,24,mags_fixed,0.05,0.07434944237918216,0.7100371747211895,0.382061594772244,1.0
diabetes,24,mags_binary_excluded,0.05,0.07434944237918216,0.7100371747211895,0.382061594772244,1.0
diabetes,24,matched_gini_unrestricted,0.05,0.08550185873605948,0.7211895910780669,0.36614236265673394,1.0
diabetes,24,mags_fixed_unrestricted,0.05,0.08550185873605948,0.7174721189591078,0.36921541070952474,1.0
diabetes,24,cart_fixed,0.05,0.048327137546468404,0.7174721189591078,0.38206160900817243,1.0
diabetes,24,mags_tuned,0.05,0.07434944237918216,0.7100371747211895,0.382061594772244,1.0
diabetes,24,cart_tuned_depth,0.05,0.01858736059479554,0.7397769516728625,0.45994177431656413,1.0
diabetes,24,cart_pruned,0.05,0.026022304832713755,0.7100371747211895,0.4616577834492018,1.0
diabetes,24,noise_augmented_cart,0.05,0.040892193308550186,0.7434944237918215,0.38517446391203286,1.0
diabetes,25,matched_gini,0.05,0.09665427509293681,0.6840148698884758,0.37523307569755565,1.0
diabetes,25,mags_fixed,0.05,0.06319702602230483,0.6840148698884758,0.44815024768257455,1.0
diabetes,25,mags_binary_excluded,0.05,0.06319702602230483,0.6840148698884758,0.44815024768257455,1.0
diabetes,25,matched_gini_unrestricted,0.05,0.055762081784386616,0.6728624535315985,0.44815024768257455,1.0
diabetes,25,mags_fixed_unrestricted,0.05,0.055762081784386616,0.6728624535315985,0.44815024768257455,1.0
diabetes,25,cart_fixed,0.05,0.10037174721189591,0.6728624535315985,0.3752330751975103,1.0
diabetes,25,mags_tuned,0.05,0.05947955390334572,0.6914498141263941,0.46682613262328937,1.0
diabetes,25,cart_tuned_depth,0.05,0.08178438661710037,0.6840148698884758,0.3764726886185917,1.0
diabetes,25,cart_pruned,0.05,0.05947955390334572,0.6765799256505576,0.4668261334489057,1.0
diabetes,25,noise_augmented_cart,0.05,0.048327137546468404,0.7174721189591078,0.3705656589825674,1.0
diabetes,26,matched_gini,0.05,0.09293680297397769,0.7137546468401487,0.3580757938542191,1.0
diabetes,26,mags_fixed,0.05,0.09293680297397769,0.7137546468401487,0.3580757938542191,1.0
diabetes,26,mags_binary_excluded,0.05,0.09293680297397769,0.7137546468401487,0.3580757938542191,1.0
diabetes,26,matched_gini_unrestricted,0.05,0.10037174721189591,0.7434944237918215,0.42034984478538734,1.0
diabetes,26,mags_fixed_unrestricted,0.05,0.10037174721189591,0.7434944237918215,0.42034984478538734,1.0
diabetes,26,cart_fixed,0.05,0.05947955390334572,0.7434944237918215,0.39021836913177127,1.0
diabetes,26,mags_tuned,0.05,0.02973977695167286,0.724907063197026,1.1676384559594095,1.0
diabetes,26,cart_tuned_depth,0.05,0.055762081784386616,0.7174721189591078,0.2646647256552695,1.0
diabetes,26,cart_pruned,0.05,0.055762081784386616,0.7174721189591078,0.2646647256552695,1.0
diabetes,26,noise_augmented_cart,0.05,0.048327137546468404,0.7100371747211895,0.37801406891271433,1.0
diabetes,27,matched_gini,0.05,0.05204460966542751,0.7286245353159851,0.5413955406029275,1.0
diabetes,27,mags_fixed,0.05,0.05204460966542751,0.7286245353159851,0.5413955406029275,1.0
diabetes,27,mags_binary_excluded,0.05,0.05204460966542751,0.7286245353159851,0.5413955406029275,1.0
diabetes,27,matched_gini_unrestricted,0.05,0.08178438661710037,0.7286245353159851,0.3941043954751657,1.0
diabetes,27,mags_fixed_unrestricted,0.05,0.08178438661710037,0.7286245353159851,0.3941043954751657,1.0
diabetes,27,cart_fixed,0.05,0.040892193308550186,0.7397769516728625,0.5413955547761421,1.0
diabetes,27,mags_tuned,0.05,0.05204460966542751,0.7174721189591078,0.5413955406029272,1.0
diabetes,27,cart_tuned_depth,0.05,0.040892193308550186,0.7397769516728625,0.5413955547761421,1.0
diabetes,27,cart_pruned,0.05,0.05204460966542751,0.7211895910780669,0.4098395981558373,1.0
diabetes,27,noise_augmented_cart,0.05,0.03345724907063197,0.7397769516728625,0.554578502539047,1.0
diabetes,28,matched_gini,0.05,0.08550185873605948,0.7360594795539034,0.4774001200230173,1.0
diabetes,28,mags_fixed,0.05,0.08550185873605948,0.7360594795539034,0.4774001200230173,1.0
diabetes,28,mags_binary_excluded,0.05,0.08550185873605948,0.7360594795539034,0.4774001200230173,1.0
diabetes,28,matched_gini_unrestricted,0.05,0.07434944237918216,0.7211895910780669,0.43783072026749004,1.0
diabetes,28,mags_fixed_unrestricted,0.05,0.08550185873605948,0.7360594795539034,0.4461344087811933,1.0
diabetes,28,cart_fixed,0.05,0.026022304832713755,0.7732342007434945,0.5642001361085797,1.0
diabetes,28,mags_tuned,0.05,0.08550185873605948,0.7323420074349443,0.47026262647248934,1.0
diabetes,28,cart_tuned_depth,0.05,0.026022304832713755,0.7732342007434945,0.5642001361085797,1.0
diabetes,28,cart_pruned,0.05,0.01858736059479554,0.6988847583643123,0.6324221443591687,1.0
diabetes,28,noise_augmented_cart,0.05,0.04460966542750929,0.7286245353159851,0.3663841024999141,1.0
diabetes,29,matched_gini,0.05,0.08921933085501858,0.7472118959107806,0.416057048716099,1.0
diabetes,29,mags_fixed,0.05,0.08550185873605948,0.7434944237918215,0.5221860800769057,1.0
diabetes,29,mags_binary_excluded,0.05,0.08550185873605948,0.7434944237918215,0.5221860800769057,1.0
diabetes,29,matched_gini_unrestricted,0.05,0.03717472118959108,0.7434944237918215,0.6009712925899209,1.0
diabetes,29,mags_fixed_unrestricted,0.05,0.03717472118959108,0.7434944237918215,0.6009712925899209,1.0
diabetes,29,cart_fixed,0.05,0.022304832713754646,0.7323420074349443,0.6009712961648366,1.0
diabetes,29,mags_tuned,0.05,0.048327137546468404,0.7100371747211895,0.9707997813375643,1.0
diabetes,29,cart_tuned_depth,0.05,0.026022304832713755,0.7211895910780669,0.9220087674298074,1.0
diabetes,29,cart_pruned,0.05,0.02973977695167286,0.7174721189591078,0.6512089937057621,1.0
diabetes,29,noise_augmented_cart,0.05,0.05947955390334572,0.7211895910780669,0.5670136732801481,1.0
digits,0,matched_gini,0.05,0.0,0.6565977742448331,0.14387386506353741,1.0
digits,0,mags_fixed,0.05,0.003179650238473768,0.6454689984101749,0.14387386506353741,1.0
digits,0,mags_binary_excluded,0.05,0.003179650238473768,0.6454689984101749,0.14387386506353741,1.0
digits,0,matched_gini_unrestricted,0.05,0.0,0.6581875993640699,0.14387386506353741,1.0
digits,0,mags_fixed_unrestricted,0.05,0.003179650238473768,0.6518282988871225,0.14387386506353741,1.0
digits,0,cart_fixed,0.05,0.0,0.6581875993640699,0.14387387235139007,1.0
digits,0,mags_tuned,0.05,0.001589825119236884,0.8108108108108109,0.08448477550054015,1.0
digits,0,cart_tuned_depth,0.05,0.0,0.8473767885532592,0.08481549344079423,1.0
digits,0,cart_pruned,0.05,0.0,0.809220985691574,0.08448478210967605,1.0
digits,0,noise_augmented_cart,0.05,0.05246422893481717,0.7265500794912559,0.1857401706171883,1.0
digits,1,matched_gini,0.05,0.006359300476947536,0.629570747217806,0.14144325522766338,1.0
digits,1,mags_fixed,0.05,0.0047694753577106515,0.6232114467408585,0.14144325522766338,1.0
digits,1,mags_binary_excluded,0.05,0.0047694753577106515,0.6232114467408585,0.14144325522766338,1.0
digits,1,matched_gini_unrestricted,0.05,0.006359300476947536,0.629570747217806,0.14144325522766338,1.0
digits,1,mags_fixed_unrestricted,0.05,0.0047694753577106515,0.6232114467408585,0.14144325522766338,1.0
digits,1,cart_fixed,0.05,0.0047694753577106515,0.6263910969793323,0.14144325645993072,1.0
digits,1,mags_tuned,0.05,0.01589825119236884,0.821939586645469,0.14144325622766335,1.0
digits,1,cart_tuned_depth,0.05,0.006359300476947536,0.8187599364069952,0.14144325645993072,1.0
digits,1,cart_pruned,0.05,0.003179650238473768,0.8251192368839427,0.17538592278225984,1.0
digits,1,noise_augmented_cart,0.05,0.05087440381558029,0.6232114467408585,0.16737814910334825,1.0
digits,2,matched_gini,0.05,0.001589825119236884,0.6311605723370429,0.10500166010942405,1.0
digits,2,mags_fixed,0.05,0.0,0.6311605723370429,0.1424126665074743,1.0
digits,2,mags_binary_excluded,0.05,0.0,0.6311605723370429,0.1424126665074743,1.0
digits,2,matched_gini_unrestricted,0.05,0.001589825119236884,0.6406995230524642,0.10500166010942405,1.0
digits,2,mags_fixed_unrestricted,0.05,0.0,0.6406995230524642,0.1424126665074743,1.0
digits,2,cart_fixed,0.05,0.0,0.6422893481717011,0.10500168705240567,1.0
digits,2,mags_tuned,0.05,0.003179650238473768,0.821939586645469,0.08398127490319288,1.0
digits,2,cart_tuned_depth,0.05,0.0,0.848966613672496,0.08441805148981132,1.0
digits,2,cart_pruned,0.05,0.0,0.8410174880763116,0.08398132132983363,1.0
digits,2,noise_augmented_cart,0.05,0.03815580286168521,0.6613672496025437,0.2360326132985441,1.0
digits,3,matched_gini,0.05,0.0047694753577106515,0.643879173290938,0.08362857807824922,1.0
digits,3,mags_fixed,0.05,0.003179650238473768,0.6470588235294118,0.08362857807824922,1.0
digits,3,mags_binary_excluded,0.05,0.003179650238473768,0.6470588235294118,0.08362857807824922,1.0
digits,3,matched_gini_unrestricted,0.05,0.0047694753577106515,0.6454689984101749,0.08362857807824922,1.0
digits,3,mags_fixed_unrestricted,0.05,0.003179650238473768,0.6486486486486487,0.08362857807824922,1.0
digits,3,cart_fixed,0.05,0.001589825119236884,0.6406995230524642,0.08362858049213964,1.0
digits,3,mags_tuned,0.05,0.009538950715421303,0.8330683624801272,0.08537632958342334,1.0
digits,3,cart_tuned_depth,0.05,0.0047694753577106515,0.8267090620031796,0.08547782391217906,1.0
digits,3,cart_pruned,0.05,0.0047694753577106515,0.8060413354531002,0.08537632601103154,1.0
digits,3,noise_augmented_cart,0.05,0.028616852146263912,0.7313195548489666,0.23230452652797032,1.0
digits,5,matched_gini,0.05,0.001589825119236884,0.6565977742448331,0.10392884886856804,1.0
digits,5,mags_fixed,0.05,0.001589825119236884,0.6565977742448331,0.10392884886856804,1.0
digits,5,mags_binary_excluded,0.05,0.001589825119236884,0.6565977742448331,0.10392884886856804,1.0
digits,5,matched_gini_unrestricted,0.05,0.001589825119236884,0.6565977742448331,0.10392884886856804,1.0
digits,5,mags_fixed_unrestricted,0.05,0.001589825119236884,0.6486486486486487,0.10392884886856804,1.0
digits,5,cart_fixed,0.05,0.0,0.6518282988871225,0.1039288506781463,1.0
digits,5,mags_tuned,0.05,0.009538950715421303,0.8330683624801272,0.14312783596541911,1.0
digits,5,cart_tuned_depth,0.05,0.0,0.7456279809220986,0.13816604250952327,1.0
digits,5,cart_pruned,0.05,0.0047694753577106515,0.8267090620031796,0.09722620540486418,1.0
digits,5,noise_augmented_cart,0.05,0.030206677265500796,0.712241653418124,0.21592443448612922,1.0
digits,4,matched_gini,0.05,0.001589825119236884,0.6677265500794912,0.16134374915941466,1.0
digits,4,mags_fixed,0.05,0.001589825119236884,0.6677265500794912,0.16134374915941466,1.0
digits,4,mags_binary_excluded,0.05,0.001589825119236884,0.6677265500794912,0.16134374915941466,1.0
digits,4,matched_gini_unrestricted,0.05,0.001589825119236884,0.6677265500794912,0.16134374915941466,1.0
digits,4,mags_fixed_unrestricted,0.05,0.001589825119236884,0.6677265500794912,0.16134374915941466,1.0
digits,4,cart_fixed,0.05,0.0,0.6677265500794912,0.16134373158878237,1.0
digits,4,mags_tuned,0.05,0.006359300476947536,0.8314785373608903,0.10366380532063935,1.0
digits,4,cart_tuned_depth,0.05,0.001589825119236884,0.8124006359300477,0.10366378649124264,1.0
digits,4,cart_pruned,0.05,0.0,0.809220985691574,0.10366378649124264,1.0
digits,4,noise_augmented_cart,0.05,0.04133545310015898,0.6581875993640699,0.16109258197195545,1.0
digits,7,matched_gini,0.05,0.0047694753577106515,0.6454689984101749,0.08473295216958956,1.0
digits,7,mags_fixed,0.05,0.0047694753577106515,0.6454689984101749,0.08473295216958956,1.0
digits,7,mags_binary_excluded,0.05,0.0047694753577106515,0.6454689984101749,0.08473295216958956,1.0
digits,7,matched_gini_unrestricted,0.05,0.0047694753577106515,0.6454689984101749,0.08473295216958956,1.0
digits,7,mags_fixed_unrestricted,0.05,0.0047694753577106515,0.6422893481717011,0.08473295216958956,1.0
digits,7,cart_fixed,0.05,0.0,0.6454689984101749,0.08473297707165575,1.0
digits,7,mags_tuned,0.05,0.00794912559618442,0.8267090620031796,0.08473295216958956,1.0
digits,7,cart_tuned_depth,0.05,0.0,0.8235294117647058,0.08473297707165575,1.0
digits,7,cart_pruned,0.05,0.001589825119236884,0.8060413354531002,0.08473297707165575,1.0
digits,7,noise_augmented_cart,0.05,0.02066772655007949,0.6279809220985691,0.2231146462813202,1.0
digits,6,matched_gini,0.05,0.0047694753577106515,0.6645468998410174,0.14104559256234064,1.0
digits,6,mags_fixed,0.05,0.0047694753577106515,0.6661367249602543,0.14104559256234064,1.0
digits,6,mags_binary_excluded,0.05,0.0047694753577106515,0.6661367249602543,0.14104559256234064,1.0
digits,6,matched_gini_unrestricted,0.05,0.0047694753577106515,0.6645468998410174,0.14104559256234064,1.0
digits,6,mags_fixed_unrestricted,0.05,0.0047694753577106515,0.6661367249602543,0.14104559256234064,1.0
digits,6,cart_fixed,0.05,0.003179650238473768,0.6661367249602543,0.1410455915638165,1.0
digits,6,mags_tuned,0.05,0.012718600953895072,0.8267090620031796,0.14339897665064108,1.0
digits,6,cart_tuned_depth,0.05,0.0047694753577106515,0.8600953895071543,0.143398972231687,1.0
digits,6,cart_pruned,0.05,0.001589825119236884,0.8251192368839427,0.143398972231687,1.0
digits,6,noise_augmented_cart,0.05,0.0397456279809221,0.7313195548489666,0.28392609300796806,1.0
digits,8,matched_gini,0.05,0.0047694753577106515,0.6740858505564388,0.10151498224892178,1.0
digits,8,mags_fixed,0.05,0.0047694753577106515,0.6740858505564388,0.10151498224892178,1.0
digits,8,mags_binary_excluded,0.05,0.0047694753577106515,0.6740858505564388,0.10151498224892178,1.0
digits,8,matched_gini_unrestricted,0.05,0.003179650238473768,0.6756756756756757,0.10151498224892178,1.0
digits,8,mags_fixed_unrestricted,0.05,0.0047694753577106515,0.6740858505564388,0.10151498224892178,1.0
digits,8,cart_fixed,0.05,0.0,0.6724960254372019,0.10151501174977184,1.0
digits,8,mags_tuned,0.05,0.011128775834658187,0.8330683624801272,0.08443517065121045,1.0
digits,8,cart_tuned_depth,0.05,0.009538950715421303,0.8441971383147854,0.08653403355816097,1.0
digits,8,cart_pruned,0.05,0.006359300476947536,0.8410174880763116,0.0844351596178762,1.0
digits,8,noise_augmented_cart,0.05,0.02066772655007949,0.6454689984101749,0.32291471409222683,1.0
digits,9,matched_gini,0.05,0.001589825119236884,0.6454689984101749,0.08551435401759835,1.0
digits,9,mags_fixed,0.05,0.0,0.6502384737678856,0.08551435401759835,1.0
digits,9,mags_binary_excluded,0.05,0.0,0.6502384737678856,0.08551435401759835,1.0
digits,9,matched_gini_unrestricted,0.05,0.001589825119236884,0.6454689984101749,0.08551435401759835,1.0
digits,9,mags_fixed_unrestricted,0.05,0.0,0.6502384737678856,0.08551435401759835,1.0
digits,9,cart_fixed,0.05,0.001589825119236884,0.6486486486486487,0.0855143640930506,1.0
digits,9,mags_tuned,0.05,0.003179650238473768,0.8330683624801272,0.08551435301759835,1.0
digits,9,cart_tuned_depth,0.05,0.0,0.8298887122416534,0.0855143429421461,1.0
digits,9,cart_pruned,0.05,0.0,0.8298887122416534,0.0855143429421461,1.0
digits,9,noise_augmented_cart,0.05,0.04133545310015898,0.6804451510333863,0.1643735080281518,1.0
digits,11,matched_gini,0.05,0.0,0.6550079491255962,0.23553221640007685,1.0
digits,11,mags_fixed,0.05,0.003179650238473768,0.6565977742448331,0.23553221640007685,1.0
digits,11,mags_binary_excluded,0.05,0.003179650238473768,0.6565977742448331,0.23553221640007685,1.0
digits,11,matched_gini_unrestricted,0.05,0.0,0.6550079491255962,0.23553221640007685,1.0
digits,11,mags_fixed_unrestricted,0.05,0.003179650238473768,0.6581875993640699,0.23553221640007685,1.0
digits,11,cart_fixed,0.05,0.0,0.6518282988871225,0.23553221081922296,1.0
digits,11,mags_tuned,0.05,0.006359300476947536,0.8267090620031796,0.1381053906666465,1.0
digits,11,cart_tuned_depth,0.05,0.0,0.8282988871224165,0.11781324373156021,1.0
digits,11,cart_pruned,0.05,0.0,0.834658187599364,0.11516860551650313,1.0
digits,11,noise_augmented_cart,0.05,0.0397456279809221,0.7710651828298887,0.2061040417209713,1.0
digits,10,matched_gini,0.05,0.0047694753577106515,0.6232114467408585,0.10179054766460519,1.0
digits,10,mags_fixed,0.05,0.011128775834658187,0.629570747217806,0.14113112950954665,1.0
digits,10,mags_binary_excluded,0.05,0.011128775834658187,0.629570747217806,0.14113112950954665,1.0
digits,10,matched_gini_unrestricted,0.05,0.0047694753577106515,0.6232114467408585,0.10179054766460519,1.0
digits,10,mags_fixed_unrestricted,0.05,0.011128775834658187,0.629570747217806,0.14113112950954665,1.0
digits,10,cart_fixed,0.05,0.0,0.6232114467408585,0.10179058547232178,1.0
digits,10,mags_tuned,0.05,0.019077901430842606,0.8139904610492846,0.08306469928986218,1.0
digits,10,cart_tuned_depth,0.05,0.001589825119236884,0.8076311605723371,0.08306470059424176,1.0
digits,10,cart_pruned,0.05,0.0,0.8108108108108109,0.08306470059424176,1.0
digits,10,noise_augmented_cart,0.05,0.033386327503974564,0.643879173290938,0.316718629538237,1.0
digits,12,matched_gini,0.05,0.001589825119236884,0.6915739268680445,0.10124856553625786,1.0
digits,12,mags_fixed,0.05,0.001589825119236884,0.6915739268680445,0.10124856553625786,1.0
digits,12,mags_binary_excluded,0.05,0.001589825119236884,0.6915739268680445,0.10124856553625786,1.0
digits,12,matched_gini_unrestricted,0.05,0.001589825119236884,0.6915739268680445,0.10124856553625786,1.0
digits,12,mags_fixed_unrestricted,0.05,0.001589825119236884,0.6931637519872814,0.10124856553625786,1.0
digits,12,cart_fixed,0.05,0.0,0.6915739268680445,0.10124858334834852,1.0
digits,12,mags_tuned,0.05,0.009538950715421303,0.8251192368839427,0.08908718114603745,1.0
digits,12,cart_tuned_depth,0.05,0.0,0.8473767885532592,0.10124858334834852,1.0
digits,12,cart_pruned,0.05,0.0,0.8473767885532592,0.10124858334834852,1.0
digits,12,noise_augmented_cart,0.05,0.028616852146263912,0.7011128775834659,0.2874345516056919,1.0
digits,14,matched_gini,0.05,0.0,0.6422893481717011,0.14347510425102003,1.0
digits,14,mags_fixed,0.05,0.006359300476947536,0.6375198728139905,0.14347510425102003,1.0
digits,14,mags_binary_excluded,0.05,0.006359300476947536,0.6375198728139905,0.14347510425102003,1.0
digits,14,matched_gini_unrestricted,0.05,0.0,0.6422893481717011,0.14347510425102003,1.0
digits,14,mags_fixed_unrestricted,0.05,0.0047694753577106515,0.6391096979332274,0.14347510425102003,1.0
digits,14,cart_fixed,0.05,0.0,0.6422893481717011,0.1434751118329526,1.0
digits,14,mags_tuned,0.05,0.02384737678855326,0.8378378378378378,0.08494345893433045,1.0
digits,14,cart_tuned_depth,0.05,0.001589825119236884,0.8505564387917329,0.09917134591458746,1.0
digits,14,cart_pruned,0.05,0.001589825119236884,0.848966613672496,0.09917141296534893,1.0
digits,14,noise_augmented_cart,0.05,0.02066772655007949,0.6756756756756757,0.22829034920519167,1.0
digits,13,matched_gini,0.05,0.003179650238473768,0.6693163751987281,0.08469297478173368,1.0
digits,13,mags_fixed,0.05,0.00794912559618442,0.6740858505564388,0.08469297478173368,1.0
digits,13,mags_binary_excluded,0.05,0.00794912559618442,0.6740858505564388,0.08469297478173368,1.0
digits,13,matched_gini_unrestricted,0.05,0.001589825119236884,0.6693163751987281,0.08469297478173368,1.0
digits,13,mags_fixed_unrestricted,0.05,0.009538950715421303,0.6724960254372019,0.08469297478173368,1.0
digits,13,cart_fixed,0.05,0.001589825119236884,0.6756756756756757,0.08469298317972532,1.0
digits,13,mags_tuned,0.05,0.011128775834658187,0.8171701112877583,0.08469297478173368,1.0
digits,13,cart_tuned_depth,0.05,0.0047694753577106515,0.8251192368839427,0.08469298317972532,1.0
digits,13,cart_pruned,0.05,0.001589825119236884,0.8203497615262321,0.08469298317972532,1.0
digits,13,noise_augmented_cart,0.05,0.0397456279809221,0.7329093799682035,0.16612047185447035,1.0
digits,15,matched_gini,0.05,0.0,0.6565977742448331,0.14348149555279802,1.0
digits,15,mags_fixed,0.05,0.001589825119236884,0.6565977742448331,0.14348149555279802,1.0
digits,15,mags_binary_excluded,0.05,0.001589825119236884,0.6565977742448331,0.14348149555279802,1.0
digits,15,matched_gini_unrestricted,0.05,0.0,0.6565977742448331,0.14348149555279802,1.0
digits,15,mags_fixed_unrestricted,0.05,0.001589825119236884,0.6565977742448331,0.14348149555279802,1.0
digits,15,cart_fixed,0.05,0.0,0.6565977742448331,0.14348149805510796,1.0
digits,15,mags_tuned,0.05,0.0047694753577106515,0.8235294117647058,0.10364953454769021,1.0
digits,15,cart_tuned_depth,0.05,0.0,0.8235294117647058,0.16017095174581097,1.0
digits,15,cart_pruned,0.05,0.0,0.7996820349761526,0.10364955228146,1.0
digits,15,noise_augmented_cart,0.05,0.04769475357710652,0.7424483306836248,0.16935300878259585,1.0
digits,16,matched_gini,0.05,0.001589825119236884,0.6136724960254372,0.10091304605099163,1.0
digits,16,mags_fixed,0.05,0.0047694753577106515,0.6104928457869634,0.10091304605099163,1.0
digits,16,mags_binary_excluded,0.05,0.0047694753577106515,0.6104928457869634,0.10091304605099163,1.0
digits,16,matched_gini_unrestricted,0.05,0.001589825119236884,0.615262321144674,0.10091304605099163,1.0
digits,16,mags_fixed_unrestricted,0.05,0.0047694753577106515,0.6120826709062003,0.10091304605099163,1.0
digits,16,cart_fixed,0.05,0.0,0.615262321144674,0.10091309084277178,1.0
digits,16,mags_tuned,0.05,0.012718600953895072,0.7980922098569158,0.08541180887157701,1.0
digits,16,cart_tuned_depth,0.05,0.001589825119236884,0.7837837837837838,0.08515565710098816,1.0
digits,16,cart_pruned,0.05,0.0047694753577106515,0.7933227344992051,0.08515565710098816,1.0
digits,16,noise_augmented_cart,0.05,0.033386327503974564,0.6406995230524642,0.210185660071209,1.0
digits,17,matched_gini,0.05,0.011128775834658187,0.6502384737678856,0.1444469894296454,1.0
digits,17,mags_fixed,0.05,0.012718600953895072,0.6613672496025437,0.10189587130044533,1.0
digits,17,mags_binary_excluded,0.05,0.012718600953895072,0.6613672496025437,0.10189587130044533,1.0
digits,17,matched_gini_unrestricted,0.05,0.011128775834658187,0.6502384737678856,0.1444469894296454,1.0
digits,17,mags_fixed_unrestricted,0.05,0.012718600953895072,0.6613672496025437,0.10189587130044533,1.0
digits,17,cart_fixed,0.05,0.0,0.6470588235294118,0.14444697013751404,1.0
digits,17,mags_tuned,0.05,0.022257551669316374,0.8378378378378378,0.14185251198749152,1.0
digits,17,cart_tuned_depth,0.05,0.0,0.821939586645469,0.12370663633837098,1.0
digits,17,cart_pruned,0.05,0.0,0.8298887122416534,0.14185251458769546,1.0
digits,17,noise_augmented_cart,0.05,0.06041335453100159,0.6613672496025437,0.20505661909468045,1.0
digits,18,matched_gini,0.05,0.0,0.670906200317965,0.1058589751726211,1.0
digits,18,mags_fixed,0.05,0.001589825119236884,0.6693163751987281,0.1058589751726211,1.0
digits,18,mags_binary_excluded,0.05,0.001589825119236884,0.6693163751987281,0.1058589751726211,1.0
digits,18,matched_gini_unrestricted,0.05,0.0,0.670906200317965,0.1058589751726211,1.0
digits,18,mags_fixed_unrestricted,0.05,0.003179650238473768,0.6677265500794912,0.1058589751726211,1.0
digits,18,cart_fixed,0.05,0.0,0.6693163751987281,0.10585892330733349,1.0
digits,18,mags_tuned,0.05,0.0047694753577106515,0.8410174880763116,0.085684178029791,1.0
digits,18,cart_tuned_depth,0.05,0.001589825119236884,0.8330683624801272,0.08568417991754801,1.0
digits,18,cart_pruned,0.05,0.001589825119236884,0.8203497615262321,0.08568422467363712,1.0
digits,18,noise_augmented_cart,0.05,0.06677265500794913,0.7424483306836248,0.22449602368487045,1.0
digits,19,matched_gini,0.05,0.0,0.6756756756756757,0.0840083725226505,1.0
digits,19,mags_fixed,0.05,0.0,0.6772655007949125,0.0840083725226505,1.0
digits,19,mags_binary_excluded,0.05,0.0,0.6772655007949125,0.0840083725226505,1.0
digits,19,matched_gini_unrestricted,0.05,0.0,0.6756756756756757,0.0840083725226505,1.0
digits,19,mags_fixed_unrestricted,0.05,0.0047694753577106515,0.6740858505564388,0.0840083725226505,1.0
digits,19,cart_fixed,0.05,0.0,0.6724960254372019,0.08400837356580251,1.0
digits,19,mags_tuned,0.05,0.006359300476947536,0.8267090620031796,0.0840083725226505,1.0
digits,19,cart_tuned_depth,0.05,0.006359300476947536,0.834658187599364,0.08400837356580251,1.0
digits,19,cart_pruned,0.05,0.001589825119236884,0.8235294117647058,0.08400837356580251,1.0
digits,19,noise_augmented_cart,0.05,0.03656597774244833,0.6788553259141494,0.25020245487226006,1.0
digits,20,matched_gini,0.05,0.001589825119236884,0.6645468998410174,0.14432155959848542,1.0
digits,20,mags_fixed,0.05,0.0,0.6661367249602543,0.14432155959848542,1.0
digits,20,mags_binary_excluded,0.05,0.0,0.6661367249602543,0.14432155959848542,1.0
digits,20,matched_gini_unrestricted,0.05,0.001589825119236884,0.6645468998410174,0.14432155959848542,1.0
digits,20,mags_fixed_unrestricted,0.05,0.0,0.6661367249602543,0.14432155959848542,1.0
digits,20,cart_fixed,0.05,0.0,0.6677265500794912,0.144321555592059,1.0
digits,20,mags_tuned,0.05,0.001589825119236884,0.8314785373608903,0.14178386204678983,1.0
digits,20,cart_tuned_depth,0.05,0.0,0.821939586645469,0.1417838428814783,1.0
digits,20,cart_pruned,0.05,0.0,0.8203497615262321,0.1417838428814783,1.0
digits,20,noise_augmented_cart,0.05,0.028616852146263912,0.7201907790143084,0.21832459434687781,1.0
digits,21,matched_gini,0.05,0.001589825119236884,0.643879173290938,0.10151930036715506,1.0
digits,21,mags_fixed,0.05,0.003179650238473768,0.6184419713831478,0.10151930136715484,1.0
digits,21,mags_binary_excluded,0.05,0.003179650238473768,0.6184419713831478,0.10151930136715484,1.0
digits,21,matched_gini_unrestricted,0.05,0.001589825119236884,0.6486486486486487,0.10151930036715506,1.0
digits,21,mags_fixed_unrestricted,0.05,0.003179650238473768,0.6184419713831478,0.10151930136715484,1.0
digits,21,cart_fixed,0.05,0.0,0.6470588235294118,0.10151926548689683,1.0
digits,21,mags_tuned,0.05,0.0047694753577106515,0.8139904610492846,0.15266935717279997,1.0
digits,21,cart_tuned_depth,0.05,0.001589825119236884,0.8282988871224165,0.11535959701069023,1.0
digits,21,cart_pruned,0.05,0.0,0.7821939586645469,0.1422331527688891,1.0
digits,21,noise_augmented_cart,0.05,0.03179650238473768,0.6279809220985691,0.33856370210327547,1.0
digits,22,matched_gini,0.05,0.003179650238473768,0.6899841017488076,0.0995384137434846,1.0
digits,22,mags_fixed,0.05,0.001589825119236884,0.6915739268680445,0.0995384137434846,1.0
digits,22,mags_binary_excluded,0.05,0.001589825119236884,0.6915739268680445,0.0995384137434846,1.0
digits,22,matched_gini_unrestricted,0.05,0.003179650238473768,0.6931637519872814,0.0995384137434846,1.0
digits,22,mags_fixed_unrestricted,0.05,0.001589825119236884,0.6947535771065183,0.0995384137434846,1.0
digits,22,cart_fixed,0.05,0.0,0.6915739268680445,0.09822326922392924,1.0
digits,22,mags_tuned,0.05,0.01589825119236884,0.821939586645469,0.1419430532134958,1.0
digits,22,cart_tuned_depth,0.05,0.001589825119236884,0.834658187599364,0.14194304259539328,1.0
digits,22,cart_pruned,0.05,0.001589825119236884,0.8314785373608903,0.14194304259539328,1.0
digits,22,noise_augmented_cart,0.05,0.06200317965023847,0.6883942766295708,0.16685319630494191,1.0
digits,23,matched_gini,0.05,0.001589825119236884,0.6963434022257552,0.10292876787323538,1.0
digits,23,mags_fixed,0.05,0.0047694753577106515,0.6979332273449921,0.10292876787323538,1.0
digits,23,mags_binary_excluded,0.05,0.0047694753577106515,0.6979332273449921,0.10292876787323538,1.0
digits,23,matched_gini_unrestricted,0.05,0.001589825119236884,0.6963434022257552,0.10292876787323538,1.0
digits,23,mags_fixed_unrestricted,0.05,0.0047694753577106515,0.6979332273449921,0.10292876787323538,1.0
digits,23,cart_fixed,0.05,0.0,0.6963434022257552,0.10292879425532853,1.0
digits,23,mags_tuned,0.05,0.011128775834658187,0.8537360890302067,0.08496579449332234,1.0
digits,23,cart_tuned_depth,0.05,0.0,0.8648648648648649,0.14289791688447528,1.0
digits,23,cart_pruned,0.05,0.0,0.8139904610492846,0.08642561132106907,1.0
digits,23,noise_augmented_cart,0.05,0.046104928457869634,0.6581875993640699,0.3493076747272936,1.0
digits,24,matched_gini,0.05,0.001589825119236884,0.6661367249602543,0.2335236658055832,1.0
digits,24,mags_fixed,0.05,0.001589825119236884,0.6645468998410174,0.2335236658055832,1.0
digits,24,mags_binary_excluded,0.05,0.001589825119236884,0.6645468998410174,0.2335236658055832,1.0
digits,24,matched_gini_unrestricted,0.05,0.001589825119236884,0.6661367249602543,0.2335236658055832,1.0
digits,24,mags_fixed_unrestricted,0.05,0.001589825119236884,0.6693163751987281,0.2335236658055832,1.0
digits,24,cart_fixed,0.05,0.0,0.6629570747217806,0.2335236538526199,1.0
digits,24,mags_tuned,0.05,0.006359300476947536,0.834658187599364,0.16323074604865426,1.0
digits,24,cart_tuned_depth,0.05,0.0047694753577106515,0.8426073131955485,0.14699922502008345,1.0
digits,24,cart_pruned,0.05,0.0047694753577106515,0.8505564387917329,0.16214822121167968,1.0
digits,24,noise_augmented_cart,0.05,0.02384737678855326,0.6661367249602543,0.23755925588228935,1.0
digits,25,matched_gini,0.05,0.0,0.6613672496025437,0.1029292704531043,1.0
digits,25,mags_fixed,0.05,0.0,0.6629570747217806,0.1029292704531043,1.0
digits,25,mags_binary_excluded,0.05,0.0,0.6629570747217806,0.1029292704531043,1.0
digits,25,matched_gini_unrestricted,0.05,0.0,0.6629570747217806,0.1029292704531043,1.0
digits,25,mags_fixed_unrestricted,0.05,0.0,0.6645468998410174,0.1029292704531043,1.0
digits,25,cart_fixed,0.05,0.0,0.6645468998410174,0.1029292729408422,1.0
digits,25,mags_tuned,0.05,0.001589825119236884,0.8298887122416534,0.17076322057043944,1.0
digits,25,cart_tuned_depth,0.05,0.001589825119236884,0.8378378378378378,0.23366078859093822,1.0
digits,25,cart_pruned,0.05,0.0,0.8314785373608903,0.10323748097089006,1.0
digits,25,noise_augmented_cart,0.05,0.04451510333863275,0.6740858505564388,0.16682798082173647,1.0
digits,26,matched_gini,0.05,0.001589825119236884,0.6518282988871225,0.14648361388509148,1.0
digits,26,mags_fixed,0.05,0.001589825119236884,0.6518282988871225,0.14648361388509148,1.0
digits,26,mags_binary_excluded,0.05,0.001589825119236884,0.6518282988871225,0.14648361388509148,1.0
digits,26,matched_gini_unrestricted,0.05,0.001589825119236884,0.6502384737678856,0.14648361388509148,1.0
digits,26,mags_fixed_unrestricted,0.05,0.001589825119236884,0.6518282988871225,0.14648361388509148,1.0
digits,26,cart_fixed,0.05,0.001589825119236884,0.6454689984101749,0.146483614774552,1.0
digits,26,mags_tuned,0.05,0.0047694753577106515,0.8426073131955485,0.08567573620443483,1.0
digits,26,cart_tuned_depth,0.05,0.003179650238473768,0.8521462639109698,0.10159083825252649,1.0
digits,26,cart_pruned,0.05,0.003179650238473768,0.8426073131955485,0.08458785680248151,1.0
digits,26,noise_augmented_cart,0.05,0.033386327503974564,0.6422893481717011,0.25738160900443113,1.0
digits,27,matched_gini,0.05,0.001589825119236884,0.6788553259141494,0.10112959541176247,1.0
digits,27,mags_fixed,0.05,0.001589825119236884,0.6804451510333863,0.08723097847717756,1.0
digits,27,mags_binary_excluded,0.05,0.001589825119236884,0.6804451510333863,0.08723097847717756,1.0
digits,27,matched_gini_unrestricted,0.05,0.001589825119236884,0.6772655007949125,0.10112959541176247,1.0
digits,27,mags_fixed_unrestricted,0.05,0.001589825119236884,0.6788553259141494,0.08723097847717756,1.0
digits,27,cart_fixed,0.05,0.0,0.6772655007949125,0.10112958213777226,1.0
digits,27,mags_tuned,0.05,0.00794912559618442,0.8394276629570747,0.08483097961905273,1.0
digits,27,cart_tuned_depth,0.05,0.001589825119236884,0.8282988871224165,0.08533537738717936,1.0
digits,27,cart_pruned,0.05,0.001589825119236884,0.8203497615262321,0.0848309785240329,1.0
digits,27,noise_augmented_cart,0.05,0.04769475357710652,0.7011128775834659,0.1568469013168802,1.0
german_credit,0,matched_gini,0.05,0.05142857142857143,0.7085714285714285,1.7632229313677819,0.6714285714285714
german_credit,0,mags_fixed,0.05,0.054285714285714284,0.7,0.7740978728687823,0.32857142857142857
german_credit,0,mags_binary_excluded,0.05,0.05142857142857143,0.7057142857142857,1.7632229313677819,0.7685714285714286
german_credit,0,matched_gini_unrestricted,0.05,0.05142857142857143,0.7057142857142857,1.5579055821924364,0.7685714285714286
german_credit,0,mags_fixed_unrestricted,0.05,0.054285714285714284,0.7,0.8924963124214123,0.32857142857142857
german_credit,0,cart_fixed,0.05,0.037142857142857144,0.7571428571428571,0.6148123675708893,0.7885714285714286
german_credit,0,mags_tuned,0.05,0.0,0.6628571428571428,0.9130501356019287,0.03428571428571429
german_credit,0,cart_tuned_depth,0.05,0.08571428571428572,0.7142857142857143,0.47305981219493537,0.7571428571428571
german_credit,0,cart_pruned,0.05,0.08857142857142856,0.72,0.31279764150075506,0.6114285714285714
german_credit,0,noise_augmented_cart,0.05,0.008571428571428572,0.6857142857142857,3.1075955216238986,0.6485714285714286
german_credit,1,matched_gini,0.05,0.08,0.7057142857142857,0.2964413905060028,0.6628571428571428
german_credit,1,mags_fixed,0.05,0.045714285714285714,0.7314285714285714,1.41580826392335,0.5571428571428572
german_credit,1,mags_binary_excluded,0.05,0.08571428571428572,0.7142857142857143,0.2570100241539107,0.6628571428571428
german_credit,1,matched_gini_unrestricted,0.05,0.05142857142857143,0.7171428571428572,1.1819657744175571,0.6628571428571428
german_credit,1,mags_fixed_unrestricted,0.05,0.045714285714285714,0.7371428571428571,1.3800956852453574,0.6
german_credit,1,cart_fixed,0.05,0.04857142857142857,0.7142857142857143,1.1819657709681926,0.6628571428571428
german_credit,1,mags_tuned,0.05,0.07714285714285714,0.68,0.4427349180565031,0.74
german_credit,1,cart_tuned_depth,0.05,0.04285714285714286,0.6885714285714286,1.0331675303312111,1.0
german_credit,1,cart_pruned,0.05,0.06,0.6828571428571428,0.888541372803782,0.9828571428571429
german_credit,1,noise_augmented_cart,0.05,0.005714285714285714,0.7,1.3614262917261761,0.6542857142857142
german_credit,2,matched_gini,0.05,0.054285714285714284,0.6771428571428572,0.5216453452876536,0.74
german_credit,2,mags_fixed,0.05,0.002857142857142857,0.7142857142857143,0.9630375615310527,0.5
german_credit,2,mags_binary_excluded,0.05,0.08857142857142856,0.7142857142857143,0.2914038314341727,0.7457142857142857
german_credit,2,matched_gini_unrestricted,0.05,0.09142857142857143,0.6628571428571428,0.5216453452876536,0.74
german_credit,2,mags_fixed_unrestricted,0.05,0.002857142857142857,0.7142857142857143,0.9630375615310527,0.5
german_credit,2,cart_fixed,0.05,0.04,0.6742857142857143,0.5216453224295359,0.74
german_credit,2,mags_tuned,0.05,0.05142857142857143,0.6857142857142857,0.601898476331908,0.76
german_credit,2,cart_tuned_depth,0.05,0.0,0.6971428571428572,0.8426578638607127,0.6371428571428571
german_credit,2,cart_pruned,0.05,0.04,0.6771428571428572,0.5216453224295359,0.7628571428571429
german_credit,2,noise_augmented_cart,0.05,0.03142857142857143,0.6742857142857143,0.7711090785448862,0.5942857142857143
digits,28,matched_gini,0.05,0.00794912559618442,0.6724960254372019,0.10201030539009082,1.0
digits,28,mags_fixed,0.05,0.00794912559618442,0.6724960254372019,0.10201030539009082,1.0
digits,28,mags_binary_excluded,0.05,0.00794912559618442,0.6724960254372019,0.10201030539009082,1.0
digits,28,matched_gini_unrestricted,0.05,0.00794912559618442,0.6724960254372019,0.10201030539009082,1.0
digits,28,mags_fixed_unrestricted,0.05,0.00794912559618442,0.6724960254372019,0.10201030539009082,1.0
digits,28,cart_fixed,0.05,0.0,0.6629570747217806,0.10201030178472559,1.0
digits,28,mags_tuned,0.05,0.011128775834658187,0.8505564387917329,0.08440262524746714,1.0
digits,28,cart_tuned_depth,0.05,0.0,0.834658187599364,0.08440260172945649,1.0
digits,28,cart_pruned,0.05,0.0,0.8282988871224165,0.08440260172945649,1.0
digits,28,noise_augmented_cart,0.05,0.012718600953895072,0.7106518282988871,0.23072230824619125,1.0
german_credit,3,matched_gini,0.05,0.0,0.6771428571428572,1.1061402150700963,0.5657142857142857
german_credit,3,mags_fixed,0.05,0.008571428571428572,0.6685714285714286,3.414168536698022,0.32571428571428573
german_credit,3,mags_binary_excluded,0.05,0.0,0.6857142857142857,1.1061402150700963,0.5657142857142857
german_credit,3,matched_gini_unrestricted,0.05,0.002857142857142857,0.6742857142857143,1.1061402150700963,0.5742857142857143
german_credit,3,mags_fixed_unrestricted,0.05,0.011428571428571429,0.6714285714285714,1.8435670244501603,0.4
german_credit,3,cart_fixed,0.05,0.0,0.68,1.1061402292370217,0.5742857142857143
german_credit,3,mags_tuned,0.05,0.008571428571428572,0.6685714285714286,3.414168536698022,0.32571428571428573
german_credit,3,cart_tuned_depth,0.05,0.0,0.7114285714285714,0.8603312794759294,0.5485714285714286
german_credit,3,cart_pruned,0.05,0.002857142857142857,0.72,0.8603312794759294,0.5314285714285715
german_credit,3,noise_augmented_cart,0.05,0.002857142857142857,0.6742857142857143,0.9849923962576516,0.5914285714285714
digits,29,matched_gini,0.05,0.006359300476947536,0.7599364069952306,0.08513147221034592,1.0
digits,29,mags_fixed,0.05,0.001589825119236884,0.7583465818759937,0.08541788140706176,1.0
digits,29,mags_binary_excluded,0.05,0.001589825119236884,0.7583465818759937,0.08541788140706176,1.0
digits,29,matched_gini_unrestricted,0.05,0.006359300476947536,0.7599364069952306,0.08513147221034592,1.0
digits,29,mags_fixed_unrestricted,0.05,0.001589825119236884,0.7583465818759937,0.08541788140706176,1.0
digits,29,cart_fixed,0.05,0.0,0.753577106518283,0.08513147295353943,1.0
digits,29,mags_tuned,0.05,0.011128775834658187,0.8457869634340223,0.08513147221034592,1.0
digits,29,cart_tuned_depth,0.05,0.0,0.8505564387917329,0.08513147295353943,1.0
digits,29,cart_pruned,0.05,0.0,0.8457869634340223,0.08513147295353943,1.0
digits,29,noise_augmented_cart,0.05,0.04292527821939587,0.7344992050874404,0.19187263123990053,1.0
german_credit,4,matched_gini,0.05,0.022857142857142857,0.7142857142857143,0.6845696746419481,0.6057142857142858
german_credit,4,mags_fixed,0.05,0.02,0.7085714285714285,0.6845696746419481,0.38285714285714284
german_credit,4,mags_binary_excluded,0.05,0.02,0.6971428571428572,0.6845696746419481,0.64
german_credit,4,matched_gini_unrestricted,0.05,0.025714285714285714,0.7228571428571429,0.6845696746419481,0.6314285714285715
german_credit,4,mags_fixed_unrestricted,0.05,0.02,0.7085714285714285,0.6845696746419481,0.38285714285714284
german_credit,4,cart_fixed,0.05,0.017142857142857144,0.7171428571428572,0.6845696743235792,0.5971428571428572
german_credit,4,mags_tuned,0.05,0.02,0.7114285714285714,0.6845696746419481,0.3171428571428571
german_credit,4,cart_tuned_depth,0.05,0.03428571428571429,0.7114285714285714,0.41948160922011357,0.6628571428571428
german_credit,4,cart_pruned,0.05,0.03428571428571429,0.7228571428571429,0.405551437724681,0.68
german_credit,4,noise_augmented_cart,0.05,0.002857142857142857,0.7028571428571428,0.9296439502046312,0.5485714285714286
german_credit,5,matched_gini,0.05,0.037142857142857144,0.6714285714285714,0.33918137447313484,0.24285714285714285
german_credit,5,mags_fixed,0.05,0.03428571428571429,0.6485714285714286,0.545400903526098,0.64
german_credit,5,mags_binary_excluded,0.05,0.037142857142857144,0.66,0.4827142519552181,0.24285714285714285
german_credit,5,matched_gini_unrestricted,0.05,0.03142857142857143,0.68,0.3177359158569781,0.24285714285714285
german_credit,5,mags_fixed_unrestricted,0.05,0.025714285714285714,0.6657142857142857,0.6033465006746606,0.5171428571428571
german_credit,5,cart_fixed,0.05,0.008571428571428572,0.6457142857142857,0.48271418340356265,0.24285714285714285
german_credit,5,mags_tuned,0.05,0.07428571428571429,0.68,0.4503126041345936,0.6657142857142857
german_credit,5,cart_tuned_depth,0.05,0.0,0.6657142857142857,2.1502726464430824,0.10285714285714286
german_credit,5,cart_pruned,0.05,0.008571428571428572,0.6628571428571428,0.44245410928890777,0.4228571428571429
german_credit,5,noise_augmented_cart,0.05,0.017142857142857144,0.6485714285714286,0.6022353091510281,0.26285714285714284
german_credit,6,matched_gini,0.05,0.05714285714285714,0.7028571428571428,1.3087777543013879,0.92
german_credit,6,mags_fixed,0.05,0.005714285714285714,0.7485714285714286,0.8682230784588466,0.48857142857142855
german_credit,6,mags_binary_excluded,0.05,0.09428571428571429,0.7028571428571428,1.0902273772000814,0.9428571428571428
german_credit,6,matched_gini_unrestricted,0.05,0.04857142857142857,0.7,1.2840736275168343,0.92
german_credit,6,mags_fixed_unrestricted,0.05,0.002857142857142857,0.7457142857142857,0.8682230784588466,0.48857142857142855
german_credit,6,cart_fixed,0.05,0.04,0.7,1.9431659200837208,0.5942857142857143
german_credit,6,mags_tuned,0.05,0.005714285714285714,0.7057142857142857,0.9663460980906775,0.11142857142857143
german_credit,6,cart_tuned_depth,0.05,0.07142857142857142,0.7142857142857143,0.7649263252638658,0.7428571428571429
german_credit,6,cart_pruned,0.05,0.05142857142857143,0.7285714285714285,1.447038447250094,0.52
german_credit,6,noise_augmented_cart,0.05,0.045714285714285714,0.7285714285714285,0.7459145658806468,0.5314285714285715
german_credit,7,matched_gini,0.05,0.07142857142857142,0.6942857142857143,0.9906395382949218,0.7428571428571429
german_credit,7,mags_fixed,0.05,0.07142857142857142,0.6885714285714286,0.9906395387949217,0.74
german_credit,7,mags_binary_excluded,0.05,0.07142857142857142,0.6971428571428572,0.9906395377949218,0.7457142857142857
german_credit,7,matched_gini_unrestricted,0.05,0.08285714285714285,0.6714285714285714,1.0149049187559904,0.9114285714285715
german_credit,7,mags_fixed_unrestricted,0.05,0.06571428571428571,0.6885714285714286,1.0149049187559904,0.5685714285714286
german_credit,7,cart_fixed,0.05,0.054285714285714284,0.6942857142857143,0.9906395401702413,0.7428571428571429
german_credit,7,mags_tuned,0.05,0.06571428571428571,0.6885714285714286,0.8382834049821849,0.7114285714285714
german_credit,7,cart_tuned_depth,0.05,0.07714285714285714,0.7114285714285714,0.447422334948565,0.9714285714285714
german_credit,7,cart_pruned,0.05,0.06285714285714286,0.7171428571428572,0.4482865091420936,0.9285714285714286
german_credit,7,noise_augmented_cart,0.05,0.025714285714285714,0.6885714285714286,0.9164674041935643,0.4828571428571429
german_credit,8,matched_gini,0.05,0.017142857142857144,0.7314285714285714,0.6187879538387152,0.7057142857142857
german_credit,8,mags_fixed,0.05,0.022857142857142857,0.7257142857142858,0.5362828934602198,0.4342857142857143
german_credit,8,mags_binary_excluded,0.05,0.017142857142857144,0.7314285714285714,0.6187879538387152,0.7057142857142857
german_credit,8,matched_gini_unrestricted,0.05,0.0,0.7171428571428572,1.3476044945425893,0.6371428571428571
german_credit,8,mags_fixed_unrestricted,0.05,0.022857142857142857,0.7257142857142858,0.5362828934602198,0.4342857142857143
german_credit,8,cart_fixed,0.05,0.008571428571428572,0.7342857142857143,0.6187879532231636,0.7057142857142857
german_credit,8,mags_tuned,0.05,0.04,0.7142857142857143,0.3712727727032291,0.7085714285714285
german_credit,8,cart_tuned_depth,0.05,0.03142857142857143,0.7142857142857143,0.32807992091807314,0.7085714285714285
german_credit,8,cart_pruned,0.05,0.037142857142857144,0.7,0.30729466091665797,0.7057142857142857
german_credit,8,noise_augmented_cart,0.05,0.005714285714285714,0.7314285714285714,1.1507874009374528,0.9771428571428571
german_credit,9,matched_gini,0.05,0.011428571428571429,0.7085714285714285,1.301216303677779,1.0
german_credit,9,mags_fixed,0.05,0.0,0.6914285714285714,1.6572865060406579,0.5742857142857143
german_credit,9,mags_binary_excluded,0.05,0.011428571428571429,0.7085714285714285,1.2151729088693504,1.0
german_credit,9,matched_gini_unrestricted,0.05,0.02,0.7085714285714285,1.3501241692000054,1.0
german_credit,9,mags_fixed_unrestricted,0.05,0.0,0.6914285714285714,1.6572865060406579,0.5742857142857143
german_credit,9,cart_fixed,0.05,0.011428571428571429,0.7085714285714285,1.350124183507754,1.0
german_credit,9,mags_tuned,0.05,0.0,0.6942857142857143,1.3501241692000054,0.08285714285714285
german_credit,9,cart_tuned_depth,0.05,0.022857142857142857,0.7171428571428572,0.8525210419335588,0.9971428571428571
german_credit,9,cart_pruned,0.05,0.02,0.7285714285714285,0.7627819865075052,0.7714285714285715
german_credit,9,noise_augmented_cart,0.05,0.005714285714285714,0.7257142857142858,1.2676791572672923,0.86
german_credit,10,matched_gini,0.05,0.014285714285714285,0.7085714285714285,0.47424153873270414,0.4342857142857143
german_credit,10,mags_fixed,0.05,0.0,0.7,1.0174810131981826,0.15714285714285714
german_credit,10,mags_binary_excluded,0.05,0.002857142857142857,0.7085714285714285,1.0755944788931942,0.4342857142857143
german_credit,10,matched_gini_unrestricted,0.05,0.014285714285714285,0.6971428571428572,0.4451131931385142,0.47714285714285715
german_credit,10,mags_fixed_unrestricted,0.05,0.0,0.7,1.0174810131981826,0.15714285714285714
german_credit,10,cart_fixed,0.05,0.011428571428571429,0.7142857142857143,0.47611106748060467,0.4342857142857143
german_credit,10,mags_tuned,0.05,0.002857142857142857,0.7142857142857143,0.9564321524662915,0.33714285714285713
german_credit,10,cart_tuned_depth,0.05,0.002857142857142857,0.7314285714285714,0.4488522353313415,0.48
german_credit,10,cart_pruned,0.05,0.02,0.6971428571428572,0.39610584814903205,0.41714285714285715
german_credit,10,noise_augmented_cart,0.05,0.0,0.6885714285714286,0.8882750624272451,0.8114285714285714
german_credit,11,matched_gini,0.05,0.06285714285714286,0.74,0.36655061794014054,0.6971428571428572
german_credit,11,mags_fixed,0.05,0.017142857142857144,0.7314285714285714,0.7738290823180745,0.6485714285714286
german_credit,11,mags_binary_excluded,0.05,0.06285714285714286,0.74,0.36655061794014054,0.6971428571428572
german_credit,11,matched_gini_unrestricted,0.05,0.03142857142857143,0.7371428571428571,0.3942172652982111,0.6971428571428572
german_credit,11,mags_fixed_unrestricted,0.05,0.017142857142857144,0.7314285714285714,0.7738290823180745,0.6485714285714286
german_credit,11,cart_fixed,0.05,0.017142857142857144,0.7142857142857143,0.31988762573258733,0.6971428571428572
german_credit,11,mags_tuned,0.05,0.04,0.7457142857142857,0.5294620036913141,0.68
german_credit,11,cart_tuned_depth,0.05,0.025714285714285714,0.7057142857142857,0.3665505826252895,0.6971428571428572
german_credit,11,cart_pruned,0.05,0.014285714285714285,0.7114285714285714,0.34838211174053235,0.6371428571428571
german_credit,11,noise_augmented_cart,0.05,0.022857142857142857,0.6971428571428572,0.883226764699769,0.94
german_credit,12,matched_gini,0.05,0.022857142857142857,0.6942857142857143,0.9704521202733515,0.9571428571428572
german_credit,12,mags_fixed,0.05,0.025714285714285714,0.7085714285714285,0.826921289545961,0.86
german_credit,12,mags_binary_excluded,0.05,0.011428571428571429,0.6914285714285714,1.1796323602921364,0.9571428571428572
german_credit,12,matched_gini_unrestricted,0.05,0.04285714285714286,0.7057142857142857,0.6553513107178536,0.9914285714285714
german_credit,12,mags_fixed_unrestricted,0.05,0.037142857142857144,0.7,0.7993099101779239,0.86
german_credit,12,cart_fixed,0.05,0.02,0.6742857142857143,1.0104616860970843,0.9457142857142857
german_credit,12,mags_tuned,0.05,0.022857142857142857,0.6942857142857143,0.9704521202733515,0.9571428571428572
german_credit,12,cart_tuned_depth,0.05,0.03428571428571429,0.7,0.6553512855027576,0.9914285714285714
german_credit,12,cart_pruned,0.05,0.037142857142857144,0.7171428571428572,0.46381126167280173,1.0
german_credit,12,noise_augmented_cart,0.05,0.014285714285714285,0.6742857142857143,1.4176943581935566,0.9714285714285714
german_credit,13,matched_gini,0.05,0.08285714285714285,0.72,0.4410186663447959,0.7428571428571429
german_credit,13,mags_fixed,0.05,0.045714285714285714,0.6914285714285714,0.5968095877426813,0.4857142857142857
german_credit,13,mags_binary_excluded,0.05,0.037142857142857144,0.7371428571428571,0.8677962943956523,0.7485714285714286
german_credit,13,matched_gini_unrestricted,0.05,0.08285714285714285,0.7028571428571428,0.34142210204068524,0.6457142857142857
german_credit,13,mags_fixed_unrestricted,0.05,0.11142857142857143,0.6942857142857143,0.2429140252781496,0.5771428571428572
german_credit,13,cart_fixed,0.05,0.017142857142857144,0.7085714285714285,0.4496333306759823,0.7428571428571429
german_credit,13,mags_tuned,0.05,0.08285714285714285,0.72,0.4410186663447959,0.7428571428571429
german_credit,13,cart_tuned_depth,0.05,0.037142857142857144,0.6714285714285714,0.29348349911401306,0.7628571428571429
german_credit,13,cart_pruned,0.05,0.014285714285714285,0.72,0.4142600327438343,0.6057142857142858
german_credit,13,noise_augmented_cart,0.05,0.014285714285714285,0.6885714285714286,0.4607339978073246,0.6371428571428571
german_credit,14,matched_gini,0.05,0.002857142857142857,0.7257142857142858,1.1821196578113973,0.6228571428571429
german_credit,14,mags_fixed,0.05,0.008571428571428572,0.7114285714285714,1.3573122380749048,0.6028571428571429
german_credit,14,mags_binary_excluded,0.05,0.011428571428571429,0.7114285714285714,1.2762366540633523,0.6828571428571428
german_credit,14,matched_gini_unrestricted,0.05,0.03142857142857143,0.7285714285714285,0.7744921906005705,0.6228571428571429
german_credit,14,mags_fixed_unrestricted,0.05,0.008571428571428572,0.7085714285714285,1.3573122380749048,0.5857142857142857
german_credit,14,cart_fixed,0.05,0.03428571428571429,0.7342857142857143,0.7744921736914564,0.6228571428571429
german_credit,14,mags_tuned,0.05,0.005714285714285714,0.7114285714285714,0.9214360773863142,0.5171428571428571
german_credit,14,cart_tuned_depth,0.05,0.08285714285714285,0.7257142857142858,0.3668647270609835,0.6485714285714286
german_credit,14,cart_pruned,0.05,0.05714285714285714,0.7285714285714285,0.45243740064175536,0.6485714285714286
german_credit,14,noise_augmented_cart,0.05,0.02,0.7171428571428572,0.9239991737954827,0.8914285714285715
german_credit,15,matched_gini,0.05,0.005714285714285714,0.6542857142857142,1.396044204215912,0.6028571428571429
german_credit,15,mags_fixed,0.05,0.005714285714285714,0.6657142857142857,1.396044204715912,0.5942857142857143
german_credit,15,mags_binary_excluded,0.05,0.005714285714285714,0.6628571428571428,1.362316591434634,0.6028571428571429
german_credit,15,matched_gini_unrestricted,0.05,0.005714285714285714,0.6542857142857142,1.396044204215912,0.6028571428571429
german_credit,15,mags_fixed_unrestricted,0.05,0.005714285714285714,0.6657142857142857,1.396044204715912,0.5942857142857143
german_credit,15,cart_fixed,0.05,0.005714285714285714,0.6542857142857142,1.396044174934972,0.6028571428571429
german_credit,15,mags_tuned,0.05,0.017142857142857144,0.66,1.0773937210034092,0.5914285714285714
german_credit,15,cart_tuned_depth,0.05,0.022857142857142857,0.6685714285714286,1.1531057376921603,0.8171428571428572
german_credit,15,cart_pruned,0.05,0.0,0.7028571428571428,2.157522831780015,0.6171428571428571
german_credit,15,noise_augmented_cart,0.05,0.017142857142857144,0.6685714285714286,1.2882319628924233,0.5942857142857143
german_credit,16,matched_gini,0.05,0.005714285714285714,0.7171428571428572,0.9555474827962641,0.7314285714285714
german_credit,16,mags_fixed,0.05,0.005714285714285714,0.6971428571428572,2.1186980267335804,0.58
german_credit,16,mags_binary_excluded,0.05,0.005714285714285714,0.7171428571428572,0.9555474827962641,0.7314285714285714
german_credit,16,matched_gini_unrestricted,0.05,0.008571428571428572,0.7171428571428572,1.2078650382129577,0.6685714285714286
german_credit,16,mags_fixed_unrestricted,0.05,0.002857142857142857,0.7028571428571428,2.135562613422537,0.58
german_credit,16,cart_fixed,0.05,0.002857142857142857,0.7142857142857143,0.9555474874435738,0.7314285714285714
german_credit,16,mags_tuned,0.05,0.005714285714285714,0.7114285714285714,2.4327166308819472,0.32285714285714284
german_credit,16,cart_tuned_depth,0.05,0.04285714285714286,0.7028571428571428,0.7602555735854598,0.8657142857142858
german_credit,16,cart_pruned,0.05,0.0,0.7342857142857143,1.2208741207144946,0.3485714285714286
german_credit,16,noise_augmented_cart,0.05,0.0,0.7342857142857143,0.9988894700868818,0.5028571428571429
german_credit,17,matched_gini,0.05,0.011428571428571429,0.6571428571428571,1.736480624886187,0.3914285714285714
german_credit,17,mags_fixed,0.05,0.008571428571428572,0.6885714285714286,0.45074418855035375,0.07714285714285714
german_credit,17,mags_binary_excluded,0.05,0.011428571428571429,0.6571428571428571,1.736480624886187,0.3914285714285714
german_credit,17,matched_gini_unrestricted,0.05,0.014285714285714285,0.6885714285714286,1.6484005660694352,0.46285714285714286
german_credit,17,mags_fixed_unrestricted,0.05,0.017142857142857144,0.6885714285714286,1.772059891491806,0.6371428571428571
german_credit,17,cart_fixed,0.05,0.011428571428571429,0.6828571428571428,1.648400626569057,0.6371428571428571
german_credit,17,mags_tuned,0.05,0.008571428571428572,0.6885714285714286,0.45074418855035375,0.07714285714285714
german_credit,17,cart_tuned_depth,0.05,0.11142857142857143,0.6428571428571429,0.35114027714849116,0.9428571428571428
german_credit,17,cart_pruned,0.05,0.02,0.7342857142857143,1.2858099222423485,0.5685714285714286
german_credit,17,noise_augmented_cart,0.05,0.002857142857142857,0.6885714285714286,1.8034363292041968,0.4
german_credit,18,matched_gini,0.05,0.0,0.7171428571428572,1.5655109365637765,0.6085714285714285
german_credit,18,mags_fixed,0.05,0.0,0.7314285714285714,1.1153967440202674,0.5685714285714286
german_credit,18,mags_binary_excluded,0.05,0.0,0.7171428571428572,1.5655109365637765,0.6085714285714285
german_credit,18,matched_gini_unrestricted,0.05,0.0,0.7171428571428572,1.5655109365637765,0.6085714285714285
german_credit,18,mags_fixed_unrestricted,0.05,0.0,0.7314285714285714,1.1153967440202674,0.5685714285714286
german_credit,18,cart_fixed,0.05,0.0,0.7171428571428572,1.5655110492724322,0.6085714285714285
german_credit,18,mags_tuned,0.05,0.04,0.7057142857142857,0.6196648582334818,0.6542857142857142
german_credit,18,cart_tuned_depth,0.05,0.02857142857142857,0.7171428571428572,0.6196648586290663,0.6542857142857142
german_credit,18,cart_pruned,0.05,0.002857142857142857,0.7285714285714285,1.6111286302026375,0.5885714285714285
german_credit,18,noise_augmented_cart,0.05,0.0,0.7228571428571429,1.570052774709092,0.5885714285714285
german_credit,19,matched_gini,0.05,0.04,0.6885714285714286,0.45066964425935646,0.6285714285714286
german_credit,19,mags_fixed,0.05,0.03142857142857143,0.6771428571428572,0.45066964425935646,0.5342857142857143
german_credit,19,mags_binary_excluded,0.05,0.04,0.6857142857142857,0.45066964425935646,0.6285714285714286
german_credit,19,matched_gini_unrestricted,0.05,0.04,0.6885714285714286,0.45066964425935646,0.6285714285714286
german_credit,19,mags_fixed_unrestricted,0.05,0.03142857142857143,0.6771428571428572,0.45066964425935646,0.5342857142857143
german_credit,19,cart_fixed,0.05,0.037142857142857144,0.6857142857142857,0.45066964917440727,0.6171428571428571
german_credit,19,mags_tuned,0.05,0.03142857142857143,0.6857142857142857,0.7254772414102142,0.5342857142857143
german_credit,19,cart_tuned_depth,0.05,0.02857142857142857,0.6857142857142857,0.7254772407462109,0.5085714285714286
german_credit,19,cart_pruned,0.05,0.045714285714285714,0.7342857142857143,0.3561949303866583,0.6342857142857142
german_credit,19,noise_augmented_cart,0.05,0.054285714285714284,0.7057142857142857,0.5307036337902058,0.7
german_credit,20,matched_gini,0.05,0.014285714285714285,0.7114285714285714,1.3434430048914474,0.7685714285714286
german_credit,20,mags_fixed,0.05,0.045714285714285714,0.6542857142857142,1.1747732723340756,0.7114285714285714
german_credit,20,mags_binary_excluded,0.05,0.014285714285714285,0.7114285714285714,1.3434430048914474,0.7685714285714286
german_credit,20,matched_gini_unrestricted,0.05,0.005714285714285714,0.7171428571428572,1.6036311411414184,0.49714285714285716
german_credit,20,mags_fixed_unrestricted,0.05,0.04285714285714286,0.6628571428571428,0.7812561964791527,0.44
german_credit,20,cart_fixed,0.05,0.005714285714285714,0.7257142857142858,1.601498138915303,0.7685714285714286
german_credit,20,mags_tuned,0.05,0.008571428571428572,0.7228571428571429,1.601498138252802,0.7685714285714286
german_credit,20,cart_tuned_depth,0.05,0.017142857142857144,0.6885714285714286,0.5656315574218066,0.9971428571428571
german_credit,20,cart_pruned,0.05,0.0,0.7342857142857143,2.0970560898337656,0.3314285714285714
german_credit,20,noise_augmented_cart,0.05,0.005714285714285714,0.7257142857142858,1.8376426209245396,0.9
german_credit,21,matched_gini,0.05,0.09142857142857143,0.68,0.3665734067306282,0.6714285714285714
german_credit,21,mags_fixed,0.05,0.05142857142857143,0.6685714285714286,0.6109556788843803,0.7514285714285714
german_credit,21,mags_binary_excluded,0.05,0.07142857142857142,0.6942857142857143,0.3665734067306282,0.6714285714285714
german_credit,21,matched_gini_unrestricted,0.05,0.06285714285714286,0.6514285714285715,0.4505882069057977,0.68
german_credit,21,mags_fixed_unrestricted,0.05,0.054285714285714284,0.6685714285714286,0.6109556788843803,0.7514285714285714
german_credit,21,cart_fixed,0.05,0.054285714285714284,0.6657142857142857,0.3665734335270643,0.6714285714285714
german_credit,21,mags_tuned,0.05,0.08571428571428572,0.6714285714285714,0.4505882069057977,0.8857142857142857
german_credit,21,cart_tuned_depth,0.05,0.0,0.7085714285714285,1.0997201943954484,0.6257142857142857
german_credit,21,cart_pruned,0.05,0.02857142857142857,0.6857142857142857,0.3665734335270643,0.6257142857142857
german_credit,21,noise_augmented_cart,0.05,0.03142857142857143,0.6942857142857143,0.6659059489667588,0.9428571428571428
german_credit,22,matched_gini,0.05,0.0,0.7171428571428572,1.6861783705546085,0.8371428571428572
german_credit,22,mags_fixed,0.05,0.0,0.7257142857142858,1.6861783705546085,0.8171428571428572
german_credit,22,mags_binary_excluded,0.05,0.0,0.7171428571428572,1.6861783705546085,0.8371428571428572
german_credit,22,matched_gini_unrestricted,0.05,0.002857142857142857,0.72,1.6861783705546085,0.8371428571428572
german_credit,22,mags_fixed_unrestricted,0.05,0.002857142857142857,0.7285714285714285,1.6861783705546085,0.8171428571428572
german_credit,22,cart_fixed,0.05,0.0,0.7342857142857143,1.686178378413145,0.7914285714285715
german_credit,22,mags_tuned,0.05,0.0,0.72,1.1851929551998,0.6028571428571429
german_credit,22,cart_tuned_depth,0.05,0.0,0.6971428571428572,1.7743453263356517,0.9485714285714286
german_credit,22,cart_pruned,0.05,0.0,0.7285714285714285,1.6168369953766275,0.94
german_credit,22,noise_augmented_cart,0.05,0.025714285714285714,0.7,1.7320125621060771,0.9771428571428571
german_credit,23,matched_gini,0.05,0.037142857142857144,0.6542857142857142,0.7025206850312383,0.9142857142857143
german_credit,23,mags_fixed,0.05,0.037142857142857144,0.66,0.5372217013180058,0.7085714285714285
german_credit,23,mags_binary_excluded,0.05,0.037142857142857144,0.6542857142857142,0.7025206850312383,0.9142857142857143
german_credit,23,matched_gini_unrestricted,0.05,0.03428571428571429,0.6571428571428571,0.7025206850312383,0.9142857142857143
german_credit,23,mags_fixed_unrestricted,0.05,0.03428571428571429,0.6571428571428571,0.7025206850312383,0.86
german_credit,23,cart_fixed,0.05,0.002857142857142857,0.6628571428571428,0.7025206711099656,0.9028571428571428
german_credit,23,mags_tuned,0.05,0.017142857142857144,0.6485714285714286,0.5372217013180058,0.5114285714285715
german_credit,23,cart_tuned_depth,0.05,0.0,0.6457142857142857,0.5372217152392785,0.5571428571428572
german_credit,23,cart_pruned,0.05,0.014285714285714285,0.7371428571428571,0.2892732381694297,0.5971428571428572
german_credit,23,noise_augmented_cart,0.05,0.15714285714285714,0.5914285714285714,0.4534930795304755,0.6885714285714286
german_credit,24,matched_gini,0.05,0.04,0.72,0.9556184776098826,0.8514285714285714
german_credit,24,mags_fixed,0.05,0.002857142857142857,0.7142857142857143,1.1740971826131337,0.5828571428571429
german_credit,24,mags_binary_excluded,0.05,0.02,0.7142857142857143,1.1192715193543366,0.8514285714285714
german_credit,24,matched_gini_unrestricted,0.05,0.03142857142857143,0.7171428571428572,1.1726688875811622,0.8514285714285714
german_credit,24,mags_fixed_unrestricted,0.05,0.002857142857142857,0.7142857142857143,1.1740971826131337,0.5828571428571429
german_credit,24,cart_fixed,0.05,0.005714285714285714,0.7114285714285714,1.1206225845340596,0.82
german_credit,24,mags_tuned,0.05,0.0,0.7314285714285714,2.52459810782281,0.3057142857142857
german_credit,24,cart_tuned_depth,0.05,0.02,0.72,0.7482825914860809,0.8114285714285714
german_credit,24,cart_pruned,0.05,0.002857142857142857,0.7228571428571429,1.1740971431380967,0.5857142857142857
german_credit,24,noise_augmented_cart,0.05,0.002857142857142857,0.7142857142857143,1.1632286233951405,0.5942857142857143
german_credit,25,matched_gini,0.05,0.06,0.6771428571428572,0.4607815831837118,0.6342857142857142
german_credit,25,mags_fixed,0.05,0.06285714285714286,0.68,1.3642197724247374,0.5828571428571429
german_credit,25,mags_binary_excluded,0.05,0.06,0.6771428571428572,0.4607815831837118,0.6342857142857142
german_credit,25,matched_gini_unrestricted,0.05,0.06,0.6771428571428572,0.4607815831837118,0.6342857142857142
german_credit,25,mags_fixed_unrestricted,0.05,0.06,0.6885714285714286,1.4468997591019943,0.6142857142857143
german_credit,25,cart_fixed,0.05,0.06,0.6857142857142857,0.46078160763074705,0.6342857142857142
german_credit,25,mags_tuned,0.05,0.02,0.7114285714285714,0.5731622594550322,0.24857142857142858
german_credit,25,cart_tuned_depth,0.05,0.0,0.7,,0.0
german_credit,25,cart_pruned,0.05,0.0,0.7,,0.0
german_credit,25,noise_augmented_cart,0.05,0.0,0.72,0.8217582149285407,0.5028571428571429
german_credit,26,matched_gini,0.05,0.08857142857142856,0.7142857142857143,0.7102084211196059,0.9914285714285714
german_credit,26,mags_fixed,0.05,0.07142857142857142,0.6685714285714286,0.6092725178090955,0.9457142857142857
german_credit,26,mags_binary_excluded,0.05,0.08857142857142856,0.7142857142857143,0.7102084211196059,0.9914285714285714
german_credit,26,matched_gini_unrestricted,0.05,0.08571428571428572,0.7171428571428572,0.5410390022057436,0.82
german_credit,26,mags_fixed_unrestricted,0.05,0.06857142857142857,0.66,0.2991824467667303,0.6228571428571429
german_credit,26,cart_fixed,0.05,0.05714285714285714,0.7028571428571428,0.6242758056896096,1.0
german_credit,26,mags_tuned,0.05,0.08285714285714285,0.7,0.49041683456302343,0.9914285714285714
german_credit,26,cart_tuned_depth,0.05,0.054285714285714284,0.68,0.45780224730841945,1.0
german_credit,26,cart_pruned,0.05,0.04285714285714286,0.7257142857142858,0.5377762464182911,0.6257142857142857
german_credit,26,noise_augmented_cart,0.05,0.008571428571428572,0.7371428571428571,1.4083401128309654,0.8657142857142858
german_credit,27,matched_gini,0.05,0.02857142857142857,0.7314285714285714,1.151420139122492,0.9428571428571428
german_credit,27,mags_fixed,0.05,0.04857142857142857,0.6857142857142857,0.8955489980952717,0.5342857142857143
german_credit,27,mags_binary_excluded,0.05,0.04,0.7085714285714285,0.8955489980952717,0.9428571428571428
german_credit,27,matched_gini_unrestricted,0.05,0.03142857142857143,0.7314285714285714,1.151420139122492,0.9428571428571428
german_credit,27,mags_fixed_unrestricted,0.05,0.04857142857142857,0.6828571428571428,0.8955489980952717,0.5342857142857143
german_credit,27,cart_fixed,0.05,0.008571428571428572,0.7257142857142858,1.1514201400510906,0.9428571428571428
german_credit,27,mags_tuned,0.05,0.0,0.6885714285714286,1.727328514760157,0.5171428571428571
german_credit,27,cart_tuned_depth,0.05,0.04,0.68,0.5991257932918934,0.9428571428571428
german_credit,27,cart_pruned,0.05,0.008571428571428572,0.7514285714285714,0.6396778559966497,0.6
german_credit,27,noise_augmented_cart,0.05,0.002857142857142857,0.6942857142857143,1.1739424520514326,0.8628571428571429
heart_statlog,0,matched_gini,0.05,0.010526315789473684,0.7473684210526316,0.5385252740345806,1.0
heart_statlog,0,mags_fixed,0.05,0.010526315789473684,0.7157894736842105,0.5385252740345806,1.0
heart_statlog,0,mags_binary_excluded,0.05,0.010526315789473684,0.7157894736842105,0.5385252740345806,1.0
heart_statlog,0,matched_gini_unrestricted,0.05,0.010526315789473684,0.7473684210526316,0.5385252740345806,1.0
heart_statlog,0,mags_fixed_unrestricted,0.05,0.010526315789473684,0.7157894736842105,0.5385252740345806,1.0
heart_statlog,0,cart_fixed,0.05,0.0,0.7578947368421053,0.5385252881420762,1.0
heart_statlog,0,mags_tuned,0.05,0.0,0.7263157894736842,0.7742520730789918,1.0
heart_statlog,0,cart_tuned_depth,0.05,0.0,0.7263157894736842,0.7742520584202943,1.0
heart_statlog,0,cart_pruned,0.05,0.0,0.7473684210526316,0.5385252881420762,1.0
heart_statlog,0,noise_augmented_cart,0.05,0.042105263157894736,0.6842105263157895,0.20404222742091996,1.0
german_credit,28,matched_gini,0.05,0.04,0.7,0.7572726385157632,0.94
german_credit,28,mags_fixed,0.05,0.002857142857142857,0.7228571428571429,0.8650717920382772,0.7971428571428572
german_credit,28,mags_binary_excluded,0.05,0.04,0.72,0.7514759857480349,0.9485714285714286
german_credit,28,matched_gini_unrestricted,0.05,0.011428571428571429,0.7171428571428572,0.8689609051533204,0.8771428571428571
german_credit,28,mags_fixed_unrestricted,0.05,0.002857142857142857,0.74,0.8689609051533204,0.5285714285714286
german_credit,28,cart_fixed,0.05,0.02,0.6971428571428572,0.7572726743850874,0.94
german_credit,28,mags_tuned,0.05,0.0,0.7314285714285714,0.786202723805385,0.44857142857142857
german_credit,28,cart_tuned_depth,0.05,0.03428571428571429,0.6742857142857143,0.5402031465024519,0.94
german_credit,28,cart_pruned,0.05,0.03142857142857143,0.7342857142857143,0.37241181830499104,0.6314285714285715
german_credit,28,noise_augmented_cart,0.05,0.002857142857142857,0.7342857142857143,0.8040964147959839,0.6114285714285714
heart_statlog,1,matched_gini,0.05,0.010526315789473684,0.8526315789473684,0.5077264975374519,1.0
heart_statlog,1,mags_fixed,0.05,0.021052631578947368,0.7789473684210526,0.5237605573453386,1.0
heart_statlog,1,mags_binary_excluded,0.05,0.031578947368421054,0.7789473684210526,0.5092375906421999,1.0
heart_statlog,1,matched_gini_unrestricted,0.05,0.010526315789473684,0.8526315789473684,0.5077264975374519,1.0
heart_statlog,1,mags_fixed_unrestricted,0.05,0.021052631578947368,0.7789473684210526,0.5237605573453386,1.0
heart_statlog,1,cart_fixed,0.05,0.010526315789473684,0.8526315789473684,0.5077265032347711,1.0
heart_statlog,1,mags_tuned,0.05,0.0,0.8105263157894737,0.634025937839094,1.0
heart_statlog,1,cart_tuned_depth,0.05,0.0,0.8210526315789474,0.5077265032347711,1.0
heart_statlog,1,cart_pruned,0.05,0.0,0.7894736842105263,0.5077265032347711,1.0
heart_statlog,1,noise_augmented_cart,0.05,0.0,0.8421052631578947,0.2963114155273503,1.0
heart_statlog,2,matched_gini,0.05,0.010526315789473684,0.7368421052631579,0.5810651508878436,1.0
heart_statlog,2,mags_fixed,0.05,0.0,0.7578947368421053,0.5810651508878436,1.0
heart_statlog,2,mags_binary_excluded,0.05,0.0,0.7578947368421053,0.5810651508878436,1.0
heart_statlog,2,matched_gini_unrestricted,0.05,0.010526315789473684,0.7368421052631579,0.5810651508878436,1.0
heart_statlog,2,mags_fixed_unrestricted,0.05,0.0,0.7578947368421053,0.5810651508878436,1.0
heart_statlog,2,cart_fixed,0.05,0.010526315789473684,0.7368421052631579,0.5810651519640953,1.0
heart_statlog,2,mags_tuned,0.05,0.0,0.7789473684210526,0.5810651508878436,1.0
heart_statlog,2,cart_tuned_depth,0.05,0.010526315789473684,0.7368421052631579,0.5810651519640953,1.0
heart_statlog,2,cart_pruned,0.05,0.021052631578947368,0.6842105263157895,0.5810651519640953,1.0
heart_statlog,2,noise_augmented_cart,0.05,0.0,0.7578947368421053,0.6568694749220878,1.0
heart_statlog,3,matched_gini,0.05,0.010526315789473684,0.7578947368421053,0.529612891985799,1.0
heart_statlog,3,mags_fixed,0.05,0.010526315789473684,0.7684210526315789,0.5296128929857988,1.0
heart_statlog,3,mags_binary_excluded,0.05,0.010526315789473684,0.7684210526315789,0.529612891985799,1.0
heart_statlog,3,matched_gini_unrestricted,0.05,0.010526315789473684,0.7578947368421053,0.529612891985799,1.0
heart_statlog,3,mags_fixed_unrestricted,0.05,0.010526315789473684,0.7684210526315789,0.5296128929857988,1.0
heart_statlog,3,cart_fixed,0.05,0.010526315789473684,0.7578947368421053,0.5296128901521177,1.0
heart_statlog,3,mags_tuned,0.05,0.010526315789473684,0.7578947368421053,0.529612891985799,1.0
heart_statlog,3,cart_tuned_depth,0.05,0.010526315789473684,0.7578947368421053,0.5296128901521177,1.0
heart_statlog,3,cart_pruned,0.05,0.010526315789473684,0.7684210526315789,0.5296128901521177,1.0
heart_statlog,3,noise_augmented_cart,0.05,0.14736842105263157,0.7368421052631579,0.5116111893069454,1.0
heart_statlog,4,matched_gini,0.05,0.010526315789473684,0.7578947368421053,0.5226885561844528,1.0
heart_statlog,4,mags_fixed,0.05,0.010526315789473684,0.7894736842105263,0.6141701141594716,1.0
heart_statlog,4,mags_binary_excluded,0.05,0.021052631578947368,0.7473684210526316,0.5226885561844528,1.0
heart_statlog,4,matched_gini_unrestricted,0.05,0.010526315789473684,0.7578947368421053,0.5226885561844528,1.0
heart_statlog,4,mags_fixed_unrestricted,0.05,0.010526315789473684,0.7894736842105263,0.6141701141594716,1.0
heart_statlog,4,cart_fixed,0.05,0.010526315789473684,0.8,0.614170116631873,1.0
heart_statlog,4,mags_tuned,0.05,0.0,0.7894736842105263,0.5226885561844528,1.0
heart_statlog,4,cart_tuned_depth,0.05,0.010526315789473684,0.8,0.614170116631873,1.0
heart_statlog,4,cart_pruned,0.05,0.0,0.7894736842105263,0.5226885661459885,1.0
heart_statlog,4,noise_augmented_cart,0.05,0.021052631578947368,0.7473684210526316,0.6177010207148748,1.0
german_credit,29,matched_gini,0.05,0.03428571428571429,0.68,1.0943463013281276,0.8314285714285714
german_credit,29,mags_fixed,0.05,0.03428571428571429,0.6857142857142857,1.2667931578064895,0.7114285714285714
german_credit,29,mags_binary_excluded,0.05,0.037142857142857144,0.6942857142857143,1.2245667182462732,0.8485714285714285
german_credit,29,matched_gini_unrestricted,0.05,0.008571428571428572,0.7171428571428572,1.506970313646249,0.8914285714285715
german_credit,29,mags_fixed_unrestricted,0.05,0.03428571428571429,0.6828571428571428,1.2667931578064895,0.7114285714285714
german_credit,29,cart_fixed,0.05,0.011428571428571429,0.6914285714285714,1.1797407343346629,0.8828571428571429
german_credit,29,mags_tuned,0.05,0.0,0.7171428571428572,0.5911701398430285,0.3942857142857143
german_credit,29,cart_tuned_depth,0.05,0.011428571428571429,0.6942857142857143,1.4371514648076147,0.5828571428571429
german_credit,29,cart_pruned,0.05,0.008571428571428572,0.7028571428571428,0.8023023301149917,0.48
german_credit,29,noise_augmented_cart,0.05,0.022857142857142857,0.6685714285714286,1.1203265080869822,0.8828571428571429
heart_statlog,5,matched_gini,0.05,0.010526315789473684,0.7473684210526316,0.5486351715833362,1.0
heart_statlog,5,mags_fixed,0.05,0.010526315789473684,0.7052631578947368,0.5486351715833362,1.0
heart_statlog,5,mags_binary_excluded,0.05,0.010526315789473684,0.7052631578947368,0.5486351715833362,1.0
heart_statlog,5,matched_gini_unrestricted,0.05,0.010526315789473684,0.7473684210526316,0.5486351715833362,1.0
heart_statlog,5,mags_fixed_unrestricted,0.05,0.010526315789473684,0.7052631578947368,0.5486351715833362,1.0
heart_statlog,5,cart_fixed,0.05,0.0,0.7263157894736842,0.5486351826510715,1.0
heart_statlog,5,mags_tuned,0.05,0.0,0.6631578947368421,1.2951157740195822,1.0
heart_statlog,5,cart_tuned_depth,0.05,0.0,0.7368421052631579,0.5486351826510715,1.0
heart_statlog,5,cart_pruned,0.05,0.0,0.7263157894736842,0.5486351826510715,1.0
heart_statlog,5,noise_augmented_cart,0.05,0.010526315789473684,0.7473684210526316,0.527728480620868,1.0
heart_statlog,6,matched_gini,0.05,0.010526315789473684,0.7789473684210526,0.5339934239851842,1.0
heart_statlog,6,mags_fixed,0.05,0.010526315789473684,0.8105263157894737,0.5339934239851842,1.0
heart_statlog,6,mags_binary_excluded,0.05,0.031578947368421054,0.7578947368421053,0.5339934239851842,1.0
heart_statlog,6,matched_gini_unrestricted,0.05,0.010526315789473684,0.7789473684210526,0.5339934239851842,1.0
heart_statlog,6,mags_fixed_unrestricted,0.05,0.010526315789473684,0.8105263157894737,0.5339934239851842,1.0
heart_statlog,6,cart_fixed,0.05,0.0,0.7684210526315789,0.5339934099355517,1.0
heart_statlog,6,mags_tuned,0.05,0.0,0.7789473684210526,0.7693218196208297,1.0
heart_statlog,6,cart_tuned_depth,0.05,0.0,0.7263157894736842,0.6723721925473933,1.0
heart_statlog,6,cart_pruned,0.05,0.0,0.7789473684210526,0.5339934370348167,1.0
heart_statlog,6,noise_augmented_cart,0.05,0.010526315789473684,0.7684210526315789,0.5666162044539366,1.0
heart_statlog,7,matched_gini,0.05,0.0,0.7684210526315789,0.5445823699911858,1.0
heart_statlog,7,mags_fixed,0.05,0.010526315789473684,0.7578947368421053,0.5445823699911858,1.0
heart_statlog,7,mags_binary_excluded,0.05,0.010526315789473684,0.7578947368421053,0.5445823699911858,1.0
heart_statlog,7,matched_gini_unrestricted,0.05,0.0,0.8,0.5445823699911858,1.0
heart_statlog,7,mags_fixed_unrestricted,0.05,0.0,0.7894736842105263,0.5445823699911858,1.0
heart_statlog,7,cart_fixed,0.05,0.0,0.8,0.5445823802215697,1.0
heart_statlog,7,mags_tuned,0.05,0.010526315789473684,0.7578947368421053,0.5445823699911858,1.0
heart_statlog,7,cart_tuned_depth,0.05,0.0,0.8,0.5445823802215697,1.0
heart_statlog,7,cart_pruned,0.05,0.0,0.7578947368421053,0.7836135189411826,1.0
heart_statlog,7,noise_augmented_cart,0.05,0.031578947368421054,0.7368421052631579,0.5387256503974936,1.0
heart_statlog,8,matched_gini,0.05,0.06315789473684211,0.6947368421052632,0.5183416451678283,1.0
heart_statlog,8,mags_fixed,0.05,0.0,0.7578947368421053,0.5639179080408879,1.0
heart_statlog,8,mags_binary_excluded,0.05,0.0,0.7578947368421053,0.5639179080408879,1.0
heart_statlog,8,matched_gini_unrestricted,0.05,0.06315789473684211,0.6947368421052632,0.5183416451678283,1.0
heart_statlog,8,mags_fixed_unrestricted,0.05,0.0,0.7578947368421053,0.5639179080408879,1.0
heart_statlog,8,cart_fixed,0.05,0.021052631578947368,0.6947368421052632,0.5183416547570733,1.0
heart_statlog,8,mags_tuned,0.05,0.042105263157894736,0.7368421052631579,0.7770694654117493,1.0
heart_statlog,8,cart_tuned_depth,0.05,0.010526315789473684,0.7473684210526316,0.7770694636339112,1.0
heart_statlog,8,cart_pruned,0.05,0.0,0.7263157894736842,0.6532788224373286,1.0
heart_statlog,8,noise_augmented_cart,0.05,0.05263157894736842,0.7052631578947368,0.506444414018965,1.0
heart_statlog,9,matched_gini,0.05,0.010526315789473684,0.7578947368421053,0.5159033118056754,1.0
heart_statlog,9,mags_fixed,0.05,0.021052631578947368,0.7473684210526316,0.5159033118056754,1.0
heart_statlog,9,mags_binary_excluded,0.05,0.010526315789473684,0.7473684210526316,0.5159033118056754,1.0
heart_statlog,9,matched_gini_unrestricted,0.05,0.010526315789473684,0.7578947368421053,0.5159033118056754,1.0
heart_statlog,9,mags_fixed_unrestricted,0.05,0.021052631578947368,0.7473684210526316,0.5159033118056754,1.0
heart_statlog,9,cart_fixed,0.05,0.021052631578947368,0.8105263157894737,0.5114773130800281,1.0
heart_statlog,9,mags_tuned,0.05,0.010526315789473684,0.631578947368421,0.5114773068253508,1.0
heart_statlog,9,cart_tuned_depth,0.05,0.010526315789473684,0.6631578947368421,0.5114773130800281,1.0
heart_statlog,9,cart_pruned,0.05,0.0,0.6526315789473685,0.5114773130800281,1.0
heart_statlog,9,noise_augmented_cart,0.05,0.2736842105263158,0.6526315789473685,0.5033585024770436,1.0
heart_statlog,10,matched_gini,0.05,0.021052631578947368,0.8315789473684211,0.5386681216435745,1.0
heart_statlog,10,mags_fixed,0.05,0.0,0.8,0.5533985915294662,1.0
heart_statlog,10,mags_binary_excluded,0.05,0.0,0.8,0.5533985915294662,1.0
heart_statlog,10,matched_gini_unrestricted,0.05,0.021052631578947368,0.8315789473684211,0.5386681216435745,1.0
heart_statlog,10,mags_fixed_unrestricted,0.05,0.0,0.8,0.5533985915294662,1.0
heart_statlog,10,cart_fixed,0.05,0.010526315789473684,0.8526315789473684,0.5533985939804779,1.0
heart_statlog,10,mags_tuned,0.05,0.0,0.7473684210526316,0.5631442862609376,1.0
heart_statlog,10,cart_tuned_depth,0.05,0.010526315789473684,0.8526315789473684,0.5533985939804779,1.0
heart_statlog,10,cart_pruned,0.05,0.0,0.7473684210526316,0.5533985939804779,1.0
heart_statlog,10,noise_augmented_cart,0.05,0.042105263157894736,0.7894736842105263,0.5205482558343874,1.0
heart_statlog,11,matched_gini,0.05,0.0,0.7684210526315789,0.516640201370859,1.0
heart_statlog,11,mags_fixed,0.05,0.0,0.7789473684210526,0.7786541242991402,1.0
heart_statlog,11,mags_binary_excluded,0.05,0.0,0.7368421052631579,0.516640201370859,1.0
heart_statlog,11,matched_gini_unrestricted,0.05,0.0,0.7684210526315789,0.516640201370859,1.0
heart_statlog,11,mags_fixed_unrestricted,0.05,0.0,0.7789473684210526,0.7786541242991402,1.0
heart_statlog,11,cart_fixed,0.05,0.0,0.7684210526315789,0.5166402155329668,1.0
heart_statlog,11,mags_tuned,0.05,0.0,0.7894736842105263,0.516640201370859,1.0
heart_statlog,11,cart_tuned_depth,0.05,0.0,0.7894736842105263,0.5166402155329668,1.0
heart_statlog,11,cart_pruned,0.05,0.0,0.7684210526315789,0.5166402155329668,1.0
heart_statlog,11,noise_augmented_cart,0.05,0.010526315789473684,0.7473684210526316,0.19200110119009664,1.0
heart_statlog,12,matched_gini,0.05,0.0,0.7684210526315789,0.7777444933060113,1.0
heart_statlog,12,mags_fixed,0.05,0.0,0.7684210526315789,0.7777444933060113,1.0
heart_statlog,12,mags_binary_excluded,0.05,0.0,0.7684210526315789,0.7777444933060113,1.0
heart_statlog,12,matched_gini_unrestricted,0.05,0.0,0.7684210526315789,0.7777444933060113,1.0
heart_statlog,12,mags_fixed_unrestricted,0.05,0.0,0.7684210526315789,0.7777444933060113,1.0
heart_statlog,12,cart_fixed,0.05,0.0,0.7684210526315789,0.7777444877969247,1.0
heart_statlog,12,mags_tuned,0.05,0.021052631578947368,0.7052631578947368,0.579686341628478,1.0
heart_statlog,12,cart_tuned_depth,0.05,0.0,0.7684210526315789,0.7777444877969247,1.0
heart_statlog,12,cart_pruned,0.05,0.0,0.7368421052631579,0.6097468122225874,1.0
heart_statlog,12,noise_augmented_cart,0.05,0.0,0.7684210526315789,0.787997199215929,1.0
heart_statlog,13,matched_gini,0.05,0.010526315789473684,0.7789473684210526,0.5415491605635708,1.0
heart_statlog,13,mags_fixed,0.05,0.010526315789473684,0.7789473684210526,0.5415491595635709,1.0
heart_statlog,13,mags_binary_excluded,0.05,0.010526315789473684,0.7789473684210526,0.5415491595635709,1.0
heart_statlog,13,matched_gini_unrestricted,0.05,0.010526315789473684,0.7789473684210526,0.5415491605635708,1.0
heart_statlog,13,mags_fixed_unrestricted,0.05,0.010526315789473684,0.7789473684210526,0.5415491595635709,1.0
heart_statlog,13,cart_fixed,0.05,0.010526315789473684,0.7789473684210526,0.5415491689725034,1.0
heart_statlog,13,mags_tuned,0.05,0.0,0.7473684210526316,0.5495457371023138,1.0
heart_statlog,13,cart_tuned_depth,0.05,0.0,0.7263157894736842,0.7727811233946081,1.0
heart_statlog,13,cart_pruned,0.05,0.010526315789473684,0.7789473684210526,0.5415491689725034,1.0
heart_statlog,13,noise_augmented_cart,0.05,0.09473684210526316,0.7263157894736842,0.5812680221520269,1.0
heart_statlog,14,matched_gini,0.05,0.021052631578947368,0.7789473684210526,0.7721723876429963,1.0
heart_statlog,14,mags_fixed,0.05,0.0,0.7894736842105263,0.7721723876429963,1.0
heart_statlog,14,mags_binary_excluded,0.05,0.0,0.8421052631578947,0.5208333343333332,1.0
heart_statlog,14,matched_gini_unrestricted,0.05,0.021052631578947368,0.7789473684210526,0.7721723876429963,1.0
heart_statlog,14,mags_fixed_unrestricted,0.05,0.031578947368421054,0.7578947368421053,0.5680292101963694,1.0
heart_statlog,14,cart_fixed,0.05,0.0,0.8,0.7721723846929127,1.0
heart_statlog,14,mags_tuned,0.05,0.010526315789473684,0.7894736842105263,0.7721723876429963,1.0
heart_statlog,14,cart_tuned_depth,0.05,0.0,0.8,0.7721723846929127,1.0
heart_statlog,14,cart_pruned,0.05,0.0,0.8105263157894737,0.5208333383003871,1.0
heart_statlog,14,noise_augmented_cart,0.05,0.05263157894736842,0.7368421052631579,0.4370310141460905,1.0
heart_statlog,15,matched_gini,0.05,0.010526315789473684,0.8315789473684211,0.5194548085154285,1.0
heart_statlog,15,mags_fixed,0.05,0.021052631578947368,0.8,0.7770694654117493,1.0
heart_statlog,15,mags_binary_excluded,0.05,0.010526315789473684,0.7894736842105263,0.7770694654117493,1.0
heart_statlog,15,matched_gini_unrestricted,0.05,0.010526315789473684,0.8315789473684211,0.5194548085154285,1.0
heart_statlog,15,mags_fixed_unrestricted,0.05,0.021052631578947368,0.8,0.7770694654117493,1.0
heart_statlog,15,cart_fixed,0.05,0.0,0.8210526315789474,0.5194547941328852,1.0
heart_statlog,15,mags_tuned,0.05,0.0,0.7368421052631579,0.5194548085154285,1.0
heart_statlog,15,cart_tuned_depth,0.05,0.0,0.8,0.5194547941328852,1.0
heart_statlog,15,cart_pruned,0.05,0.0,0.8315789473684211,0.5194547941328852,1.0
heart_statlog,15,noise_augmented_cart,0.05,0.0,0.7894736842105263,0.537284517751827,1.0
heart_statlog,16,matched_gini,0.05,0.021052631578947368,0.6947368421052632,0.7750819074067089,1.0
heart_statlog,16,mags_fixed,0.05,0.031578947368421054,0.7263157894736842,0.5120550199830712,1.0
heart_statlog,16,mags_binary_excluded,0.05,0.021052631578947368,0.7684210526315789,0.5120550199830712,1.0
heart_statlog,16,matched_gini_unrestricted,0.05,0.021052631578947368,0.6947368421052632,0.7750819074067089,1.0
heart_statlog,16,mags_fixed_unrestricted,0.05,0.031578947368421054,0.7263157894736842,0.5120550199830712,1.0
heart_statlog,16,cart_fixed,0.05,0.021052631578947368,0.6947368421052632,0.7750819153796029,1.0
heart_statlog,16,mags_tuned,0.05,0.031578947368421054,0.6947368421052632,0.5120550199830712,1.0
heart_statlog,16,cart_tuned_depth,0.05,0.0,0.6842105263157895,0.7750819153796029,1.0
heart_statlog,16,cart_pruned,0.05,0.0,0.6947368421052632,0.7750819153796029,1.0
heart_statlog,16,noise_augmented_cart,0.05,0.09473684210526316,0.7368421052631579,0.18090095728055813,1.0
heart_statlog,17,matched_gini,0.05,0.021052631578947368,0.7684210526315789,0.9425775563830898,1.0
heart_statlog,17,mags_fixed,0.05,0.021052631578947368,0.8210526315789474,0.7734853335195194,1.0
heart_statlog,17,mags_binary_excluded,0.05,0.031578947368421054,0.8105263157894737,0.7734853335195194,1.0
heart_statlog,17,matched_gini_unrestricted,0.05,0.010526315789473684,0.7578947368421053,0.7283553854778421,1.0
heart_statlog,17,mags_fixed_unrestricted,0.05,0.021052631578947368,0.8210526315789474,0.7734853335195194,1.0
heart_statlog,17,cart_fixed,0.05,0.031578947368421054,0.7684210526315789,0.773491933746463,1.0
heart_statlog,17,mags_tuned,0.05,0.010526315789473684,0.7578947368421053,0.7734853335195194,1.0
heart_statlog,17,cart_tuned_depth,0.05,0.031578947368421054,0.7684210526315789,0.773491933746463,1.0
heart_statlog,17,cart_pruned,0.05,0.031578947368421054,0.7894736842105263,0.519546355973058,1.0
heart_statlog,17,noise_augmented_cart,0.05,0.021052631578947368,0.7157894736842105,0.571198634196632,1.0
heart_statlog,18,matched_gini,0.05,0.0,0.8105263157894737,0.5184326190078267,1.0
heart_statlog,18,mags_fixed,0.05,0.06315789473684211,0.7684210526315789,0.5282599145177409,1.0
heart_statlog,18,mags_binary_excluded,0.05,0.06315789473684211,0.7684210526315789,0.5282599145177409,1.0
heart_statlog,18,matched_gini_unrestricted,0.05,0.0,0.8,0.5184326190078267,1.0
heart_statlog,18,mags_fixed_unrestricted,0.05,0.06315789473684211,0.7684210526315789,0.5282599145177409,1.0
heart_statlog,18,cart_fixed,0.05,0.0,0.8,0.5282599199572537,1.0
heart_statlog,18,mags_tuned,0.05,0.06315789473684211,0.7684210526315789,0.5282599145177409,1.0
heart_statlog,18,cart_tuned_depth,0.05,0.0,0.7578947368421053,0.5282599080782282,1.0
heart_statlog,18,cart_pruned,0.05,0.0,0.7894736842105263,0.5282599080782282,1.0
heart_statlog,18,noise_augmented_cart,0.05,0.17894736842105263,0.8315789473684211,0.46314490158927524,1.0
heart_statlog,19,matched_gini,0.05,0.06315789473684211,0.7368421052631579,0.5349906104512752,1.0
heart_statlog,19,mags_fixed,0.05,0.07368421052631578,0.7789473684210526,0.5044757142376569,1.0
heart_statlog,19,mags_binary_excluded,0.05,0.07368421052631578,0.7789473684210526,0.5044757142376569,1.0
heart_statlog,19,matched_gini_unrestricted,0.05,0.06315789473684211,0.7368421052631579,0.5349906104512752,1.0
heart_statlog,19,mags_fixed_unrestricted,0.05,0.07368421052631578,0.7789473684210526,0.5044757142376569,1.0
heart_statlog,19,cart_fixed,0.05,0.021052631578947368,0.7789473684210526,0.534990602418963,1.0
heart_statlog,19,mags_tuned,0.05,0.06315789473684211,0.6631578947368421,0.5349906104512752,1.0
heart_statlog,19,cart_tuned_depth,0.05,0.021052631578947368,0.7052631578947368,0.534990602418963,1.0
heart_statlog,19,cart_pruned,0.05,0.021052631578947368,0.7473684210526316,0.534990602418963,1.0
heart_statlog,19,noise_augmented_cart,0.05,0.010526315789473684,0.8210526315789474,0.15530173637003467,1.0
heart_statlog,20,matched_gini,0.05,0.0,0.7263157894736842,0.5227818384572822,1.0
heart_statlog,20,mags_fixed,0.05,0.010526315789473684,0.7684210526315789,0.533001791889026,1.0
heart_statlog,20,mags_binary_excluded,0.05,0.010526315789473684,0.7684210526315789,0.533001791889026,1.0
heart_statlog,20,matched_gini_unrestricted,0.05,0.0,0.7368421052631579,0.5227818384572822,1.0
heart_statlog,20,mags_fixed_unrestricted,0.05,0.010526315789473684,0.7684210526315789,0.533001791889026,1.0
heart_statlog,20,cart_fixed,0.05,0.0,0.7368421052631579,0.5330017881757755,1.0
heart_statlog,20,mags_tuned,0.05,0.021052631578947368,0.7578947368421053,0.533001790889026,1.0
heart_statlog,20,cart_tuned_depth,0.05,0.0,0.7157894736842105,0.5330017946022765,1.0
heart_statlog,20,cart_pruned,0.05,0.0,0.7789473684210526,0.5330017946022765,1.0
heart_statlog,20,noise_augmented_cart,0.05,0.031578947368421054,0.7684210526315789,0.17016595055490896,1.0
heart_statlog,21,matched_gini,0.05,0.021052631578947368,0.631578947368421,0.5172717570047816,1.0
heart_statlog,21,mags_fixed,0.05,0.042105263157894736,0.6526315789473685,0.5172717570047816,1.0
heart_statlog,21,mags_binary_excluded,0.05,0.042105263157894736,0.6526315789473685,0.5172717570047816,1.0
heart_statlog,21,matched_gini_unrestricted,0.05,0.021052631578947368,0.631578947368421,0.5172717570047816,1.0
heart_statlog,21,mags_fixed_unrestricted,0.05,0.042105263157894736,0.6526315789473685,0.5172717570047816,1.0
heart_statlog,21,cart_fixed,0.05,0.010526315789473684,0.6526315789473685,0.5172717535206234,1.0
heart_statlog,21,mags_tuned,0.05,0.031578947368421054,0.8526315789473684,0.5608052664060738,1.0
heart_statlog,21,cart_tuned_depth,0.05,0.010526315789473684,0.6631578947368421,0.5172717535206234,1.0
heart_statlog,21,cart_pruned,0.05,0.010526315789473684,0.7263157894736842,0.5172717535206234,1.0
heart_statlog,21,noise_augmented_cart,0.05,0.0,0.7894736842105263,0.5614665412613308,1.0
heart_statlog,23,matched_gini,0.05,0.0,0.7157894736842105,0.5478818018080637,1.0
heart_statlog,23,mags_fixed,0.05,0.0,0.8,0.5478818018080637,1.0
heart_statlog,23,mags_binary_excluded,0.05,0.0,0.8210526315789474,0.5478818018080637,1.0
heart_statlog,23,matched_gini_unrestricted,0.05,0.0,0.7157894736842105,0.5478818028080636,1.0
heart_statlog,23,mags_fixed_unrestricted,0.05,0.0,0.7894736842105263,0.5478818028080636,1.0
heart_statlog,23,cart_fixed,0.05,0.0,0.7368421052631579,0.5478817958057425,1.0
heart_statlog,23,mags_tuned,0.05,0.0,0.7894736842105263,0.5478818028080636,1.0
heart_statlog,23,cart_tuned_depth,0.05,0.0,0.7368421052631579,0.5478817958057425,1.0
heart_statlog,23,cart_pruned,0.05,0.0,0.6842105263157895,0.5478818088103848,1.0
heart_statlog,23,noise_augmented_cart,0.05,0.06315789473684211,0.6736842105263158,0.5208939517665095,1.0
heart_statlog,22,matched_gini,0.05,0.0,0.7578947368421053,0.551701958304744,1.0
heart_statlog,22,mags_fixed,0.05,0.0,0.7894736842105263,0.551701958304744,1.0
heart_statlog,22,mags_binary_excluded,0.05,0.0,0.7894736842105263,0.551701958304744,1.0
heart_statlog,22,matched_gini_unrestricted,0.05,0.0,0.7578947368421053,0.551701958304744,1.0
heart_statlog,22,mags_fixed_unrestricted,0.05,0.0,0.7894736842105263,0.551701958304744,1.0
heart_statlog,22,cart_fixed,0.05,0.0,0.7578947368421053,0.5517019524233653,1.0
heart_statlog,22,mags_tuned,0.05,0.0,0.8105263157894737,0.551701958304744,1.0
heart_statlog,22,cart_tuned_depth,0.05,0.0,0.7368421052631579,0.5517019524233653,1.0
heart_statlog,22,cart_pruned,0.05,0.0,0.7578947368421053,0.5517019524233653,1.0
heart_statlog,22,noise_augmented_cart,0.05,0.05263157894736842,0.6947368421052632,0.6934459960632494,1.0
heart_statlog,24,matched_gini,0.05,0.0,0.7789473684210526,0.7836135115304321,1.0
heart_statlog,24,mags_fixed,0.05,0.0,0.7789473684210526,0.7836135115304321,1.0
heart_statlog,24,mags_binary_excluded,0.05,0.0,0.7789473684210526,0.7836135115304321,1.0
heart_statlog,24,matched_gini_unrestricted,0.05,0.0,0.7789473684210526,0.7836135115304321,1.0
heart_statlog,24,mags_fixed_unrestricted,0.05,0.0,0.7789473684210526,0.7836135115304321,1.0
heart_statlog,24,cart_fixed,0.05,0.0,0.7789473684210526,0.7836135051196819,1.0
heart_statlog,24,mags_tuned,0.05,0.0,0.7789473684210526,0.7836135115304321,1.0
heart_statlog,24,cart_tuned_depth,0.05,0.0,0.7789473684210526,0.7836135051196819,1.0
heart_statlog,24,cart_pruned,0.05,0.0,0.7473684210526316,0.7836135189411825,1.0
heart_statlog,24,noise_augmented_cart,0.05,0.07368421052631578,0.8,0.8093640324850264,1.0
heart_statlog,25,matched_gini,0.05,0.021052631578947368,0.7789473684210526,0.5054679986085169,1.0
heart_statlog,25,mags_fixed,0.05,0.09473684210526316,0.8,0.5054679986085169,1.0
heart_statlog,25,mags_binary_excluded,0.05,0.09473684210526316,0.8,0.5054679986085169,1.0
heart_statlog,25,matched_gini_unrestricted,0.05,0.010526315789473684,0.7684210526315789,0.5054679986085169,1.0
heart_statlog,25,mags_fixed_unrestricted,0.05,0.09473684210526316,0.8,0.5054679986085169,1.0
heart_statlog,25,cart_fixed,0.05,0.021052631578947368,0.7894736842105263,0.5054680099692659,1.0
heart_statlog,25,mags_tuned,0.05,0.021052631578947368,0.7789473684210526,0.5054679986085169,1.0
heart_statlog,25,cart_tuned_depth,0.05,0.010526315789473684,0.8315789473684211,0.5389950559179917,1.0
heart_statlog,25,cart_pruned,0.05,0.0,0.8105263157894737,0.5054680099692659,1.0
heart_statlog,25,noise_augmented_cart,0.05,0.010526315789473684,0.8421052631578947,0.2155478512850122,1.0
heart_statlog,26,matched_gini,0.05,0.0,0.7263157894736842,0.8046168361411912,1.0
heart_statlog,26,mags_fixed,0.05,0.0,0.7263157894736842,0.544751206569104,1.0
heart_statlog,26,mags_binary_excluded,0.05,0.010526315789473684,0.7157894736842105,0.5349906114512752,1.0
heart_statlog,26,matched_gini_unrestricted,0.05,0.0,0.7263157894736842,0.8046168361411912,1.0
heart_statlog,26,mags_fixed_unrestricted,0.05,0.0,0.7263157894736842,0.544751206569104,1.0
heart_statlog,26,cart_fixed,0.05,0.0,0.7263157894736842,0.8046168104839742,1.0
heart_statlog,26,mags_tuned,0.05,0.0,0.7263157894736842,0.544751206569104,1.0
heart_statlog,26,cart_tuned_depth,0.05,0.010526315789473684,0.7052631578947368,0.8046168104839742,1.0
heart_statlog,26,cart_pruned,0.05,0.0,0.7263157894736842,0.544751201204297,1.0
heart_statlog,26,noise_augmented_cart,0.05,0.0,0.6842105263157895,0.5758323006513518,1.0
heart_statlog,28,matched_gini,0.05,0.0,0.7789473684210526,0.575707733089798,1.0
heart_statlog,28,mags_fixed,0.05,0.0,0.8,0.5757077340897979,1.0
heart_statlog,28,mags_binary_excluded,0.05,0.021052631578947368,0.7789473684210526,0.5757077340897979,1.0
heart_statlog,28,matched_gini_unrestricted,0.05,0.0,0.8,0.575707733089798,1.0
heart_statlog,28,mags_fixed_unrestricted,0.05,0.0,0.8,0.5757077340897979,1.0
heart_statlog,28,cart_fixed,0.05,0.0,0.7789473684210526,0.5757077250408339,1.0
heart_statlog,28,mags_tuned,0.05,0.0,0.8,0.5757077340897979,1.0
heart_statlog,28,cart_tuned_depth,0.05,0.010526315789473684,0.7789473684210526,0.6528790615847802,1.0
heart_statlog,28,cart_pruned,0.05,0.0,0.7263157894736842,1.819776176658332,1.0
heart_statlog,28,noise_augmented_cart,0.05,0.031578947368421054,0.7684210526315789,0.681325955095804,1.0
heart_statlog,27,matched_gini,0.05,0.042105263157894736,0.7578947368421053,0.5150267602243872,1.0
heart_statlog,27,mags_fixed,0.05,0.021052631578947368,0.7789473684210526,0.5150267602243872,1.0
heart_statlog,27,mags_binary_excluded,0.05,0.021052631578947368,0.7789473684210526,0.5150267602243872,1.0
heart_statlog,27,matched_gini_unrestricted,0.05,0.042105263157894736,0.7578947368421053,0.5150267602243872,1.0
heart_statlog,27,mags_fixed_unrestricted,0.05,0.021052631578947368,0.7789473684210526,0.5150267602243872,1.0
heart_statlog,27,cart_fixed,0.05,0.031578947368421054,0.7473684210526316,0.5150267559227614,1.0
heart_statlog,27,mags_tuned,0.05,0.021052631578947368,0.7894736842105263,0.5150267602243872,1.0
heart_statlog,27,cart_tuned_depth,0.05,0.031578947368421054,0.7473684210526316,0.5150267559227614,1.0
heart_statlog,27,cart_pruned,0.05,0.0,0.6947368421052632,0.5150267559227614,1.0
heart_statlog,27,noise_augmented_cart,0.05,0.05263157894736842,0.7894736842105263,0.48268137371607284,1.0
heart_statlog,29,matched_gini,0.05,0.0,0.7894736842105263,0.5307027927844122,1.0
heart_statlog,29,mags_fixed,0.05,0.0,0.7894736842105263,0.5307027927844122,1.0
heart_statlog,29,mags_binary_excluded,0.05,0.0,0.7894736842105263,0.5307027927844122,1.0
heart_statlog,29,matched_gini_unrestricted,0.05,0.0,0.7894736842105263,0.5307027927844122,1.0
heart_statlog,29,mags_fixed_unrestricted,0.05,0.0,0.7894736842105263,0.5307027927844122,1.0
heart_statlog,29,cart_fixed,0.05,0.0,0.7894736842105263,0.5307028093072276,1.0
heart_statlog,29,mags_tuned,0.05,0.021052631578947368,0.7578947368421053,0.5307027927844122,1.0
heart_statlog,29,cart_tuned_depth,0.05,0.010526315789473684,0.8210526315789474,0.5172717535206234,1.0
heart_statlog,29,cart_pruned,0.05,0.0,0.8210526315789474,0.5307028093072276,1.0
heart_statlog,29,noise_augmented_cart,0.05,0.0,0.7894736842105263,0.6740769513184527,1.0
iris,0,matched_gini,0.05,0.0,0.9811320754716981,0.4759066523440456,1.0
iris,0,mags_fixed,0.05,0.0,0.9811320754716981,0.4759066523440456,1.0
iris,0,mags_binary_excluded,0.05,0.0,0.9811320754716981,0.4759066523440456,1.0
iris,0,matched_gini_unrestricted,0.05,0.0,0.9811320754716981,0.4759066523440456,1.0
iris,0,mags_fixed_unrestricted,0.05,0.0,0.9811320754716981,0.4759066523440456,1.0
iris,0,cart_fixed,0.05,0.0,0.9811320754716981,0.4616804977737998,1.0
iris,0,mags_tuned,0.05,0.0,0.9433962264150944,0.46168048284205915,1.0
iris,0,cart_tuned_depth,0.05,0.0,0.9433962264150944,0.4616804977737998,1.0
iris,0,cart_pruned,0.05,0.0,0.9811320754716981,0.46168046691031833,1.0
iris,0,noise_augmented_cart,0.05,0.018867924528301886,1.0,0.4817573170332328,1.0
iris,2,matched_gini,0.05,0.07547169811320754,0.9245283018867925,0.4881383982709849,1.0
iris,2,mags_fixed,0.05,0.07547169811320754,0.9245283018867925,0.4881383982709849,1.0
iris,2,mags_binary_excluded,0.05,0.07547169811320754,0.9245283018867925,0.4881383982709849,1.0
iris,2,matched_gini_unrestricted,0.05,0.07547169811320754,0.9245283018867925,0.4881383982709849,1.0
iris,2,mags_fixed_unrestricted,0.05,0.07547169811320754,0.9245283018867925,0.4881383982709849,1.0
iris,2,cart_fixed,0.05,0.03773584905660377,0.9622641509433962,0.47148594953662587,1.0
iris,2,mags_tuned,0.05,0.07547169811320754,0.9245283018867925,0.4881383982709849,1.0
iris,2,cart_tuned_depth,0.05,0.03773584905660377,0.9622641509433962,0.47148594953662587,1.0
iris,2,cart_pruned,0.05,0.018867924528301886,0.9811320754716981,0.47148594953662587,1.0
iris,2,noise_augmented_cart,0.05,0.0,0.9811320754716981,0.5635449008179377,1.0
iris,1,matched_gini,0.05,0.05660377358490566,0.9245283018867925,0.4201273668091687,1.0
iris,1,mags_fixed,0.05,0.05660377358490566,0.9245283018867925,0.4201273668091687,1.0
iris,1,mags_binary_excluded,0.05,0.05660377358490566,0.9245283018867925,0.4201273668091687,1.0
iris,1,matched_gini_unrestricted,0.05,0.05660377358490566,0.9245283018867925,0.4201273668091687,1.0
iris,1,mags_fixed_unrestricted,0.05,0.05660377358490566,0.9245283018867925,0.4201273668091687,1.0
iris,1,cart_fixed,0.05,0.05660377358490566,0.9245283018867925,0.42012735066348716,1.0
iris,1,mags_tuned,0.05,0.05660377358490566,0.9245283018867925,0.4201273668091687,1.0
iris,1,cart_tuned_depth,0.05,0.05660377358490566,0.9245283018867925,0.42012735066348716,1.0
iris,1,cart_pruned,0.05,0.0,0.9622641509433962,0.42012735218200925,1.0
iris,1,noise_augmented_cart,0.05,0.03773584905660377,0.9056603773584906,0.4041736310475509,1.0
iris,3,matched_gini,0.05,0.0,0.9056603773584906,0.5770349261332256,1.0
iris,3,mags_fixed,0.05,0.0,0.9056603773584906,0.5770349261332256,1.0
iris,3,mags_binary_excluded,0.05,0.0,0.9056603773584906,0.5770349261332256,1.0
iris,3,matched_gini_unrestricted,0.05,0.0,0.9056603773584906,0.5770349261332256,1.0
iris,3,mags_fixed_unrestricted,0.05,0.0,0.9056603773584906,0.5770349261332256,1.0
iris,3,cart_fixed,0.05,0.0,0.9056603773584906,0.4655404798454232,1.0
iris,3,mags_tuned,0.05,0.0,0.9056603773584906,0.5770349261332256,1.0
iris,3,cart_tuned_depth,0.05,0.0,0.9056603773584906,0.4655404798454232,1.0
iris,3,cart_pruned,0.05,0.0,0.9245283018867925,0.46554047783407737,1.0
iris,3,noise_augmented_cart,0.05,0.018867924528301886,0.9622641509433962,0.5495697145873438,1.0
iris,6,matched_gini,0.05,0.07547169811320754,0.9245283018867925,0.427972127823269,1.0
iris,6,mags_fixed,0.05,0.07547169811320754,0.9245283018867925,0.427972127823269,1.0
iris,6,mags_binary_excluded,0.05,0.07547169811320754,0.9245283018867925,0.427972127823269,1.0
iris,6,matched_gini_unrestricted,0.05,0.07547169811320754,0.9245283018867925,0.427972127823269,1.0
iris,6,mags_fixed_unrestricted,0.05,0.07547169811320754,0.9245283018867925,0.427972127823269,1.0
iris,6,cart_fixed,0.05,0.018867924528301886,0.9433962264150944,0.42797211466537355,1.0
iris,6,mags_tuned,0.05,0.07547169811320754,0.9245283018867925,0.427972127823269,1.0
iris,6,cart_tuned_depth,0.05,0.018867924528301886,0.9433962264150944,0.42797211466537355,1.0
iris,6,cart_pruned,0.05,0.03773584905660377,0.9811320754716981,0.4279721213336137,1.0
iris,6,noise_augmented_cart,0.05,0.07547169811320754,0.9056603773584906,0.4103390937875354,1.0
iris,4,matched_gini,0.05,0.0,0.9811320754716981,0.4866186373386286,1.0
iris,4,mags_fixed,0.05,0.0,0.9811320754716981,0.4866186373386286,1.0
iris,4,mags_binary_excluded,0.05,0.0,0.9811320754716981,0.4866186373386286,1.0
iris,4,matched_gini_unrestricted,0.05,0.0,0.9811320754716981,0.4866186373386286,1.0
iris,4,mags_fixed_unrestricted,0.05,0.0,0.9811320754716981,0.4866186373386286,1.0
iris,4,cart_fixed,0.05,0.0,0.9811320754716981,0.4866186582311722,1.0
iris,4,mags_tuned,0.05,0.0,0.9622641509433962,0.4564211111115109,1.0
iris,4,cart_tuned_depth,0.05,0.0,0.9622641509433962,0.4564211337321753,1.0
iris,4,cart_pruned,0.05,0.0,0.9622641509433962,0.4866186582311722,1.0
iris,4,noise_augmented_cart,0.05,0.0,0.9622641509433962,0.4894426187874137,1.0
iris,5,matched_gini,0.05,0.03773584905660377,0.9811320754716981,0.6334956413796874,1.0
iris,5,mags_fixed,0.05,0.03773584905660377,0.9811320754716981,0.6334956413796874,1.0
iris,5,mags_binary_excluded,0.05,0.03773584905660377,0.9811320754716981,0.6334956413796874,1.0
iris,5,matched_gini_unrestricted,0.05,0.03773584905660377,0.9811320754716981,0.6334956413796874,1.0
iris,5,mags_fixed_unrestricted,0.05,0.03773584905660377,0.9811320754716981,0.6334956413796874,1.0
iris,5,cart_fixed,0.05,0.018867924528301886,0.9622641509433962,0.5323827315147736,1.0
iris,5,mags_tuned,0.05,0.03773584905660377,0.9433962264150944,0.6334956413796874,1.0
iris,5,cart_tuned_depth,0.05,0.0,0.9433962264150944,0.5323827315147736,1.0
iris,5,cart_pruned,0.05,0.018867924528301886,0.9622641509433962,0.5323827315147736,1.0
iris,5,noise_augmented_cart,0.05,0.018867924528301886,0.9433962264150944,0.5654113986479261,1.0
iris,7,matched_gini,0.05,0.03773584905660377,0.9811320754716981,0.4768886119120264,1.0
iris,7,mags_fixed,0.05,0.03773584905660377,0.9811320754716981,0.4768886119120264,1.0
iris,7,mags_binary_excluded,0.05,0.03773584905660377,0.9811320754716981,0.4768886119120264,1.0
iris,7,matched_gini_unrestricted,0.05,0.03773584905660377,0.9811320754716981,0.4768886119120264,1.0
iris,7,mags_fixed_unrestricted,0.05,0.03773584905660377,0.9811320754716981,0.4768886119120264,1.0
iris,7,cart_fixed,0.05,0.03773584905660377,0.9811320754716981,0.4768886313439646,1.0
iris,7,mags_tuned,0.05,0.09433962264150944,0.9433962264150944,0.47688861191202586,1.0
iris,7,cart_tuned_depth,0.05,0.03773584905660377,0.8867924528301887,0.47688861746263167,1.0
iris,7,cart_pruned,0.05,0.03773584905660377,0.9811320754716981,0.4768886313439646,1.0
iris,7,noise_augmented_cart,0.05,0.03773584905660377,0.9622641509433962,0.5034098708681649,1.0
iris,9,matched_gini,0.05,0.05660377358490566,0.9056603773584906,0.5227563078631067,1.0
iris,9,mags_fixed,0.05,0.07547169811320754,0.9433962264150944,0.48813976706912515,1.0
iris,9,mags_binary_excluded,0.05,0.07547169811320754,0.9433962264150944,0.48813976706912515,1.0
iris,9,matched_gini_unrestricted,0.05,0.05660377358490566,0.9056603773584906,0.5227563078631067,1.0
iris,9,mags_fixed_unrestricted,0.05,0.07547169811320754,0.9433962264150944,0.48813976706912515,1.0
iris,9,cart_fixed,0.05,0.018867924528301886,0.9056603773584906,0.5227563099167395,1.0
iris,9,mags_tuned,0.05,0.03773584905660377,0.9433962264150944,0.5227563078631067,1.0
iris,9,cart_tuned_depth,0.05,0.03773584905660377,0.9245283018867925,0.4881397597904342,1.0
iris,9,cart_pruned,0.05,0.018867924528301886,0.9056603773584906,0.5227563099167395,1.0
iris,9,noise_augmented_cart,0.05,0.03773584905660377,0.9245283018867925,0.5767107351477135,1.0
iris,8,matched_gini,0.05,0.03773584905660377,0.9245283018867925,0.5179414081990734,1.0
iris,8,mags_fixed,0.05,0.03773584905660377,0.9245283018867925,0.5179414081990734,1.0
iris,8,mags_binary_excluded,0.05,0.03773584905660377,0.9245283018867925,0.5179414081990734,1.0
iris,8,matched_gini_unrestricted,0.05,0.03773584905660377,0.9245283018867925,0.5179414081990734,1.0
iris,8,mags_fixed_unrestricted,0.05,0.03773584905660377,0.9245283018867925,0.5179414081990734,1.0
iris,8,cart_fixed,0.05,0.0,0.9245283018867925,0.5179414100905019,1.0
iris,8,mags_tuned,0.05,0.03773584905660377,0.9245283018867925,0.5179414081990734,1.0
iris,8,cart_tuned_depth,0.05,0.0,0.9245283018867925,0.5179414100905019,1.0
iris,8,cart_pruned,0.05,0.0,0.9245283018867925,0.5179414100905019,1.0
iris,8,noise_augmented_cart,0.05,0.0,0.9056603773584906,0.4265319874974427,1.0
iris,10,matched_gini,0.05,0.018867924528301886,1.0,0.5689232745927202,1.0
iris,10,mags_fixed,0.05,0.018867924528301886,1.0,0.5689232745927202,1.0
iris,10,mags_binary_excluded,0.05,0.018867924528301886,1.0,0.5689232745927202,1.0
iris,10,matched_gini_unrestricted,0.05,0.018867924528301886,1.0,0.5689232745927202,1.0
iris,10,mags_fixed_unrestricted,0.05,0.018867924528301886,1.0,0.5689232745927202,1.0
iris,10,cart_fixed,0.05,0.0,0.9811320754716981,0.5366677193814059,1.0
iris,10,mags_tuned,0.05,0.03773584905660377,1.0,0.42669245519454,1.0
iris,10,cart_tuned_depth,0.05,0.018867924528301886,0.9811320754716981,0.4266924687607214,1.0
iris,10,cart_pruned,0.05,0.0,0.9811320754716981,0.46958427304384975,1.0
iris,10,noise_augmented_cart,0.05,0.03773584905660377,0.9433962264150944,0.5513192116194506,1.0
iris,11,matched_gini,0.05,0.0,0.9811320754716981,0.50667739286719,1.0
iris,11,mags_fixed,0.05,0.0,0.9811320754716981,0.50667739286719,1.0
iris,11,mags_binary_excluded,0.05,0.0,0.9811320754716981,0.50667739286719,1.0
iris,11,matched_gini_unrestricted,0.05,0.0,0.9811320754716981,0.5258920446165996,1.0
iris,11,mags_fixed_unrestricted,0.05,0.0,0.9811320754716981,0.5258920446165996,1.0
iris,11,cart_fixed,0.05,0.0,0.9811320754716981,0.5258920357587784,1.0
iris,11,mags_tuned,0.05,0.0,0.9622641509433962,0.5916285511936745,1.0
iris,11,cart_tuned_depth,0.05,0.0,0.9811320754716981,0.5258920357587784,1.0
iris,11,cart_pruned,0.05,0.0,0.9622641509433962,0.4785286677962432,1.0
iris,11,noise_augmented_cart,0.05,0.0,0.9622641509433962,0.5362828453701068,1.0
iris,13,matched_gini,0.05,0.05660377358490566,0.9056603773584906,0.4841203367359208,1.0
iris,13,mags_fixed,0.05,0.05660377358490566,0.9056603773584906,0.4841203367359208,1.0
iris,13,mags_binary_excluded,0.05,0.05660377358490566,0.9056603773584906,0.4841203367359208,1.0
iris,13,matched_gini_unrestricted,0.05,0.05660377358490566,0.9056603773584906,0.4841203367359208,1.0
iris,13,mags_fixed_unrestricted,0.05,0.05660377358490566,0.9056603773584906,0.4841203367359208,1.0
iris,13,cart_fixed,0.05,0.0,0.9622641509433962,0.42716500452441336,1.0
iris,13,mags_tuned,0.05,0.05660377358490566,0.9056603773584906,0.4841203367359208,1.0
iris,13,cart_tuned_depth,0.05,0.0,0.9622641509433962,0.42716500452441336,1.0
iris,13,cart_pruned,0.05,0.018867924528301886,0.8867924528301887,0.36104721845981463,1.0
iris,13,noise_augmented_cart,0.05,0.0,0.9622641509433962,0.4909457485091672,1.0
iris,12,matched_gini,0.05,0.0,0.8867924528301887,0.511180547671181,1.0
iris,12,mags_fixed,0.05,0.0,0.8867924528301887,0.511180547671181,1.0
iris,12,mags_binary_excluded,0.05,0.0,0.8867924528301887,0.511180547671181,1.0
iris,12,matched_gini_unrestricted,0.05,0.0,0.8867924528301887,0.511180547671181,1.0
iris,12,mags_fixed_unrestricted,0.05,0.0,0.8867924528301887,0.511180547671181,1.0
iris,12,cart_fixed,0.05,0.0,0.8867924528301887,0.45514618287625414,1.0
iris,12,mags_tuned,0.05,0.0,0.8867924528301887,0.511180547671181,1.0
iris,12,cart_tuned_depth,0.05,0.0,0.8867924528301887,0.45514618287625414,1.0
iris,12,cart_pruned,0.05,0.0,0.8867924528301887,0.45514618287625414,1.0
iris,12,noise_augmented_cart,0.05,0.018867924528301886,0.9056603773584906,0.4352523403305324,1.0
iris,14,matched_gini,0.05,0.0,0.9622641509433962,0.5359932090280142,1.0
iris,14,mags_fixed,0.05,0.0,0.9622641509433962,0.5359932090280142,1.0
iris,14,mags_binary_excluded,0.05,0.0,0.9622641509433962,0.5359932090280142,1.0
iris,14,matched_gini_unrestricted,0.05,0.0,0.9622641509433962,0.5359932090280142,1.0
iris,14,mags_fixed_unrestricted,0.05,0.0,0.9622641509433962,0.5359932090280142,1.0
iris,14,cart_fixed,0.05,0.0,0.9622641509433962,0.5876838773817838,1.0
iris,14,mags_tuned,0.05,0.0,0.9622641509433962,0.5359932090280142,1.0
iris,14,cart_tuned_depth,0.05,0.0,0.9622641509433962,0.5876838773817838,1.0
iris,14,cart_pruned,0.05,0.0,0.9622641509433962,0.5876838773817838,1.0
iris,14,noise_augmented_cart,0.05,0.0,0.9245283018867925,0.5080242085402454,1.0
iris,15,matched_gini,0.05,0.0,0.9056603773584906,0.585659704000411,1.0
iris,15,mags_fixed,0.05,0.0,0.9056603773584906,0.585659704000411,1.0
iris,15,mags_binary_excluded,0.05,0.0,0.9056603773584906,0.585659704000411,1.0
iris,15,matched_gini_unrestricted,0.05,0.0,0.9056603773584906,0.585659704000411,1.0
iris,15,mags_fixed_unrestricted,0.05,0.0,0.9056603773584906,0.585659704000411,1.0
iris,15,cart_fixed,0.05,0.0,0.9056603773584906,0.5856596995235954,1.0
iris,15,mags_tuned,0.05,0.0,0.9056603773584906,0.585659704000411,1.0
iris,15,cart_tuned_depth,0.05,0.0,0.9056603773584906,0.5856596995235954,1.0
iris,15,cart_pruned,0.05,0.018867924528301886,0.9056603773584906,0.4555131085882464,1.0
iris,15,noise_augmented_cart,0.05,0.03773584905660377,0.9056603773584906,0.5504565276871004,1.0
iris,16,matched_gini,0.05,0.018867924528301886,0.9622641509433962,0.5714801645387886,1.0
iris,16,mags_fixed,0.05,0.018867924528301886,0.9622641509433962,0.5714801645387886,1.0
iris,16,mags_binary_excluded,0.05,0.018867924528301886,0.9622641509433962,0.5714801645387886,1.0
iris,16,matched_gini_unrestricted,0.05,0.018867924528301886,0.9622641509433962,0.5714801645387886,1.0
iris,16,mags_fixed_unrestricted,0.05,0.018867924528301886,0.9622641509433962,0.5714801645387886,1.0
iris,16,cart_fixed,0.05,0.0,0.9811320754716981,0.4632163887799014,1.0
iris,16,mags_tuned,0.05,0.0,0.9622641509433962,0.5714801645387886,1.0
iris,16,cart_tuned_depth,0.05,0.0,0.9622641509433962,0.4632163887799014,1.0
iris,16,cart_pruned,0.05,0.0,0.9811320754716981,0.46321637668883797,1.0
iris,16,noise_augmented_cart,0.05,0.0,0.9811320754716981,0.5098382333594695,1.0
iris,17,matched_gini,0.05,0.03773584905660377,0.9433962264150944,0.5293389044011207,1.0
iris,17,mags_fixed,0.05,0.03773584905660377,0.9811320754716981,0.5317366078984,1.0
iris,17,mags_binary_excluded,0.05,0.03773584905660377,0.9811320754716981,0.5317366078984,1.0
iris,17,matched_gini_unrestricted,0.05,0.03773584905660377,0.9433962264150944,0.5293389044011207,1.0
iris,17,mags_fixed_unrestricted,0.05,0.03773584905660377,0.9811320754716981,0.5317366078984,1.0
iris,17,cart_fixed,0.05,0.0,0.9622641509433962,0.5317366079560663,1.0
iris,17,mags_tuned,0.05,0.03773584905660377,0.9433962264150944,0.5293389044011207,1.0
iris,17,cart_tuned_depth,0.05,0.0,0.9433962264150944,0.5293389114426943,1.0
iris,17,cart_pruned,0.05,0.0,0.9433962264150944,0.5317366079560663,1.0
iris,17,noise_augmented_cart,0.05,0.0,0.9622641509433962,0.5688169554940606,1.0
iris,18,matched_gini,0.05,0.018867924528301886,0.9811320754716981,0.4779635464295457,1.0
iris,18,mags_fixed,0.05,0.018867924528301886,0.9811320754716981,0.4779635464295457,1.0
iris,18,mags_binary_excluded,0.05,0.018867924528301886,0.9811320754716981,0.4779635464295457,1.0
iris,18,matched_gini_unrestricted,0.05,0.018867924528301886,0.9811320754716981,0.4779635464295457,1.0
iris,18,mags_fixed_unrestricted,0.05,0.018867924528301886,0.9811320754716981,0.4779635464295457,1.0
iris,18,cart_fixed,0.05,0.0,0.9811320754716981,0.5270951108812335,1.0
iris,18,mags_tuned,0.05,0.0,0.9433962264150944,0.4779635464295457,1.0
iris,18,cart_tuned_depth,0.05,0.0,0.9433962264150944,0.5270950945445728,1.0
iris,18,cart_pruned,0.05,0.0,0.9811320754716981,0.5270951108812335,1.0
iris,18,noise_augmented_cart,0.05,0.03773584905660377,1.0,0.5292845966645908,1.0
iris,19,matched_gini,0.05,0.03773584905660377,0.9622641509433962,0.53741125303338,1.0
iris,19,mags_fixed,0.05,0.03773584905660377,0.9622641509433962,0.53741125303338,1.0
iris,19,mags_binary_excluded,0.05,0.03773584905660377,0.9622641509433962,0.53741125303338,1.0
iris,19,matched_gini_unrestricted,0.05,0.03773584905660377,0.9622641509433962,0.45293972164338164,1.0
iris,19,mags_fixed_unrestricted,0.05,0.03773584905660377,0.9622641509433962,0.45293972164338164,1.0
iris,19,cart_fixed,0.05,0.018867924528301886,0.9433962264150944,0.45293970903954633,1.0
iris,19,mags_tuned,0.05,0.0,0.9622641509433962,0.5823510693986336,1.0
iris,19,cart_tuned_depth,0.05,0.0,0.9622641509433962,0.4529397337945018,1.0
iris,19,cart_pruned,0.05,0.018867924528301886,0.9245283018867925,0.45293970903954633,1.0
iris,19,noise_augmented_cart,0.05,0.018867924528301886,0.9811320754716981,0.44350417456231245,1.0
iris,20,matched_gini,0.05,0.03773584905660377,0.9433962264150944,0.4246086619771301,1.0
iris,20,mags_fixed,0.05,0.03773584905660377,0.9433962264150944,0.4246086619771301,1.0
iris,20,mags_binary_excluded,0.05,0.03773584905660377,0.9433962264150944,0.4246086619771301,1.0
iris,20,matched_gini_unrestricted,0.05,0.03773584905660377,0.9433962264150944,0.4246086619771301,1.0
iris,20,mags_fixed_unrestricted,0.05,0.03773584905660377,0.9433962264150944,0.4246086619771301,1.0
iris,20,cart_fixed,0.05,0.018867924528301886,0.9622641509433962,0.4246086780200892,1.0
iris,20,mags_tuned,0.05,0.03773584905660377,0.9433962264150944,0.4246086619771301,1.0
iris,20,cart_tuned_depth,0.05,0.018867924528301886,0.9622641509433962,0.4246086780200892,1.0
iris,20,cart_pruned,0.05,0.018867924528301886,0.9245283018867925,0.42460866847751366,1.0
iris,20,noise_augmented_cart,0.05,0.018867924528301886,0.9245283018867925,0.5111060046376026,1.0
iris,22,matched_gini,0.05,0.0,0.9433962264150944,0.5411921120535289,1.0
iris,22,mags_fixed,0.05,0.0,0.9433962264150944,0.5411921120535289,1.0
iris,22,mags_binary_excluded,0.05,0.0,0.9433962264150944,0.5411921120535289,1.0
iris,22,matched_gini_unrestricted,0.05,0.0,0.9433962264150944,0.5411921120535289,1.0
iris,22,mags_fixed_unrestricted,0.05,0.0,0.9433962264150944,0.5411921120535289,1.0
iris,22,cart_fixed,0.05,0.0,0.9433962264150944,0.5949506294545782,1.0
iris,22,mags_tuned,0.05,0.0,0.9433962264150944,0.4842245223110519,1.0
iris,22,cart_tuned_depth,0.05,0.0,0.9433962264150944,0.5949506294545782,1.0
iris,22,cart_pruned,0.05,0.0,0.9433962264150944,0.5949506294545782,1.0
iris,22,noise_augmented_cart,0.05,0.0,0.9433962264150944,0.499515818530915,1.0
iris,21,matched_gini,0.05,0.018867924528301886,0.9811320754716981,0.5368398801640347,1.0
iris,21,mags_fixed,0.05,0.018867924528301886,0.9811320754716981,0.5368398801640347,1.0
iris,21,mags_binary_excluded,0.05,0.018867924528301886,0.9811320754716981,0.5368398801640347,1.0
iris,21,matched_gini_unrestricted,0.05,0.018867924528301886,0.9811320754716981,0.5368398801640347,1.0
iris,21,mags_fixed_unrestricted,0.05,0.018867924528301886,0.9811320754716981,0.5368398801640347,1.0
iris,21,cart_fixed,0.05,0.0,0.9622641509433962,0.5994284681383972,1.0
iris,21,mags_tuned,0.05,0.03773584905660377,0.9811320754716981,0.4238209582347647,1.0
iris,21,cart_tuned_depth,0.05,0.018867924528301886,0.9622641509433962,0.4803304105207784,1.0
iris,21,cart_pruned,0.05,0.018867924528301886,1.0,0.5328252892950976,1.0
iris,21,noise_augmented_cart,0.05,0.07547169811320754,0.9056603773584906,0.6395523243354485,1.0
iris,23,matched_gini,0.05,0.05660377358490566,0.9433962264150944,0.49075711838872577,1.0
iris,23,mags_fixed,0.05,0.05660377358490566,0.9433962264150944,0.46985490475515307,1.0
iris,23,mags_binary_excluded,0.05,0.05660377358490566,0.9433962264150944,0.46985490475515307,1.0
iris,23,matched_gini_unrestricted,0.05,0.05660377358490566,0.9433962264150944,0.49075711838872577,1.0
iris,23,mags_fixed_unrestricted,0.05,0.05660377358490566,0.9433962264150944,0.46985490475515307,1.0
iris,23,cart_fixed,0.05,0.05660377358490566,0.9433962264150944,0.4698549024197109,1.0
iris,23,mags_tuned,0.05,0.05660377358490566,0.9433962264150944,0.46985490475515307,1.0
iris,23,cart_tuned_depth,0.05,0.018867924528301886,0.9056603773584906,0.4698549024197109,1.0
iris,23,cart_pruned,0.05,0.05660377358490566,0.9433962264150944,0.46985490609059544,1.0
iris,23,noise_augmented_cart,0.05,0.018867924528301886,0.9056603773584906,0.45650215068783834,1.0
iris,24,matched_gini,0.05,0.03773584905660377,0.9811320754716981,0.5947860167004093,1.0
iris,24,mags_fixed,0.05,0.03773584905660377,0.9811320754716981,0.5947860167004093,1.0
iris,24,mags_binary_excluded,0.05,0.03773584905660377,0.9811320754716981,0.5947860167004093,1.0
iris,24,matched_gini_unrestricted,0.05,0.03773584905660377,0.9811320754716981,0.5947860167004093,1.0
iris,24,mags_fixed_unrestricted,0.05,0.03773584905660377,0.9811320754716981,0.5947860167004093,1.0
iris,24,cart_fixed,0.05,0.03773584905660377,0.9811320754716981,0.5286986560514287,1.0
iris,24,mags_tuned,0.05,0.09433962264150944,0.9433962264150944,0.4812044621856957,1.0
iris,24,cart_tuned_depth,0.05,0.09433962264150944,0.9433962264150944,0.42459217935351257,1.0
iris,24,cart_pruned,0.05,0.03773584905660377,0.9811320754716981,0.5286986560514287,1.0
iris,24,noise_augmented_cart,0.05,0.07547169811320754,0.9245283018867925,0.42748535900858764,1.0
iris,25,matched_gini,0.05,0.0,0.9056603773584906,0.5215522810340507,1.0
iris,25,mags_fixed,0.05,0.0,0.9056603773584906,0.5215522810340507,1.0
iris,25,mags_binary_excluded,0.05,0.0,0.9056603773584906,0.5215522810340507,1.0
iris,25,matched_gini_unrestricted,0.05,0.0,0.9056603773584906,0.5215522810340507,1.0
iris,25,mags_fixed_unrestricted,0.05,0.0,0.9056603773584906,0.5215522810340507,1.0
iris,25,cart_fixed,0.05,0.0,0.9056603773584906,0.4443610787732599,1.0
iris,25,mags_tuned,0.05,0.0,0.9056603773584906,0.4443610708370843,1.0
iris,25,cart_tuned_depth,0.05,0.0,0.9056603773584906,0.4443610602089517,1.0
iris,25,cart_pruned,0.05,0.0,0.9056603773584906,0.4443610787732599,1.0
iris,25,noise_augmented_cart,0.05,0.018867924528301886,0.9245283018867925,0.44019450318956127,1.0
iris,27,matched_gini,0.05,0.05660377358490566,0.9622641509433962,0.4885241701539391,1.0
iris,27,mags_fixed,0.05,0.05660377358490566,0.9622641509433962,0.4885241701539391,1.0
iris,27,mags_binary_excluded,0.05,0.05660377358490566,0.9622641509433962,0.4885241701539391,1.0
iris,27,matched_gini_unrestricted,0.05,0.05660377358490566,0.9622641509433962,0.4885241701539391,1.0
iris,27,mags_fixed_unrestricted,0.05,0.05660377358490566,0.9622641509433962,0.4885241701539391,1.0
iris,27,cart_fixed,0.05,0.018867924528301886,0.9245283018867925,0.4885241891549157,1.0
iris,27,mags_tuned,0.05,0.0,0.9433962264150944,0.5459976018191086,1.0
iris,27,cart_tuned_depth,0.05,0.0,0.9433962264150944,0.5459976273767405,1.0
iris,27,cart_pruned,0.05,0.018867924528301886,0.9245283018867925,0.4885241891549157,1.0
iris,27,noise_augmented_cart,0.05,0.05660377358490566,0.9056603773584906,0.5646505433313304,1.0
iris,26,matched_gini,0.05,0.05660377358490566,0.9622641509433962,0.46928593773799954,1.0
iris,26,mags_fixed,0.05,0.05660377358490566,0.9622641509433962,0.46928593773799954,1.0
iris,26,mags_binary_excluded,0.05,0.05660377358490566,0.9622641509433962,0.46928593773799954,1.0
iris,26,matched_gini_unrestricted,0.05,0.05660377358490566,0.9622641509433962,0.46928593773799954,1.0
iris,26,mags_fixed_unrestricted,0.05,0.05660377358490566,0.9622641509433962,0.46928593773799954,1.0
iris,26,cart_fixed,0.05,0.018867924528301886,0.9245283018867925,0.46928594012637015,1.0
iris,26,mags_tuned,0.05,0.03773584905660377,0.9433962264150944,0.5244960479424697,1.0
iris,26,cart_tuned_depth,0.05,0.0,0.9622641509433962,0.5521010836751788,1.0
iris,26,cart_pruned,0.05,0.018867924528301886,0.9245283018867925,0.46928594012637015,1.0
iris,26,noise_augmented_cart,0.05,0.0,0.9622641509433962,0.46928594012637015,1.0
iris,28,matched_gini,0.05,0.03773584905660377,0.9811320754716981,0.4243479644129315,1.0
iris,28,mags_fixed,0.05,0.03773584905660377,0.9811320754716981,0.45263782864046015,1.0
iris,28,mags_binary_excluded,0.05,0.03773584905660377,0.9811320754716981,0.45263782864046015,1.0
iris,28,matched_gini_unrestricted,0.05,0.03773584905660377,0.9811320754716981,0.4243479644129315,1.0
iris,28,mags_fixed_unrestricted,0.05,0.03773584905660377,0.9811320754716981,0.45263782864046015,1.0
iris,28,cart_fixed,0.05,0.0,0.9811320754716981,0.4526755113679817,1.0
iris,28,mags_tuned,0.05,0.0,0.9433962264150944,0.4526755200744863,1.0
iris,28,cart_tuned_depth,0.05,0.0,0.9433962264150944,0.45267552778099085,1.0
iris,28,cart_pruned,0.05,0.0,0.9811320754716981,0.4526755113679817,1.0
iris,28,noise_augmented_cart,0.05,0.03773584905660377,0.9811320754716981,0.44905282525360984,1.0
iris,29,matched_gini,0.05,0.0,0.9433962264150944,0.4549867466636725,1.0
iris,29,mags_fixed,0.05,0.0,0.9433962264150944,0.4549867466636725,1.0
iris,29,mags_binary_excluded,0.05,0.0,0.9433962264150944,0.4549867466636725,1.0
iris,29,matched_gini_unrestricted,0.05,0.0,0.9433962264150944,0.4549867466636725,1.0
iris,29,mags_fixed_unrestricted,0.05,0.0,0.9433962264150944,0.4549867466636725,1.0
iris,29,cart_fixed,0.05,0.0,0.9433962264150944,0.5199848387422917,1.0
iris,29,mags_tuned,0.05,0.0,0.9433962264150944,0.4549867456636725,1.0
iris,29,cart_tuned_depth,0.05,0.0,0.9433962264150944,0.45498675942451045,1.0
iris,29,cart_pruned,0.05,0.0,0.9433962264150944,0.5199848387422917,1.0
iris,29,noise_augmented_cart,0.05,0.018867924528301886,0.9433962264150944,0.5061552635116946,1.0
mfeat_morphological,1,matched_gini,0.05,0.05285714285714286,0.6828571428571428,0.4371289373801386,1.0
mfeat_morphological,1,mags_fixed,0.05,0.045714285714285714,0.69,0.4371289373801386,1.0
mfeat_morphological,1,mags_binary_excluded,0.05,0.045714285714285714,0.69,0.4371289373801386,1.0
mfeat_morphological,1,matched_gini_unrestricted,0.05,0.06428571428571428,0.69,0.38714273394096665,1.0
mfeat_morphological,1,mags_fixed_unrestricted,0.05,0.06571428571428571,0.6885714285714286,0.3846695670823843,1.0
mfeat_morphological,1,cart_fixed,0.05,0.02857142857142857,0.6885714285714286,0.3878769780328257,1.0
mfeat_morphological,1,mags_tuned,0.05,0.07428571428571429,0.7057142857142857,0.42169150101663955,1.0
mfeat_morphological,1,cart_tuned_depth,0.05,0.08571428571428572,0.7042857142857143,0.1941059356260937,1.0
mfeat_morphological,1,cart_pruned,0.05,0.041428571428571426,0.7185714285714285,0.43712894448020656,1.0
mfeat_morphological,1,noise_augmented_cart,0.05,0.02857142857142857,0.6885714285714286,0.4613858594527281,1.0
mfeat_morphological,0,matched_gini,0.05,0.08571428571428572,0.6871428571428572,0.34528100817354707,1.0
mfeat_morphological,0,mags_fixed,0.05,0.08142857142857143,0.6914285714285714,0.3582023102356967,1.0
mfeat_morphological,0,mags_binary_excluded,0.05,0.08142857142857143,0.6914285714285714,0.3582023102356967,1.0
mfeat_morphological,0,matched_gini_unrestricted,0.05,0.08142857142857143,0.6857142857142857,0.3454866038415271,1.0
mfeat_morphological,0,mags_fixed_unrestricted,0.05,0.07714285714285714,0.6928571428571428,0.33970907768901376,1.0
mfeat_morphological,0,cart_fixed,0.05,0.054285714285714284,0.69,0.3572053395299688,1.0
mfeat_morphological,0,mags_tuned,0.05,0.10714285714285714,0.7085714285714285,0.3112852705775793,1.0
mfeat_morphological,0,cart_tuned_depth,0.05,0.1357142857142857,0.7142857142857143,0.17486402412119356,1.0
mfeat_morphological,0,cart_pruned,0.05,0.08571428571428572,0.7014285714285714,0.24874163092809337,1.0
mfeat_morphological,0,noise_augmented_cart,0.05,0.03571428571428571,0.7028571428571428,0.3734101433214021,1.0
mfeat_morphological,2,matched_gini,0.05,0.13714285714285715,0.6571428571428571,0.23108094463525636,1.0
mfeat_morphological,2,mags_fixed,0.05,0.08857142857142856,0.6914285714285714,0.34116413535287227,1.0
mfeat_morphological,2,mags_binary_excluded,0.05,0.08857142857142856,0.6914285714285714,0.34116413535287227,1.0
mfeat_morphological,2,matched_gini_unrestricted,0.05,0.10857142857142857,0.6671428571428571,0.298918067346984,1.0
mfeat_morphological,2,mags_fixed_unrestricted,0.05,0.10857142857142857,0.6671428571428571,0.298918067346984,1.0
mfeat_morphological,2,cart_fixed,0.05,0.06857142857142857,0.6728571428571428,0.255168694856858,1.0
mfeat_morphological,2,mags_tuned,0.05,0.11714285714285715,0.6785714285714286,0.28355136282647175,1.0
mfeat_morphological,2,cart_tuned_depth,0.05,0.1357142857142857,0.6914285714285714,0.1445427420267046,1.0
mfeat_morphological,2,cart_pruned,0.05,0.06428571428571428,0.6971428571428572,0.6207774875605971,1.0
mfeat_morphological,2,noise_augmented_cart,0.05,0.03571428571428571,0.6971428571428572,0.44434370816447466,1.0
mfeat_morphological,3,matched_gini,0.05,0.07,0.6314285714285715,0.408500615156007,1.0
mfeat_morphological,3,mags_fixed,0.05,0.07428571428571429,0.6771428571428572,0.42746515531090706,1.0
mfeat_morphological,3,mags_binary_excluded,0.05,0.07428571428571429,0.6771428571428572,0.42746515531090706,1.0
mfeat_morphological,3,matched_gini_unrestricted,0.05,0.07,0.6328571428571429,0.4084261918181759,1.0
mfeat_morphological,3,mags_fixed_unrestricted,0.05,0.08857142857142856,0.6714285714285714,0.3817766958885114,1.0
mfeat_morphological,3,cart_fixed,0.05,0.06,0.64,0.4351906168680112,1.0
mfeat_morphological,3,mags_tuned,0.05,0.18,0.6785714285714286,0.20944503958634894,1.0
mfeat_morphological,3,cart_tuned_depth,0.05,0.1442857142857143,0.6842857142857143,0.2286785889761795,1.0
mfeat_morphological,3,cart_pruned,0.05,0.09285714285714286,0.6914285714285714,0.23358143292652916,1.0
mfeat_morphological,3,noise_augmented_cart,0.05,0.02142857142857143,0.6471428571428571,0.3339028661244793,1.0
mfeat_morphological,4,matched_gini,0.05,0.05285714285714286,0.6928571428571428,0.41931532061345766,1.0
mfeat_morphological,4,mags_fixed,0.05,0.04428571428571428,0.6942857142857143,0.4368319028380788,1.0
mfeat_morphological,4,mags_binary_excluded,0.05,0.04428571428571428,0.6942857142857143,0.4368319028380788,1.0
mfeat_morphological,4,matched_gini_unrestricted,0.05,0.06428571428571428,0.6957142857142857,0.3145084027377084,1.0
mfeat_morphological,4,mags_fixed_unrestricted,0.05,0.06142857142857143,0.6985714285714286,0.3145084027377084,1.0
mfeat_morphological,4,cart_fixed,0.05,0.041428571428571426,0.7142857142857143,0.40589063381266477,1.0
mfeat_morphological,4,mags_tuned,0.05,0.08,0.7114285714285714,0.28246328849261504,1.0
mfeat_morphological,4,cart_tuned_depth,0.05,0.23285714285714285,0.6871428571428572,0.08518860937589191,1.0
mfeat_morphological,4,cart_pruned,0.05,0.03428571428571429,0.7157142857142857,0.6901242573392288,1.0
mfeat_morphological,4,noise_augmented_cart,0.05,0.02857142857142857,0.6985714285714286,0.4217461058494998,1.0
mfeat_morphological,6,matched_gini,0.05,0.054285714285714284,0.56,0.435638539987196,1.0
mfeat_morphological,6,mags_fixed,0.05,0.05857142857142857,0.65,0.4356385389871962,1.0
mfeat_morphological,6,mags_binary_excluded,0.05,0.05857142857142857,0.65,0.4356385389871962,1.0
mfeat_morphological,6,matched_gini_unrestricted,0.05,0.04857142857142857,0.5728571428571428,0.4356385389871962,1.0
mfeat_morphological,6,mags_fixed_unrestricted,0.05,0.05285714285714286,0.6457142857142857,0.4356385389871962,1.0
mfeat_morphological,6,cart_fixed,0.05,0.018571428571428572,0.5857142857142857,0.43563857432733605,1.0
mfeat_morphological,6,mags_tuned,0.05,0.15714285714285714,0.72,0.3305503956185978,1.0
mfeat_morphological,6,cart_tuned_depth,0.05,0.1457142857142857,0.7114285714285714,0.17879620795546386,1.0
mfeat_morphological,6,cart_pruned,0.05,0.02857142857142857,0.7214285714285714,0.4356385046470561,1.0
mfeat_morphological,6,noise_augmented_cart,0.05,0.014285714285714285,0.5714285714285714,0.4535150239207483,1.0
mfeat_morphological,5,matched_gini,0.05,0.06714285714285714,0.6857142857142857,0.38353183768802435,1.0
mfeat_morphological,5,mags_fixed,0.05,0.06142857142857143,0.6828571428571428,0.3855781837079848,1.0
mfeat_morphological,5,mags_binary_excluded,0.05,0.06142857142857143,0.6828571428571428,0.3855781837079848,1.0
mfeat_morphological,5,matched_gini_unrestricted,0.05,0.07142857142857142,0.6728571428571428,0.401526561897385,1.0
mfeat_morphological,5,mags_fixed_unrestricted,0.05,0.07142857142857142,0.6728571428571428,0.401526561897385,1.0
mfeat_morphological,5,cart_fixed,0.05,0.045714285714285714,0.6771428571428572,0.38759070818710784,1.0
mfeat_morphological,5,mags_tuned,0.05,0.06571428571428571,0.6814285714285714,0.4372487915558396,1.0
mfeat_morphological,5,cart_tuned_depth,0.05,0.06428571428571428,0.7028571428571428,0.2904052696643542,1.0
mfeat_morphological,5,cart_pruned,0.05,0.04285714285714286,0.6942857142857143,0.48484693066169127,1.0
mfeat_morphological,5,noise_augmented_cart,0.05,0.045714285714285714,0.69,0.3074250164759569,1.0
mfeat_morphological,7,matched_gini,0.05,0.054285714285714284,0.71,0.5109885749058611,1.0
mfeat_morphological,7,mags_fixed,0.05,0.054285714285714284,0.7085714285714285,0.44078393919701053,1.0
mfeat_morphological,7,mags_binary_excluded,0.05,0.054285714285714284,0.7085714285714285,0.44078393919701053,1.0
mfeat_morphological,7,matched_gini_unrestricted,0.05,0.07142857142857142,0.6942857142857143,0.3656054769497826,1.0
mfeat_morphological,7,mags_fixed_unrestricted,0.05,0.07142857142857142,0.6942857142857143,0.3656054769497826,1.0
mfeat_morphological,7,cart_fixed,0.05,0.04,0.7071428571428572,0.5294707678298747,1.0
mfeat_morphological,7,mags_tuned,0.05,0.09,0.72,0.3737306166270752,1.0
mfeat_morphological,7,cart_tuned_depth,0.05,0.07285714285714286,0.7028571428571428,0.30563649628282236,1.0
mfeat_morphological,7,cart_pruned,0.05,0.05142857142857143,0.7014285714285714,0.6040459940703027,1.0
mfeat_morphological,7,noise_augmented_cart,0.05,0.03571428571428571,0.7042857142857143,0.44946106434738553,1.0
mfeat_morphological,8,matched_gini,0.05,0.041428571428571426,0.64,0.43635995069351446,1.0
mfeat_morphological,8,mags_fixed,0.05,0.03,0.6357142857142857,0.43635995069351446,1.0
mfeat_morphological,8,mags_binary_excluded,0.05,0.03,0.6357142857142857,0.43635995069351446,1.0
mfeat_morphological,8,matched_gini_unrestricted,0.05,0.05142857142857143,0.6428571428571429,0.43635995069351446,1.0
mfeat_morphological,8,mags_fixed_unrestricted,0.05,0.03428571428571429,0.6385714285714286,0.43635995069351446,1.0
mfeat_morphological,8,cart_fixed,0.05,0.03571428571428571,0.6457142857142857,0.39874217050110194,1.0
mfeat_morphological,8,mags_tuned,0.05,0.09714285714285714,0.6842857142857143,0.3430516231325282,1.0
mfeat_morphological,8,cart_tuned_depth,0.05,0.15142857142857144,0.6785714285714286,0.11926631427560538,1.0
mfeat_morphological,8,cart_pruned,0.05,0.022857142857142857,0.6785714285714286,0.4363599251298831,1.0
mfeat_morphological,8,noise_augmented_cart,0.05,0.024285714285714285,0.6471428571428571,0.417863014855611,1.0
mfeat_morphological,9,matched_gini,0.05,0.055714285714285716,0.6942857142857143,0.41357080937499796,1.0
mfeat_morphological,9,mags_fixed,0.05,0.04285714285714286,0.6971428571428572,0.4293338087700682,1.0
mfeat_morphological,9,mags_binary_excluded,0.05,0.04285714285714286,0.6971428571428572,0.4293338087700682,1.0
mfeat_morphological,9,matched_gini_unrestricted,0.05,0.047142857142857146,0.6914285714285714,0.37597204324236155,1.0
mfeat_morphological,9,mags_fixed_unrestricted,0.05,0.045714285714285714,0.6914285714285714,0.3730554665524197,1.0
mfeat_morphological,9,cart_fixed,0.05,0.045714285714285714,0.6971428571428572,0.4543086055440022,1.0
mfeat_morphological,9,mags_tuned,0.05,0.05714285714285714,0.6928571428571428,0.4129002175964008,1.0
mfeat_morphological,9,cart_tuned_depth,0.05,0.13714285714285715,0.6757142857142857,0.16990674251485896,1.0
mfeat_morphological,9,cart_pruned,0.05,0.08571428571428572,0.6871428571428572,0.2615374935376192,1.0
mfeat_morphological,9,noise_augmented_cart,0.05,0.022857142857142857,0.7,0.3910694380755172,1.0
mfeat_morphological,10,matched_gini,0.05,0.055714285714285716,0.7042857142857143,0.42636179816727926,1.0
mfeat_morphological,10,mags_fixed,0.05,0.04285714285714286,0.7071428571428572,0.4381606070404782,1.0
mfeat_morphological,10,mags_binary_excluded,0.05,0.04285714285714286,0.7071428571428572,0.4381606070404782,1.0
mfeat_morphological,10,matched_gini_unrestricted,0.05,0.08285714285714285,0.6957142857142857,0.34486548502396946,1.0
mfeat_morphological,10,mags_fixed_unrestricted,0.05,0.04,0.7085714285714285,0.41528327651633834,1.0
mfeat_morphological,10,cart_fixed,0.05,0.024285714285714285,0.7057142857142857,0.5400546279542958,1.0
mfeat_morphological,10,mags_tuned,0.05,0.08142857142857143,0.7014285714285714,0.32758057444480787,1.0
mfeat_morphological,10,cart_tuned_depth,0.05,0.15285714285714286,0.6985714285714286,0.1529930411798851,1.0
mfeat_morphological,10,cart_pruned,0.05,0.06714285714285714,0.7128571428571429,0.42056158847612163,1.0
mfeat_morphological,10,noise_augmented_cart,0.05,0.032857142857142856,0.7028571428571428,0.5104178647475967,1.0
mfeat_morphological,11,matched_gini,0.05,0.06,0.6928571428571428,0.38078925427532967,1.0
mfeat_morphological,11,mags_fixed,0.05,0.04857142857142857,0.6957142857142857,0.38387721082546117,1.0
mfeat_morphological,11,mags_binary_excluded,0.05,0.04857142857142857,0.6957142857142857,0.38387721082546117,1.0
mfeat_morphological,11,matched_gini_unrestricted,0.05,0.06,0.6914285714285714,0.3848394410130398,1.0
mfeat_morphological,11,mags_fixed_unrestricted,0.05,0.06142857142857143,0.6914285714285714,0.3701610765027343,1.0
mfeat_morphological,11,cart_fixed,0.05,0.027142857142857142,0.6957142857142857,0.41436603064513644,1.0
mfeat_morphological,11,mags_tuned,0.05,0.11571428571428571,0.6942857142857143,0.3068100452324618,1.0
mfeat_morphological,11,cart_tuned_depth,0.05,0.08714285714285715,0.7071428571428572,0.18222679809185055,1.0
mfeat_morphological,11,cart_pruned,0.05,0.06285714285714286,0.6914285714285714,0.3232516213674428,1.0
mfeat_morphological,11,noise_augmented_cart,0.05,0.017142857142857144,0.6985714285714286,0.3725616460090663,1.0
mfeat_morphological,12,matched_gini,0.05,0.054285714285714284,0.7071428571428572,0.4379335110131514,1.0
mfeat_morphological,12,mags_fixed,0.05,0.05285714285714286,0.6928571428571428,0.4379335100131514,1.0
mfeat_morphological,12,mags_binary_excluded,0.05,0.05285714285714286,0.6928571428571428,0.4379335100131514,1.0
mfeat_morphological,12,matched_gini_unrestricted,0.05,0.11,0.68,0.2873978468615716,1.0
mfeat_morphological,12,mags_fixed_unrestricted,0.05,0.06857142857142857,0.6842857142857143,0.37131826495733605,1.0
mfeat_morphological,12,cart_fixed,0.05,0.03142857142857143,0.7057142857142857,0.42429655087157403,1.0
mfeat_morphological,12,mags_tuned,0.05,0.13285714285714287,0.6814285714285714,0.20072815235902736,1.0
mfeat_morphological,12,cart_tuned_depth,0.05,0.14857142857142858,0.7042857142857143,0.1693151509053178,1.0
mfeat_morphological,12,cart_pruned,0.05,0.06714285714285714,0.7085714285714285,0.2899327100408162,1.0
mfeat_morphological,12,noise_augmented_cart,0.05,0.03857142857142857,0.6857142857142857,0.4451203788618731,1.0
mfeat_morphological,13,matched_gini,0.05,0.04857142857142857,0.6757142857142857,0.45449591264182126,1.0
mfeat_morphological,13,mags_fixed,0.05,0.04857142857142857,0.6757142857142857,0.4399091696433265,1.0
mfeat_morphological,13,mags_binary_excluded,0.05,0.04857142857142857,0.6757142857142857,0.4399091696433265,1.0
mfeat_morphological,13,matched_gini_unrestricted,0.05,0.05714285714285714,0.6928571428571428,0.40325590976623193,1.0
mfeat_morphological,13,mags_fixed_unrestricted,0.05,0.05714285714285714,0.6928571428571428,0.40325590976623193,1.0
mfeat_morphological,13,cart_fixed,0.05,0.03,0.6671428571428571,0.4773562555729942,1.0
mfeat_morphological,13,mags_tuned,0.05,0.17857142857142858,0.6971428571428572,0.2048803868855622,1.0
mfeat_morphological,13,cart_tuned_depth,0.05,0.03,0.6671428571428571,0.4773562555729942,1.0
mfeat_morphological,13,cart_pruned,0.05,0.06,0.6914285714285714,0.439909237024985,1.0
mfeat_morphological,13,noise_augmented_cart,0.05,0.03142857142857143,0.6871428571428572,0.20766871029527093,1.0
mfeat_morphological,14,matched_gini,0.05,0.05857142857142857,0.7085714285714285,0.4191779655333093,1.0
mfeat_morphological,14,mags_fixed,0.05,0.05,0.7071428571428572,0.4304450747520605,1.0
mfeat_morphological,14,mags_binary_excluded,0.05,0.05,0.7071428571428572,0.4304450747520605,1.0
mfeat_morphological,14,matched_gini_unrestricted,0.05,0.04285714285714286,0.7128571428571429,0.4070095058126738,1.0
mfeat_morphological,14,mags_fixed_unrestricted,0.05,0.03857142857142857,0.7128571428571429,0.4090985397291788,1.0
mfeat_morphological,14,cart_fixed,0.05,0.03142857142857143,0.7114285714285714,0.42160109862729656,1.0
mfeat_morphological,14,mags_tuned,0.05,0.045714285714285714,0.6842857142857143,0.4356783658530886,1.0
mfeat_morphological,14,cart_tuned_depth,0.05,0.13,0.7242857142857143,0.20320146538072187,1.0
mfeat_morphological,14,cart_pruned,0.05,0.06285714285714286,0.7128571428571429,0.4288615603586853,1.0
mfeat_morphological,14,noise_augmented_cart,0.05,0.027142857142857142,0.7014285714285714,0.43250844221469176,1.0
mfeat_morphological,15,matched_gini,0.05,0.06428571428571428,0.6642857142857143,0.42080470331146086,1.0
mfeat_morphological,15,mags_fixed,0.05,0.05,0.6685714285714286,0.44240469340571287,1.0
mfeat_morphological,15,mags_binary_excluded,0.05,0.05,0.6685714285714286,0.44240469340571287,1.0
mfeat_morphological,15,matched_gini_unrestricted,0.05,0.05857142857142857,0.6642857142857143,0.43402861249040453,1.0
mfeat_morphological,15,mags_fixed_unrestricted,0.05,0.05,0.6657142857142857,0.44075005674547907,1.0
mfeat_morphological,15,cart_fixed,0.05,0.041428571428571426,0.6857142857142857,0.4698836643115933,1.0
mfeat_morphological,15,mags_tuned,0.05,0.11571428571428571,0.67,0.2554824269115952,1.0
mfeat_morphological,15,cart_tuned_depth,0.05,0.041428571428571426,0.6857142857142857,0.4698836643115933,1.0
mfeat_morphological,15,cart_pruned,0.05,0.06,0.6814285714285714,0.3557941058905635,1.0
mfeat_morphological,15,noise_augmented_cart,0.05,0.007142857142857143,0.69,0.4186965237431909,1.0
mfeat_morphological,16,matched_gini,0.05,0.03571428571428571,0.5842857142857143,0.44170698143943316,1.0
mfeat_morphological,16,mags_fixed,0.05,0.04,0.6671428571428571,0.44170698143943316,1.0
mfeat_morphological,16,mags_binary_excluded,0.05,0.04,0.6671428571428571,0.44170698143943316,1.0
mfeat_morphological,16,matched_gini_unrestricted,0.05,0.06571428571428571,0.5714285714285714,0.44170698143943316,1.0
mfeat_morphological,16,mags_fixed_unrestricted,0.05,0.09,0.63,0.41789743563881965,1.0
mfeat_morphological,16,cart_fixed,0.05,0.04428571428571428,0.5714285714285714,0.4417069490020566,1.0
mfeat_morphological,16,mags_tuned,0.05,0.09714285714285714,0.67,0.3149279148896552,1.0
mfeat_morphological,16,cart_tuned_depth,0.05,0.06571428571428571,0.6514285714285715,0.3419771159469201,1.0
mfeat_morphological,16,cart_pruned,0.05,0.03857142857142857,0.7171428571428572,0.4417069490020566,1.0
mfeat_morphological,16,noise_augmented_cart,0.05,0.027142857142857142,0.58,0.45212235830718384,1.0
mfeat_morphological,17,matched_gini,0.05,0.05857142857142857,0.7028571428571428,0.34822828176849896,1.0
mfeat_morphological,17,mags_fixed,0.05,0.05857142857142857,0.7028571428571428,0.34822828176849896,1.0
mfeat_morphological,17,mags_binary_excluded,0.05,0.05857142857142857,0.7028571428571428,0.34822828176849896,1.0
mfeat_morphological,17,matched_gini_unrestricted,0.05,0.07428571428571429,0.6685714285714286,0.35270145400808595,1.0
mfeat_morphological,17,mags_fixed_unrestricted,0.05,0.05857142857142857,0.6685714285714286,0.425157610720427,1.0
mfeat_morphological,17,cart_fixed,0.05,0.03428571428571429,0.7,0.43548596028140385,1.0
mfeat_morphological,17,mags_tuned,0.05,0.14714285714285713,0.7,0.22309751793313057,1.0
mfeat_morphological,17,cart_tuned_depth,0.05,0.05714285714285714,0.7114285714285714,0.31682188095021957,1.0
mfeat_morphological,17,cart_pruned,0.05,0.04428571428571428,0.7185714285714285,0.4826704731633256,1.0
mfeat_morphological,17,noise_augmented_cart,0.05,0.015714285714285715,0.6857142857142857,0.3469451284464392,1.0
mfeat_morphological,18,matched_gini,0.05,0.05142857142857143,0.57,0.43770388875738403,1.0
mfeat_morphological,18,mags_fixed,0.05,0.054285714285714284,0.6728571428571428,0.43770388825738415,1.0
mfeat_morphological,18,mags_binary_excluded,0.05,0.054285714285714284,0.6728571428571428,0.43770388825738415,1.0
mfeat_morphological,18,matched_gini_unrestricted,0.05,0.04857142857142857,0.5857142857142857,0.43770388875738403,1.0
mfeat_morphological,18,mags_fixed_unrestricted,0.05,0.047142857142857146,0.6685714285714286,0.43770388825738415,1.0
mfeat_morphological,18,cart_fixed,0.05,0.04,0.5714285714285714,0.4377039211565856,1.0
mfeat_morphological,18,mags_tuned,0.05,0.14714285714285713,0.7157142857142857,0.2716426610653687,1.0
mfeat_morphological,18,cart_tuned_depth,0.05,0.07285714285714286,0.7242857142857143,0.2856076510497141,1.0
mfeat_morphological,18,cart_pruned,0.05,0.06,0.72,0.4377038553581827,1.0
mfeat_morphological,18,noise_augmented_cart,0.05,0.02857142857142857,0.5728571428571428,0.4347088733741764,1.0
mfeat_morphological,19,matched_gini,0.05,0.10285714285714286,0.6857142857142857,0.4499889139801006,1.0
mfeat_morphological,19,mags_fixed,0.05,0.047142857142857146,0.6928571428571428,0.4353112377360804,1.0
mfeat_morphological,19,mags_binary_excluded,0.05,0.047142857142857146,0.6928571428571428,0.4353112377360804,1.0
mfeat_morphological,19,matched_gini_unrestricted,0.05,0.07857142857142857,0.69,0.3286536968056141,1.0
mfeat_morphological,19,mags_fixed_unrestricted,0.05,0.06857142857142857,0.6985714285714286,0.3481358920872095,1.0
mfeat_morphological,19,cart_fixed,0.05,0.06428571428571428,0.6928571428571428,0.2682090950229894,1.0
mfeat_morphological,19,mags_tuned,0.05,0.15714285714285714,0.6871428571428572,0.2173275003577026,1.0
mfeat_morphological,19,cart_tuned_depth,0.05,0.13428571428571429,0.7057142857142857,0.18297522899071628,1.0
mfeat_morphological,19,cart_pruned,0.05,0.03857142857142857,0.7142857142857143,0.43531122336344125,1.0
mfeat_morphological,19,noise_augmented_cart,0.05,0.02,0.69,0.35858004372228425,1.0
mfeat_morphological,20,matched_gini,0.05,0.03857142857142857,0.6985714285714286,0.43768801030368865,1.0
mfeat_morphological,20,mags_fixed,0.05,0.025714285714285714,0.6885714285714286,0.4376880113036887,1.0
mfeat_morphological,20,mags_binary_excluded,0.05,0.025714285714285714,0.6885714285714286,0.4376880113036887,1.0
mfeat_morphological,20,matched_gini_unrestricted,0.05,0.03428571428571429,0.6957142857142857,0.43768801030368865,1.0
mfeat_morphological,20,mags_fixed_unrestricted,0.05,0.037142857142857144,0.6871428571428572,0.4376880113036887,1.0
mfeat_morphological,20,cart_fixed,0.05,0.024285714285714285,0.7,0.43768802868542245,1.0
mfeat_morphological,20,mags_tuned,0.05,0.08857142857142856,0.6985714285714286,0.3161539775582175,1.0
mfeat_morphological,20,cart_tuned_depth,0.05,0.041428571428571426,0.7114285714285714,0.3570804105068148,1.0
mfeat_morphological,20,cart_pruned,0.05,0.06,0.7242857142857143,0.30690589130234636,1.0
mfeat_morphological,20,noise_augmented_cart,0.05,0.03571428571428571,0.7,0.364620239059,1.0
mfeat_morphological,21,matched_gini,0.05,0.055714285714285716,0.5757142857142857,0.43511817443471634,1.0
mfeat_morphological,21,mags_fixed,0.05,0.05,0.65,0.43511817443471634,1.0
mfeat_morphological,21,mags_binary_excluded,0.05,0.05,0.65,0.43511817443471634,1.0
mfeat_morphological,21,matched_gini_unrestricted,0.05,0.04428571428571428,0.5714285714285714,0.4351181754347166,1.0
mfeat_morphological,21,mags_fixed_unrestricted,0.05,0.045714285714285714,0.64,0.43511817443471634,1.0
mfeat_morphological,21,cart_fixed,0.05,0.024285714285714285,0.5742857142857143,0.43511818638411265,1.0
mfeat_morphological,21,mags_tuned,0.05,0.08857142857142856,0.6757142857142857,0.41456256785679035,1.0
mfeat_morphological,21,cart_tuned_depth,0.05,0.2542857142857143,0.6871428571428572,0.09232212065134475,1.0
mfeat_morphological,21,cart_pruned,0.05,0.08428571428571428,0.7214285714285714,0.2517699154996354,1.0
mfeat_morphological,21,noise_augmented_cart,0.05,0.024285714285714285,0.5742857142857143,0.44546731105414134,1.0
mfeat_morphological,22,matched_gini,0.05,0.07571428571428572,0.6685714285714286,0.3657234596972455,1.0
mfeat_morphological,22,mags_fixed,0.05,0.054285714285714284,0.6614285714285715,0.4372669958602442,1.0
mfeat_morphological,22,mags_binary_excluded,0.05,0.054285714285714284,0.6614285714285715,0.4372669958602442,1.0
mfeat_morphological,22,matched_gini_unrestricted,0.05,0.07142857142857142,0.6585714285714286,0.341641328931809,1.0
mfeat_morphological,22,mags_fixed_unrestricted,0.05,0.06428571428571428,0.6514285714285715,0.41601519599721387,1.0
mfeat_morphological,22,cart_fixed,0.05,0.03428571428571429,0.69,0.3666433061373204,1.0
mfeat_morphological,22,mags_tuned,0.05,0.23142857142857143,0.6528571428571428,0.1474938735139823,1.0
mfeat_morphological,22,cart_tuned_depth,0.05,0.07285714285714286,0.6885714285714286,0.32268594979751963,1.0
mfeat_morphological,22,cart_pruned,0.05,0.08285714285714285,0.6885714285714286,0.4372670070188544,1.0
mfeat_morphological,22,noise_augmented_cart,0.05,0.022857142857142857,0.6942857142857143,0.5386935075798498,1.0
mfeat_morphological,23,matched_gini,0.05,0.06142857142857143,0.71,0.40728438004238343,1.0
mfeat_morphological,23,mags_fixed,0.05,0.06142857142857143,0.71,0.40662845347699483,1.0
mfeat_morphological,23,mags_binary_excluded,0.05,0.06142857142857143,0.71,0.40662845347699483,1.0
mfeat_morphological,23,matched_gini_unrestricted,0.05,0.07285714285714286,0.7142857142857143,0.37156296275768186,1.0
mfeat_morphological,23,mags_fixed_unrestricted,0.05,0.04857142857142857,0.7114285714285714,0.40700578417442634,1.0
mfeat_morphological,23,cart_fixed,0.05,0.032857142857142856,0.7157142857142857,0.4297694845884238,1.0
mfeat_morphological,23,mags_tuned,0.05,0.06142857142857143,0.71,0.40662845347699483,1.0
mfeat_morphological,23,cart_tuned_depth,0.05,0.12,0.7171428571428572,0.20196089916839613,1.0
mfeat_morphological,23,cart_pruned,0.05,0.15428571428571428,0.7128571428571429,0.13750619590441052,1.0
mfeat_morphological,23,noise_augmented_cart,0.05,0.05857142857142857,0.7014285714285714,0.39141816035855115,1.0
mfeat_morphological,24,matched_gini,0.05,0.04857142857142857,0.5757142857142857,0.4391005931823497,1.0
mfeat_morphological,24,mags_fixed,0.05,0.05285714285714286,0.6385714285714286,0.43910059218234965,1.0
mfeat_morphological,24,mags_binary_excluded,0.05,0.05285714285714286,0.6385714285714286,0.43910059218234965,1.0
mfeat_morphological,24,matched_gini_unrestricted,0.05,0.05,0.5642857142857143,0.4391005931823497,1.0
mfeat_morphological,24,mags_fixed_unrestricted,0.05,0.045714285714285714,0.6442857142857142,0.4391005921823497,1.0
mfeat_morphological,24,cart_fixed,0.05,0.022857142857142857,0.57,0.43910060944165513,1.0
mfeat_morphological,24,mags_tuned,0.05,0.05285714285714286,0.6942857142857143,0.3527296832363105,1.0
mfeat_morphological,24,cart_tuned_depth,0.05,0.06428571428571428,0.7142857142857143,0.3191511350248055,1.0
mfeat_morphological,24,cart_pruned,0.05,0.05,0.7428571428571429,0.23245903458957945,1.0
mfeat_morphological,24,noise_augmented_cart,0.05,0.03,0.5728571428571428,0.4580166137363723,1.0
mfeat_morphological,25,matched_gini,0.05,0.05857142857142857,0.6514285714285715,0.4377824083136365,1.0
mfeat_morphological,25,mags_fixed,0.05,0.07285714285714286,0.6742857142857143,0.34896750438727786,1.0
mfeat_morphological,25,mags_binary_excluded,0.05,0.07285714285714286,0.6742857142857143,0.34896750438727786,1.0
mfeat_morphological,25,matched_gini_unrestricted,0.05,0.05714285714285714,0.6585714285714286,0.4377824083136365,1.0
mfeat_morphological,25,mags_fixed_unrestricted,0.05,0.04857142857142857,0.69,0.41574888736675325,1.0
mfeat_morphological,25,cart_fixed,0.05,0.04428571428571428,0.6585714285714286,0.43778240039093,1.0
mfeat_morphological,25,mags_tuned,0.05,0.15857142857142856,0.6757142857142857,0.17289229772259482,1.0
mfeat_morphological,25,cart_tuned_depth,0.05,0.15428571428571428,0.6957142857142857,0.16841002861971188,1.0
mfeat_morphological,25,cart_pruned,0.05,0.07857142857142857,0.7128571428571429,0.43778239735078567,1.0
mfeat_morphological,25,noise_augmented_cart,0.05,0.024285714285714285,0.6657142857142857,0.46225174519714063,1.0
mfeat_morphological,26,matched_gini,0.05,0.08714285714285715,0.6914285714285714,0.28496415041101114,1.0
mfeat_morphological,26,mags_fixed,0.05,0.08285714285714285,0.6871428571428572,0.27821308339059747,1.0
mfeat_morphological,26,mags_binary_excluded,0.05,0.08285714285714285,0.6871428571428572,0.27821308339059747,1.0
mfeat_morphological,26,matched_gini_unrestricted,0.05,0.09285714285714286,0.66,0.2793246587040341,1.0
mfeat_morphological,26,mags_fixed_unrestricted,0.05,0.06,0.6814285714285714,0.356058804868018,1.0
mfeat_morphological,26,cart_fixed,0.05,0.05,0.7,0.40083076403654183,1.0
mfeat_morphological,26,mags_tuned,0.05,0.09,0.68,0.29945887274737926,1.0
mfeat_morphological,26,cart_tuned_depth,0.05,0.10857142857142857,0.7071428571428572,0.1866896539572322,1.0
mfeat_morphological,26,cart_pruned,0.05,0.08,0.7042857142857143,0.29303900208647427,1.0
mfeat_morphological,26,noise_augmented_cart,0.05,0.047142857142857146,0.7042857142857143,0.2613117575263405,1.0
mfeat_morphological,27,matched_gini,0.05,0.08428571428571428,0.6542857142857142,0.43354534066990613,1.0
mfeat_morphological,27,mags_fixed,0.05,0.05714285714285714,0.6457142857142857,0.43354534066990613,1.0
mfeat_morphological,27,mags_binary_excluded,0.05,0.05714285714285714,0.6457142857142857,0.43354534066990613,1.0
mfeat_morphological,27,matched_gini_unrestricted,0.05,0.11142857142857143,0.6442857142857142,0.4075948286260943,1.0
mfeat_morphological,27,mags_fixed_unrestricted,0.05,0.06142857142857143,0.6457142857142857,0.43354534066990613,1.0
mfeat_morphological,27,cart_fixed,0.05,0.047142857142857146,0.6585714285714286,0.431530121131794,1.0
mfeat_morphological,27,mags_tuned,0.05,0.15285714285714286,0.7042857142857143,0.22318397794493416,1.0
mfeat_morphological,27,cart_tuned_depth,0.05,0.14857142857142858,0.7085714285714285,0.17776421485748456,1.0
mfeat_morphological,27,cart_pruned,0.05,0.015714285714285715,0.7014285714285714,0.433545331143019,1.0
mfeat_morphological,27,noise_augmented_cart,0.05,0.03142857142857143,0.6685714285714286,0.2924601481707667,1.0
mfeat_morphological,28,matched_gini,0.05,0.06571428571428571,0.6828571428571428,0.3560713544819239,1.0
mfeat_morphological,28,mags_fixed,0.05,0.07428571428571429,0.6785714285714286,0.32196276881629254,1.0
mfeat_morphological,28,mags_binary_excluded,0.05,0.07428571428571429,0.6785714285714286,0.32196276881629254,1.0
mfeat_morphological,28,matched_gini_unrestricted,0.05,0.07,0.68,0.3624577650151418,1.0
mfeat_morphological,28,mags_fixed_unrestricted,0.05,0.07857142857142857,0.6742857142857143,0.3232446080060065,1.0
mfeat_morphological,28,cart_fixed,0.05,0.024285714285714285,0.7,0.45761108879961054,1.0
mfeat_morphological,28,mags_tuned,0.05,0.16714285714285715,0.6671428571428571,0.1806032547025074,1.0
mfeat_morphological,28,cart_tuned_depth,0.05,0.04857142857142857,0.6971428571428572,0.2731709892707991,1.0
mfeat_morphological,28,cart_pruned,0.05,0.05857142857142857,0.6985714285714286,0.546510139137681,1.0
mfeat_morphological,28,noise_augmented_cart,0.05,0.027142857142857142,0.69,0.32954196059127355,1.0
mfeat_morphological,29,matched_gini,0.05,0.04428571428571428,0.6928571428571428,0.3990960181860842,1.0
mfeat_morphological,29,mags_fixed,0.05,0.037142857142857144,0.6785714285714286,0.4384196678137179,1.0
mfeat_morphological,29,mags_binary_excluded,0.05,0.037142857142857144,0.6785714285714286,0.4384196678137179,1.0
mfeat_morphological,29,matched_gini_unrestricted,0.05,0.05857142857142857,0.7028571428571428,0.3990960181860842,1.0
mfeat_morphological,29,mags_fixed_unrestricted,0.05,0.055714285714285716,0.7028571428571428,0.41075852758415154,1.0
mfeat_morphological,29,cart_fixed,0.05,0.03571428571428571,0.7014285714285714,0.41827769913053175,1.0
mfeat_morphological,29,mags_tuned,0.05,0.16142857142857142,0.6871428571428572,0.19204481358715508,1.0
mfeat_morphological,29,cart_tuned_depth,0.05,0.041428571428571426,0.7114285714285714,0.29999860416114515,1.0
mfeat_morphological,29,cart_pruned,0.05,0.05,0.7057142857142857,0.5118662762302887,1.0
mfeat_morphological,29,noise_augmented_cart,0.05,0.02857142857142857,0.7014285714285714,0.4290739847029142,1.0
mushroom,0,matched_gini,0.05,0.0,0.9961904761904762,,0.0
mushroom,0,mags_fixed,0.05,0.0,0.9961904761904762,,0.0
mushroom,0,mags_binary_excluded,0.05,0.0,0.9961904761904762,,0.0
mushroom,0,matched_gini_unrestricted,0.05,0.0,0.9961904761904762,,0.0
mushroom,0,mags_fixed_unrestricted,0.05,0.0,0.9961904761904762,,0.0
mushroom,0,cart_fixed,0.05,0.0,0.9961904761904762,,0.0
mushroom,0,mags_tuned,0.05,0.0,0.9923809523809524,,0.0
mushroom,0,cart_tuned_depth,0.05,0.0,0.9961904761904762,,0.0
mushroom,0,cart_pruned,0.05,0.0,0.9961904761904762,,0.0
mushroom,0,noise_augmented_cart,0.05,0.0,0.9990476190476191,,0.0
mushroom,1,matched_gini,0.05,0.0,0.9971428571428571,,0.0
mushroom,1,mags_fixed,0.05,0.0,0.9971428571428571,,0.0
mushroom,1,mags_binary_excluded,0.05,0.0,0.9971428571428571,,0.0
mushroom,1,matched_gini_unrestricted,0.05,0.0,0.9971428571428571,,0.0
mushroom,1,mags_fixed_unrestricted,0.05,0.0,0.9971428571428571,,0.0
mushroom,1,cart_fixed,0.05,0.0,0.9971428571428571,,0.0
mushroom,1,mags_tuned,0.05,0.0,0.9971428571428571,,0.0
mushroom,1,cart_tuned_depth,0.05,0.0,0.9942857142857143,,0.0
mushroom,1,cart_pruned,0.05,0.0,0.9971428571428571,,0.0
mushroom,1,noise_augmented_cart,0.05,0.0,0.9980952380952381,,0.0
mushroom,2,matched_gini,0.05,0.0,0.9895238095238095,,0.0
mushroom,2,mags_fixed,0.05,0.0,0.9895238095238095,,0.0
mushroom,2,mags_binary_excluded,0.05,0.0,0.9895238095238095,,0.0
mushroom,2,matched_gini_unrestricted,0.05,0.0,0.9895238095238095,,0.0
mushroom,2,mags_fixed_unrestricted,0.05,0.0,0.9895238095238095,,0.0
mushroom,2,cart_fixed,0.05,0.0,0.9895238095238095,,0.0
mushroom,2,mags_tuned,0.05,0.0,0.9895238095238095,,0.0
mushroom,2,cart_tuned_depth,0.05,0.0,0.979047619047619,,0.0
mushroom,2,cart_pruned,0.05,0.0,0.9866666666666667,,0.0
mushroom,2,noise_augmented_cart,0.05,0.0,0.9990476190476191,,0.0
mushroom,4,matched_gini,0.05,0.0,0.9980952380952381,,0.0
mushroom,4,mags_fixed,0.05,0.0,0.9980952380952381,,0.0
mushroom,4,mags_binary_excluded,0.05,0.0,0.9980952380952381,,0.0
mushroom,4,matched_gini_unrestricted,0.05,0.0,0.9980952380952381,,0.0
mushroom,4,mags_fixed_unrestricted,0.05,0.0,0.9980952380952381,,0.0
mushroom,4,cart_fixed,0.05,0.0,0.9980952380952381,,0.0
mushroom,4,mags_tuned,0.05,0.0,0.9904761904761905,,0.0
mushroom,4,cart_tuned_depth,0.05,0.0,0.9980952380952381,,0.0
mushroom,4,cart_pruned,0.05,0.0,0.9980952380952381,,0.0
mushroom,4,noise_augmented_cart,0.05,0.0,0.9980952380952381,,0.0
mushroom,3,matched_gini,0.05,0.0,0.9923809523809524,,0.0
mushroom,3,mags_fixed,0.05,0.0,0.9923809523809524,,0.0
mushroom,3,mags_binary_excluded,0.05,0.0,0.9923809523809524,,0.0
mushroom,3,matched_gini_unrestricted,0.05,0.0,0.9923809523809524,,0.0
mushroom,3,mags_fixed_unrestricted,0.05,0.0,0.9923809523809524,,0.0
mushroom,3,cart_fixed,0.05,0.0,0.9923809523809524,,0.0
mushroom,3,mags_tuned,0.05,0.0,0.9923809523809524,,0.0
mushroom,3,cart_tuned_depth,0.05,0.0,0.9923809523809524,,0.0
mushroom,3,cart_pruned,0.05,0.0,0.9923809523809524,,0.0
mushroom,3,noise_augmented_cart,0.05,0.0,0.9961904761904762,,0.0
mushroom,5,matched_gini,0.05,0.0,0.9847619047619047,,0.0
mushroom,5,mags_fixed,0.05,0.0,0.9847619047619047,,0.0
mushroom,5,mags_binary_excluded,0.05,0.0,0.9847619047619047,,0.0
mushroom,5,matched_gini_unrestricted,0.05,0.0,0.9847619047619047,,0.0
mushroom,5,mags_fixed_unrestricted,0.05,0.0,0.9847619047619047,,0.0
mushroom,5,cart_fixed,0.05,0.0,0.9847619047619047,,0.0
mushroom,5,mags_tuned,0.05,0.0,0.9838095238095238,,0.0
mushroom,5,cart_tuned_depth,0.05,0.0,0.9742857142857143,,0.0
mushroom,5,cart_pruned,0.05,0.0,0.9847619047619047,,0.0
mushroom,5,noise_augmented_cart,0.05,0.0,0.9961904761904762,,0.0
mushroom,6,matched_gini,0.05,0.0,0.9980952380952381,,0.0
mushroom,6,mags_fixed,0.05,0.0,0.9980952380952381,,0.0
mushroom,6,mags_binary_excluded,0.05,0.0,0.9980952380952381,,0.0
mushroom,6,matched_gini_unrestricted,0.05,0.0,0.9980952380952381,,0.0
mushroom,6,mags_fixed_unrestricted,0.05,0.0,0.9980952380952381,,0.0
mushroom,6,cart_fixed,0.05,0.0,0.9980952380952381,,0.0
mushroom,6,mags_tuned,0.05,0.0,0.9980952380952381,,0.0
mushroom,6,cart_tuned_depth,0.05,0.0,0.9980952380952381,,0.0
mushroom,6,cart_pruned,0.05,0.0,0.9980952380952381,,0.0
mushroom,6,noise_augmented_cart,0.05,0.0,1.0,,0.0
mushroom,7,matched_gini,0.05,0.0,0.9961904761904762,,0.0
mushroom,7,mags_fixed,0.05,0.0,0.9961904761904762,,0.0
mushroom,7,mags_binary_excluded,0.05,0.0,0.9961904761904762,,0.0
mushroom,7,matched_gini_unrestricted,0.05,0.0,0.9961904761904762,,0.0
mushroom,7,mags_fixed_unrestricted,0.05,0.0,0.9961904761904762,,0.0
mushroom,7,cart_fixed,0.05,0.0,0.9961904761904762,,0.0
mushroom,7,mags_tuned,0.05,0.0,0.9961904761904762,,0.0
mushroom,7,cart_tuned_depth,0.05,0.0,0.979047619047619,,0.0
mushroom,7,cart_pruned,0.05,0.0,0.9961904761904762,,0.0
mushroom,7,noise_augmented_cart,0.05,0.0,0.9980952380952381,,0.0
mushroom,8,matched_gini,0.05,0.0,0.9961904761904762,,0.0
mushroom,8,mags_fixed,0.05,0.0,0.9961904761904762,,0.0
mushroom,8,mags_binary_excluded,0.05,0.0,0.9961904761904762,,0.0
mushroom,8,matched_gini_unrestricted,0.05,0.0,0.9961904761904762,,0.0
mushroom,8,mags_fixed_unrestricted,0.05,0.0,0.9961904761904762,,0.0
mushroom,8,cart_fixed,0.05,0.0,0.9961904761904762,,0.0
mushroom,8,mags_tuned,0.05,0.0,0.9961904761904762,,0.0
mushroom,8,cart_tuned_depth,0.05,0.0,0.9961904761904762,,0.0
mushroom,8,cart_pruned,0.05,0.0,0.9961904761904762,,0.0
mushroom,8,noise_augmented_cart,0.05,0.0,0.9961904761904762,,0.0
mushroom,9,matched_gini,0.05,0.0,0.9971428571428571,,0.0
mushroom,9,mags_fixed,0.05,0.0,0.9971428571428571,,0.0
mushroom,9,mags_binary_excluded,0.05,0.0,0.9971428571428571,,0.0
mushroom,9,matched_gini_unrestricted,0.05,0.0,0.9971428571428571,,0.0
mushroom,9,mags_fixed_unrestricted,0.05,0.0,0.9971428571428571,,0.0
mushroom,9,cart_fixed,0.05,0.0,0.9971428571428571,,0.0
mushroom,9,mags_tuned,0.05,0.0,0.9971428571428571,,0.0
mushroom,9,cart_tuned_depth,0.05,0.0,0.9971428571428571,,0.0
mushroom,9,cart_pruned,0.05,0.0,0.9971428571428571,,0.0
mushroom,9,noise_augmented_cart,0.05,0.0,0.9942857142857143,,0.0
mushroom,10,matched_gini,0.05,0.0,0.9980952380952381,,0.0
mushroom,10,mags_fixed,0.05,0.0,0.9980952380952381,,0.0
mushroom,10,mags_binary_excluded,0.05,0.0,0.9980952380952381,,0.0
mushroom,10,matched_gini_unrestricted,0.05,0.0,0.9980952380952381,,0.0
mushroom,10,mags_fixed_unrestricted,0.05,0.0,0.9980952380952381,,0.0
mushroom,10,cart_fixed,0.05,0.0,0.9980952380952381,,0.0
mushroom,10,mags_tuned,0.05,0.0,0.9847619047619047,,0.0
mushroom,10,cart_tuned_depth,0.05,0.0,0.9847619047619047,,0.0
mushroom,10,cart_pruned,0.05,0.0,0.9980952380952381,,0.0
mushroom,10,noise_augmented_cart,0.05,0.0,1.0,,0.0
mushroom,11,matched_gini,0.05,0.0,0.9857142857142858,,0.0
mushroom,11,mags_fixed,0.05,0.0,0.9857142857142858,,0.0
mushroom,11,mags_binary_excluded,0.05,0.0,0.9857142857142858,,0.0
mushroom,11,matched_gini_unrestricted,0.05,0.0,0.9857142857142858,,0.0
mushroom,11,mags_fixed_unrestricted,0.05,0.0,0.9857142857142858,,0.0
mushroom,11,cart_fixed,0.05,0.0,0.9857142857142858,,0.0
mushroom,11,mags_tuned,0.05,0.0,0.981904761904762,,0.0
mushroom,11,cart_tuned_depth,0.05,0.0,0.981904761904762,,0.0
mushroom,11,cart_pruned,0.05,0.0,0.9857142857142858,,0.0
mushroom,11,noise_augmented_cart,0.05,0.0,0.9914285714285714,,0.0
mushroom,12,matched_gini,0.05,0.0,0.9952380952380953,,0.0
mushroom,12,mags_fixed,0.05,0.0,0.9952380952380953,,0.0
mushroom,12,mags_binary_excluded,0.05,0.0,0.9952380952380953,,0.0
mushroom,12,matched_gini_unrestricted,0.05,0.0,0.9952380952380953,,0.0
mushroom,12,mags_fixed_unrestricted,0.05,0.0,0.9952380952380953,,0.0
mushroom,12,cart_fixed,0.05,0.0,0.9952380952380953,,0.0
mushroom,12,mags_tuned,0.05,0.0,0.9952380952380953,,0.0
mushroom,12,cart_tuned_depth,0.05,0.0,0.9952380952380953,,0.0
mushroom,12,cart_pruned,0.05,0.0,0.9952380952380953,,0.0
mushroom,12,noise_augmented_cart,0.05,0.0,0.9952380952380953,,0.0
mushroom,13,matched_gini,0.05,0.0,0.9933333333333333,,0.0
mushroom,13,mags_fixed,0.05,0.0,0.9933333333333333,,0.0
mushroom,13,mags_binary_excluded,0.05,0.0,0.9933333333333333,,0.0
mushroom,13,matched_gini_unrestricted,0.05,0.0,0.9933333333333333,,0.0
mushroom,13,mags_fixed_unrestricted,0.05,0.0,0.9933333333333333,,0.0
mushroom,13,cart_fixed,0.05,0.0,0.9933333333333333,,0.0
mushroom,13,mags_tuned,0.05,0.0,0.9933333333333333,,0.0
mushroom,13,cart_tuned_depth,0.05,0.0,0.9914285714285714,,0.0
mushroom,13,cart_pruned,0.05,0.0,0.9933333333333333,,0.0
mushroom,13,noise_augmented_cart,0.05,0.0,0.9952380952380953,,0.0
mushroom,14,matched_gini,0.05,0.0,0.9980952380952381,,0.0
mushroom,14,mags_fixed,0.05,0.0,0.9980952380952381,,0.0
mushroom,14,mags_binary_excluded,0.05,0.0,0.9980952380952381,,0.0
mushroom,14,matched_gini_unrestricted,0.05,0.0,0.9980952380952381,,0.0
mushroom,14,mags_fixed_unrestricted,0.05,0.0,0.9980952380952381,,0.0
mushroom,14,cart_fixed,0.05,0.0,0.9980952380952381,,0.0
mushroom,14,mags_tuned,0.05,0.0,0.9933333333333333,,0.0
mushroom,14,cart_tuned_depth,0.05,0.0,0.9980952380952381,,0.0
mushroom,14,cart_pruned,0.05,0.0,0.9980952380952381,,0.0
mushroom,14,noise_augmented_cart,0.05,0.0,0.9952380952380953,,0.0
mushroom,15,matched_gini,0.05,0.0,0.9904761904761905,,0.0
mushroom,15,mags_fixed,0.05,0.0,0.9904761904761905,,0.0
mushroom,15,mags_binary_excluded,0.05,0.0,0.9904761904761905,,0.0
mushroom,15,matched_gini_unrestricted,0.05,0.0,0.9904761904761905,,0.0
mushroom,15,mags_fixed_unrestricted,0.05,0.0,0.9904761904761905,,0.0
mushroom,15,cart_fixed,0.05,0.0,0.9904761904761905,,0.0
mushroom,15,mags_tuned,0.05,0.0,0.9904761904761905,,0.0
mushroom,15,cart_tuned_depth,0.05,0.0,0.9904761904761905,,0.0
mushroom,15,cart_pruned,0.05,0.0,0.9904761904761905,,0.0
mushroom,15,noise_augmented_cart,0.05,0.0,0.9980952380952381,,0.0
mushroom,16,matched_gini,0.05,0.0,0.9980952380952381,,0.0
mushroom,16,mags_fixed,0.05,0.0,0.9980952380952381,,0.0
mushroom,16,mags_binary_excluded,0.05,0.0,0.9980952380952381,,0.0
mushroom,16,matched_gini_unrestricted,0.05,0.0,0.9980952380952381,,0.0
mushroom,16,mags_fixed_unrestricted,0.05,0.0,0.9980952380952381,,0.0
mushroom,16,cart_fixed,0.05,0.0,0.9980952380952381,,0.0
mushroom,16,mags_tuned,0.05,0.0,0.9980952380952381,,0.0
mushroom,16,cart_tuned_depth,0.05,0.0,0.9980952380952381,,0.0
mushroom,16,cart_pruned,0.05,0.0,0.9980952380952381,,0.0
mushroom,16,noise_augmented_cart,0.05,0.0,0.9980952380952381,,0.0
mushroom,17,matched_gini,0.05,0.0,0.9876190476190476,,0.0
mushroom,17,mags_fixed,0.05,0.0,0.9876190476190476,,0.0
mushroom,17,mags_binary_excluded,0.05,0.0,0.9876190476190476,,0.0
mushroom,17,matched_gini_unrestricted,0.05,0.0,0.9876190476190476,,0.0
mushroom,17,mags_fixed_unrestricted,0.05,0.0,0.9876190476190476,,0.0
mushroom,17,cart_fixed,0.05,0.0,0.9876190476190476,,0.0
mushroom,17,mags_tuned,0.05,0.0,0.9876190476190476,,0.0
mushroom,17,cart_tuned_depth,0.05,0.0,0.9828571428571429,,0.0
mushroom,17,cart_pruned,0.05,0.0,0.9876190476190476,,0.0
mushroom,17,noise_augmented_cart,0.05,0.0,0.9942857142857143,,0.0
mushroom,18,matched_gini,0.05,0.0,0.9952380952380953,,0.0
mushroom,18,mags_fixed,0.05,0.0,0.9952380952380953,,0.0
mushroom,18,mags_binary_excluded,0.05,0.0,0.9952380952380953,,0.0
mushroom,18,matched_gini_unrestricted,0.05,0.0,0.9952380952380953,,0.0
mushroom,18,mags_fixed_unrestricted,0.05,0.0,0.9952380952380953,,0.0
mushroom,18,cart_fixed,0.05,0.0,0.9952380952380953,,0.0
mushroom,18,mags_tuned,0.05,0.0,0.9952380952380953,,0.0
mushroom,18,cart_tuned_depth,0.05,0.0,0.9923809523809524,,0.0
mushroom,18,cart_pruned,0.05,0.0,0.9952380952380953,,0.0
mushroom,18,noise_augmented_cart,0.05,0.0,0.9961904761904762,,0.0
mushroom,19,matched_gini,0.05,0.0,0.9923809523809524,,0.0
mushroom,19,mags_fixed,0.05,0.0,0.9923809523809524,,0.0
mushroom,19,mags_binary_excluded,0.05,0.0,0.9923809523809524,,0.0
mushroom,19,matched_gini_unrestricted,0.05,0.0,0.9923809523809524,,0.0
mushroom,19,mags_fixed_unrestricted,0.05,0.0,0.9923809523809524,,0.0
mushroom,19,cart_fixed,0.05,0.0,0.9923809523809524,,0.0
mushroom,19,mags_tuned,0.05,0.0,0.9923809523809524,,0.0
mushroom,19,cart_tuned_depth,0.05,0.0,0.9923809523809524,,0.0
mushroom,19,cart_pruned,0.05,0.0,0.9933333333333333,,0.0
mushroom,19,noise_augmented_cart,0.05,0.0,0.9971428571428571,,0.0
mushroom,20,matched_gini,0.05,0.0,0.9904761904761905,,0.0
mushroom,20,mags_fixed,0.05,0.0,0.9904761904761905,,0.0
mushroom,20,mags_binary_excluded,0.05,0.0,0.9904761904761905,,0.0
mushroom,20,matched_gini_unrestricted,0.05,0.0,0.9904761904761905,,0.0
mushroom,20,mags_fixed_unrestricted,0.05,0.0,0.9904761904761905,,0.0
mushroom,20,cart_fixed,0.05,0.0,0.9904761904761905,,0.0
mushroom,20,mags_tuned,0.05,0.0,0.9904761904761905,,0.0
mushroom,20,cart_tuned_depth,0.05,0.0,0.9847619047619047,,0.0
mushroom,20,cart_pruned,0.05,0.0,0.9904761904761905,,0.0
mushroom,20,noise_augmented_cart,0.05,0.0,0.9990476190476191,,0.0
mushroom,21,matched_gini,0.05,0.0,0.9971428571428571,,0.0
mushroom,21,mags_fixed,0.05,0.0,0.9971428571428571,,0.0
mushroom,21,mags_binary_excluded,0.05,0.0,0.9971428571428571,,0.0
mushroom,21,matched_gini_unrestricted,0.05,0.0,0.9971428571428571,,0.0
mushroom,21,mags_fixed_unrestricted,0.05,0.0,0.9971428571428571,,0.0
mushroom,21,cart_fixed,0.05,0.0,0.9971428571428571,,0.0
mushroom,21,mags_tuned,0.05,0.0,0.9971428571428571,,0.0
mushroom,21,cart_tuned_depth,0.05,0.0,0.9971428571428571,,0.0
mushroom,21,cart_pruned,0.05,0.0,0.9971428571428571,,0.0
mushroom,21,noise_augmented_cart,0.05,0.0,0.9971428571428571,,0.0
mushroom,23,matched_gini,0.05,0.0,0.9895238095238095,,0.0
mushroom,23,mags_fixed,0.05,0.0,0.9895238095238095,,0.0
mushroom,23,mags_binary_excluded,0.05,0.0,0.9895238095238095,,0.0
mushroom,23,matched_gini_unrestricted,0.05,0.0,0.9895238095238095,,0.0
mushroom,23,mags_fixed_unrestricted,0.05,0.0,0.9895238095238095,,0.0
mushroom,23,cart_fixed,0.05,0.0,0.9895238095238095,,0.0
mushroom,23,mags_tuned,0.05,0.0,0.9771428571428571,,0.0
mushroom,23,cart_tuned_depth,0.05,0.0,0.9847619047619047,,0.0
mushroom,23,cart_pruned,0.05,0.0,0.9895238095238095,,0.0
mushroom,23,noise_augmented_cart,0.05,0.0,0.9952380952380953,,0.0
mushroom,22,matched_gini,0.05,0.0,0.9952380952380953,,0.0
mushroom,22,mags_fixed,0.05,0.0,0.9952380952380953,,0.0
mushroom,22,mags_binary_excluded,0.05,0.0,0.9952380952380953,,0.0
mushroom,22,matched_gini_unrestricted,0.05,0.0,0.9952380952380953,,0.0
mushroom,22,mags_fixed_unrestricted,0.05,0.0,0.9952380952380953,,0.0
mushroom,22,cart_fixed,0.05,0.0,0.9952380952380953,,0.0
mushroom,22,mags_tuned,0.05,0.0,0.9952380952380953,,0.0
mushroom,22,cart_tuned_depth,0.05,0.0,0.9952380952380953,,0.0
mushroom,22,cart_pruned,0.05,0.0,0.9952380952380953,,0.0
mushroom,22,noise_augmented_cart,0.05,0.0,0.9980952380952381,,0.0
mushroom,24,matched_gini,0.05,0.0,0.9952380952380953,,0.0
mushroom,24,mags_fixed,0.05,0.0,0.9952380952380953,,0.0
mushroom,24,mags_binary_excluded,0.05,0.0,0.9952380952380953,,0.0
mushroom,24,matched_gini_unrestricted,0.05,0.0,0.9952380952380953,,0.0
mushroom,24,mags_fixed_unrestricted,0.05,0.0,0.9952380952380953,,0.0
mushroom,24,cart_fixed,0.05,0.0,0.9952380952380953,,0.0
mushroom,24,mags_tuned,0.05,0.0,0.9952380952380953,,0.0
mushroom,24,cart_tuned_depth,0.05,0.0,0.9838095238095238,,0.0
mushroom,24,cart_pruned,0.05,0.0,0.9952380952380953,,0.0
mushroom,24,noise_augmented_cart,0.05,0.0,0.9990476190476191,,0.0
mushroom,25,matched_gini,0.05,0.0,0.9914285714285714,,0.0
mushroom,25,mags_fixed,0.05,0.0,0.9914285714285714,,0.0
mushroom,25,mags_binary_excluded,0.05,0.0,0.9914285714285714,,0.0
mushroom,25,matched_gini_unrestricted,0.05,0.0,0.9914285714285714,,0.0
mushroom,25,mags_fixed_unrestricted,0.05,0.0,0.9914285714285714,,0.0
mushroom,25,cart_fixed,0.05,0.0,0.9914285714285714,,0.0
mushroom,25,mags_tuned,0.05,0.0,0.9885714285714285,,0.0
mushroom,25,cart_tuned_depth,0.05,0.0,0.9885714285714285,,0.0
mushroom,25,cart_pruned,0.05,0.0,0.9914285714285714,,0.0
mushroom,25,noise_augmented_cart,0.05,0.0,0.9990476190476191,,0.0
mushroom,26,matched_gini,0.05,0.0,0.9942857142857143,,0.0
mushroom,26,mags_fixed,0.05,0.0,0.9942857142857143,,0.0
mushroom,26,mags_binary_excluded,0.05,0.0,0.9942857142857143,,0.0
mushroom,26,matched_gini_unrestricted,0.05,0.0,0.9942857142857143,,0.0
mushroom,26,mags_fixed_unrestricted,0.05,0.0,0.9942857142857143,,0.0
mushroom,26,cart_fixed,0.05,0.0,0.9942857142857143,,0.0
mushroom,26,mags_tuned,0.05,0.0,0.9942857142857143,,0.0
mushroom,26,cart_tuned_depth,0.05,0.0,0.9857142857142858,,0.0
mushroom,26,cart_pruned,0.05,0.0,0.9942857142857143,,0.0
mushroom,26,noise_augmented_cart,0.05,0.0,1.0,,0.0
mushroom,27,matched_gini,0.05,0.0,0.9904761904761905,,0.0
mushroom,27,mags_fixed,0.05,0.0,0.9904761904761905,,0.0
mushroom,27,mags_binary_excluded,0.05,0.0,0.9904761904761905,,0.0
mushroom,27,matched_gini_unrestricted,0.05,0.0,0.9904761904761905,,0.0
mushroom,27,mags_fixed_unrestricted,0.05,0.0,0.9904761904761905,,0.0
mushroom,27,cart_fixed,0.05,0.0,0.9904761904761905,,0.0
mushroom,27,mags_tuned,0.05,0.0,0.98,,0.0
mushroom,27,cart_tuned_depth,0.05,0.0,0.9904761904761905,,0.0
mushroom,27,cart_pruned,0.05,0.0,0.9904761904761905,,0.0
mushroom,27,noise_augmented_cart,0.05,0.0,0.9971428571428571,,0.0
mushroom,28,matched_gini,0.05,0.0,0.9933333333333333,,0.0
mushroom,28,mags_fixed,0.05,0.0,0.9933333333333333,,0.0
mushroom,28,mags_binary_excluded,0.05,0.0,0.9933333333333333,,0.0
mushroom,28,matched_gini_unrestricted,0.05,0.0,0.9933333333333333,,0.0
mushroom,28,mags_fixed_unrestricted,0.05,0.0,0.9933333333333333,,0.0
mushroom,28,cart_fixed,0.05,0.0,0.9933333333333333,,0.0
mushroom,28,mags_tuned,0.05,0.0,0.9895238095238095,,0.0
mushroom,28,cart_tuned_depth,0.05,0.0,0.9895238095238095,,0.0
mushroom,28,cart_pruned,0.05,0.0,0.9933333333333333,,0.0
mushroom,28,noise_augmented_cart,0.05,0.0,0.9971428571428571,,0.0
mushroom,29,matched_gini,0.05,0.0,0.9961904761904762,,0.0
mushroom,29,mags_fixed,0.05,0.0,0.9961904761904762,,0.0
mushroom,29,mags_binary_excluded,0.05,0.0,0.9961904761904762,,0.0
mushroom,29,matched_gini_unrestricted,0.05,0.0,0.9961904761904762,,0.0
mushroom,29,mags_fixed_unrestricted,0.05,0.0,0.9961904761904762,,0.0
mushroom,29,cart_fixed,0.05,0.0,0.9961904761904762,,0.0
mushroom,29,mags_tuned,0.05,0.0,0.9961904761904762,,0.0
mushroom,29,cart_tuned_depth,0.05,0.0,0.9961904761904762,,0.0
mushroom,29,cart_pruned,0.05,0.0,0.9961904761904762,,0.0
mushroom,29,noise_augmented_cart,0.05,0.0,0.9971428571428571,,0.0
pendigits,0,matched_gini,0.05,0.07428571428571429,0.8542857142857143,0.30085138433874636,1.0
pendigits,0,mags_fixed,0.05,0.07047619047619047,0.8571428571428571,0.3164462790127772,1.0
pendigits,0,mags_binary_excluded,0.05,0.07047619047619047,0.8571428571428571,0.3164462790127772,1.0
pendigits,0,matched_gini_unrestricted,0.05,0.06952380952380953,0.8609523809523809,0.29656892181860117,1.0
pendigits,0,mags_fixed_unrestricted,0.05,0.06952380952380953,0.8647619047619047,0.29656892181860117,1.0
pendigits,0,cart_fixed,0.05,0.045714285714285714,0.8666666666666667,0.29197363259577647,1.0
pendigits,0,mags_tuned,0.05,0.06952380952380953,0.8742857142857143,0.30961912171529116,1.0
pendigits,0,cart_tuned_depth,0.05,0.040952380952380955,0.8904761904761904,0.2976573220934676,1.0
pendigits,0,cart_pruned,0.05,0.037142857142857144,0.8752380952380953,0.30936092029906526,1.0
pendigits,0,noise_augmented_cart,0.05,0.02761904761904762,0.86,0.3265057164793574,1.0
pendigits,1,matched_gini,0.05,0.2733333333333333,0.6352380952380953,0.2797561407755093,1.0
pendigits,1,mags_fixed,0.05,0.2742857142857143,0.6352380952380953,0.2812718145376286,1.0
pendigits,1,mags_binary_excluded,0.05,0.2742857142857143,0.6352380952380953,0.2812718145376286,1.0
pendigits,1,matched_gini_unrestricted,0.05,0.2780952380952381,0.6314285714285715,0.269410721815763,1.0
pendigits,1,mags_fixed_unrestricted,0.05,0.2780952380952381,0.6285714285714286,0.27350256243999643,1.0
pendigits,1,cart_fixed,0.05,0.2057142857142857,0.6942857142857143,0.28934102792239114,1.0
pendigits,1,mags_tuned,0.05,0.24095238095238095,0.7152380952380952,0.27859776683106685,1.0
pendigits,1,cart_tuned_depth,0.05,0.19238095238095237,0.741904761904762,0.27863686209161553,1.0
pendigits,1,cart_pruned,0.05,0.19142857142857142,0.741904761904762,0.26867600812915016,1.0
pendigits,1,noise_augmented_cart,0.05,0.03428571428571429,0.8561904761904762,0.32201433317013833,1.0
pendigits,2,matched_gini,0.05,0.049523809523809526,0.8428571428571429,0.21021979670338398,1.0
pendigits,2,mags_fixed,0.05,0.047619047619047616,0.8476190476190476,0.24278840304577745,1.0
pendigits,2,mags_binary_excluded,0.05,0.047619047619047616,0.8476190476190476,0.24278840304577745,1.0
pendigits,2,matched_gini_unrestricted,0.05,0.05714285714285714,0.8419047619047619,0.2623205107499474,1.0
pendigits,2,mags_fixed_unrestricted,0.05,0.05047619047619047,0.8428571428571429,0.34515856677624657,1.0
pendigits,2,cart_fixed,0.05,0.03619047619047619,0.8552380952380952,0.31754587759813846,1.0
pendigits,2,mags_tuned,0.05,0.05333333333333334,0.8761904761904762,0.28092084443632503,1.0
pendigits,2,cart_tuned_depth,0.05,0.03619047619047619,0.8895238095238095,0.31049145604132733,1.0
pendigits,2,cart_pruned,0.05,0.03619047619047619,0.8923809523809524,0.3104914662715378,1.0
pendigits,2,noise_augmented_cart,0.05,0.047619047619047616,0.8647619047619047,0.386401406026919,1.0
pendigits,3,matched_gini,0.05,0.11238095238095239,0.8142857142857143,0.2908635364654323,1.0
pendigits,3,mags_fixed,0.05,0.10476190476190476,0.8123809523809524,0.29100845372230744,1.0
pendigits,3,mags_binary_excluded,0.05,0.10476190476190476,0.8123809523809524,0.29100845372230744,1.0
pendigits,3,matched_gini_unrestricted,0.05,0.10476190476190476,0.8066666666666666,0.24623407709815667,1.0
pendigits,3,mags_fixed_unrestricted,0.05,0.10285714285714286,0.8142857142857143,0.25088137955110046,1.0
pendigits,3,cart_fixed,0.05,0.03333333333333333,0.86,0.2910084349496358,1.0
pendigits,3,mags_tuned,0.05,0.1019047619047619,0.8466666666666667,0.3015460002480553,1.0
pendigits,3,cart_tuned_depth,0.05,0.035238095238095235,0.8866666666666667,0.2910084349496358,1.0
pendigits,3,cart_pruned,0.05,0.035238095238095235,0.8866666666666667,0.2910084349496358,1.0
pendigits,3,noise_augmented_cart,0.05,0.029523809523809525,0.861904761904762,0.3126269595239147,1.0
pendigits,6,matched_gini,0.05,0.07238095238095238,0.8371428571428572,0.34268470247599453,1.0
pendigits,6,mags_fixed,0.05,0.07238095238095238,0.8352380952380952,0.34107507307569424,1.0
pendigits,6,mags_binary_excluded,0.05,0.07238095238095238,0.8352380952380952,0.34107507307569424,1.0
pendigits,6,matched_gini_unrestricted,0.05,0.09904761904761905,0.7914285714285715,0.29854949719681034,1.0
pendigits,6,mags_fixed_unrestricted,0.05,0.09714285714285714,0.7942857142857143,0.29854949719681034,1.0
pendigits,6,cart_fixed,0.05,0.02666666666666667,0.8466666666666667,0.3090919652411606,1.0
pendigits,6,mags_tuned,0.05,0.07142857142857142,0.8790476190476191,0.31707741879611495,1.0
pendigits,6,cart_tuned_depth,0.05,0.03333333333333333,0.8942857142857142,0.2757194986735539,1.0
pendigits,6,cart_pruned,0.05,0.03333333333333333,0.8942857142857142,0.2757194986735539,1.0
pendigits,6,noise_augmented_cart,0.05,0.037142857142857144,0.8419047619047619,0.2972323246297486,1.0
pendigits,4,matched_gini,0.05,0.11142857142857143,0.7857142857142857,0.2505599873951195,1.0
pendigits,4,mags_fixed,0.05,0.10666666666666667,0.7895238095238095,0.2505599873951195,1.0
pendigits,4,mags_binary_excluded,0.05,0.10666666666666667,0.7895238095238095,0.2505599873951195,1.0
pendigits,4,matched_gini_unrestricted,0.05,0.14666666666666667,0.7695238095238095,0.3106038330421099,1.0
pendigits,4,mags_fixed_unrestricted,0.05,0.1457142857142857,0.7704761904761904,0.3106038330421099,1.0
pendigits,4,cart_fixed,0.05,0.03428571428571429,0.8323809523809523,0.25186422218824006,1.0
pendigits,4,mags_tuned,0.05,0.10857142857142857,0.8219047619047619,0.23818527927121302,1.0
pendigits,4,cart_tuned_depth,0.05,0.039047619047619046,0.8638095238095238,0.25144119867694614,1.0
pendigits,4,cart_pruned,0.05,0.039047619047619046,0.8638095238095238,0.25144119867694614,1.0
pendigits,4,noise_augmented_cart,0.05,0.03428571428571429,0.8676190476190476,0.2490180758798295,1.0
pendigits,5,matched_gini,0.05,0.1657142857142857,0.7238095238095238,0.29920506599570884,1.0
pendigits,5,mags_fixed,0.05,0.16666666666666666,0.7238095238095238,0.29920506599570884,1.0
pendigits,5,mags_binary_excluded,0.05,0.16666666666666666,0.7238095238095238,0.29920506599570884,1.0
pendigits,5,matched_gini_unrestricted,0.05,0.17142857142857143,0.7314285714285714,0.27526866071605216,1.0
pendigits,5,mags_fixed_unrestricted,0.05,0.16952380952380952,0.7323809523809524,0.27526866071605216,1.0
pendigits,5,cart_fixed,0.05,0.15619047619047619,0.7552380952380953,0.2351452903896638,1.0
pendigits,5,mags_tuned,0.05,0.19047619047619047,0.7590476190476191,0.29465907486330756,1.0
pendigits,5,cart_tuned_depth,0.05,0.15428571428571428,0.7733333333333333,0.2351452903896638,1.0
pendigits,5,cart_pruned,0.05,0.14952380952380953,0.7761904761904762,0.2351452903896638,1.0
pendigits,5,noise_augmented_cart,0.05,0.035238095238095235,0.8580952380952381,0.2662936980378895,1.0
pendigits,7,matched_gini,0.05,0.14476190476190476,0.7561904761904762,0.25729402671589874,1.0
pendigits,7,mags_fixed,0.05,0.14285714285714285,0.7628571428571429,0.2592620248846566,1.0
pendigits,7,mags_binary_excluded,0.05,0.14285714285714285,0.7628571428571429,0.2592620248846566,1.0
pendigits,7,matched_gini_unrestricted,0.05,0.1619047619047619,0.7447619047619047,0.3190386832083129,1.0
pendigits,7,mags_fixed_unrestricted,0.05,0.1619047619047619,0.7457142857142857,0.31903868320831286,1.0
pendigits,7,cart_fixed,0.05,0.12666666666666668,0.7495238095238095,0.23779347206259305,1.0
pendigits,7,mags_tuned,0.05,0.14095238095238094,0.7942857142857143,0.2592620248846566,1.0
pendigits,7,cart_tuned_depth,0.05,0.10380952380952381,0.8133333333333334,0.23779347206259305,1.0
pendigits,7,cart_pruned,0.05,0.10095238095238095,0.819047619047619,0.2436521179290262,1.0
pendigits,7,noise_augmented_cart,0.05,0.029523809523809525,0.8523809523809524,0.31450450087690884,1.0
pendigits,10,matched_gini,0.05,0.06857142857142857,0.8428571428571429,0.32253028612468215,1.0
pendigits,10,mags_fixed,0.05,0.12571428571428572,0.8,0.31705538049011067,1.0
pendigits,10,mags_binary_excluded,0.05,0.12571428571428572,0.8,0.31705538049011067,1.0
pendigits,10,matched_gini_unrestricted,0.05,0.18857142857142858,0.7457142857142857,0.26643806203778087,1.0
pendigits,10,mags_fixed_unrestricted,0.05,0.19333333333333333,0.741904761904762,0.2566638796348515,1.0
pendigits,10,cart_fixed,0.05,0.1580952380952381,0.7495238095238095,0.21769184156816634,1.0
pendigits,10,mags_tuned,0.05,0.11047619047619048,0.840952380952381,0.3181649994842431,1.0
pendigits,10,cart_tuned_depth,0.05,0.15523809523809523,0.7838095238095238,0.2176918468675393,1.0
pendigits,10,cart_pruned,0.05,0.15142857142857144,0.7857142857142857,0.2176918468675393,1.0
pendigits,10,noise_augmented_cart,0.05,0.037142857142857144,0.861904761904762,0.34064241185311583,1.0
pendigits,8,matched_gini,0.05,0.07142857142857142,0.8133333333333334,0.336268601981382,1.0
pendigits,8,mags_fixed,0.05,0.12857142857142856,0.7761904761904762,0.29465131204463435,1.0
pendigits,8,mags_binary_excluded,0.05,0.12857142857142856,0.7761904761904762,0.29465131204463435,1.0
pendigits,8,matched_gini_unrestricted,0.05,0.13238095238095238,0.7780952380952381,0.2958665678445598,1.0
pendigits,8,mags_fixed_unrestricted,0.05,0.12857142857142856,0.7780952380952381,0.2958665678445597,1.0
pendigits,8,cart_fixed,0.05,0.04476190476190476,0.8247619047619048,0.3336799963455974,1.0
pendigits,8,mags_tuned,0.05,0.08571428571428572,0.8428571428571429,0.28234460960929497,1.0
pendigits,8,cart_tuned_depth,0.05,0.0380952380952381,0.8695238095238095,0.3113727026623926,1.0
pendigits,8,cart_pruned,0.05,0.0419047619047619,0.8676190476190476,0.3240443446069826,1.0
pendigits,8,noise_augmented_cart,0.05,0.029523809523809525,0.8495238095238096,0.3354274844996527,1.0
pendigits,9,matched_gini,0.05,0.07142857142857142,0.8276190476190476,0.34154481074434045,1.0
pendigits,9,mags_fixed,0.05,0.07142857142857142,0.8285714285714286,0.33551081439152336,1.0
pendigits,9,mags_binary_excluded,0.05,0.07142857142857142,0.8285714285714286,0.33551081439152336,1.0
pendigits,9,matched_gini_unrestricted,0.05,0.07904761904761905,0.8304761904761905,0.29623086108987795,1.0
pendigits,9,mags_fixed_unrestricted,0.05,0.07428571428571429,0.839047619047619,0.29623086108987795,1.0
pendigits,9,cart_fixed,0.05,0.08666666666666667,0.7942857142857143,0.3301332858238936,1.0
pendigits,9,mags_tuned,0.05,0.08190476190476191,0.8590476190476191,0.31031268062695866,1.0
pendigits,9,cart_tuned_depth,0.05,0.07333333333333333,0.8504761904761905,0.3244433216034463,1.0
pendigits,9,cart_pruned,0.05,0.07428571428571429,0.8485714285714285,0.3244433245508188,1.0
pendigits,9,noise_augmented_cart,0.05,0.03619047619047619,0.8323809523809523,0.34126257594719056,1.0
pendigits,11,matched_gini,0.05,0.07142857142857142,0.8276190476190476,0.25753499062617025,1.0
pendigits,11,mags_fixed,0.05,0.07333333333333333,0.8266666666666667,0.25753499062617025,1.0
pendigits,11,mags_binary_excluded,0.05,0.07333333333333333,0.8266666666666667,0.25753499062617025,1.0
pendigits,11,matched_gini_unrestricted,0.05,0.09238095238095238,0.800952380952381,0.31813145877350446,1.0
pendigits,11,mags_fixed_unrestricted,0.05,0.09714285714285714,0.8038095238095239,0.31642357453715475,1.0
pendigits,11,cart_fixed,0.05,0.0838095238095238,0.799047619047619,0.30357507139960804,1.0
pendigits,11,mags_tuned,0.05,0.07333333333333333,0.8457142857142858,0.2529866924129543,1.0
pendigits,11,cart_tuned_depth,0.05,0.08571428571428572,0.8514285714285714,0.31813145970264595,1.0
pendigits,11,cart_pruned,0.05,0.08285714285714285,0.8314285714285714,0.31813145970264595,1.0
pendigits,11,noise_augmented_cart,0.05,0.04,0.86,0.30411710669368147,1.0
pendigits,13,matched_gini,0.05,0.10571428571428572,0.7866666666666666,0.299037547935633,1.0
pendigits,13,mags_fixed,0.05,0.10857142857142857,0.78,0.299037547935633,1.0
pendigits,13,mags_binary_excluded,0.05,0.10857142857142857,0.78,0.299037547935633,1.0
pendigits,13,matched_gini_unrestricted,0.05,0.22095238095238096,0.7104761904761905,0.2591335882976469,1.0
pendigits,13,mags_fixed_unrestricted,0.05,0.20857142857142857,0.7266666666666667,0.2591335882976469,1.0
pendigits,13,cart_fixed,0.05,0.039047619047619046,0.8180952380952381,0.2838384042076938,1.0
pendigits,13,mags_tuned,0.05,0.11238095238095239,0.82,0.2800552812357846,1.0
pendigits,13,cart_tuned_depth,0.05,0.03428571428571429,0.8714285714285714,0.2708061794327618,1.0
pendigits,13,cart_pruned,0.05,0.035238095238095235,0.8714285714285714,0.2708061794327618,1.0
pendigits,13,noise_augmented_cart,0.05,0.029523809523809525,0.8485714285714285,0.2916340109598976,1.0
pendigits,15,matched_gini,0.05,0.06,0.8361904761904762,0.3147306270972587,1.0
pendigits,15,mags_fixed,0.05,0.06,0.8361904761904762,0.32474408241011676,1.0
pendigits,15,mags_binary_excluded,0.05,0.06,0.8361904761904762,0.32474408241011676,1.0
pendigits,15,matched_gini_unrestricted,0.05,0.05047619047619047,0.8504761904761905,0.3126363654400043,1.0
pendigits,15,mags_fixed_unrestricted,0.05,0.10666666666666667,0.7952380952380952,0.3140774026942191,1.0
pendigits,15,cart_fixed,0.05,0.03142857142857143,0.8580952380952381,0.3147306311468708,1.0
pendigits,15,mags_tuned,0.05,0.05333333333333334,0.8838095238095238,0.31473062709725863,1.0
pendigits,15,cart_tuned_depth,0.05,0.037142857142857144,0.9038095238095238,0.28416526685755455,1.0
pendigits,15,cart_pruned,0.05,0.029523809523809525,0.8885714285714286,0.31473060605334785,1.0
pendigits,15,noise_augmented_cart,0.05,0.03619047619047619,0.8676190476190476,0.34709174403621534,1.0
pendigits,14,matched_gini,0.05,0.17904761904761904,0.7571428571428571,0.22650058150525362,1.0
pendigits,14,mags_fixed,0.05,0.17714285714285713,0.758095238095238,0.22954837808555253,1.0
pendigits,14,mags_binary_excluded,0.05,0.17714285714285713,0.758095238095238,0.22954837808555253,1.0
pendigits,14,matched_gini_unrestricted,0.05,0.18,0.7523809523809524,0.23948081190028395,1.0
pendigits,14,mags_fixed_unrestricted,0.05,0.18,0.7523809523809524,0.23948081190028395,1.0
pendigits,14,cart_fixed,0.05,0.14095238095238094,0.7428571428571429,0.2367024254866586,1.0
pendigits,14,mags_tuned,0.05,0.18,0.7857142857142857,0.19949422412519996,1.0
pendigits,14,cart_tuned_depth,0.05,0.11047619047619048,0.7952380952380952,0.22671939167684624,1.0
pendigits,14,cart_pruned,0.05,0.11047619047619048,0.7971428571428572,0.22671939033531058,1.0
pendigits,14,noise_augmented_cart,0.05,0.039047619047619046,0.8495238095238096,0.2882109361564528,1.0
pendigits,12,matched_gini,0.05,0.24761904761904763,0.6685714285714286,0.25486438483693874,1.0
pendigits,12,mags_fixed,0.05,0.20857142857142857,0.7019047619047619,0.2500131374425868,1.0
pendigits,12,mags_binary_excluded,0.05,0.20857142857142857,0.7019047619047619,0.2500131374425868,1.0
pendigits,12,matched_gini_unrestricted,0.05,0.24761904761904763,0.6695238095238095,0.26259163411540265,1.0
pendigits,12,mags_fixed_unrestricted,0.05,0.24476190476190476,0.6819047619047619,0.238793078719846,1.0
pendigits,12,cart_fixed,0.05,0.02857142857142857,0.8257142857142857,0.26426321043210355,1.0
pendigits,12,mags_tuned,0.05,0.1819047619047619,0.7476190476190476,0.26426321100546957,1.0
pendigits,12,cart_tuned_depth,0.05,0.0380952380952381,0.8638095238095238,0.23179914461234685,1.0
pendigits,12,cart_pruned,0.05,0.037142857142857144,0.8647619047619047,0.2471699293681935,1.0
pendigits,12,noise_augmented_cart,0.05,0.05047619047619047,0.8180952380952381,0.2670575438958388,1.0
pendigits,16,matched_gini,0.05,0.18857142857142858,0.7561904761904762,0.25605447296970896,1.0
pendigits,16,mags_fixed,0.05,0.18857142857142858,0.7552380952380953,0.25605447296970896,1.0
pendigits,16,mags_binary_excluded,0.05,0.18857142857142858,0.7552380952380953,0.25605447296970896,1.0
pendigits,16,matched_gini_unrestricted,0.05,0.19047619047619047,0.7476190476190476,0.21303266983158364,1.0
pendigits,16,mags_fixed_unrestricted,0.05,0.19238095238095237,0.7476190476190476,0.21303266983158364,1.0
pendigits,16,cart_fixed,0.05,0.039047619047619046,0.8685714285714285,0.2471065727425827,1.0
pendigits,16,mags_tuned,0.05,0.18857142857142858,0.7552380952380953,0.25605447296970896,1.0
pendigits,16,cart_tuned_depth,0.05,0.03333333333333333,0.8923809523809524,0.2259304325793661,1.0
pendigits,16,cart_pruned,0.05,0.035238095238095235,0.8933333333333333,0.2301103656124656,1.0
pendigits,16,noise_augmented_cart,0.05,0.0419047619047619,0.8495238095238096,0.326573371794079,1.0
pendigits,17,matched_gini,0.05,0.1676190476190476,0.72,0.3513367673428929,1.0
pendigits,17,mags_fixed,0.05,0.16476190476190475,0.7257142857142858,0.29512288556803,1.0
pendigits,17,mags_binary_excluded,0.05,0.16476190476190475,0.7257142857142858,0.29512288556803,1.0
pendigits,17,matched_gini_unrestricted,0.05,0.15904761904761905,0.7352380952380952,0.37944370973032426,1.0
pendigits,17,mags_fixed_unrestricted,0.05,0.15619047619047619,0.7390476190476191,0.27893446450177944,1.0
pendigits,17,cart_fixed,0.05,0.12571428571428572,0.7504761904761905,0.3794436987016444,1.0
pendigits,17,mags_tuned,0.05,0.17523809523809525,0.7571428571428571,0.32322982595546146,1.0
pendigits,17,cart_tuned_depth,0.05,0.13714285714285715,0.7828571428571428,0.32322982122230565,1.0
pendigits,17,cart_pruned,0.05,0.13714285714285715,0.7857142857142857,0.3232298264554615,1.0
pendigits,17,noise_augmented_cart,0.05,0.04380952380952381,0.8504761904761905,0.34379523025546765,1.0
pendigits,18,matched_gini,0.05,0.11047619047619048,0.7876190476190477,0.3528619116719084,1.0
pendigits,18,mags_fixed,0.05,0.11238095238095239,0.7895238095238095,0.3528619126719084,1.0
pendigits,18,mags_binary_excluded,0.05,0.11238095238095239,0.7895238095238095,0.3528619126719084,1.0
pendigits,18,matched_gini_unrestricted,0.05,0.2,0.6933333333333334,0.3082165395369901,1.0
pendigits,18,mags_fixed_unrestricted,0.05,0.20095238095238097,0.6914285714285714,0.30821654003699006,1.0
pendigits,18,cart_fixed,0.05,0.024761904761904763,0.8580952380952381,0.35286191468388217,1.0
pendigits,18,mags_tuned,0.05,0.11047619047619048,0.8457142857142858,0.3358399508803964,1.0
pendigits,18,cart_tuned_depth,0.05,0.05523809523809524,0.8819047619047619,0.33588255245226734,1.0
pendigits,18,cart_pruned,0.05,0.030476190476190476,0.9,0.3352217833579786,1.0
pendigits,18,noise_augmented_cart,0.05,0.035238095238095235,0.861904761904762,0.2944462060211097,1.0
pendigits,19,matched_gini,0.05,0.06761904761904762,0.820952380952381,0.3479882739185236,1.0
pendigits,19,mags_fixed,0.05,0.06666666666666667,0.8180952380952381,0.3476550519341507,1.0
pendigits,19,mags_binary_excluded,0.05,0.06666666666666667,0.8180952380952381,0.3476550519341507,1.0
pendigits,19,matched_gini_unrestricted,0.05,0.11523809523809524,0.7676190476190476,0.34798827341852356,1.0
pendigits,19,mags_fixed_unrestricted,0.05,0.10952380952380952,0.7704761904761904,0.3479528077850629,1.0
pendigits,19,cart_fixed,0.05,0.03619047619047619,0.8361904761904762,0.34798828543058086,1.0
pendigits,19,mags_tuned,0.05,0.07047619047619047,0.8628571428571429,0.33542298889798056,1.0
pendigits,19,cart_tuned_depth,0.05,0.037142857142857144,0.8723809523809524,0.3195687167042662,1.0
pendigits,19,cart_pruned,0.05,0.0380952380952381,0.8685714285714285,0.3473572955832388,1.0
pendigits,19,noise_augmented_cart,0.05,0.045714285714285714,0.820952380952381,0.3139926389669631,1.0
pendigits,20,matched_gini,0.05,0.15714285714285714,0.7285714285714285,0.26748584488524646,1.0
pendigits,20,mags_fixed,0.05,0.22285714285714286,0.6742857142857143,0.2393294402657469,1.0
pendigits,20,mags_binary_excluded,0.05,0.22285714285714286,0.6742857142857143,0.2393294402657469,1.0
pendigits,20,matched_gini_unrestricted,0.05,0.16666666666666666,0.7247619047619047,0.2985455268370556,1.0
pendigits,20,mags_fixed_unrestricted,0.05,0.17333333333333334,0.7380952380952381,0.2985455268370556,1.0
pendigits,20,cart_fixed,0.05,0.03428571428571429,0.8219047619047619,0.27669075718618347,1.0
pendigits,20,mags_tuned,0.05,0.18476190476190477,0.7571428571428571,0.23932944026574687,1.0
pendigits,20,cart_tuned_depth,0.05,0.040952380952380955,0.8809523809523809,0.23932944255423264,1.0
pendigits,20,cart_pruned,0.05,0.040952380952380955,0.878095238095238,0.24096573011344927,1.0
pendigits,20,noise_augmented_cart,0.05,0.037142857142857144,0.8342857142857143,0.30628697974225627,1.0
pendigits,21,matched_gini,0.05,0.18095238095238095,0.7285714285714285,0.2564789262041396,1.0
pendigits,21,mags_fixed,0.05,0.17714285714285713,0.7333333333333333,0.26666425821972556,1.0
pendigits,21,mags_binary_excluded,0.05,0.17714285714285713,0.7333333333333333,0.26666425821972556,1.0
pendigits,21,matched_gini_unrestricted,0.05,0.2438095238095238,0.6761904761904762,0.2666642577197255,1.0
pendigits,21,mags_fixed_unrestricted,0.05,0.23904761904761904,0.6828571428571428,0.26666425821972556,1.0
pendigits,21,cart_fixed,0.05,0.03619047619047619,0.8180952380952381,0.26666425937667854,1.0
pendigits,21,mags_tuned,0.05,0.11714285714285715,0.8352380952380952,0.2886068262520796,1.0
pendigits,21,cart_tuned_depth,0.05,0.045714285714285714,0.8561904761904762,0.27897785100891104,1.0
pendigits,21,cart_pruned,0.05,0.045714285714285714,0.8342857142857143,0.25550133986564477,1.0
pendigits,21,noise_augmented_cart,0.05,0.035238095238095235,0.8476190476190476,0.26662648986609405,1.0
pendigits,22,matched_gini,0.05,0.16,0.7380952380952381,0.2754563250870745,1.0
pendigits,22,mags_fixed,0.05,0.14857142857142858,0.7428571428571429,0.26407094039865453,1.0
pendigits,22,mags_binary_excluded,0.05,0.14857142857142858,0.7428571428571429,0.26407094039865453,1.0
pendigits,22,matched_gini_unrestricted,0.05,0.16095238095238096,0.7409523809523809,0.2944697824984003,1.0
pendigits,22,mags_fixed_unrestricted,0.05,0.16,0.7409523809523809,0.2944697824984003,1.0
pendigits,22,cart_fixed,0.05,0.03428571428571429,0.8314285714285714,0.2944697781766706,1.0
pendigits,22,mags_tuned,0.05,0.1657142857142857,0.7733333333333333,0.2754563250870745,1.0
pendigits,22,cart_tuned_depth,0.05,0.049523809523809526,0.8590476190476191,0.27545631830928574,1.0
pendigits,22,cart_pruned,0.05,0.049523809523809526,0.8590476190476191,0.27545631830928574,1.0
pendigits,22,noise_augmented_cart,0.05,0.02666666666666667,0.8314285714285714,0.3111418453566742,1.0
pendigits,23,matched_gini,0.05,0.1295238095238095,0.7838095238095238,0.3252640086181464,1.0
pendigits,23,mags_fixed,0.05,0.06666666666666667,0.8323809523809523,0.3372542962901772,1.0
pendigits,23,mags_binary_excluded,0.05,0.06666666666666667,0.8323809523809523,0.3372542962901772,1.0
pendigits,23,matched_gini_unrestricted,0.05,0.13142857142857142,0.7695238095238095,0.34849764571718844,1.0
pendigits,23,mags_fixed_unrestricted,0.05,0.1295238095238095,0.7704761904761904,0.3474231676043458,1.0
pendigits,23,cart_fixed,0.05,0.09142857142857143,0.7866666666666666,0.3108523046083548,1.0
pendigits,23,mags_tuned,0.05,0.07523809523809524,0.8714285714285714,0.3372542962901772,1.0
pendigits,23,cart_tuned_depth,0.05,0.1019047619047619,0.82,0.31461663072570867,1.0
pendigits,23,cart_pruned,0.05,0.0980952380952381,0.8180952380952381,0.3146166590281201,1.0
pendigits,23,noise_augmented_cart,0.05,0.035238095238095235,0.8457142857142858,0.3523150631736991,1.0
pendigits,24,matched_gini,0.05,0.32857142857142857,0.5876190476190476,0.19474543050695664,1.0
pendigits,24,mags_fixed,0.05,0.2923809523809524,0.6247619047619047,0.20148655604753934,1.0
pendigits,24,mags_binary_excluded,0.05,0.2923809523809524,0.6247619047619047,0.20148655604753934,1.0
pendigits,24,matched_gini_unrestricted,0.05,0.30952380952380953,0.6133333333333333,0.21566085815628938,1.0
pendigits,24,mags_fixed_unrestricted,0.05,0.21428571428571427,0.7019047619047619,0.2156608586562894,1.0
pendigits,24,cart_fixed,0.05,0.1761904761904762,0.7171428571428572,0.294801997591042,1.0
pendigits,24,mags_tuned,0.05,0.14,0.8019047619047619,0.21320471814518488,1.0
pendigits,24,cart_tuned_depth,0.05,0.16952380952380952,0.7657142857142857,0.2866575404066967,1.0
pendigits,24,cart_pruned,0.05,0.16857142857142857,0.7704761904761904,0.2841870585522499,1.0
pendigits,24,noise_augmented_cart,0.05,0.02761904761904762,0.8228571428571428,0.3652661016059328,1.0
pendigits,26,matched_gini,0.05,0.1523809523809524,0.7323809523809524,0.33614267965971345,1.0
pendigits,26,mags_fixed,0.05,0.14666666666666667,0.7390476190476191,0.33614267965971345,1.0
pendigits,26,mags_binary_excluded,0.05,0.14666666666666667,0.7390476190476191,0.33614267965971345,1.0
pendigits,26,matched_gini_unrestricted,0.05,0.10095238095238095,0.7895238095238095,0.3198695795112464,1.0
pendigits,26,mags_fixed_unrestricted,0.05,0.14666666666666667,0.74,0.31057935846491347,1.0
pendigits,26,cart_fixed,0.05,0.03619047619047619,0.839047619047619,0.3399169897056873,1.0
pendigits,26,mags_tuned,0.05,0.1523809523809524,0.7857142857142857,0.33614267965971345,1.0
pendigits,26,cart_tuned_depth,0.05,0.037142857142857144,0.8685714285714285,0.3492819967722942,1.0
pendigits,26,cart_pruned,0.05,0.03238095238095238,0.8733333333333333,0.3492820158142959,1.0
pendigits,26,noise_augmented_cart,0.05,0.03428571428571429,0.8333333333333334,0.28597628681839726,1.0
pendigits,25,matched_gini,0.05,0.12476190476190477,0.7771428571428571,0.32048210388270354,1.0
pendigits,25,mags_fixed,0.05,0.12380952380952381,0.7780952380952381,0.32048210388270354,1.0
pendigits,25,mags_binary_excluded,0.05,0.12380952380952381,0.7780952380952381,0.32048210388270354,1.0
pendigits,25,matched_gini_unrestricted,0.05,0.12857142857142856,0.7742857142857142,0.3435040998421316,1.0
pendigits,25,mags_fixed_unrestricted,0.05,0.12761904761904763,0.78,0.3435040998421316,1.0
pendigits,25,cart_fixed,0.05,0.09714285714285714,0.7885714285714286,0.33480431767790675,1.0
pendigits,25,mags_tuned,0.05,0.12,0.8114285714285714,0.3135731223915744,1.0
pendigits,25,cart_tuned_depth,0.05,0.09619047619047619,0.8342857142857143,0.31357312083554584,1.0
pendigits,25,cart_pruned,0.05,0.08,0.8266666666666667,0.34423506338337595,1.0
pendigits,25,noise_augmented_cart,0.05,0.02761904761904762,0.8628571428571429,0.3569776555041606,1.0
pendigits,27,matched_gini,0.05,0.16952380952380952,0.7161904761904762,0.3341116277891117,1.0
pendigits,27,mags_fixed,0.05,0.1761904761904762,0.7171428571428572,0.3341116277891117,1.0
pendigits,27,mags_binary_excluded,0.05,0.1761904761904762,0.7171428571428572,0.3341116277891117,1.0
pendigits,27,matched_gini_unrestricted,0.05,0.1761904761904762,0.7142857142857143,0.26407692923125353,1.0
pendigits,27,mags_fixed_unrestricted,0.05,0.17238095238095238,0.719047619047619,0.29138184687657653,1.0
pendigits,27,cart_fixed,0.05,0.045714285714285714,0.8180952380952381,0.2913818485772739,1.0
pendigits,27,mags_tuned,0.05,0.17809523809523808,0.7657142857142857,0.29138184687657653,1.0
pendigits,27,cart_tuned_depth,0.05,0.045714285714285714,0.8676190476190476,0.2869211800756361,1.0
pendigits,27,cart_pruned,0.05,0.045714285714285714,0.8676190476190476,0.2869211800756361,1.0
pendigits,27,noise_augmented_cart,0.05,0.0380952380952381,0.82,0.33729155135513644,1.0
segment,0,matched_gini,0.05,0.06427688504326329,0.8034610630407911,0.2984932483160397,1.0
segment,0,mags_fixed,0.05,0.06551297898640297,0.8034610630407911,0.3180146545695685,1.0
segment,0,mags_binary_excluded,0.05,0.06551297898640297,0.8034610630407911,0.3180146545695685,1.0
segment,0,matched_gini_unrestricted,0.05,0.08281829419035847,0.7873918417799752,0.239215939357545,1.0
segment,0,mags_fixed_unrestricted,0.05,0.08405438813349815,0.788627935723115,0.239215939357545,1.0
segment,0,cart_fixed,0.05,0.027194066749072928,0.8096415327564895,0.2877124391121753,1.0
segment,0,mags_tuned,0.05,0.20519159456118666,0.8195302843016069,0.17813342436804872,1.0
segment,0,cart_tuned_depth,0.05,0.09270704573547589,0.8838071693448702,0.12383118085218706,1.0
segment,0,cart_pruned,0.05,0.09023485784919653,0.8875154511742892,0.10791927955790456,1.0
segment,0,noise_augmented_cart,0.05,0.037082818294190356,0.8071693448702101,0.3936534418592329,1.0
segment,1,matched_gini,0.05,0.05067985166872682,0.8096415327564895,0.2612399867371098,1.0
segment,1,mags_fixed,0.05,0.04697156983930779,0.8096415327564895,0.3005582358521324,1.0
segment,1,mags_binary_excluded,0.05,0.04697156983930779,0.8096415327564895,0.3005582358521324,1.0
segment,1,matched_gini_unrestricted,0.05,0.049443757725587144,0.799752781211372,0.23913737565465873,1.0
segment,1,mags_fixed_unrestricted,0.05,0.049443757725587144,0.8009888751545118,0.23987809360681342,1.0
segment,1,cart_fixed,0.05,0.022249690976514216,0.8133498145859085,0.2656899717103403,1.0
segment,1,mags_tuned,0.05,0.14215080346106304,0.8529048207663782,0.19060086026619294,1.0
segment,1,cart_tuned_depth,0.05,0.08281829419035847,0.892459826946848,0.16991470723836966,1.0
segment,1,cart_pruned,0.05,0.08405438813349815,0.8899876390605687,0.2118752510027431,1.0
segment,1,noise_augmented_cart,0.05,0.032138442521631644,0.8034610630407911,0.34498235303899977,1.0
pendigits,28,matched_gini,0.05,0.1019047619047619,0.7876190476190477,0.3091985352510209,1.0
pendigits,28,mags_fixed,0.05,0.05333333333333334,0.8361904761904762,0.31772891407081216,1.0
pendigits,28,mags_binary_excluded,0.05,0.05333333333333334,0.8361904761904762,0.31772891407081216,1.0
pendigits,28,matched_gini_unrestricted,0.05,0.14095238095238094,0.780952380952381,0.28034904282718703,1.0
pendigits,28,mags_fixed_unrestricted,0.05,0.1380952380952381,0.7857142857142857,0.28034904282718703,1.0
pendigits,28,cart_fixed,0.05,0.08285714285714285,0.8019047619047619,0.3088447590577129,1.0
pendigits,28,mags_tuned,0.05,0.06666666666666667,0.8742857142857143,0.28779265216866606,1.0
pendigits,28,cart_tuned_depth,0.05,0.08666666666666667,0.8342857142857143,0.28285224591401786,1.0
pendigits,28,cart_pruned,0.05,0.08571428571428572,0.8333333333333334,0.2828522429735592,1.0
pendigits,28,noise_augmented_cart,0.05,0.02761904761904762,0.8580952380952381,0.3144305856551082,1.0
pendigits,29,matched_gini,0.05,0.20952380952380953,0.6923809523809524,0.31595123704024153,1.0
pendigits,29,mags_fixed,0.05,0.20666666666666667,0.6933333333333334,0.3177498035401172,1.0
pendigits,29,mags_binary_excluded,0.05,0.20666666666666667,0.6933333333333334,0.3177498035401172,1.0
pendigits,29,matched_gini_unrestricted,0.05,0.20952380952380953,0.6904761904761905,0.29860688731487484,1.0
pendigits,29,mags_fixed_unrestricted,0.05,0.21047619047619048,0.6914285714285714,0.29860688731487484,1.0
pendigits,29,cart_fixed,0.05,0.09047619047619047,0.7857142857142857,0.34908874318017613,1.0
pendigits,29,mags_tuned,0.05,0.21714285714285714,0.7047619047619048,0.2833726410529215,1.0
pendigits,29,cart_tuned_depth,0.05,0.09142857142857143,0.8085714285714286,0.3211616652816127,1.0
pendigits,29,cart_pruned,0.05,0.09333333333333334,0.8076190476190476,0.32116165329453467,1.0
pendigits,29,noise_augmented_cart,0.05,0.05619047619047619,0.8580952380952381,0.35876301771460656,1.0
segment,2,matched_gini,0.05,0.08034610630407911,0.7849196538936959,0.2800438301575862,1.0
segment,2,mags_fixed,0.05,0.054388133498145856,0.8084054388133498,0.3036723653439827,1.0
segment,2,mags_binary_excluded,0.05,0.054388133498145856,0.8084054388133498,0.3036723653439827,1.0
segment,2,matched_gini_unrestricted,0.05,0.0630407911001236,0.8009888751545118,0.26266889514190045,1.0
segment,2,mags_fixed_unrestricted,0.05,0.0630407911001236,0.8009888751545118,0.26266889514190045,1.0
segment,2,cart_fixed,0.05,0.0580964153275649,0.7750309023485785,0.2759186131487868,1.0
segment,2,mags_tuned,0.05,0.17428924598269468,0.8195302843016069,0.19065661010714802,1.0
segment,2,cart_tuned_depth,0.05,0.13473423980222496,0.8590852904820766,0.17180199216908315,1.0
segment,2,cart_pruned,0.05,0.14709517923362175,0.8454882571075402,0.17296239025147858,1.0
segment,2,noise_augmented_cart,0.05,0.037082818294190356,0.8022249690976514,0.3371537186327333,1.0
segment,4,matched_gini,0.05,0.08034610630407911,0.7812113720642769,0.2758464897229469,1.0
segment,4,mags_fixed,0.05,0.07045735475896168,0.7898640296662547,0.28085072131441413,1.0
segment,4,mags_binary_excluded,0.05,0.07045735475896168,0.7898640296662547,0.28085072131441413,1.0
segment,4,matched_gini_unrestricted,0.05,0.07169344870210136,0.8121137206427689,0.28572195955494983,1.0
segment,4,mags_fixed_unrestricted,0.05,0.07292954264524104,0.8084054388133498,0.30262011461777505,1.0
segment,4,cart_fixed,0.05,0.04573547589616811,0.8046971569839307,0.2840238569096521,1.0
segment,4,mags_tuned,0.05,0.16934487021013597,0.8355995055624228,0.13134498027841585,1.0
segment,4,cart_tuned_depth,0.05,0.10754017305315204,0.8899876390605687,0.16110188683789733,1.0
segment,4,cart_pruned,0.05,0.10754017305315204,0.8936959208899876,0.18850081796703538,1.0
segment,4,noise_augmented_cart,0.05,0.037082818294190356,0.8108776266996292,0.40638765698380297,1.0
segment,3,matched_gini,0.05,0.0580964153275649,0.8084054388133498,0.25082938670586297,1.0
segment,3,mags_fixed,0.05,0.05686032138442522,0.8096415327564895,0.25685665647248657,1.0
segment,3,mags_binary_excluded,0.05,0.05686032138442522,0.8096415327564895,0.25685665647248657,1.0
segment,3,matched_gini_unrestricted,0.05,0.0815822002472188,0.7873918417799752,0.2755134143353036,1.0
segment,3,mags_fixed_unrestricted,0.05,0.07787391841779975,0.7873918417799752,0.2755134143353036,1.0
segment,3,cart_fixed,0.05,0.024721878862793572,0.8170580964153276,0.2642922276827279,1.0
segment,3,mags_tuned,0.05,0.1433868974042027,0.8454882571075402,0.1677977700816287,1.0
segment,3,cart_tuned_depth,0.05,0.18541409147095178,0.8022249690976514,0.10016111207350892,1.0
segment,3,cart_pruned,0.05,0.07911001236093942,0.8974042027194067,0.19036287017650458,1.0
segment,3,noise_augmented_cart,0.05,0.032138442521631644,0.8281829419035847,0.38369524654777576,1.0
segment,5,matched_gini,0.05,0.0865265760197775,0.7725587144622992,0.2703730764871524,1.0
segment,5,mags_fixed,0.05,0.06551297898640297,0.7911001236093943,0.27124829973793435,1.0
segment,5,mags_binary_excluded,0.05,0.06551297898640297,0.7911001236093943,0.27124829973793435,1.0
segment,5,matched_gini_unrestricted,0.05,0.069221260815822,0.8009888751545118,0.2537484094967774,1.0
segment,5,mags_fixed_unrestricted,0.05,0.07292954264524104,0.7787391841779975,0.25372074062940353,1.0
segment,5,cart_fixed,0.05,0.05686032138442522,0.7762669962917181,0.2645405835509445,1.0
segment,5,mags_tuned,0.05,0.12978986402966625,0.8442521631644005,0.17234672382234986,1.0
segment,5,cart_tuned_depth,0.05,0.13720642768850433,0.8454882571075402,0.15209717973352668,1.0
segment,5,cart_pruned,0.05,0.13597033374536466,0.8430160692212608,0.17131205557509593,1.0
segment,5,noise_augmented_cart,0.05,0.05315203955500618,0.7985166872682324,0.2767312105326779,1.0
segment,6,matched_gini,0.05,0.05562422744128554,0.8207663782447466,0.30082712995822514,1.0
segment,6,mags_fixed,0.05,0.05562422744128554,0.8195302843016069,0.31786364595997674,1.0
segment,6,mags_binary_excluded,0.05,0.05562422744128554,0.8195302843016069,0.31786364595997674,1.0
segment,6,matched_gini_unrestricted,0.05,0.15451174289245984,0.7292954264524104,0.16447124448221187,1.0
segment,6,mags_fixed_unrestricted,0.05,0.06427688504326329,0.8195302843016069,0.2229909092021001,1.0
segment,6,cart_fixed,0.05,0.05067985166872682,0.8133498145859085,0.2848055414251404,1.0
segment,6,mags_tuned,0.05,0.14585908529048208,0.8529048207663782,0.2080072891353619,1.0
segment,6,cart_tuned_depth,0.05,0.1557478368355995,0.8566131025957973,0.21284462819722985,1.0
segment,6,cart_pruned,0.05,0.1557478368355995,0.8627935723114957,0.21284462819722985,1.0
segment,6,noise_augmented_cart,0.05,0.03584672435105068,0.7972805933250927,0.35771241221822697,1.0
segment,9,matched_gini,0.05,0.06674907292954264,0.8207663782447466,0.28868291494509285,1.0
segment,9,mags_fixed,0.05,0.06674907292954264,0.8207663782447466,0.3019651460773125,1.0
segment,9,mags_binary_excluded,0.05,0.06674907292954264,0.8207663782447466,0.3019651460773125,1.0
segment,9,matched_gini_unrestricted,0.05,0.069221260815822,0.8170580964153276,0.2501996916354875,1.0
segment,9,mags_fixed_unrestricted,0.05,0.06674907292954264,0.8195302843016069,0.2500733972334475,1.0
segment,9,cart_fixed,0.05,0.042027194066749075,0.8170580964153276,0.30391611459408713,1.0
segment,9,mags_tuned,0.05,0.09270704573547589,0.8986402966625463,0.20723861024397303,1.0
segment,9,cart_tuned_depth,0.05,0.0865265760197775,0.8949320148331273,0.18980668275583315,1.0
segment,9,cart_pruned,0.05,0.08776266996291718,0.8986402966625463,0.18314173054371632,1.0
segment,9,noise_augmented_cart,0.05,0.05067985166872682,0.792336217552534,0.3597384231570925,1.0
segment,8,matched_gini,0.05,0.10135970333745364,0.7688504326328801,0.2664399232263838,1.0
segment,8,mags_fixed,0.05,0.10012360939431397,0.7688504326328801,0.26660542962627837,1.0
segment,8,mags_binary_excluded,0.05,0.10012360939431397,0.7688504326328801,0.26660542962627837,1.0
segment,8,matched_gini_unrestricted,0.05,0.0815822002472188,0.7873918417799752,0.23208900711207073,1.0
segment,8,mags_fixed_unrestricted,0.05,0.0815822002472188,0.7873918417799752,0.23600670904665488,1.0
segment,8,cart_fixed,0.05,0.03955500618046971,0.8121137206427689,0.2566448797576373,1.0
segment,8,mags_tuned,0.05,0.1681087762669963,0.8442521631644005,0.15117275566047106,1.0
segment,8,cart_tuned_depth,0.05,0.15327564894932014,0.8380716934487021,0.1273050342551781,1.0
segment,8,cart_pruned,0.05,0.15327564894932014,0.8380716934487021,0.1273050342551781,1.0
segment,8,noise_augmented_cart,0.05,0.029666254635352288,0.7948084054388134,0.3831873063421352,1.0
segment,7,matched_gini,0.05,0.10012360939431397,0.7626699629171817,0.2889140055364288,1.0
segment,7,mags_fixed,0.05,0.10012360939431397,0.7626699629171817,0.3116930716064379,1.0
segment,7,mags_binary_excluded,0.05,0.10012360939431397,0.7626699629171817,0.3116930716064379,1.0
segment,7,matched_gini_unrestricted,0.05,0.08281829419035847,0.7762669962917181,0.26407005666255223,1.0
segment,7,mags_fixed_unrestricted,0.05,0.06180469715698393,0.7898640296662547,0.25018163809261085,1.0
segment,7,cart_fixed,0.05,0.030902348578491966,0.7935723114956736,0.2744844139278526,1.0
segment,7,mags_tuned,0.05,0.19406674907292953,0.8059332509270705,0.2158825405118881,1.0
segment,7,cart_tuned_depth,0.05,0.11495673671199011,0.8726823238566132,0.18602990913936387,1.0
segment,7,cart_pruned,0.05,0.0754017305315204,0.8763906056860321,0.1923958367497482,1.0
segment,7,noise_augmented_cart,0.05,0.03337453646477132,0.7972805933250927,0.36545374019613425,1.0
segment,10,matched_gini,0.05,0.08281829419035847,0.7812113720642769,0.2894299575941962,1.0
segment,10,mags_fixed,0.05,0.0580964153275649,0.8059332509270705,0.2927288429024032,1.0
segment,10,mags_binary_excluded,0.05,0.0580964153275649,0.8059332509270705,0.2927288429024032,1.0
segment,10,matched_gini_unrestricted,0.05,0.06551297898640297,0.8034610630407911,0.24946982719095848,1.0
segment,10,mags_fixed_unrestricted,0.05,0.09023485784919653,0.7787391841779975,0.24946982719095848,1.0
segment,10,cart_fixed,0.05,0.06551297898640297,0.7898640296662547,0.28050008191961645,1.0
segment,10,mags_tuned,0.05,0.1433868974042027,0.8504326328800988,0.1424755151281083,1.0
segment,10,cart_tuned_depth,0.05,0.09394313967861558,0.8838071693448702,0.19212173525537726,1.0
segment,10,cart_pruned,0.05,0.09888751545117429,0.865265760197775,0.19212173525537726,1.0
segment,10,noise_augmented_cart,0.05,0.034610630407911,0.8108776266996292,0.4023486758035595,1.0
segment,11,matched_gini,0.05,0.07787391841779975,0.7972805933250927,0.2873492132773522,1.0
segment,11,mags_fixed,0.05,0.07787391841779975,0.7935723114956736,0.2970426476386554,1.0
segment,11,mags_binary_excluded,0.05,0.07787391841779975,0.7935723114956736,0.2970426476386554,1.0
segment,11,matched_gini_unrestricted,0.05,0.09023485784919653,0.7775030902348579,0.25165324955719004,1.0
segment,11,mags_fixed_unrestricted,0.05,0.10259579728059333,0.7676143386897404,0.21564581608759945,1.0
segment,11,cart_fixed,0.05,0.03584672435105068,0.8158220024721878,0.2846811436170677,1.0
segment,11,mags_tuned,0.05,0.1631644004944376,0.8380716934487021,0.14901617758286714,1.0
segment,11,cart_tuned_depth,0.05,0.08529048207663782,0.9048207663782447,0.17021407332923086,1.0
segment,11,cart_pruned,0.05,0.08776266996291718,0.9048207663782447,0.17021407332923086,1.0
segment,11,noise_augmented_cart,0.05,0.0630407911001236,0.7787391841779975,0.2768277852792104,1.0
segment,13,matched_gini,0.05,0.07787391841779975,0.7799752781211372,0.23542040755041654,1.0
segment,13,mags_fixed,0.05,0.07663782447466007,0.7836835599505563,0.2680854566723676,1.0
segment,13,mags_binary_excluded,0.05,0.07663782447466007,0.7836835599505563,0.2680854566723676,1.0
segment,13,matched_gini_unrestricted,0.05,0.07663782447466007,0.8034610630407911,0.21619794912287701,1.0
segment,13,mags_fixed_unrestricted,0.05,0.07787391841779975,0.8009888751545118,0.21619794912287701,1.0
segment,13,cart_fixed,0.05,0.04573547589616811,0.8022249690976514,0.24060714694513066,1.0
segment,13,mags_tuned,0.05,0.1619283065512979,0.8380716934487021,0.1424077217156495,1.0
segment,13,cart_tuned_depth,0.05,0.12978986402966625,0.8627935723114957,0.11487315083013386,1.0
segment,13,cart_pruned,0.05,0.1260815822002472,0.8640296662546354,0.11487315083013386,1.0
segment,13,noise_augmented_cart,0.05,0.0407911001236094,0.8084054388133498,0.2663149205099997,1.0
segment,12,matched_gini,0.05,0.07416563658838071,0.788627935723115,0.21693878627550667,1.0
segment,12,mags_fixed,0.05,0.06798516687268233,0.7948084054388134,0.3052547888788403,1.0
segment,12,mags_binary_excluded,0.05,0.06798516687268233,0.7948084054388134,0.3052547888788403,1.0
segment,12,matched_gini_unrestricted,0.05,0.14585908529048208,0.8393077873918418,0.20822620440324036,1.0
segment,12,mags_fixed_unrestricted,0.05,0.06551297898640297,0.8071693448702101,0.2360977032679671,1.0
segment,12,cart_fixed,0.05,0.038318912237330034,0.7911001236093943,0.21169637775274422,1.0
segment,12,mags_tuned,0.05,0.16563658838071693,0.8207663782447466,0.11850732787751514,1.0
segment,12,cart_tuned_depth,0.05,0.0865265760197775,0.8702101359703337,0.11860777182601151,1.0
segment,12,cart_pruned,0.05,0.07663782447466007,0.8714462299134734,0.13048280315536778,1.0
segment,12,noise_augmented_cart,0.05,0.02595797280593325,0.8022249690976514,0.38217301785998975,1.0
segment,14,matched_gini,0.05,0.07045735475896168,0.7836835599505563,0.3032370866283629,1.0
segment,14,mags_fixed,0.05,0.069221260815822,0.7849196538936959,0.3153253869717563,1.0
segment,14,mags_binary_excluded,0.05,0.069221260815822,0.7849196538936959,0.3153253869717563,1.0
segment,14,matched_gini_unrestricted,0.05,0.0815822002472188,0.7935723114956736,0.2544438726094713,1.0
segment,14,mags_fixed_unrestricted,0.05,0.0865265760197775,0.7898640296662547,0.22088375281849404,1.0
segment,14,cart_fixed,0.05,0.04697156983930779,0.7935723114956736,0.28790937440853986,1.0
segment,14,mags_tuned,0.05,0.1631644004944376,0.8368355995055624,0.192182335681748,1.0
segment,14,cart_tuned_depth,0.05,0.13720642768850433,0.8467243510506799,0.1943001975172079,1.0
segment,14,cart_pruned,0.05,0.15203955500618047,0.8442521631644005,0.17991572233892195,1.0
segment,14,noise_augmented_cart,0.05,0.027194066749072928,0.8022249690976514,0.2955576291389009,1.0
segment,15,matched_gini,0.05,0.08281829419035847,0.7849196538936959,0.24301144528076374,1.0
segment,15,mags_fixed,0.05,0.07292954264524104,0.7972805933250927,0.2880774369960672,1.0
segment,15,mags_binary_excluded,0.05,0.07292954264524104,0.7972805933250927,0.2880774369960672,1.0
segment,15,matched_gini_unrestricted,0.05,0.06180469715698393,0.8009888751545118,0.2880774369960671,1.0
segment,15,mags_fixed_unrestricted,0.05,0.06427688504326329,0.8009888751545118,0.2853693437183286,1.0
segment,15,cart_fixed,0.05,0.037082818294190356,0.7985166872682324,0.2568498449650131,1.0
segment,15,mags_tuned,0.05,0.13597033374536466,0.8566131025957973,0.18094206444222774,1.0
segment,15,cart_tuned_depth,0.05,0.138442521631644,0.8454882571075402,0.16609654666488036,1.0
segment,15,cart_pruned,0.05,0.16069221260815822,0.8430160692212608,0.15971950934777185,1.0
segment,15,noise_augmented_cart,0.05,0.032138442521631644,0.7836835599505563,0.36286763544185413,1.0
segment,16,matched_gini,0.05,0.06056860321384425,0.823238566131026,0.2531429892803355,1.0
segment,16,mags_fixed,0.05,0.059332509270704575,0.8195302843016069,0.29238915691448225,1.0
segment,16,mags_binary_excluded,0.05,0.059332509270704575,0.8195302843016069,0.29238915691448225,1.0
segment,16,matched_gini_unrestricted,0.05,0.07911001236093942,0.7985166872682324,0.23573768141535048,1.0
segment,16,mags_fixed_unrestricted,0.05,0.0754017305315204,0.8009888751545118,0.2356848530885882,1.0
segment,16,cart_fixed,0.05,0.0407911001236094,0.823238566131026,0.2880592484229454,1.0
segment,16,mags_tuned,0.05,0.14956736711990112,0.8603213844252163,0.2034659804042666,1.0
segment,16,cart_tuned_depth,0.05,0.10754017305315204,0.8825710754017305,0.17788344452111451,1.0
segment,16,cart_pruned,0.05,0.1100123609394314,0.8862793572311496,0.1957026565446427,1.0
segment,16,noise_augmented_cart,0.05,0.02843016069221261,0.8182941903584673,0.27694160420145647,1.0
segment,17,matched_gini,0.05,0.06551297898640297,0.7935723114956736,0.3073420909238567,1.0
segment,17,mags_fixed,0.05,0.06427688504326329,0.7948084054388134,0.31090699648972137,1.0
segment,17,mags_binary_excluded,0.05,0.06427688504326329,0.7948084054388134,0.31090699648972137,1.0
segment,17,matched_gini_unrestricted,0.05,0.06674907292954264,0.7873918417799752,0.27425834389836107,1.0
segment,17,mags_fixed_unrestricted,0.05,0.06674907292954264,0.7873918417799752,0.27425834389836107,1.0
segment,17,cart_fixed,0.05,0.0519159456118665,0.7972805933250927,0.30341163731993137,1.0
segment,17,mags_tuned,0.05,0.14215080346106304,0.857849196538937,0.13910939180236737,1.0
segment,17,cart_tuned_depth,0.05,0.13226205191594562,0.8516687268232386,0.1273919987992233,1.0
segment,17,cart_pruned,0.05,0.10259579728059333,0.8763906056860321,0.13069810904270213,1.0
segment,17,noise_augmented_cart,0.05,0.024721878862793572,0.7985166872682324,0.3810825769536948,1.0
segment,18,matched_gini,0.05,0.06056860321384425,0.792336217552534,0.2719504296786169,1.0
segment,18,mags_fixed,0.05,0.042027194066749075,0.8108776266996292,0.2801801977761451,1.0
segment,18,mags_binary_excluded,0.05,0.042027194066749075,0.8108776266996292,0.2801801977761451,1.0
segment,18,matched_gini_unrestricted,0.05,0.07292954264524104,0.788627935723115,0.2844354603034006,1.0
segment,18,mags_fixed_unrestricted,0.05,0.06427688504326329,0.7972805933250927,0.2754086466328481,1.0
segment,18,cart_fixed,0.05,0.024721878862793572,0.8170580964153276,0.2711138182233266,1.0
segment,18,mags_tuned,0.05,0.15945611866501855,0.8294190358467244,0.12161665872531868,1.0
segment,18,cart_tuned_depth,0.05,0.13102595797280595,0.8491965389369592,0.16412781054151557,1.0
segment,18,cart_pruned,0.05,0.10135970333745364,0.8751545117428925,0.20459445884065952,1.0
segment,18,noise_augmented_cart,0.05,0.019777503090234856,0.8108776266996292,0.39801909159319404,1.0
segment,19,matched_gini,0.05,0.0754017305315204,0.7935723114956736,0.25303024359025567,1.0
segment,19,mags_fixed,0.05,0.07416563658838071,0.792336217552534,0.2613476786763819,1.0
segment,19,mags_binary_excluded,0.05,0.07416563658838071,0.792336217552534,0.2613476786763819,1.0
segment,19,matched_gini_unrestricted,0.05,0.0815822002472188,0.7898640296662547,0.25228444615032714,1.0
segment,19,mags_fixed_unrestricted,0.05,0.08529048207663782,0.788627935723115,0.25081279191739214,1.0
segment,19,cart_fixed,0.05,0.04326328800988875,0.7985166872682324,0.2602893544301113,1.0
segment,19,mags_tuned,0.05,0.16934487021013597,0.830655129789864,0.14250718647677985,1.0
segment,19,cart_tuned_depth,0.05,0.10012360939431397,0.8714462299134734,0.17072805479250633,1.0
segment,19,cart_pruned,0.05,0.11124845488257108,0.8677379480840544,0.19608446622287898,1.0
segment,19,noise_augmented_cart,0.05,0.019777503090234856,0.8195302843016069,0.3998182454699031,1.0
segment,21,matched_gini,0.05,0.0815822002472188,0.7601977750309024,0.2701126997064223,1.0
segment,21,mags_fixed,0.05,0.07045735475896168,0.7762669962917181,0.2882437887369622,1.0
segment,21,mags_binary_excluded,0.05,0.07045735475896168,0.7762669962917181,0.2882437887369622,1.0
segment,21,matched_gini_unrestricted,0.05,0.06180469715698393,0.792336217552534,0.23081438335936535,1.0
segment,21,mags_fixed_unrestricted,0.05,0.06056860321384425,0.7836835599505563,0.27077446726805543,1.0
segment,21,cart_fixed,0.05,0.04573547589616811,0.7750309023485785,0.27011268944961847,1.0
segment,21,mags_tuned,0.05,0.13967861557478367,0.8318912237330037,0.19293751890177316,1.0
segment,21,cart_tuned_depth,0.05,0.11866501854140915,0.865265760197775,0.1528999475696813,1.0
segment,21,cart_pruned,0.05,0.11124845488257108,0.8665018541409147,0.17909350059300835,1.0
segment,21,noise_augmented_cart,0.05,0.034610630407911,0.788627935723115,0.3675593331543541,1.0
segment,20,matched_gini,0.05,0.0815822002472188,0.7812113720642769,0.28611923308490084,1.0
segment,20,mags_fixed,0.05,0.07045735475896168,0.792336217552534,0.29929362332711407,1.0
segment,20,mags_binary_excluded,0.05,0.07045735475896168,0.792336217552534,0.29929362332711407,1.0
segment,20,matched_gini_unrestricted,0.05,0.07416563658838071,0.7935723114956736,0.2413082477072124,1.0
segment,20,mags_fixed_unrestricted,0.05,0.0754017305315204,0.7898640296662547,0.23928133894619652,1.0
segment,20,cart_fixed,0.05,0.03955500618046971,0.8108776266996292,0.29925489667038346,1.0
segment,20,mags_tuned,0.05,0.1557478368355995,0.8393077873918418,0.18981374725606248,1.0
segment,20,cart_tuned_depth,0.05,0.12237330037082818,0.8442521631644005,0.12445633166760395,1.0
segment,20,cart_pruned,0.05,0.138442521631644,0.8442521631644005,0.129920177197539,1.0
segment,20,noise_augmented_cart,0.05,0.023485784919653894,0.8046971569839307,0.37570510720474226,1.0
segment,22,matched_gini,0.05,0.05686032138442522,0.8084054388133498,0.2868042821919735,1.0
segment,22,mags_fixed,0.05,0.05562422744128554,0.8071693448702101,0.2965446114836723,1.0
segment,22,mags_binary_excluded,0.05,0.05562422744128554,0.8071693448702101,0.2965446114836723,1.0
segment,22,matched_gini_unrestricted,0.05,0.059332509270704575,0.8121137206427689,0.2646289848409626,1.0
segment,22,mags_fixed_unrestricted,0.05,0.0580964153275649,0.8108776266996292,0.2642641447350325,1.0
segment,22,cart_fixed,0.05,0.022249690976514216,0.8220024721878862,0.2873346817542645,1.0
segment,22,mags_tuned,0.05,0.15203955500618047,0.8355995055624228,0.14249977625334911,1.0
segment,22,cart_tuned_depth,0.05,0.09394313967861558,0.8825710754017305,0.19069348069459777,1.0
segment,22,cart_pruned,0.05,0.09394313967861558,0.8825710754017305,0.19069348069459777,1.0
segment,22,noise_augmented_cart,0.05,0.032138442521631644,0.8009888751545118,0.4009035753222198,1.0
segment,23,matched_gini,0.05,0.0630407911001236,0.8071693448702101,0.2671407269778464,1.0
segment,23,mags_fixed,0.05,0.06056860321384425,0.8034610630407911,0.3262324040553901,1.0
segment,23,mags_binary_excluded,0.05,0.06056860321384425,0.8034610630407911,0.3262324040553901,1.0
segment,23,matched_gini_unrestricted,0.05,0.05315203955500618,0.8220024721878862,0.23077712511263718,1.0
segment,23,mags_fixed_unrestricted,0.05,0.0519159456118665,0.8220024721878862,0.23032775007662412,1.0
segment,23,cart_fixed,0.05,0.030902348578491966,0.8170580964153276,0.2543204326751807,1.0
segment,23,mags_tuned,0.05,0.12237330037082818,0.8590852904820766,0.20633506927925932,1.0
segment,23,cart_tuned_depth,0.05,0.0815822002472188,0.896168108776267,0.19988395558435745,1.0
segment,23,cart_pruned,0.05,0.08899876390605686,0.8887515451174289,0.19673817150742506,1.0
segment,23,noise_augmented_cart,0.05,0.029666254635352288,0.7873918417799752,0.3804620787217979,1.0
segment,25,matched_gini,0.05,0.0865265760197775,0.7775030902348579,0.2712153669361711,1.0
segment,25,mags_fixed,0.05,0.08529048207663782,0.7787391841779975,0.27982772321555105,1.0
segment,25,mags_binary_excluded,0.05,0.08529048207663782,0.7787391841779975,0.27982772321555105,1.0
segment,25,matched_gini_unrestricted,0.05,0.10135970333745364,0.765142150803461,0.25121642346142403,1.0
segment,25,mags_fixed_unrestricted,0.05,0.10259579728059333,0.7626699629171817,0.25121642346142403,1.0
segment,25,cart_fixed,0.05,0.06798516687268233,0.7799752781211372,0.2607319003690289,1.0
segment,25,mags_tuned,0.05,0.13720642768850433,0.8454882571075402,0.1365400732530011,1.0
segment,25,cart_tuned_depth,0.05,0.1260815822002472,0.8603213844252163,0.1381495909149876,1.0
segment,25,cart_pruned,0.05,0.138442521631644,0.8355995055624228,0.1381281664260436,1.0
segment,25,noise_augmented_cart,0.05,0.032138442521631644,0.7935723114956736,0.3582755115783905,1.0
segment,24,matched_gini,0.05,0.054388133498145856,0.830655129789864,0.2635972848425483,1.0
segment,24,mags_fixed,0.05,0.05315203955500618,0.826946847960445,0.3126160298740465,1.0
segment,24,mags_binary_excluded,0.05,0.05315203955500618,0.826946847960445,0.3126160298740465,1.0
segment,24,matched_gini_unrestricted,0.05,0.05315203955500618,0.8281829419035847,0.23458020522767842,1.0
segment,24,mags_fixed_unrestricted,0.05,0.069221260815822,0.8145859085290482,0.19628095671993506,1.0
segment,24,cart_fixed,0.05,0.038318912237330034,0.8318912237330037,0.2523923450630679,1.0
segment,24,mags_tuned,0.05,0.17428924598269468,0.830655129789864,0.2154301501126468,1.0
segment,24,cart_tuned_depth,0.05,0.10506798516687268,0.8800988875154512,0.15590225087515397,1.0
segment,24,cart_pruned,0.05,0.09517923362175525,0.8887515451174289,0.2147467081092514,1.0
segment,24,noise_augmented_cart,0.05,0.02595797280593325,0.8145859085290482,0.4026215952239199,1.0
segment,26,matched_gini,0.05,0.0630407911001236,0.7985166872682324,0.27074748085636513,1.0
segment,26,mags_fixed,0.05,0.06180469715698393,0.7972805933250927,0.27074748185636527,1.0
segment,26,mags_binary_excluded,0.05,0.06180469715698393,0.7972805933250927,0.27074748185636527,1.0
segment,26,matched_gini_unrestricted,0.05,0.07787391841779975,0.7787391841779975,0.27074748085636513,1.0
segment,26,mags_fixed_unrestricted,0.05,0.07787391841779975,0.7799752781211372,0.2707474818563653,1.0
segment,26,cart_fixed,0.05,0.03955500618046971,0.799752781211372,0.2593875533051809,1.0
segment,26,mags_tuned,0.05,0.14585908529048208,0.8516687268232386,0.20087716421601295,1.0
segment,26,cart_tuned_depth,0.05,0.16934487021013597,0.8331273176761433,0.16717499671477137,1.0
segment,26,cart_pruned,0.05,0.16934487021013597,0.8368355995055624,0.17004949965860466,1.0
segment,26,noise_augmented_cart,0.05,0.037082818294190356,0.7972805933250927,0.35775869110711095,1.0
segment,27,matched_gini,0.05,0.06427688504326329,0.8096415327564895,0.250511244714947,1.0
segment,27,mags_fixed,0.05,0.06427688504326329,0.8096415327564895,0.2639127764359629,1.0
segment,27,mags_binary_excluded,0.05,0.06427688504326329,0.8096415327564895,0.2639127764359629,1.0
segment,27,matched_gini_unrestricted,0.05,0.08899876390605686,0.8108776266996292,0.23984942478320706,1.0
segment,27,mags_fixed_unrestricted,0.05,0.07416563658838071,0.8170580964153276,0.24195544185075116,1.0
segment,27,cart_fixed,0.05,0.034610630407911,0.8145859085290482,0.2603296300888392,1.0
segment,27,mags_tuned,0.05,0.1631644004944376,0.8467243510506799,0.1793377524204355,1.0
segment,27,cart_tuned_depth,0.05,0.10877626699629171,0.8689740420271941,0.17547454106823454,1.0
segment,27,cart_pruned,0.05,0.0580964153275649,0.9023485784919654,0.18735775871156604,1.0
segment,27,noise_augmented_cart,0.05,0.024721878862793572,0.8096415327564895,0.3936193695306381,1.0
segment,28,matched_gini,0.05,0.08034610630407911,0.7812113720642769,0.26351028563552,1.0
segment,28,mags_fixed,0.05,0.08034610630407911,0.7812113720642769,0.2687044452615458,1.0
segment,28,mags_binary_excluded,0.05,0.08034610630407911,0.7812113720642769,0.2687044452615458,1.0
segment,28,matched_gini_unrestricted,0.05,0.06427688504326329,0.792336217552534,0.24976602316800212,1.0
segment,28,mags_fixed_unrestricted,0.05,0.059332509270704575,0.7985166872682324,0.2446475834797075,1.0
segment,28,cart_fixed,0.05,0.06798516687268233,0.761433868974042,0.27722895197692216,1.0
segment,28,mags_tuned,0.05,0.1161928306551298,0.8665018541409147,0.19597194664753115,1.0
segment,28,cart_tuned_depth,0.05,0.15698393077873918,0.8380716934487021,0.19857662459217887,1.0
segment,28,cart_pruned,0.05,0.1619283065512979,0.8294190358467244,0.17795314056972492,1.0
segment,28,noise_augmented_cart,0.05,0.019777503090234856,0.8096415327564895,0.35453014846686576,1.0
segment,29,matched_gini,0.05,0.09023485784919653,0.7849196538936959,0.28943677698791576,1.0
segment,29,mags_fixed,0.05,0.09023485784919653,0.7836835599505563,0.2998905021951546,1.0
segment,29,mags_binary_excluded,0.05,0.09023485784919653,0.7836835599505563,0.2998905021951546,1.0
segment,29,matched_gini_unrestricted,0.05,0.09888751545117429,0.7911001236093943,0.27112575984908327,1.0
segment,29,mags_fixed_unrestricted,0.05,0.09888751545117429,0.7898640296662547,0.27112575984908327,1.0
segment,29,cart_fixed,0.05,0.06056860321384425,0.7836835599505563,0.28373212381938684,1.0
segment,29,mags_tuned,0.05,0.20642768850432633,0.8220024721878862,0.1343565955438411,1.0
segment,29,cart_tuned_depth,0.05,0.11990111248454882,0.8702101359703337,0.1675172344487694,1.0
segment,29,cart_pruned,0.05,0.11495673671199011,0.8689740420271941,0.1675172344487694,1.0
segment,29,noise_augmented_cart,0.05,0.04573547589616811,0.8096415327564895,0.28724891119664747,1.0
sonar,0,matched_gini,0.05,0.0547945205479452,0.7945205479452054,0.4460025170932922,1.0
sonar,0,mags_fixed,0.05,0.0821917808219178,0.7123287671232876,0.35542720990480847,1.0
sonar,0,mags_binary_excluded,0.05,0.0821917808219178,0.7123287671232876,0.35542720990480847,1.0
sonar,0,matched_gini_unrestricted,0.05,0.0547945205479452,0.7945205479452054,0.4476131151994083,1.0
sonar,0,mags_fixed_unrestricted,0.05,0.1095890410958904,0.7397260273972602,0.3680813218798846,1.0
sonar,0,cart_fixed,0.05,0.0410958904109589,0.726027397260274,0.47310255351135755,1.0
sonar,0,mags_tuned,0.05,0.0410958904109589,0.7123287671232876,0.47625678655619047,1.0
sonar,0,cart_tuned_depth,0.05,0.0410958904109589,0.726027397260274,0.47310255351135755,1.0
sonar,0,cart_pruned,0.05,0.0273972602739726,0.6986301369863014,0.7403722649287616,1.0
sonar,0,noise_augmented_cart,0.05,0.0273972602739726,0.7945205479452054,0.4279937427765977,1.0
sonar,2,matched_gini,0.05,0.0547945205479452,0.6438356164383562,0.3633488773675043,1.0
sonar,2,mags_fixed,0.05,0.0821917808219178,0.6164383561643836,0.34689642309705687,1.0
sonar,2,mags_binary_excluded,0.05,0.0821917808219178,0.6164383561643836,0.34689642309705687,1.0
sonar,2,matched_gini_unrestricted,0.05,0.0958904109589041,0.6438356164383562,0.32678546742486214,1.0
sonar,2,mags_fixed_unrestricted,0.05,0.0958904109589041,0.6438356164383562,0.32678546742486214,1.0
sonar,2,cart_fixed,0.05,0.0547945205479452,0.684931506849315,0.40034316243911305,1.0
sonar,2,mags_tuned,0.05,0.0547945205479452,0.6575342465753424,0.4213051207409811,1.0
sonar,2,cart_tuned_depth,0.05,0.0273972602739726,0.6301369863013698,0.66675911395251,1.0
sonar,2,cart_pruned,0.05,0.0410958904109589,0.6438356164383562,0.34950777002623545,1.0
sonar,2,noise_augmented_cart,0.05,0.0958904109589041,0.6438356164383562,0.2981680260204959,1.0
sonar,1,matched_gini,0.05,0.0684931506849315,0.7123287671232876,0.31410672868032147,1.0
sonar,1,mags_fixed,0.05,0.0410958904109589,0.7397260273972602,0.3410813110697128,1.0
sonar,1,mags_binary_excluded,0.05,0.0410958904109589,0.7397260273972602,0.3410813110697128,1.0
sonar,1,matched_gini_unrestricted,0.05,0.0547945205479452,0.726027397260274,0.32049359674020744,1.0
sonar,1,mags_fixed_unrestricted,0.05,0.0547945205479452,0.7808219178082192,0.34377656475504303,1.0
sonar,1,cart_fixed,0.05,0.0684931506849315,0.684931506849315,0.3281242506678986,1.0
sonar,1,mags_tuned,0.05,0.0410958904109589,0.7534246575342466,0.3269579653991187,1.0
sonar,1,cart_tuned_depth,0.05,0.0,0.6986301369863014,0.562774545172969,1.0
sonar,1,cart_pruned,0.05,0.0821917808219178,0.684931506849315,0.28566278676649487,1.0
sonar,1,noise_augmented_cart,0.05,0.0958904109589041,0.7123287671232876,0.48932963930265666,1.0
sonar,3,matched_gini,0.05,0.0958904109589041,0.6712328767123288,0.3493432789148055,1.0
sonar,3,mags_fixed,0.05,0.0684931506849315,0.7123287671232876,0.3618664725332558,1.0
sonar,3,mags_binary_excluded,0.05,0.0684931506849315,0.7123287671232876,0.3618664725332558,1.0
sonar,3,matched_gini_unrestricted,0.05,0.0958904109589041,0.6712328767123288,0.3493432789148055,1.0
sonar,3,mags_fixed_unrestricted,0.05,0.0684931506849315,0.7123287671232876,0.3618664725332558,1.0
sonar,3,cart_fixed,0.05,0.0273972602739726,0.7123287671232876,0.383009985221328,1.0
sonar,3,mags_tuned,0.05,0.0547945205479452,0.7397260273972602,0.39755602752441205,1.0
sonar,3,cart_tuned_depth,0.05,0.0136986301369863,0.6027397260273972,0.6739474930070832,1.0
sonar,3,cart_pruned,0.05,0.0273972602739726,0.6986301369863014,0.383009985221328,1.0
sonar,3,noise_augmented_cart,0.05,0.0684931506849315,0.7397260273972602,0.409423610019349,1.0
sonar,4,matched_gini,0.05,0.0547945205479452,0.6301369863013698,0.5530691194313954,1.0
sonar,4,mags_fixed,0.05,0.0684931506849315,0.6438356164383562,0.6116200715586105,1.0
sonar,4,mags_binary_excluded,0.05,0.0684931506849315,0.6438356164383562,0.6116200715586105,1.0
sonar,4,matched_gini_unrestricted,0.05,0.0958904109589041,0.6712328767123288,0.48800087903066885,1.0
sonar,4,mags_fixed_unrestricted,0.05,0.0273972602739726,0.6712328767123288,0.6092463843507502,1.0
sonar,4,cart_fixed,0.05,0.0684931506849315,0.6712328767123288,0.6701917071526937,1.0
sonar,4,mags_tuned,0.05,0.0547945205479452,0.6575342465753424,0.6116200715586105,1.0
sonar,4,cart_tuned_depth,0.05,0.0547945205479452,0.6438356164383562,0.6717534793240001,1.0
sonar,4,cart_pruned,0.05,0.0410958904109589,0.6575342465753424,0.7548325315991025,1.0
sonar,4,noise_augmented_cart,0.05,0.0410958904109589,0.684931506849315,0.5500231933484292,1.0
sonar,5,matched_gini,0.05,0.0410958904109589,0.6986301369863014,0.4255063411180268,1.0
sonar,5,mags_fixed,0.05,0.0684931506849315,0.7534246575342466,0.4255063411180268,1.0
sonar,5,mags_binary_excluded,0.05,0.0684931506849315,0.7534246575342466,0.4255063411180268,1.0
sonar,5,matched_gini_unrestricted,0.05,0.0273972602739726,0.6438356164383562,0.4718557868132411,1.0
sonar,5,mags_fixed_unrestricted,0.05,0.0821917808219178,0.6712328767123288,0.41430140223186973,1.0
sonar,5,cart_fixed,0.05,0.0547945205479452,0.684931506849315,0.4200422332285196,1.0
sonar,5,mags_tuned,0.05,0.0410958904109589,0.6986301369863014,0.39283920002837097,1.0
sonar,5,cart_tuned_depth,0.05,0.0547945205479452,0.7671232876712328,0.49333824542636634,1.0
sonar,5,cart_pruned,0.05,0.0410958904109589,0.684931506849315,0.5071981222367911,1.0
sonar,5,noise_augmented_cart,0.05,0.0410958904109589,0.7397260273972602,0.20905116509586807,1.0
sonar,6,matched_gini,0.05,0.0547945205479452,0.726027397260274,0.40319819900329085,1.0
sonar,6,mags_fixed,0.05,0.0547945205479452,0.726027397260274,0.3890336055664435,1.0
sonar,6,mags_binary_excluded,0.05,0.0547945205479452,0.726027397260274,0.3890336055664435,1.0
sonar,6,matched_gini_unrestricted,0.05,0.0821917808219178,0.7534246575342466,0.3649696712633645,1.0
sonar,6,mags_fixed_unrestricted,0.05,0.0821917808219178,0.7534246575342466,0.3649696712633645,1.0
sonar,6,cart_fixed,0.05,0.0,0.7945205479452054,0.3721209732052239,1.0
sonar,6,mags_tuned,0.05,0.0547945205479452,0.7808219178082192,0.40334776986428267,1.0
sonar,6,cart_tuned_depth,0.05,0.0,0.7945205479452054,0.5108116872480835,1.0
sonar,6,cart_pruned,0.05,0.0,0.7671232876712328,0.32340470292532103,1.0
sonar,6,noise_augmented_cart,0.05,0.0547945205479452,0.7534246575342466,0.42087996353566093,1.0
sonar,7,matched_gini,0.05,0.0821917808219178,0.7808219178082192,0.2944301210308541,1.0
sonar,7,mags_fixed,0.05,0.0547945205479452,0.6986301369863014,0.47816485453224594,1.0
sonar,7,mags_binary_excluded,0.05,0.0547945205479452,0.6986301369863014,0.47816485453224594,1.0
sonar,7,matched_gini_unrestricted,0.05,0.0410958904109589,0.7123287671232876,0.3255706284384932,1.0
sonar,7,mags_fixed_unrestricted,0.05,0.0410958904109589,0.684931506849315,0.5020816804251975,1.0
sonar,7,cart_fixed,0.05,0.0684931506849315,0.7945205479452054,0.2974163052000979,1.0
sonar,7,mags_tuned,0.05,0.0684931506849315,0.7534246575342466,0.4098041897465977,1.0
sonar,7,cart_tuned_depth,0.05,0.0684931506849315,0.7945205479452054,0.2974163052000979,1.0
sonar,7,cart_pruned,0.05,0.0,0.7534246575342466,0.6285583085231382,1.0
sonar,7,noise_augmented_cart,0.05,0.0410958904109589,0.7397260273972602,0.44287285527581405,1.0
sonar,8,matched_gini,0.05,0.0410958904109589,0.6986301369863014,0.3647618158053416,1.0
sonar,8,mags_fixed,0.05,0.0547945205479452,0.6575342465753424,0.35736234582312787,1.0
sonar,8,mags_binary_excluded,0.05,0.0547945205479452,0.6575342465753424,0.35736234582312787,1.0
sonar,8,matched_gini_unrestricted,0.05,0.0410958904109589,0.6712328767123288,0.46208041460596444,1.0
sonar,8,mags_fixed_unrestricted,0.05,0.0821917808219178,0.6712328767123288,0.30623037617484233,1.0
sonar,8,cart_fixed,0.05,0.0273972602739726,0.6712328767123288,0.3486640114813555,1.0
sonar,8,mags_tuned,0.05,0.0547945205479452,0.6575342465753424,0.35736234582312787,1.0
sonar,8,cart_tuned_depth,0.05,0.0273972602739726,0.6712328767123288,0.3486640114813555,1.0
sonar,8,cart_pruned,0.05,0.0136986301369863,0.7397260273972602,0.5440329108476656,1.0
sonar,8,noise_augmented_cart,0.05,0.0410958904109589,0.7397260273972602,0.41707971242979636,1.0
sonar,9,matched_gini,0.05,0.0821917808219178,0.6712328767123288,0.3220071098096601,1.0
sonar,9,mags_fixed,0.05,0.0821917808219178,0.6712328767123288,0.3220071098096601,1.0
sonar,9,mags_binary_excluded,0.05,0.0821917808219178,0.6712328767123288,0.3220071098096601,1.0
sonar,9,matched_gini_unrestricted,0.05,0.136986301369863,0.6712328767123288,0.3653301889729262,1.0
sonar,9,mags_fixed_unrestricted,0.05,0.1095890410958904,0.7397260273972602,0.3914013229727073,1.0
sonar,9,cart_fixed,0.05,0.0684931506849315,0.6575342465753424,0.3220071201631003,1.0
sonar,9,mags_tuned,0.05,0.0136986301369863,0.684931506849315,0.4361467590474955,1.0
sonar,9,cart_tuned_depth,0.05,0.0684931506849315,0.6575342465753424,0.3220071201631003,1.0
sonar,9,cart_pruned,0.05,0.0,0.684931506849315,0.7060828510959437,1.0
sonar,9,noise_augmented_cart,0.05,0.0136986301369863,0.7534246575342466,0.3898270032722255,1.0
sonar,11,matched_gini,0.05,0.0684931506849315,0.684931506849315,0.32432596475729425,1.0
sonar,11,mags_fixed,0.05,0.0958904109589041,0.6575342465753424,0.27969116234558067,1.0
sonar,11,mags_binary_excluded,0.05,0.0958904109589041,0.6575342465753424,0.27969116234558067,1.0
sonar,11,matched_gini_unrestricted,0.05,0.0547945205479452,0.6986301369863014,0.4154510750465311,1.0
sonar,11,mags_fixed_unrestricted,0.05,0.0547945205479452,0.7123287671232876,0.4154510750465311,1.0
sonar,11,cart_fixed,0.05,0.0410958904109589,0.7397260273972602,0.4542690594378889,1.0
sonar,11,mags_tuned,0.05,0.0410958904109589,0.6027397260273972,0.7038937313869974,1.0
sonar,11,cart_tuned_depth,0.05,0.0273972602739726,0.6712328767123288,0.7745970428536187,1.0
sonar,11,cart_pruned,0.05,0.0,0.6712328767123288,0.7035378571663251,1.0
sonar,11,noise_augmented_cart,0.05,0.0547945205479452,0.7397260273972602,0.4342071170938527,1.0
sonar,10,matched_gini,0.05,0.0,0.8082191780821918,0.38230461989517645,1.0
sonar,10,mags_fixed,0.05,0.0273972602739726,0.8356164383561644,0.3727333603336498,1.0
sonar,10,mags_binary_excluded,0.05,0.0273972602739726,0.8356164383561644,0.3727333603336498,1.0
sonar,10,matched_gini_unrestricted,0.05,0.0547945205479452,0.821917808219178,0.4562942451796936,1.0
sonar,10,mags_fixed_unrestricted,0.05,0.0547945205479452,0.821917808219178,0.4562942451796936,1.0
sonar,10,cart_fixed,0.05,0.0136986301369863,0.7671232876712328,0.32861392561102476,1.0
sonar,10,mags_tuned,0.05,0.0136986301369863,0.7808219178082192,0.38230461989517645,1.0
sonar,10,cart_tuned_depth,0.05,0.0,0.7671232876712328,0.3823046303967383,1.0
sonar,10,cart_pruned,0.05,0.0,0.7808219178082192,0.37273336383918054,1.0
sonar,10,noise_augmented_cart,0.05,0.0547945205479452,0.7534246575342466,0.3183412263863354,1.0
sonar,12,matched_gini,0.05,0.0821917808219178,0.5616438356164384,0.2660550139216404,1.0
sonar,12,mags_fixed,0.05,0.1095890410958904,0.589041095890411,0.25927450101544786,1.0
sonar,12,mags_binary_excluded,0.05,0.1095890410958904,0.589041095890411,0.25927450101544786,1.0
sonar,12,matched_gini_unrestricted,0.05,0.0547945205479452,0.6027397260273972,0.32416899091575546,1.0
sonar,12,mags_fixed_unrestricted,0.05,0.0547945205479452,0.6164383561643836,0.34855822218627697,1.0
sonar,12,cart_fixed,0.05,0.0273972602739726,0.5342465753424658,0.2660550325716406,1.0
sonar,12,mags_tuned,0.05,0.0821917808219178,0.5616438356164384,0.2660550139216404,1.0
sonar,12,cart_tuned_depth,0.05,0.0273972602739726,0.5342465753424658,0.2660550325716406,1.0
sonar,12,cart_pruned,0.05,0.0273972602739726,0.547945205479452,0.28988577616990313,1.0
sonar,12,noise_augmented_cart,0.05,0.0821917808219178,0.6438356164383562,0.3070661214524404,1.0
sonar,13,matched_gini,0.05,0.0821917808219178,0.821917808219178,0.3161790881801852,1.0
sonar,13,mags_fixed,0.05,0.0547945205479452,0.726027397260274,0.4210275162465196,1.0
sonar,13,mags_binary_excluded,0.05,0.0547945205479452,0.726027397260274,0.4210275162465196,1.0
sonar,13,matched_gini_unrestricted,0.05,0.0821917808219178,0.6986301369863014,0.30858179030351224,1.0
sonar,13,mags_fixed_unrestricted,0.05,0.0684931506849315,0.6986301369863014,0.2910922623726425,1.0
sonar,13,cart_fixed,0.05,0.0547945205479452,0.8082191780821918,0.3161790885459967,1.0
sonar,13,mags_tuned,0.05,0.0410958904109589,0.726027397260274,0.47295925405964306,1.0
sonar,13,cart_tuned_depth,0.05,0.0273972602739726,0.6986301369863014,0.6749682576213984,1.0
sonar,13,cart_pruned,0.05,0.0273972602739726,0.7808219178082192,0.48178634452401303,1.0
sonar,13,noise_augmented_cart,0.05,0.0684931506849315,0.7534246575342466,0.4107273195732624,1.0
sonar,14,matched_gini,0.05,0.0821917808219178,0.7671232876712328,0.3304137946037747,1.0
sonar,14,mags_fixed,0.05,0.0547945205479452,0.6986301369863014,0.35192570954857577,1.0
sonar,14,mags_binary_excluded,0.05,0.0547945205479452,0.6986301369863014,0.35192570954857577,1.0
sonar,14,matched_gini_unrestricted,0.05,0.0684931506849315,0.7123287671232876,0.28130251211718166,1.0
sonar,14,mags_fixed_unrestricted,0.05,0.0821917808219178,0.7397260273972602,0.34991844328624505,1.0
sonar,14,cart_fixed,0.05,0.0547945205479452,0.726027397260274,0.3519257072704212,1.0
sonar,14,mags_tuned,0.05,0.0547945205479452,0.7808219178082192,0.4579721417831279,1.0
sonar,14,cart_tuned_depth,0.05,0.0410958904109589,0.726027397260274,0.5249128685800323,1.0
sonar,14,cart_pruned,0.05,0.0410958904109589,0.7945205479452054,0.4579721535296903,1.0
sonar,14,noise_augmented_cart,0.05,0.0821917808219178,0.7397260273972602,0.40012348443687373,1.0
sonar,15,matched_gini,0.05,0.0958904109589041,0.684931506849315,0.4441375883175229,1.0
sonar,15,mags_fixed,0.05,0.0958904109589041,0.6986301369863014,0.4441375883175229,1.0
sonar,15,mags_binary_excluded,0.05,0.0958904109589041,0.6986301369863014,0.4441375883175229,1.0
sonar,15,matched_gini_unrestricted,0.05,0.1095890410958904,0.6986301369863014,0.47260794654300503,1.0
sonar,15,mags_fixed_unrestricted,0.05,0.0958904109589041,0.726027397260274,0.4567255828508936,1.0
sonar,15,cart_fixed,0.05,0.0273972602739726,0.6438356164383562,0.44413759410656484,1.0
sonar,15,mags_tuned,0.05,0.0958904109589041,0.684931506849315,0.4441375883175229,1.0
sonar,15,cart_tuned_depth,0.05,0.0273972602739726,0.6438356164383562,0.48969016726733633,1.0
sonar,15,cart_pruned,0.05,0.0273972602739726,0.6575342465753424,0.316129649924143,1.0
sonar,15,noise_augmented_cart,0.05,0.0821917808219178,0.6986301369863014,0.4802592670943187,1.0
sonar,16,matched_gini,0.05,0.0547945205479452,0.684931506849315,0.41419779980279675,1.0
sonar,16,mags_fixed,0.05,0.0684931506849315,0.7397260273972602,0.31077089090920706,1.0
sonar,16,mags_binary_excluded,0.05,0.0684931506849315,0.7397260273972602,0.31077089090920706,1.0
sonar,16,matched_gini_unrestricted,0.05,0.0410958904109589,0.7534246575342466,0.5813861750685408,1.0
sonar,16,mags_fixed_unrestricted,0.05,0.0410958904109589,0.726027397260274,0.575012962533579,1.0
sonar,16,cart_fixed,0.05,0.0136986301369863,0.6986301369863014,0.4390974213314073,1.0
sonar,16,mags_tuned,0.05,0.0410958904109589,0.7671232876712328,0.35098244976204235,1.0
sonar,16,cart_tuned_depth,0.05,0.0136986301369863,0.7123287671232876,0.5365744835143329,1.0
sonar,16,cart_pruned,0.05,0.0136986301369863,0.7534246575342466,0.7505834220245103,1.0
sonar,16,noise_augmented_cart,0.05,0.0136986301369863,0.6986301369863014,0.2677184983265079,1.0
sonar,17,matched_gini,0.05,0.0821917808219178,0.684931506849315,0.44460789029691145,1.0
sonar,17,mags_fixed,0.05,0.0684931506849315,0.6712328767123288,0.5162508688803001,1.0
sonar,17,mags_binary_excluded,0.05,0.0684931506849315,0.6712328767123288,0.5162508688803001,1.0
sonar,17,matched_gini_unrestricted,0.05,0.0684931506849315,0.6164383561643836,0.5192766873141018,1.0
sonar,17,mags_fixed_unrestricted,0.05,0.0684931506849315,0.6027397260273972,0.52593843551484,1.0
sonar,17,cart_fixed,0.05,0.0410958904109589,0.6575342465753424,0.4136755703767802,1.0
sonar,17,mags_tuned,0.05,0.0821917808219178,0.684931506849315,0.44460789029691145,1.0
sonar,17,cart_tuned_depth,0.05,0.0410958904109589,0.6575342465753424,0.4136755703767802,1.0
sonar,17,cart_pruned,0.05,0.0410958904109589,0.6986301369863014,0.5633104734359119,1.0
sonar,17,noise_augmented_cart,0.05,0.0410958904109589,0.6986301369863014,0.35767748628811225,1.0
sonar,18,matched_gini,0.05,0.0273972602739726,0.684931506849315,0.3797829543580721,1.0
sonar,18,mags_fixed,0.05,0.0410958904109589,0.6712328767123288,0.3716946436379581,1.0
sonar,18,mags_binary_excluded,0.05,0.0410958904109589,0.6712328767123288,0.3716946436379581,1.0
sonar,18,matched_gini_unrestricted,0.05,0.0273972602739726,0.6575342465753424,0.38566536115451844,1.0
sonar,18,mags_fixed_unrestricted,0.05,0.0273972602739726,0.6575342465753424,0.3753711475107373,1.0
sonar,18,cart_fixed,0.05,0.0684931506849315,0.6712328767123288,0.4248648792051438,1.0
sonar,18,mags_tuned,0.05,0.0547945205479452,0.6986301369863014,0.503313517083447,1.0
sonar,18,cart_tuned_depth,0.05,0.0136986301369863,0.6575342465753424,0.4399547790795033,1.0
sonar,18,cart_pruned,0.05,0.0136986301369863,0.6164383561643836,0.4174319434311706,1.0
sonar,18,noise_augmented_cart,0.05,0.0273972602739726,0.6986301369863014,0.3633108493281982,1.0
sonar,19,matched_gini,0.05,0.0410958904109589,0.7123287671232876,0.30911755376692496,1.0
sonar,19,mags_fixed,0.05,0.0684931506849315,0.726027397260274,0.30911755376692496,1.0
sonar,19,mags_binary_excluded,0.05,0.0684931506849315,0.726027397260274,0.30911755376692496,1.0
sonar,19,matched_gini_unrestricted,0.05,0.0684931506849315,0.6712328767123288,0.3581627644819436,1.0
sonar,19,mags_fixed_unrestricted,0.05,0.0547945205479452,0.684931506849315,0.3378046463068524,1.0
sonar,19,cart_fixed,0.05,0.0547945205479452,0.7808219178082192,0.41299226164632685,1.0
sonar,19,mags_tuned,0.05,0.0684931506849315,0.6575342465753424,0.27253605279815624,1.0
sonar,19,cart_tuned_depth,0.05,0.0547945205479452,0.6986301369863014,0.4426255784706569,1.0
sonar,19,cart_pruned,0.05,0.0410958904109589,0.6575342465753424,0.6986332494688742,1.0
sonar,19,noise_augmented_cart,0.05,0.0410958904109589,0.684931506849315,0.39733922198264127,1.0
sonar,20,matched_gini,0.05,0.0821917808219178,0.6575342465753424,0.42211153716918876,1.0
sonar,20,mags_fixed,0.05,0.0958904109589041,0.684931506849315,0.36513033858044575,1.0
sonar,20,mags_binary_excluded,0.05,0.0958904109589041,0.684931506849315,0.36513033858044575,1.0
sonar,20,matched_gini_unrestricted,0.05,0.0684931506849315,0.7123287671232876,0.43613011840888966,1.0
sonar,20,mags_fixed_unrestricted,0.05,0.0547945205479452,0.6712328767123288,0.43613011840888966,1.0
sonar,20,cart_fixed,0.05,0.0,0.6986301369863014,0.47408056367361007,1.0
sonar,20,mags_tuned,0.05,0.0684931506849315,0.6575342465753424,0.5319475313037333,1.0
sonar,20,cart_tuned_depth,0.05,0.0,0.684931506849315,0.576060592373233,1.0
sonar,20,cart_pruned,0.05,0.0,0.684931506849315,0.576060592373233,1.0
sonar,20,noise_augmented_cart,0.05,0.0410958904109589,0.7397260273972602,0.4565163801943898,1.0
sonar,21,matched_gini,0.05,0.0821917808219178,0.6986301369863014,0.42750518486089867,1.0
sonar,21,mags_fixed,0.05,0.0821917808219178,0.6986301369863014,0.42750518486089867,1.0
sonar,21,mags_binary_excluded,0.05,0.0821917808219178,0.6986301369863014,0.42750518486089867,1.0
sonar,21,matched_gini_unrestricted,0.05,0.0684931506849315,0.7397260273972602,0.4183716793252006,1.0
sonar,21,mags_fixed_unrestricted,0.05,0.0273972602739726,0.7945205479452054,0.40345037268724737,1.0
sonar,21,cart_fixed,0.05,0.0547945205479452,0.726027397260274,0.4253669452487512,1.0
sonar,21,mags_tuned,0.05,0.0821917808219178,0.7534246575342466,0.46952629513788896,1.0
sonar,21,cart_tuned_depth,0.05,0.0547945205479452,0.7123287671232876,0.4275051883621605,1.0
sonar,21,cart_pruned,0.05,0.0410958904109589,0.6986301369863014,0.6580676007529108,1.0
sonar,21,noise_augmented_cart,0.05,0.0821917808219178,0.7123287671232876,0.2958731435779202,1.0
sonar,22,matched_gini,0.05,0.0273972602739726,0.6301369863013698,0.40195300106419135,1.0
sonar,22,mags_fixed,0.05,0.0136986301369863,0.6575342465753424,0.4282452686600651,1.0
sonar,22,mags_binary_excluded,0.05,0.0136986301369863,0.6575342465753424,0.4282452686600651,1.0
sonar,22,matched_gini_unrestricted,0.05,0.0273972602739726,0.6438356164383562,0.3995627939191117,1.0
sonar,22,mags_fixed_unrestricted,0.05,0.0273972602739726,0.6575342465753424,0.4642837853862078,1.0
sonar,22,cart_fixed,0.05,0.0136986301369863,0.6575342465753424,0.40195301118467214,1.0
sonar,22,mags_tuned,0.05,0.0136986301369863,0.6575342465753424,0.4282452686600651,1.0
sonar,22,cart_tuned_depth,0.05,0.0136986301369863,0.6986301369863014,0.6592985394715576,1.0
sonar,22,cart_pruned,0.05,0.0273972602739726,0.6301369863013698,0.44975711284529923,1.0
sonar,22,noise_augmented_cart,0.05,0.0136986301369863,0.7397260273972602,0.33798924039329326,1.0
sonar,23,matched_gini,0.05,0.0547945205479452,0.7671232876712328,0.422688771088738,1.0
sonar,23,mags_fixed,0.05,0.0547945205479452,0.7808219178082192,0.42322377906143477,1.0
sonar,23,mags_binary_excluded,0.05,0.0547945205479452,0.7808219178082192,0.42322377906143477,1.0
sonar,23,matched_gini_unrestricted,0.05,0.0684931506849315,0.684931506849315,0.35463683742138996,1.0
sonar,23,mags_fixed_unrestricted,0.05,0.0821917808219178,0.726027397260274,0.3201316326182277,1.0
sonar,23,cart_fixed,0.05,0.0273972602739726,0.7808219178082192,0.4226887813326766,1.0
sonar,23,mags_tuned,0.05,0.0273972602739726,0.6986301369863014,0.5985208557642481,1.0
sonar,23,cart_tuned_depth,0.05,0.0136986301369863,0.684931506849315,0.5985208424596363,1.0
sonar,23,cart_pruned,0.05,0.0273972602739726,0.7123287671232876,0.7345483350607342,1.0
sonar,23,noise_augmented_cart,0.05,0.0273972602739726,0.684931506849315,0.35941539857715843,1.0
sonar,25,matched_gini,0.05,0.0684931506849315,0.7397260273972602,0.38218788908401347,1.0
sonar,25,mags_fixed,0.05,0.0547945205479452,0.7808219178082192,0.39784221112879314,1.0
sonar,25,mags_binary_excluded,0.05,0.0547945205479452,0.7808219178082192,0.39784221112879314,1.0
sonar,25,matched_gini_unrestricted,0.05,0.0684931506849315,0.726027397260274,0.5772450655445194,1.0
sonar,25,mags_fixed_unrestricted,0.05,0.0547945205479452,0.7671232876712328,0.5772450655445194,1.0
sonar,25,cart_fixed,0.05,0.0136986301369863,0.7397260273972602,0.3821878879941022,1.0
sonar,25,mags_tuned,0.05,0.0547945205479452,0.7945205479452054,0.38218788908401347,1.0
sonar,25,cart_tuned_depth,0.05,0.0136986301369863,0.6575342465753424,0.8087667194427998,1.0
sonar,25,cart_pruned,0.05,0.0410958904109589,0.7397260273972602,0.3821878879941022,1.0
sonar,25,noise_augmented_cart,0.05,0.0684931506849315,0.7671232876712328,0.3702189321276827,1.0
sonar,24,matched_gini,0.05,0.0958904109589041,0.7534246575342466,0.4575060637959671,1.0
sonar,24,mags_fixed,0.05,0.0958904109589041,0.7534246575342466,0.3711798304199744,1.0
sonar,24,mags_binary_excluded,0.05,0.0958904109589041,0.7534246575342466,0.3711798304199744,1.0
sonar,24,matched_gini_unrestricted,0.05,0.1095890410958904,0.726027397260274,0.42971027279640556,1.0
sonar,24,mags_fixed_unrestricted,0.05,0.1095890410958904,0.6712328767123288,0.3640606594727714,1.0
sonar,24,cart_fixed,0.05,0.0958904109589041,0.6712328767123288,0.36199974989272515,1.0
sonar,24,mags_tuned,0.05,0.0684931506849315,0.7534246575342466,0.3904467848788905,1.0
sonar,24,cart_tuned_depth,0.05,0.0410958904109589,0.6712328767123288,0.5441066505926145,1.0
sonar,24,cart_pruned,0.05,0.0273972602739726,0.6575342465753424,0.5901413937493021,1.0
sonar,24,noise_augmented_cart,0.05,0.0410958904109589,0.7123287671232876,0.48105493983465974,1.0
sonar,26,matched_gini,0.05,0.0821917808219178,0.7397260273972602,0.4483331347517981,1.0
sonar,26,mags_fixed,0.05,0.0684931506849315,0.6712328767123288,0.3829663169489053,1.0
sonar,26,mags_binary_excluded,0.05,0.0684931506849315,0.6712328767123288,0.3829663169489053,1.0
sonar,26,matched_gini_unrestricted,0.05,0.1095890410958904,0.6575342465753424,0.3016960154538005,1.0
sonar,26,mags_fixed_unrestricted,0.05,0.1095890410958904,0.6575342465753424,0.3016960154538005,1.0
sonar,26,cart_fixed,0.05,0.0410958904109589,0.684931506849315,0.3134598777841146,1.0
sonar,26,mags_tuned,0.05,0.0684931506849315,0.6712328767123288,0.3829663169489053,1.0
sonar,26,cart_tuned_depth,0.05,0.0136986301369863,0.7397260273972602,0.5034664075186182,1.0
sonar,26,cart_pruned,0.05,0.0,0.7671232876712328,0.5755210301923774,1.0
sonar,26,noise_augmented_cart,0.05,0.0684931506849315,0.7808219178082192,0.26861465633437376,1.0
sonar,27,matched_gini,0.05,0.0821917808219178,0.6986301369863014,0.3034790694980708,1.0
sonar,27,mags_fixed,0.05,0.1095890410958904,0.6575342465753424,0.3546029549952612,1.0
sonar,27,mags_binary_excluded,0.05,0.1095890410958904,0.6575342465753424,0.3546029549952612,1.0
sonar,27,matched_gini_unrestricted,0.05,0.0410958904109589,0.6986301369863014,0.499847879173293,1.0
sonar,27,mags_fixed_unrestricted,0.05,0.0410958904109589,0.684931506849315,0.4140477386333891,1.0
sonar,27,cart_fixed,0.05,0.0410958904109589,0.6986301369863014,0.499847894591958,1.0
sonar,27,mags_tuned,0.05,0.1095890410958904,0.6575342465753424,0.542485557868235,1.0
sonar,27,cart_tuned_depth,0.05,0.0136986301369863,0.7123287671232876,0.6397127680814778,1.0
sonar,27,cart_pruned,0.05,0.0547945205479452,0.6986301369863014,0.3834646504487269,1.0
sonar,27,noise_augmented_cart,0.05,0.0547945205479452,0.6438356164383562,0.3397743356909872,1.0
synthetic_xor,0,matched_gini,0.05,0.09365079365079365,0.873015873015873,0.3092941974546104,1.0
synthetic_xor,0,mags_fixed,0.05,0.09365079365079365,0.873015873015873,0.3092941974546104,1.0
synthetic_xor,0,mags_binary_excluded,0.05,0.09365079365079365,0.873015873015873,0.3092941974546104,1.0
synthetic_xor,0,matched_gini_unrestricted,0.05,0.01904761904761905,0.9857142857142858,0.47200484789187125,1.0
synthetic_xor,0,mags_fixed_unrestricted,0.05,0.01904761904761905,0.9857142857142858,0.47200484789187125,1.0
synthetic_xor,0,cart_fixed,0.05,0.06031746031746032,0.6444444444444445,0.2689639769109339,1.0
synthetic_xor,0,mags_tuned,0.05,0.0,1.0,0.8587120613055544,1.0
synthetic_xor,0,cart_tuned_depth,0.05,0.015873015873015872,0.9904761904761905,0.6369092734291814,1.0
synthetic_xor,0,cart_pruned,0.05,0.0,1.0,0.86584037598196,1.0
synthetic_xor,0,noise_augmented_cart,0.05,0.10952380952380952,0.7476190476190476,0.31608262673038856,1.0
synthetic_xor,1,matched_gini,0.05,0.05714285714285714,0.573015873015873,0.3267352134026139,1.0
synthetic_xor,1,mags_fixed,0.05,0.05714285714285714,0.573015873015873,0.3267352134026139,1.0
synthetic_xor,1,mags_binary_excluded,0.05,0.05714285714285714,0.573015873015873,0.3267352134026139,1.0
synthetic_xor,1,matched_gini_unrestricted,0.05,0.13333333333333333,0.6873015873015873,0.2204343673033023,1.0
synthetic_xor,1,mags_fixed_unrestricted,0.05,0.13333333333333333,0.6873015873015873,0.2204343673033023,1.0
synthetic_xor,1,cart_fixed,0.05,0.03968253968253968,0.5650793650793651,0.3138223682432514,1.0
synthetic_xor,1,mags_tuned,0.05,0.0,1.0,0.8806634845923794,1.0
synthetic_xor,1,cart_tuned_depth,0.05,0.0,1.0,0.8806634816412972,1.0
synthetic_xor,1,cart_pruned,0.05,0.0,1.0,0.8806634816412972,1.0
synthetic_xor,1,noise_augmented_cart,0.05,0.004761904761904762,0.5063492063492063,0.5483041259645479,1.0
synthetic_xor,2,matched_gini,0.05,0.10476190476190476,0.6158730158730159,0.24344268715125733,1.0
synthetic_xor,2,mags_fixed,0.05,0.10476190476190476,0.6158730158730159,0.24344268715125733,1.0
synthetic_xor,2,mags_binary_excluded,0.05,0.10476190476190476,0.6158730158730159,0.24344268715125733,1.0
synthetic_xor,2,matched_gini_unrestricted,0.05,0.01746031746031746,0.9793650793650793,0.5043108200250155,1.0
synthetic_xor,2,mags_fixed_unrestricted,0.05,0.01746031746031746,0.9793650793650793,0.5043108200250155,1.0
synthetic_xor,2,cart_fixed,0.05,0.006349206349206349,0.9920634920634921,0.6463021918872519,1.0
synthetic_xor,2,mags_tuned,0.05,0.0015873015873015873,0.9984126984126984,0.7549944015406904,1.0
synthetic_xor,2,cart_tuned_depth,0.05,0.006349206349206349,0.9920634920634921,0.6463021918872519,1.0
synthetic_xor,2,cart_pruned,0.05,0.0,1.0,0.8520343141750567,1.0
synthetic_xor,2,noise_augmented_cart,0.05,0.03333333333333333,0.5952380952380952,0.3495129954396271,1.0
synthetic_xor,3,matched_gini,0.05,0.09523809523809523,0.5079365079365079,1.7754808569969103,1.0
synthetic_xor,3,mags_fixed,0.05,0.09523809523809523,0.5079365079365079,1.7754808569969103,1.0
synthetic_xor,3,mags_binary_excluded,0.05,0.09523809523809523,0.5079365079365079,1.7754808569969103,1.0
synthetic_xor,3,matched_gini_unrestricted,0.05,0.07777777777777778,0.9015873015873016,0.35629168005208633,1.0
synthetic_xor,3,mags_fixed_unrestricted,0.05,0.07777777777777778,0.9015873015873016,0.35629168005208633,1.0
synthetic_xor,3,cart_fixed,0.05,0.08253968253968254,0.5126984126984127,1.7827733500344674,1.0
synthetic_xor,3,mags_tuned,0.05,0.014285714285714285,0.9857142857142858,0.46439860640947733,1.0
synthetic_xor,3,cart_tuned_depth,0.05,0.11428571428571428,0.5841269841269842,0.2308199316661681,1.0
synthetic_xor,3,cart_pruned,0.05,0.004761904761904762,0.9984126984126984,0.6455887318830893,1.0
synthetic_xor,3,noise_augmented_cart,0.05,0.04285714285714286,0.5285714285714286,0.389514868311729,1.0
sonar,28,matched_gini,0.05,0.0547945205479452,0.6986301369863014,0.30025734222253775,1.0
sonar,28,mags_fixed,0.05,0.0136986301369863,0.7671232876712328,0.3855320747924007,1.0
sonar,28,mags_binary_excluded,0.05,0.0136986301369863,0.7671232876712328,0.3855320747924007,1.0
sonar,28,matched_gini_unrestricted,0.05,0.0410958904109589,0.7397260273972602,0.46582227900517176,1.0
sonar,28,mags_fixed_unrestricted,0.05,0.0547945205479452,0.726027397260274,0.4440169222559624,1.0
sonar,28,cart_fixed,0.05,0.0273972602739726,0.7397260273972602,0.48315189785885665,1.0
sonar,28,mags_tuned,0.05,0.0547945205479452,0.6712328767123288,0.30668855602783973,1.0
sonar,28,cart_tuned_depth,0.05,0.0,0.6712328767123288,0.9568434280932212,1.0
sonar,28,cart_pruned,0.05,0.0,0.6712328767123288,0.9568434280932212,1.0
sonar,28,noise_augmented_cart,0.05,0.0410958904109589,0.684931506849315,0.41843091189236115,1.0
sonar,29,matched_gini,0.05,0.0136986301369863,0.6986301369863014,0.38416718628014895,1.0
sonar,29,mags_fixed,0.05,0.0410958904109589,0.684931506849315,0.36642088064774,1.0
sonar,29,mags_binary_excluded,0.05,0.0410958904109589,0.684931506849315,0.36642088064774,1.0
sonar,29,matched_gini_unrestricted,0.05,0.0273972602739726,0.6986301369863014,0.3879859465871089,1.0
sonar,29,mags_fixed_unrestricted,0.05,0.0684931506849315,0.6986301369863014,0.3688921490523099,1.0
sonar,29,cart_fixed,0.05,0.0273972602739726,0.7397260273972602,0.37500216237674944,1.0
sonar,29,mags_tuned,0.05,0.0547945205479452,0.7123287671232876,0.6255127754800042,1.0
sonar,29,cart_tuned_depth,0.05,0.0410958904109589,0.726027397260274,0.6255127770467003,1.0
sonar,29,cart_pruned,0.05,0.0410958904109589,0.7123287671232876,0.37500216237674944,1.0
sonar,29,noise_augmented_cart,0.05,0.0684931506849315,0.7945205479452054,0.32662923909616154,1.0
synthetic_xor,4,matched_gini,0.05,0.0,1.0,0.8701870613110375,1.0
synthetic_xor,4,mags_fixed,0.05,0.0,1.0,0.8701870613110375,1.0
synthetic_xor,4,mags_binary_excluded,0.05,0.0,1.0,0.8701870613110375,1.0
synthetic_xor,4,matched_gini_unrestricted,0.05,0.01746031746031746,0.9825396825396825,0.4528420839546155,1.0
synthetic_xor,4,mags_fixed_unrestricted,0.05,0.01746031746031746,0.9825396825396825,0.4528420839546155,1.0
synthetic_xor,4,cart_fixed,0.05,0.050793650793650794,0.807936507936508,0.25413555825776973,1.0
synthetic_xor,4,mags_tuned,0.05,0.0,1.0,0.8701870613110375,1.0
synthetic_xor,4,cart_tuned_depth,0.05,0.0,1.0,0.7141360862324344,1.0
synthetic_xor,4,cart_pruned,0.05,0.0,1.0,0.8507614827804802,1.0
synthetic_xor,4,noise_augmented_cart,0.05,0.0031746031746031746,1.0,0.5875472854211359,1.0
synthetic_xor,5,matched_gini,0.05,0.08095238095238096,0.6031746031746031,0.2700865315727195,1.0
synthetic_xor,5,mags_fixed,0.05,0.08095238095238096,0.6031746031746031,0.2700865315727195,1.0
synthetic_xor,5,mags_binary_excluded,0.05,0.08095238095238096,0.6031746031746031,0.2700865315727195,1.0
synthetic_xor,5,matched_gini_unrestricted,0.05,0.009523809523809525,0.9841269841269841,0.493501561992586,1.0
synthetic_xor,5,mags_fixed_unrestricted,0.05,0.009523809523809525,0.9841269841269841,0.493501561992586,1.0
synthetic_xor,5,cart_fixed,0.05,0.03968253968253968,0.626984126984127,0.2929493605023261,1.0
synthetic_xor,5,mags_tuned,0.05,0.0031746031746031746,0.9984126984126984,0.776870256744242,1.0
synthetic_xor,5,cart_tuned_depth,0.05,0.0015873015873015873,1.0,0.7786769335591399,1.0
synthetic_xor,5,cart_pruned,0.05,0.0015873015873015873,1.0,0.7786769335591399,1.0
synthetic_xor,5,noise_augmented_cart,0.05,0.06825396825396825,0.5031746031746032,0.28375861745833,1.0
synthetic_xor,6,matched_gini,0.05,0.10634920634920635,0.5222222222222223,0.2514729456477329,1.0
synthetic_xor,6,mags_fixed,0.05,0.10634920634920635,0.5222222222222223,0.2514729456477329,1.0
synthetic_xor,6,mags_binary_excluded,0.05,0.10634920634920635,0.5222222222222223,0.2514729456477329,1.0
synthetic_xor,6,matched_gini_unrestricted,0.05,0.01904761904761905,0.9809523809523809,0.5064929467245358,1.0
synthetic_xor,6,mags_fixed_unrestricted,0.05,0.01904761904761905,0.9809523809523809,0.5064929467245358,1.0
synthetic_xor,6,cart_fixed,0.05,0.05873015873015873,0.5222222222222223,0.25067703334723335,1.0
synthetic_xor,6,mags_tuned,0.05,0.10634920634920635,0.5222222222222223,0.2514729456477329,1.0
synthetic_xor,6,cart_tuned_depth,0.05,0.049206349206349205,0.6142857142857143,0.28578265514797374,1.0
synthetic_xor,6,cart_pruned,0.05,0.0015873015873015873,0.9984126984126984,0.794356088632,1.0
synthetic_xor,6,noise_augmented_cart,0.05,0.12063492063492064,0.7380952380952381,0.3020729436777841,1.0
synthetic_xor,7,matched_gini,0.05,0.022222222222222223,0.9777777777777777,0.6204047618925403,1.0
synthetic_xor,7,mags_fixed,0.05,0.022222222222222223,0.9777777777777777,0.6204047618925403,1.0
synthetic_xor,7,mags_binary_excluded,0.05,0.022222222222222223,0.9777777777777777,0.6204047618925403,1.0
synthetic_xor,7,matched_gini_unrestricted,0.05,0.07301587301587302,0.8761904761904762,0.3016028016719709,1.0
synthetic_xor,7,mags_fixed_unrestricted,0.05,0.07301587301587302,0.8761904761904762,0.3016028016719709,1.0
synthetic_xor,7,cart_fixed,0.05,0.009523809523809525,0.9841269841269841,0.648502865970362,1.0
synthetic_xor,7,mags_tuned,0.05,0.022222222222222223,0.9777777777777777,0.6204047618925403,1.0
synthetic_xor,7,cart_tuned_depth,0.05,0.0,1.0,0.8593821908582976,1.0
synthetic_xor,7,cart_pruned,0.05,0.0,1.0,0.8593821908582976,1.0
synthetic_xor,7,noise_augmented_cart,0.05,0.023809523809523808,0.9603174603174603,0.5324368009130555,1.0
synthetic_xor,8,matched_gini,0.05,0.09047619047619047,0.6587301587301587,0.2504838923132072,1.0
synthetic_xor,8,mags_fixed,0.05,0.09047619047619047,0.6587301587301587,0.2504838923132072,1.0
synthetic_xor,8,mags_binary_excluded,0.05,0.09047619047619047,0.6587301587301587,0.2504838923132072,1.0
synthetic_xor,8,matched_gini_unrestricted,0.05,0.10158730158730159,0.6634920634920635,0.2477421772830847,1.0
synthetic_xor,8,mags_fixed_unrestricted,0.05,0.10158730158730159,0.6634920634920635,0.2477421772830847,1.0
synthetic_xor,8,cart_fixed,0.05,0.05873015873015873,0.6873015873015873,0.2463927497829093,1.0
synthetic_xor,8,mags_tuned,0.05,0.0031746031746031746,0.9968253968253968,0.83391077010443,1.0
synthetic_xor,8,cart_tuned_depth,0.05,0.0,1.0,0.8491734471545935,1.0
synthetic_xor,8,cart_pruned,0.05,0.0,1.0,0.8491734471545935,1.0
synthetic_xor,8,noise_augmented_cart,0.05,0.01746031746031746,0.5253968253968254,0.7288214366764851,1.0
synthetic_xor,9,matched_gini,0.05,0.03968253968253968,0.4936507936507937,0.43853659179281695,1.0
synthetic_xor,9,mags_fixed,0.05,0.03968253968253968,0.4936507936507937,0.43853659179281695,1.0
synthetic_xor,9,mags_binary_excluded,0.05,0.03968253968253968,0.4936507936507937,0.43853659179281695,1.0
synthetic_xor,9,matched_gini_unrestricted,0.05,0.09682539682539683,0.7777777777777778,0.2760212598553712,1.0
synthetic_xor,9,mags_fixed_unrestricted,0.05,0.09682539682539683,0.7777777777777778,0.2760212598553712,1.0
synthetic_xor,9,cart_fixed,0.05,0.014285714285714285,0.5126984126984127,0.6975265145225529,1.0
synthetic_xor,9,mags_tuned,0.05,0.015873015873015872,0.9873015873015873,0.5414293473175422,1.0
synthetic_xor,9,cart_tuned_depth,0.05,0.0031746031746031746,0.9920634920634921,0.7589955758458384,1.0
synthetic_xor,9,cart_pruned,0.05,0.0031746031746031746,0.9920634920634921,0.7589955758458384,1.0
synthetic_xor,9,noise_augmented_cart,0.05,0.05238095238095238,0.8269841269841269,0.3090677596119431,1.0
synthetic_xor,10,matched_gini,0.05,0.023809523809523808,0.9761904761904762,0.651390734930141,1.0
synthetic_xor,10,mags_fixed,0.05,0.023809523809523808,0.9761904761904762,0.651390734930141,1.0
synthetic_xor,10,mags_binary_excluded,0.05,0.023809523809523808,0.9761904761904762,0.651390734930141,1.0
synthetic_xor,10,matched_gini_unrestricted,0.05,0.03333333333333333,0.9698412698412698,0.46065855709889086,1.0
synthetic_xor,10,mags_fixed_unrestricted,0.05,0.03333333333333333,0.9698412698412698,0.46065855709889086,1.0
synthetic_xor,10,cart_fixed,0.05,0.06190476190476191,0.5301587301587302,0.2519346475077388,1.0
synthetic_xor,10,mags_tuned,0.05,0.0,1.0,0.8651670182118905,1.0
synthetic_xor,10,cart_tuned_depth,0.05,0.014285714285714285,0.9698412698412698,0.633611211889875,1.0
synthetic_xor,10,cart_pruned,0.05,0.0,1.0,0.8471393145594699,1.0
synthetic_xor,10,noise_augmented_cart,0.05,0.05873015873015873,0.5301587301587302,0.25887079139750746,1.0
synthetic_xor,11,matched_gini,0.05,0.014285714285714285,0.9841269841269841,0.6440920283601098,1.0
synthetic_xor,11,mags_fixed,0.05,0.014285714285714285,0.9841269841269841,0.6440920283601098,1.0
synthetic_xor,11,mags_binary_excluded,0.05,0.014285714285714285,0.9841269841269841,0.6440920283601098,1.0
synthetic_xor,11,matched_gini_unrestricted,0.05,0.047619047619047616,0.9380952380952381,0.3881667941140774,1.0
synthetic_xor,11,mags_fixed_unrestricted,0.05,0.047619047619047616,0.9380952380952381,0.3881667941140774,1.0
synthetic_xor,11,cart_fixed,0.05,0.02857142857142857,0.9444444444444444,0.5970662965600622,1.0
synthetic_xor,11,mags_tuned,0.05,0.0,1.0,0.8328938267002147,1.0
synthetic_xor,11,cart_tuned_depth,0.05,0.0,1.0,0.8274407592951025,1.0
synthetic_xor,11,cart_pruned,0.05,0.0,1.0,0.8274407592951025,1.0
synthetic_xor,11,noise_augmented_cart,0.05,0.03015873015873016,0.9380952380952381,0.47914126462516005,1.0
synthetic_xor,12,matched_gini,0.05,0.0015873015873015873,0.9984126984126984,0.7413283839570344,1.0
synthetic_xor,12,mags_fixed,0.05,0.0015873015873015873,0.9984126984126984,0.7413283839570344,1.0
synthetic_xor,12,mags_binary_excluded,0.05,0.0015873015873015873,0.9984126984126984,0.7413283839570344,1.0
synthetic_xor,12,matched_gini_unrestricted,0.05,0.0031746031746031746,0.9952380952380953,0.7397754830871759,1.0
synthetic_xor,12,mags_fixed_unrestricted,0.05,0.0031746031746031746,0.9952380952380953,0.7397754830871759,1.0
synthetic_xor,12,cart_fixed,0.05,0.0015873015873015873,0.9984126984126984,0.7413283939216575,1.0
synthetic_xor,12,mags_tuned,0.05,0.0015873015873015873,0.9984126984126984,0.8205360939365138,1.0
synthetic_xor,12,cart_tuned_depth,0.05,0.0015873015873015873,0.9984126984126984,0.8205360957399843,1.0
synthetic_xor,12,cart_pruned,0.05,0.0015873015873015873,0.9984126984126984,0.8205360957399843,1.0
synthetic_xor,12,noise_augmented_cart,0.05,0.0015873015873015873,0.9984126984126984,0.7327531776862524,1.0
synthetic_xor,13,matched_gini,0.05,0.0,1.0,0.7766051982237023,1.0
synthetic_xor,13,mags_fixed,0.05,0.0,1.0,0.7766051982237023,1.0
synthetic_xor,13,mags_binary_excluded,0.05,0.0,1.0,0.7766051982237023,1.0
synthetic_xor,13,matched_gini_unrestricted,0.05,0.023809523809523808,0.973015873015873,0.47888405960064884,1.0
synthetic_xor,13,mags_fixed_unrestricted,0.05,0.009523809523809525,0.9873015873015873,0.49605168790861054,1.0
synthetic_xor,13,cart_fixed,0.05,0.0,1.0,0.8594737874896448,1.0
synthetic_xor,13,mags_tuned,0.05,0.0,1.0,0.8331951422860491,1.0
synthetic_xor,13,cart_tuned_depth,0.05,0.0,1.0,0.8594737874896448,1.0
synthetic_xor,13,cart_pruned,0.05,0.0,1.0,0.8594737874896448,1.0
synthetic_xor,13,noise_augmented_cart,0.05,0.0,1.0,0.8485802860194607,1.0
synthetic_xor,14,matched_gini,0.05,0.09047619047619047,0.746031746031746,0.2984662088115154,1.0
synthetic_xor,14,mags_fixed,0.05,0.09047619047619047,0.746031746031746,0.2984662088115154,1.0
synthetic_xor,14,mags_binary_excluded,0.05,0.09047619047619047,0.746031746031746,0.2984662088115154,1.0
synthetic_xor,14,matched_gini_unrestricted,0.05,0.1111111111111111,0.7476190476190476,0.2392974674257882,1.0
synthetic_xor,14,mags_fixed_unrestricted,0.05,0.1111111111111111,0.7476190476190476,0.2392974674257882,1.0
synthetic_xor,14,cart_fixed,0.05,0.06190476190476191,0.5079365079365079,0.20903610096364095,1.0
synthetic_xor,14,mags_tuned,0.05,0.004761904761904762,1.0,0.802148627342083,1.0
synthetic_xor,14,cart_tuned_depth,0.05,0.006349206349206349,0.9793650793650793,0.6283895115813483,1.0
synthetic_xor,14,cart_pruned,0.05,0.0,1.0,0.8278218795742041,1.0
synthetic_xor,14,noise_augmented_cart,0.05,0.0031746031746031746,0.9920634920634921,0.6829635489158756,1.0
synthetic_xor,15,matched_gini,0.05,0.1111111111111111,0.49682539682539684,1.6333722516919913,1.0
synthetic_xor,15,mags_fixed,0.05,0.1111111111111111,0.49682539682539684,1.6333722516919913,1.0
synthetic_xor,15,mags_binary_excluded,0.05,0.1111111111111111,0.49682539682539684,1.6333722516919913,1.0
synthetic_xor,15,matched_gini_unrestricted,0.05,0.10317460317460317,0.7174603174603175,0.2977880316723032,1.0
synthetic_xor,15,mags_fixed_unrestricted,0.05,0.10317460317460317,0.7174603174603175,0.2977880316723032,1.0
synthetic_xor,15,cart_fixed,0.05,0.044444444444444446,0.665079365079365,0.2891478276649275,1.0
synthetic_xor,15,mags_tuned,0.05,0.0031746031746031746,0.9952380952380953,0.7818856887622914,1.0
synthetic_xor,15,cart_tuned_depth,0.05,0.0015873015873015873,0.9968253968253968,0.6526590702107293,1.0
synthetic_xor,15,cart_pruned,0.05,0.0,1.0,0.8230099353969316,1.0
synthetic_xor,15,noise_augmented_cart,0.05,0.044444444444444446,0.6793650793650794,0.31735896276958386,1.0
synthetic_xor,16,matched_gini,0.05,0.0746031746031746,0.8761904761904762,0.40456855554273197,1.0
synthetic_xor,16,mags_fixed,0.05,0.0746031746031746,0.8761904761904762,0.40456855554273197,1.0
synthetic_xor,16,mags_binary_excluded,0.05,0.0746031746031746,0.8761904761904762,0.40456855554273197,1.0
synthetic_xor,16,matched_gini_unrestricted,0.05,0.10634920634920635,0.6476190476190476,0.23963256588828546,1.0
synthetic_xor,16,mags_fixed_unrestricted,0.05,0.0873015873015873,0.6507936507936508,0.4073381182982909,1.0
synthetic_xor,16,cart_fixed,0.05,0.06190476190476191,0.6047619047619047,0.24305698937052586,1.0
synthetic_xor,16,mags_tuned,0.05,0.0,1.0,0.841196239786405,1.0
synthetic_xor,16,cart_tuned_depth,0.05,0.06190476190476191,0.6047619047619047,0.24305698937052586,1.0
synthetic_xor,16,cart_pruned,0.05,0.0,1.0,0.8481401647734816,1.0
synthetic_xor,16,noise_augmented_cart,0.05,0.0015873015873015873,0.9984126984126984,0.7357862065651302,1.0
synthetic_xor,17,matched_gini,0.05,0.007936507936507936,0.9920634920634921,0.6723165003801843,1.0
synthetic_xor,17,mags_fixed,0.05,0.007936507936507936,0.9920634920634921,0.6723165003801843,1.0
synthetic_xor,17,mags_binary_excluded,0.05,0.007936507936507936,0.9920634920634921,0.6723165003801843,1.0
synthetic_xor,17,matched_gini_unrestricted,0.05,0.006349206349206349,0.9952380952380953,0.5807485424452553,1.0
synthetic_xor,17,mags_fixed_unrestricted,0.05,0.006349206349206349,0.9952380952380953,0.5807485424452553,1.0
synthetic_xor,17,cart_fixed,0.05,0.0,1.0,0.8892733375992854,1.0
synthetic_xor,17,mags_tuned,0.05,0.0,1.0,0.8860721390571278,1.0
synthetic_xor,17,cart_tuned_depth,0.05,0.0,1.0,0.8892733375992854,1.0
synthetic_xor,17,cart_pruned,0.05,0.0,1.0,0.8892733375992854,1.0
synthetic_xor,17,noise_augmented_cart,0.05,0.0,1.0,0.8824882726632624,1.0
synthetic_xor,18,matched_gini,0.05,0.09523809523809523,0.6111111111111112,0.31391865570754157,1.0
synthetic_xor,18,mags_fixed,0.05,0.09523809523809523,0.6111111111111112,0.31391865570754157,1.0
synthetic_xor,18,mags_binary_excluded,0.05,0.09523809523809523,0.6111111111111112,0.31391865570754157,1.0
synthetic_xor,18,matched_gini_unrestricted,0.05,0.011111111111111112,0.9936507936507937,0.5404251561639245,1.0
synthetic_xor,18,mags_fixed_unrestricted,0.05,0.011111111111111112,0.9936507936507937,0.5404251561639245,1.0
synthetic_xor,18,cart_fixed,0.05,0.0015873015873015873,0.9984126984126984,0.674628073849622,1.0
synthetic_xor,18,mags_tuned,0.05,0.0,1.0,0.8218589283622739,1.0
synthetic_xor,18,cart_tuned_depth,0.05,0.0,1.0,0.8289584484662991,1.0
synthetic_xor,18,cart_pruned,0.05,0.0,1.0,0.8289584484662991,1.0
synthetic_xor,18,noise_augmented_cart,0.05,0.03492063492063492,0.9761904761904762,0.6588908859058208,1.0
synthetic_xor,19,matched_gini,0.05,0.03333333333333333,0.5063492063492063,0.6917285957530799,1.0
synthetic_xor,19,mags_fixed,0.05,0.03333333333333333,0.5063492063492063,0.6917285957530799,1.0
synthetic_xor,19,mags_binary_excluded,0.05,0.03333333333333333,0.5063492063492063,0.6917285957530799,1.0
synthetic_xor,19,matched_gini_unrestricted,0.05,0.06507936507936508,0.5793650793650794,0.36779196006855963,1.0
synthetic_xor,19,mags_fixed_unrestricted,0.05,0.06349206349206349,0.5793650793650794,0.36779196006855963,1.0
synthetic_xor,19,cart_fixed,0.05,0.02857142857142857,0.5476190476190477,0.3494813580341272,1.0
synthetic_xor,19,mags_tuned,0.05,0.031746031746031744,0.9746031746031746,0.43791790497910504,1.0
synthetic_xor,19,cart_tuned_depth,0.05,0.0,0.9952380952380953,0.6265184535232965,1.0
synthetic_xor,19,cart_pruned,0.05,0.0,1.0,0.826267662372161,1.0
synthetic_xor,19,noise_augmented_cart,0.05,0.012698412698412698,0.5285714285714286,0.62736192399984,1.0
synthetic_xor,20,matched_gini,0.05,0.05396825396825397,0.9507936507936507,0.42256682696938885,1.0
synthetic_xor,20,mags_fixed,0.05,0.05396825396825397,0.9507936507936507,0.42256682696938885,1.0
synthetic_xor,20,mags_binary_excluded,0.05,0.05396825396825397,0.9507936507936507,0.42256682696938885,1.0
synthetic_xor,20,matched_gini_unrestricted,0.05,0.050793650793650794,0.9523809523809523,0.4732218091313555,1.0
synthetic_xor,20,mags_fixed_unrestricted,0.05,0.050793650793650794,0.9523809523809523,0.4732218091313555,1.0
synthetic_xor,20,cart_fixed,0.05,0.02857142857142857,0.9619047619047619,0.6468379418791582,1.0
synthetic_xor,20,mags_tuned,0.05,0.0,1.0,0.8638902978920441,1.0
synthetic_xor,20,cart_tuned_depth,0.05,0.0,1.0,0.869721318972184,1.0
synthetic_xor,20,cart_pruned,0.05,0.0,1.0,0.869721318972184,1.0
synthetic_xor,20,noise_augmented_cart,0.05,0.03333333333333333,0.9571428571428572,0.6759743756776235,1.0
synthetic_xor,21,matched_gini,0.05,0.009523809523809525,0.9888888888888889,0.6568371588349466,1.0
synthetic_xor,21,mags_fixed,0.05,0.009523809523809525,0.9888888888888889,0.6568371588349466,1.0
synthetic_xor,21,mags_binary_excluded,0.05,0.009523809523809525,0.9888888888888889,0.6568371588349466,1.0
synthetic_xor,21,matched_gini_unrestricted,0.05,0.011111111111111112,0.9857142857142858,0.4599839448912811,1.0
synthetic_xor,21,mags_fixed_unrestricted,0.05,0.011111111111111112,0.9857142857142858,0.4599839448912811,1.0
synthetic_xor,21,cart_fixed,0.05,0.0,1.0,0.8496321371209875,1.0
synthetic_xor,21,mags_tuned,0.05,0.0015873015873015873,0.9968253968253968,0.8010270708415885,1.0
synthetic_xor,21,cart_tuned_depth,0.05,0.0,1.0,0.8496321371209875,1.0
synthetic_xor,21,cart_pruned,0.05,0.0,1.0,0.8496321371209875,1.0
synthetic_xor,21,noise_augmented_cart,0.05,0.05555555555555555,0.765079365079365,0.5562523717981466,1.0
synthetic_xor,22,matched_gini,0.05,0.0031746031746031746,0.9984126984126984,0.7028120646618521,1.0
synthetic_xor,22,mags_fixed,0.05,0.0031746031746031746,0.9984126984126984,0.7028120646618521,1.0
synthetic_xor,22,mags_binary_excluded,0.05,0.0031746031746031746,0.9984126984126984,0.7028120646618521,1.0
synthetic_xor,22,matched_gini_unrestricted,0.05,0.10158730158730159,0.8571428571428571,0.32018781851436295,1.0
synthetic_xor,22,mags_fixed_unrestricted,0.05,0.10158730158730159,0.8571428571428571,0.32018781851436295,1.0
synthetic_xor,22,cart_fixed,0.05,0.01904761904761905,0.5031746031746032,1.9010872733939275,1.0
synthetic_xor,22,mags_tuned,0.05,0.0,1.0,0.8562736737277663,1.0
synthetic_xor,22,cart_tuned_depth,0.05,0.026984126984126985,0.5015873015873016,0.3728514493138521,1.0
synthetic_xor,22,cart_pruned,0.05,0.011111111111111112,0.9841269841269841,0.4465333502777452,1.0
synthetic_xor,22,noise_augmented_cart,0.05,0.023809523809523808,0.919047619047619,0.3993754145005898,1.0
synthetic_xor,24,matched_gini,0.05,0.11746031746031746,0.6714285714285714,0.29422668262523105,1.0
synthetic_xor,24,mags_fixed,0.05,0.11746031746031746,0.6714285714285714,0.29422668262523105,1.0
synthetic_xor,24,mags_binary_excluded,0.05,0.11746031746031746,0.6714285714285714,0.29422668262523105,1.0
synthetic_xor,24,matched_gini_unrestricted,0.05,0.08253968253968254,0.8746031746031746,0.3648729548518019,1.0
synthetic_xor,24,mags_fixed_unrestricted,0.05,0.14761904761904762,0.6761904761904762,0.2076073347884165,1.0
synthetic_xor,24,cart_fixed,0.05,0.0015873015873015873,0.9952380952380953,0.6224512031854632,1.0
synthetic_xor,24,mags_tuned,0.05,0.0,1.0,0.8416584478100078,1.0
synthetic_xor,24,cart_tuned_depth,0.05,0.0,1.0,0.8498756345562288,1.0
synthetic_xor,24,cart_pruned,0.05,0.0,1.0,0.8498756345562288,1.0
synthetic_xor,24,noise_augmented_cart,0.05,0.025396825396825397,0.9555555555555556,0.5973930354764652,1.0
synthetic_xor,23,matched_gini,0.05,0.08412698412698413,0.8952380952380953,0.3628596530777258,1.0
synthetic_xor,23,mags_fixed,0.05,0.08253968253968254,0.8984126984126984,0.3775366763591317,1.0
synthetic_xor,23,mags_binary_excluded,0.05,0.08253968253968254,0.8984126984126984,0.3775366763591317,1.0
synthetic_xor,23,matched_gini_unrestricted,0.05,0.009523809523809525,0.9920634920634921,0.510512700275197,1.0
synthetic_xor,23,mags_fixed_unrestricted,0.05,0.009523809523809525,0.9920634920634921,0.510512700275197,1.0
synthetic_xor,23,cart_fixed,0.05,0.0,1.0,0.8724748214264497,1.0
synthetic_xor,23,mags_tuned,0.05,0.0,1.0,0.798187620491426,1.0
synthetic_xor,23,cart_tuned_depth,0.05,0.0,1.0,0.8724748214264497,1.0
synthetic_xor,23,cart_pruned,0.05,0.0,1.0,0.8724748214264497,1.0
synthetic_xor,23,noise_augmented_cart,0.05,0.0,1.0,0.8068765997097789,1.0
synthetic_xor,25,matched_gini,0.05,0.1523809523809524,0.6,0.20053978893310337,1.0
synthetic_xor,25,mags_fixed,0.05,0.1523809523809524,0.6,0.20053978893310337,1.0
synthetic_xor,25,mags_binary_excluded,0.05,0.1523809523809524,0.6,0.20053978893310337,1.0
synthetic_xor,25,matched_gini_unrestricted,0.05,0.15714285714285714,0.6079365079365079,0.20211704465250424,1.0
synthetic_xor,25,mags_fixed_unrestricted,0.05,0.15714285714285714,0.6079365079365079,0.20211704465250424,1.0
synthetic_xor,25,cart_fixed,0.05,0.0761904761904762,0.5666666666666667,0.2017321979627264,1.0
synthetic_xor,25,mags_tuned,0.05,0.0,1.0,0.8522278686189478,1.0
synthetic_xor,25,cart_tuned_depth,0.05,0.0,1.0,0.8090327777551121,1.0
synthetic_xor,25,cart_pruned,0.05,0.0,1.0,0.8090327777551121,1.0
synthetic_xor,25,noise_augmented_cart,0.05,0.007936507936507936,0.5079365079365079,1.92588461705456,1.0
synthetic_xor,26,matched_gini,0.05,0.011111111111111112,0.9904761904761905,0.6926312412322884,1.0
synthetic_xor,26,mags_fixed,0.05,0.011111111111111112,0.9904761904761905,0.6926312412322884,1.0
synthetic_xor,26,mags_binary_excluded,0.05,0.011111111111111112,0.9904761904761905,0.6926312412322884,1.0
synthetic_xor,26,matched_gini_unrestricted,0.05,0.022222222222222223,0.9761904761904762,0.45905730621668506,1.0
synthetic_xor,26,mags_fixed_unrestricted,0.05,0.022222222222222223,0.9761904761904762,0.45905730621668506,1.0
synthetic_xor,26,cart_fixed,0.05,0.020634920634920634,0.9746031746031746,0.6632122910115786,1.0
synthetic_xor,26,mags_tuned,0.05,0.011111111111111112,0.9904761904761905,0.6926312412322884,1.0
synthetic_xor,26,cart_tuned_depth,0.05,0.0,1.0,0.8387110374447595,1.0
synthetic_xor,26,cart_pruned,0.05,0.0,1.0,0.8387110374447595,1.0
synthetic_xor,26,noise_augmented_cart,0.05,0.01904761904761905,0.9777777777777777,0.6640039295081253,1.0
synthetic_xor,28,matched_gini,0.05,0.0,1.0,0.7234334296588698,1.0
synthetic_xor,28,mags_fixed,0.05,0.0,1.0,0.7234334296588698,1.0
synthetic_xor,28,mags_binary_excluded,0.05,0.0,1.0,0.7234334296588698,1.0
synthetic_xor,28,matched_gini_unrestricted,0.05,0.023809523809523808,0.973015873015873,0.44956206148482075,1.0
synthetic_xor,28,mags_fixed_unrestricted,0.05,0.023809523809523808,0.973015873015873,0.44956206148482075,1.0
synthetic_xor,28,cart_fixed,0.05,0.0,1.0,0.7234334296588698,1.0
synthetic_xor,28,mags_tuned,0.05,0.0,1.0,0.8054038746816254,1.0
synthetic_xor,28,cart_tuned_depth,0.05,0.0,1.0,0.8054038887691815,1.0
synthetic_xor,28,cart_pruned,0.05,0.0,1.0,0.8054038887691815,1.0
synthetic_xor,28,noise_augmented_cart,0.05,0.0,1.0,0.7334119732422771,1.0
synthetic_xor,27,matched_gini,0.05,0.0380952380952381,0.4936507936507937,0.44209370140009924,1.0
synthetic_xor,27,mags_fixed,0.05,0.0380952380952381,0.4936507936507937,0.44209370140009924,1.0
synthetic_xor,27,mags_binary_excluded,0.05,0.0380952380952381,0.4936507936507937,0.44209370140009924,1.0
synthetic_xor,27,matched_gini_unrestricted,0.05,0.02857142857142857,0.9777777777777777,0.518942053815352,1.0
synthetic_xor,27,mags_fixed_unrestricted,0.05,0.02857142857142857,0.9777777777777777,0.518942053815352,1.0
synthetic_xor,27,cart_fixed,0.05,0.03650793650793651,0.4984126984126984,0.33594080893507156,1.0
synthetic_xor,27,mags_tuned,0.05,0.14285714285714285,0.6841269841269841,0.22396224662911707,1.0
synthetic_xor,27,cart_tuned_depth,0.05,0.011111111111111112,0.9936507936507937,0.7822323654580694,1.0
synthetic_xor,27,cart_pruned,0.05,0.011111111111111112,0.9936507936507937,0.7822323654580694,1.0
synthetic_xor,27,noise_augmented_cart,0.05,0.05555555555555555,0.6190476190476191,0.29168114114170823,1.0
synthetic_xor,29,matched_gini,0.05,0.006349206349206349,0.9984126984126984,0.6966463225348107,1.0
synthetic_xor,29,mags_fixed,0.05,0.006349206349206349,0.9984126984126984,0.6966463225348107,1.0
synthetic_xor,29,mags_binary_excluded,0.05,0.006349206349206349,0.9984126984126984,0.6966463225348107,1.0
synthetic_xor,29,matched_gini_unrestricted,0.05,0.1,0.7317460317460317,0.3565968878454674,1.0
synthetic_xor,29,mags_fixed_unrestricted,0.05,0.1,0.7317460317460317,0.3565968878454674,1.0
synthetic_xor,29,cart_fixed,0.05,0.06825396825396825,0.692063492063492,0.3393838862510927,1.0
synthetic_xor,29,mags_tuned,0.05,0.0,1.0,0.8613712352261098,1.0
synthetic_xor,29,cart_tuned_depth,0.05,0.004761904761904762,1.0,0.6966463244743697,1.0
synthetic_xor,29,cart_pruned,0.05,0.0,1.0,0.8576805058321346,1.0
synthetic_xor,29,noise_augmented_cart,0.05,0.0,1.0,0.7081585201238784,1.0
spambase,2,matched_gini,0.05,0.054285714285714284,0.878095238095238,0.1484121704542606,1.0
spambase,2,mags_fixed,0.05,0.05238095238095238,0.8771428571428571,0.1484121704542606,1.0
spambase,2,mags_binary_excluded,0.05,0.05238095238095238,0.8771428571428571,0.1484121704542606,1.0
spambase,2,matched_gini_unrestricted,0.05,0.5066666666666667,0.5523809523809524,0.0494707241514202,1.0
spambase,2,mags_fixed_unrestricted,0.05,0.5047619047619047,0.5495238095238095,0.0494707241514202,1.0
spambase,2,cart_fixed,0.05,0.05047619047619047,0.8714285714285714,0.148412169520153,1.0
spambase,2,mags_tuned,0.05,0.05333333333333334,0.88,0.1484121704542606,1.0
spambase,2,cart_tuned_depth,0.05,0.04857142857142857,0.8723809523809524,0.148412169520153,1.0
spambase,2,cart_pruned,0.05,0.02095238095238095,0.8885714285714286,0.148412169520153,1.0
spambase,2,noise_augmented_cart,0.05,0.012380952380952381,0.8876190476190476,0.20780339071142465,1.0
spambase,0,matched_gini,0.05,0.4866666666666667,0.5485714285714286,0.053217797574873354,1.0
spambase,0,mags_fixed,0.05,0.4866666666666667,0.5485714285714286,0.053217797574873354,1.0
spambase,0,mags_binary_excluded,0.05,0.4866666666666667,0.5485714285714286,0.053217797574873354,1.0
spambase,0,matched_gini_unrestricted,0.05,0.47904761904761906,0.580952380952381,0.053217797574873354,1.0
spambase,0,mags_fixed_unrestricted,0.05,0.4819047619047619,0.579047619047619,0.053217797574873354,1.0
spambase,0,cart_fixed,0.05,0.0761904761904762,0.8752380952380953,0.053217801515667656,1.0
spambase,0,mags_tuned,0.05,0.4514285714285714,0.5885714285714285,0.053217797574873354,1.0
spambase,0,cart_tuned_depth,0.05,0.07428571428571429,0.8666666666666667,0.053217801515667656,1.0
spambase,0,cart_pruned,0.05,0.06285714285714286,0.8761904761904762,0.017923189217330382,1.0
spambase,0,noise_augmented_cart,0.05,0.04476190476190476,0.8866666666666667,0.21160408227583669,1.0
spambase,3,matched_gini,0.05,0.08571428571428572,0.8809523809523809,0.14195020390457982,1.0
spambase,3,mags_fixed,0.05,0.0838095238095238,0.8761904761904762,0.14392205995029278,1.0
spambase,3,mags_binary_excluded,0.05,0.0838095238095238,0.8761904761904762,0.14392205995029278,1.0
spambase,3,matched_gini_unrestricted,0.05,0.5352380952380953,0.49523809523809526,0.04875484471437694,1.0
spambase,3,mags_fixed_unrestricted,0.05,0.5104761904761905,0.5152380952380953,0.04875484471437694,1.0
spambase,3,cart_fixed,0.05,0.1676190476190476,0.7819047619047619,0.05134486968499416,1.0
spambase,3,mags_tuned,0.05,0.38857142857142857,0.6171428571428571,0.07000263717034971,1.0
spambase,3,cart_tuned_depth,0.05,0.1676190476190476,0.7819047619047619,0.05134486968499416,1.0
spambase,3,cart_pruned,0.05,0.12857142857142856,0.8161904761904762,0.05134486968499416,1.0
spambase,3,noise_augmented_cart,0.05,0.03333333333333333,0.900952380952381,0.22160457518388985,1.0
spambase,1,matched_gini,0.05,0.1295238095238095,0.839047619047619,0.17583816069173377,1.0
spambase,1,mags_fixed,0.05,0.1295238095238095,0.8380952380952381,0.17583816069173377,1.0
spambase,1,mags_binary_excluded,0.05,0.1295238095238095,0.8380952380952381,0.17583816069173377,1.0
spambase,1,matched_gini_unrestricted,0.05,0.04666666666666667,0.8876190476190476,0.08126406489878871,1.0
spambase,1,mags_fixed_unrestricted,0.05,0.05142857142857143,0.8819047619047619,0.08126406489878871,1.0
spambase,1,cart_fixed,0.05,0.10761904761904761,0.8504761904761905,0.07911268634984753,1.0
spambase,1,mags_tuned,0.05,0.12285714285714286,0.8466666666666667,0.17583816069173377,1.0
spambase,1,cart_tuned_depth,0.05,0.10761904761904761,0.8628571428571429,0.06420195658451064,1.0
spambase,1,cart_pruned,0.05,0.04,0.9019047619047619,0.0860495726195726,1.0
spambase,1,noise_augmented_cart,0.05,0.037142857142857144,0.8952380952380953,0.22948100169829047,1.0
spambase,6,matched_gini,0.05,0.1438095238095238,0.8276190476190476,0.10585394591664046,1.0
spambase,6,mags_fixed,0.05,0.30666666666666664,0.6685714285714286,0.10585394591664046,1.0
spambase,6,mags_binary_excluded,0.05,0.30666666666666664,0.6685714285714286,0.10585394591664046,1.0
spambase,6,matched_gini_unrestricted,0.05,0.10857142857142857,0.8476190476190476,0.07550761833291661,1.0
spambase,6,mags_fixed_unrestricted,0.05,0.10761904761904761,0.8485714285714285,0.07550761833291661,1.0
spambase,6,cart_fixed,0.05,0.05333333333333334,0.86,0.105853948640202,1.0
spambase,6,mags_tuned,0.05,0.3047619047619048,0.6714285714285714,0.10585394591664046,1.0
spambase,6,cart_tuned_depth,0.05,0.05333333333333334,0.86,0.105853948640202,1.0
spambase,6,cart_pruned,0.05,0.06571428571428571,0.8419047619047619,0.12434336184286351,1.0
spambase,6,noise_augmented_cart,0.05,0.0419047619047619,0.88,0.23449041708134885,1.0
spambase,7,matched_gini,0.05,0.23142857142857143,0.7619047619047619,0.07054219626153371,1.0
spambase,7,mags_fixed,0.05,0.13904761904761906,0.8219047619047619,0.07054219626153371,1.0
spambase,7,mags_binary_excluded,0.05,0.13904761904761906,0.8219047619047619,0.07054219626153371,1.0
spambase,7,matched_gini_unrestricted,0.05,0.08666666666666667,0.8676190476190476,0.2309710071619534,1.0
spambase,7,mags_fixed_unrestricted,0.05,0.08666666666666667,0.8676190476190476,0.2309710071619534,1.0
spambase,7,cart_fixed,0.05,0.06476190476190476,0.8638095238095238,0.227797297583291,1.0
spambase,7,mags_tuned,0.05,0.13904761904761906,0.8219047619047619,0.07054219626153371,1.0
spambase,7,cart_tuned_depth,0.05,0.04666666666666667,0.8638095238095238,0.15519283374289736,1.0
spambase,7,cart_pruned,0.05,0.04666666666666667,0.8590476190476191,0.15519283374289736,1.0
spambase,7,noise_augmented_cart,0.05,0.015238095238095238,0.8923809523809524,0.23714601930560988,1.0
spambase,4,matched_gini,0.05,0.3952380952380952,0.6514285714285715,0.07607930442135312,1.0
spambase,4,mags_fixed,0.05,0.3952380952380952,0.6514285714285715,0.07607930442135312,1.0
spambase,4,mags_binary_excluded,0.05,0.3952380952380952,0.6514285714285715,0.07607930442135312,1.0
spambase,4,matched_gini_unrestricted,0.05,0.46476190476190476,0.5628571428571428,0.05497164400286668,1.0
spambase,4,mags_fixed_unrestricted,0.05,0.4828571428571429,0.5476190476190477,0.05313747515631814,1.0
spambase,4,cart_fixed,0.05,0.11142857142857143,0.8342857142857143,0.06698934947316257,1.0
spambase,4,mags_tuned,0.05,0.3952380952380952,0.6514285714285715,0.07607930442135312,1.0
spambase,4,cart_tuned_depth,0.05,0.11523809523809524,0.8238095238095238,0.06698934947316257,1.0
spambase,4,cart_pruned,0.05,0.08571428571428572,0.8542857142857143,0.06698934947316257,1.0
spambase,4,noise_augmented_cart,0.05,0.023809523809523808,0.8980952380952381,0.20399020319987946,1.0
spambase,5,matched_gini,0.05,0.22,0.7695238095238095,0.06027522368831509,1.0
spambase,5,mags_fixed,0.05,0.1619047619047619,0.799047619047619,0.06027522368831509,1.0
spambase,5,mags_binary_excluded,0.05,0.1619047619047619,0.799047619047619,0.06027522368831509,1.0
spambase,5,matched_gini_unrestricted,0.05,0.719047619047619,0.36,0.03142691293926145,1.0
spambase,5,mags_fixed_unrestricted,0.05,0.719047619047619,0.36,0.03142691293926145,1.0
spambase,5,cart_fixed,0.05,0.0380952380952381,0.8790476190476191,0.061365812805864534,1.0
spambase,5,mags_tuned,0.05,0.1838095238095238,0.7857142857142857,0.06027522368831509,1.0
spambase,5,cart_tuned_depth,0.05,0.035238095238095235,0.8838095238095238,0.06147578149733271,1.0
spambase,5,cart_pruned,0.05,0.015238095238095238,0.8914285714285715,0.06027522675944777,1.0
spambase,5,noise_augmented_cart,0.05,0.018095238095238095,0.8933333333333333,0.188314163795292,1.0
spambase,8,matched_gini,0.05,0.12476190476190477,0.8104761904761905,0.14721700191540518,1.0
spambase,8,mags_fixed,0.05,0.12476190476190477,0.8104761904761905,0.14721700191540518,1.0
spambase,8,mags_binary_excluded,0.05,0.12476190476190477,0.8104761904761905,0.14721700191540518,1.0
spambase,8,matched_gini_unrestricted,0.05,0.44285714285714284,0.5771428571428572,0.12234225380526552,1.0
spambase,8,mags_fixed_unrestricted,0.05,0.4438095238095238,0.5752380952380952,0.13980772277486986,1.0
spambase,8,cart_fixed,0.05,0.09714285714285714,0.82,0.14721699801205898,1.0
spambase,8,mags_tuned,0.05,0.0980952380952381,0.8276190476190476,0.14721700191540518,1.0
spambase,8,cart_tuned_depth,0.05,0.1419047619047619,0.8104761904761905,0.1442224231711842,1.0
spambase,8,cart_pruned,0.05,0.1419047619047619,0.8104761904761905,0.1442224231711842,1.0
spambase,8,noise_augmented_cart,0.05,0.018095238095238095,0.8990476190476191,0.23158443683376254,1.0
spambase,9,matched_gini,0.05,0.16285714285714287,0.8276190476190476,0.10114244319507751,1.0
spambase,9,mags_fixed,0.05,0.16285714285714287,0.8276190476190476,0.10114244319507751,1.0
spambase,9,mags_binary_excluded,0.05,0.16285714285714287,0.8276190476190476,0.10114244319507751,1.0
spambase,9,matched_gini_unrestricted,0.05,0.6695238095238095,0.4228571428571429,0.04953285381335057,1.0
spambase,9,mags_fixed_unrestricted,0.05,0.6647619047619048,0.4247619047619048,0.04953285381335057,1.0
spambase,9,cart_fixed,0.05,0.04285714285714286,0.8819047619047619,0.10114244328771518,1.0
spambase,9,mags_tuned,0.05,0.14666666666666667,0.8266666666666667,0.10114244319507751,1.0
spambase,9,cart_tuned_depth,0.05,0.04285714285714286,0.8819047619047619,0.10114244328771518,1.0
spambase,9,cart_pruned,0.05,0.07333333333333333,0.8428571428571429,0.09804200654914341,1.0
spambase,9,noise_augmented_cart,0.05,0.023809523809523808,0.8904761904761904,0.1976395407441093,1.0
spambase,10,matched_gini,0.05,0.13714285714285715,0.8247619047619048,0.06477788441856926,1.0
spambase,10,mags_fixed,0.05,0.13714285714285715,0.8247619047619048,0.06477788441856926,1.0
spambase,10,mags_binary_excluded,0.05,0.13714285714285715,0.8247619047619048,0.06477788441856926,1.0
spambase,10,matched_gini_unrestricted,0.05,0.19238095238095237,0.7961904761904762,0.05834055285283529,1.0
spambase,10,mags_fixed_unrestricted,0.05,0.18666666666666668,0.7923809523809524,0.05834055285283529,1.0
spambase,10,cart_fixed,0.05,0.09428571428571429,0.8447619047619047,0.05834055685433295,1.0
spambase,10,mags_tuned,0.05,0.14857142857142858,0.8266666666666667,0.06900643227738815,1.0
spambase,10,cart_tuned_depth,0.05,0.13047619047619047,0.8028571428571428,0.05834055685433295,1.0
spambase,10,cart_pruned,0.05,0.07333333333333333,0.8571428571428571,0.06900642381205704,1.0
spambase,10,noise_augmented_cart,0.05,0.02666666666666667,0.9028571428571428,0.2522414707518004,1.0
spambase,11,matched_gini,0.05,0.4142857142857143,0.5980952380952381,0.05403246878330298,1.0
spambase,11,mags_fixed,0.05,0.4142857142857143,0.5980952380952381,0.05403246878330298,1.0
spambase,11,mags_binary_excluded,0.05,0.4142857142857143,0.5980952380952381,0.05403246878330298,1.0
spambase,11,matched_gini_unrestricted,0.05,0.518095238095238,0.5447619047619048,0.0469951833237586,1.0
spambase,11,mags_fixed_unrestricted,0.05,0.5838095238095238,0.48095238095238096,0.024874586787083125,1.0
spambase,11,cart_fixed,0.05,0.06476190476190476,0.8742857142857143,0.05403247051570867,1.0
spambase,11,mags_tuned,0.05,0.14095238095238094,0.8238095238095238,0.05403246878330298,1.0
spambase,11,cart_tuned_depth,0.05,0.07809523809523809,0.8685714285714285,0.05403247051570867,1.0
spambase,11,cart_pruned,0.05,0.07809523809523809,0.8685714285714285,0.05403247051570867,1.0
spambase,11,noise_augmented_cart,0.05,0.07047619047619047,0.8542857142857143,0.1962693154584008,1.0
spambase,13,matched_gini,0.05,0.44095238095238093,0.5457142857142857,0.05926560879307788,1.0
spambase,13,mags_fixed,0.05,0.44095238095238093,0.5457142857142857,0.05926560879307788,1.0
spambase,13,mags_binary_excluded,0.05,0.44095238095238093,0.5457142857142857,0.05926560879307788,1.0
spambase,13,matched_gini_unrestricted,0.05,0.49047619047619045,0.5304761904761904,0.05571687135477202,1.0
spambase,13,mags_fixed_unrestricted,0.05,0.49047619047619045,0.5304761904761904,0.05571687135477202,1.0
spambase,13,cart_fixed,0.05,0.07142857142857142,0.86,0.07446533548522286,1.0
spambase,13,mags_tuned,0.05,0.44095238095238093,0.5457142857142857,0.05926560879307788,1.0
spambase,13,cart_tuned_depth,0.05,0.0838095238095238,0.8476190476190476,0.07446533548522286,1.0
spambase,13,cart_pruned,0.05,0.06857142857142857,0.86,0.07446533548522286,1.0
spambase,13,noise_augmented_cart,0.05,0.02857142857142857,0.8980952380952381,0.27358186404625917,1.0
spambase,12,matched_gini,0.05,0.1523809523809524,0.8371428571428572,0.05664180820655276,1.0
spambase,12,mags_fixed,0.05,0.15904761904761905,0.8314285714285714,0.05664180820655276,1.0
spambase,12,mags_binary_excluded,0.05,0.15904761904761905,0.8314285714285714,0.05664180820655276,1.0
spambase,12,matched_gini_unrestricted,0.05,0.19238095238095237,0.8028571428571428,0.05664180820655276,1.0
spambase,12,mags_fixed_unrestricted,0.05,0.19904761904761906,0.7961904761904762,0.05664180820655276,1.0
spambase,12,cart_fixed,0.05,0.06571428571428571,0.8676190476190476,0.056641806738056716,1.0
spambase,12,mags_tuned,0.05,0.15904761904761905,0.8314285714285714,0.05664180820655276,1.0
spambase,12,cart_tuned_depth,0.05,0.06571428571428571,0.8676190476190476,0.056641806738056716,1.0
spambase,12,cart_pruned,0.05,0.054285714285714284,0.8761904761904762,0.056641806738056716,1.0
spambase,12,noise_augmented_cart,0.05,0.04857142857142857,0.8942857142857142,0.27725375589663437,1.0
spambase,14,matched_gini,0.05,0.5419047619047619,0.49523809523809526,0.04535000107924861,1.0
spambase,14,mags_fixed,0.05,0.5419047619047619,0.49523809523809526,0.04535000107924861,1.0
spambase,14,mags_binary_excluded,0.05,0.5419047619047619,0.49523809523809526,0.04535000107924861,1.0
spambase,14,matched_gini_unrestricted,0.05,0.42857142857142855,0.58,0.09570390609899132,1.0
spambase,14,mags_fixed_unrestricted,0.05,0.8076190476190476,0.23809523809523808,0.03779254229914125,1.0
spambase,14,cart_fixed,0.05,0.5161904761904762,0.4961904761904762,0.0454508458066626,1.0
spambase,14,mags_tuned,0.05,0.05523809523809524,0.8980952380952381,0.16651406257948043,1.0
spambase,14,cart_tuned_depth,0.05,0.5114285714285715,0.49047619047619045,0.0452742309040898,1.0
spambase,14,cart_pruned,0.05,0.6047619047619047,0.4066666666666667,0.03779254165740173,1.0
spambase,14,noise_augmented_cart,0.05,0.03619047619047619,0.9057142857142857,0.20718726343777152,1.0
spambase,15,matched_gini,0.05,0.5523809523809524,0.4847619047619048,0.0286158179782757,1.0
spambase,15,mags_fixed,0.05,0.5523809523809524,0.4847619047619048,0.0286158179782757,1.0
spambase,15,mags_binary_excluded,0.05,0.5523809523809524,0.4847619047619048,0.0286158179782757,1.0
spambase,15,matched_gini_unrestricted,0.05,0.5009523809523809,0.5238095238095238,0.0441160281360085,1.0
spambase,15,mags_fixed_unrestricted,0.05,0.5009523809523809,0.5238095238095238,0.0441160281360085,1.0
spambase,15,cart_fixed,0.05,0.025714285714285714,0.8838095238095238,0.050187109301106786,1.0
spambase,15,mags_tuned,0.05,0.5619047619047619,0.48,0.0286158179782757,1.0
spambase,15,cart_tuned_depth,0.05,0.02761904761904762,0.8876190476190476,0.050187109301106786,1.0
spambase,15,cart_pruned,0.05,0.017142857142857144,0.8961904761904762,0.028615816566641722,1.0
spambase,15,noise_augmented_cart,0.05,0.024761904761904763,0.8971428571428571,0.26445661360291944,1.0
spambase,17,matched_gini,0.05,0.2752380952380952,0.6771428571428572,0.0827817733068236,1.0
spambase,17,mags_fixed,0.05,0.2761904761904762,0.6761904761904762,0.0827817733068236,1.0
spambase,17,mags_binary_excluded,0.05,0.2761904761904762,0.6761904761904762,0.0827817733068236,1.0
spambase,17,matched_gini_unrestricted,0.05,0.2723809523809524,0.6704761904761904,0.05959665095831321,1.0
spambase,17,mags_fixed_unrestricted,0.05,0.2733333333333333,0.6695238095238095,0.05959665095831321,1.0
spambase,17,cart_fixed,0.05,0.07714285714285714,0.8580952380952381,0.1549512916409703,1.0
spambase,17,mags_tuned,0.05,0.2819047619047619,0.6714285714285714,0.0827817733068236,1.0
spambase,17,cart_tuned_depth,0.05,0.08190476190476191,0.8523809523809524,0.12527417755642073,1.0
spambase,17,cart_pruned,0.05,0.08285714285714285,0.8552380952380952,0.12309821904838977,1.0
spambase,17,noise_augmented_cart,0.05,0.05142857142857143,0.8628571428571429,0.21932298485046967,1.0
spambase,16,matched_gini,0.05,0.17142857142857143,0.7895238095238095,0.11517194233304531,1.0
spambase,16,mags_fixed,0.05,0.16952380952380952,0.7914285714285715,0.11517194233304531,1.0
spambase,16,mags_binary_excluded,0.05,0.16952380952380952,0.7914285714285715,0.11517194233304531,1.0
spambase,16,matched_gini_unrestricted,0.05,0.20857142857142857,0.758095238095238,0.11517194233304531,1.0
spambase,16,mags_fixed_unrestricted,0.05,0.16952380952380952,0.7961904761904762,0.11517194233304531,1.0
spambase,16,cart_fixed,0.05,0.16952380952380952,0.7780952380952381,0.11517194784348081,1.0
spambase,16,mags_tuned,0.05,0.1657142857142857,0.7857142857142857,0.11517194233304531,1.0
spambase,16,cart_tuned_depth,0.05,0.16952380952380952,0.7780952380952381,0.11517194784348081,1.0
spambase,16,cart_pruned,0.05,0.10095238095238095,0.8171428571428572,0.11517194784348081,1.0
spambase,16,noise_augmented_cart,0.05,0.024761904761904763,0.9095238095238095,0.22184147524585465,1.0
spambase,18,matched_gini,0.05,0.3295238095238095,0.6628571428571428,0.11343297377975271,1.0
spambase,18,mags_fixed,0.05,0.14952380952380953,0.8323809523809523,0.13009954481521427,1.0
spambase,18,mags_binary_excluded,0.05,0.14952380952380953,0.8323809523809523,0.13009954481521427,1.0
spambase,18,matched_gini_unrestricted,0.05,0.09619047619047619,0.861904761904762,0.08492832485095272,1.0
spambase,18,mags_fixed_unrestricted,0.05,0.09619047619047619,0.861904761904762,0.08492832485095272,1.0
spambase,18,cart_fixed,0.05,0.0761904761904762,0.8609523809523809,0.17329434987631034,1.0
spambase,18,mags_tuned,0.05,0.14666666666666667,0.8333333333333334,0.13069336563595518,1.0
spambase,18,cart_tuned_depth,0.05,0.1180952380952381,0.8342857142857143,0.17329434987631034,1.0
spambase,18,cart_pruned,0.05,0.11523809523809524,0.840952380952381,0.1610705983874284,1.0
spambase,18,noise_augmented_cart,0.05,0.010476190476190476,0.8961904761904762,0.20693845874854147,1.0
spambase,19,matched_gini,0.05,0.4219047619047619,0.62,0.07804789600678597,1.0
spambase,19,mags_fixed,0.05,0.5876190476190476,0.46,0.024911576449023448,1.0
spambase,19,mags_binary_excluded,0.05,0.5876190476190476,0.46,0.024911576449023448,1.0
spambase,19,matched_gini_unrestricted,0.05,0.3961904761904762,0.6390476190476191,0.07147448659588052,1.0
spambase,19,mags_fixed_unrestricted,0.05,0.560952380952381,0.4695238095238095,0.024911576449023448,1.0
spambase,19,cart_fixed,0.05,0.29523809523809524,0.68,0.07147448460105196,1.0
spambase,19,mags_tuned,0.05,0.6076190476190476,0.44571428571428573,0.024911576449023448,1.0
spambase,19,cart_tuned_depth,0.05,0.30857142857142855,0.6723809523809524,0.07147448460105196,1.0
spambase,19,cart_pruned,0.05,0.07238095238095238,0.8790476190476191,0.08441915745319403,1.0
spambase,19,noise_augmented_cart,0.05,0.039047619047619046,0.8990476190476191,0.2731180142291398,1.0
spambase,22,matched_gini,0.05,0.08190476190476191,0.8761904761904762,0.11154256077472302,1.0
spambase,22,mags_fixed,0.05,0.0419047619047619,0.9019047619047619,0.11154256077472302,1.0
spambase,22,mags_binary_excluded,0.05,0.0419047619047619,0.9019047619047619,0.11154256077472302,1.0
spambase,22,matched_gini_unrestricted,0.05,0.06095238095238095,0.8895238095238095,0.11154256077472302,1.0
spambase,22,mags_fixed_unrestricted,0.05,0.06190476190476191,0.8819047619047619,0.11154256077472302,1.0
spambase,22,cart_fixed,0.05,0.030476190476190476,0.9114285714285715,0.11154256589307823,1.0
spambase,22,mags_tuned,0.05,0.05714285714285714,0.8952380952380953,0.11154256077472302,1.0
spambase,22,cart_tuned_depth,0.05,0.03619047619047619,0.9095238095238095,0.11154256589307823,1.0
spambase,22,cart_pruned,0.05,0.03619047619047619,0.9038095238095238,0.11154256589307823,1.0
spambase,22,noise_augmented_cart,0.05,0.014285714285714285,0.9104761904761904,0.27062504416539696,1.0
spambase,20,matched_gini,0.05,0.2885714285714286,0.7047619047619048,0.0524307259014217,1.0
spambase,20,mags_fixed,0.05,0.2885714285714286,0.7047619047619048,0.0524307259014217,1.0
spambase,20,mags_binary_excluded,0.05,0.2885714285714286,0.7047619047619048,0.0524307259014217,1.0
spambase,20,matched_gini_unrestricted,0.05,0.1657142857142857,0.8266666666666667,0.06253079739003506,1.0
spambase,20,mags_fixed_unrestricted,0.05,0.1657142857142857,0.8266666666666667,0.06253079739003506,1.0
spambase,20,cart_fixed,0.05,0.06095238095238095,0.8704761904761905,0.06253078825943939,1.0
spambase,20,mags_tuned,0.05,0.2885714285714286,0.7047619047619048,0.0524307259014217,1.0
spambase,20,cart_tuned_depth,0.05,0.06095238095238095,0.8704761904761905,0.06253078825943939,1.0
spambase,20,cart_pruned,0.05,0.049523809523809526,0.8704761904761905,0.06253078825943939,1.0
spambase,20,noise_augmented_cart,0.05,0.03428571428571429,0.8838095238095238,0.21109108927985779,1.0
spambase,21,matched_gini,0.05,0.05714285714285714,0.8733333333333333,0.08484551270630986,1.0
spambase,21,mags_fixed,0.05,0.05714285714285714,0.8733333333333333,0.08484551270630986,1.0
spambase,21,mags_binary_excluded,0.05,0.05714285714285714,0.8733333333333333,0.08484551270630986,1.0
spambase,21,matched_gini_unrestricted,0.05,0.04285714285714286,0.8904761904761904,0.08484551270630986,1.0
spambase,21,mags_fixed_unrestricted,0.05,0.04380952380952381,0.8914285714285715,0.08484551270630986,1.0
spambase,21,cart_fixed,0.05,0.07333333333333333,0.86,0.08484551348974409,1.0
spambase,21,mags_tuned,0.05,0.054285714285714284,0.8761904761904762,0.08484551270630986,1.0
spambase,21,cart_tuned_depth,0.05,0.07333333333333333,0.86,0.08484551348974409,1.0
spambase,21,cart_pruned,0.05,0.4533333333333333,0.5428571428571428,0.07721621530231607,1.0
spambase,21,noise_augmented_cart,0.05,0.01904761904761905,0.9038095238095238,0.22605532818724813,1.0
spambase,23,matched_gini,0.05,0.6647619047619048,0.4104761904761905,0.027517052709044254,1.0
spambase,23,mags_fixed,0.05,0.6619047619047619,0.4114285714285714,0.027517052709044254,1.0
spambase,23,mags_binary_excluded,0.05,0.6619047619047619,0.4114285714285714,0.027517052709044254,1.0
spambase,23,matched_gini_unrestricted,0.05,0.7371428571428571,0.3485714285714286,0.03973992551937354,1.0
spambase,23,mags_fixed_unrestricted,0.05,0.7371428571428571,0.3485714285714286,0.03973992551937354,1.0
spambase,23,cart_fixed,0.05,0.5657142857142857,0.42857142857142855,0.025335659796593885,1.0
spambase,23,mags_tuned,0.05,0.5095238095238095,0.5533333333333333,0.048282966274172806,1.0
spambase,23,cart_tuned_depth,0.05,0.5638095238095238,0.4380952380952381,0.02434767144130412,1.0
spambase,23,cart_pruned,0.05,0.5638095238095238,0.4380952380952381,0.024091239691207356,1.0
spambase,23,noise_augmented_cart,0.05,0.023809523809523808,0.878095238095238,0.24398022464010236,1.0
spambase,24,matched_gini,0.05,0.16285714285714287,0.8104761904761905,0.061738159342038995,1.0
spambase,24,mags_fixed,0.05,0.16,0.8133333333333334,0.061738159342038995,1.0
spambase,24,mags_binary_excluded,0.05,0.16,0.8133333333333334,0.061738159342038995,1.0
spambase,24,matched_gini_unrestricted,0.05,0.16952380952380952,0.8161904761904762,0.05187446709775931,1.0
spambase,24,mags_fixed_unrestricted,0.05,0.16952380952380952,0.8161904761904762,0.05187446709775931,1.0
spambase,24,cart_fixed,0.05,0.14952380952380953,0.819047619047619,0.08333730797709546,1.0
spambase,24,mags_tuned,0.05,0.19238095238095237,0.7780952380952381,0.0959165237278072,1.0
spambase,24,cart_tuned_depth,0.05,0.1380952380952381,0.8219047619047619,0.08333730797709546,1.0
spambase,24,cart_pruned,0.05,0.17809523809523808,0.7742857142857142,0.08333730797709546,1.0
spambase,24,noise_augmented_cart,0.05,0.023809523809523808,0.900952380952381,0.23372427346120414,1.0
spambase,26,matched_gini,0.05,0.13714285714285715,0.8257142857142857,0.06553150998319862,1.0
spambase,26,mags_fixed,0.05,0.13714285714285715,0.8257142857142857,0.06553150998319862,1.0
spambase,26,mags_binary_excluded,0.05,0.13714285714285715,0.8257142857142857,0.06553150998319862,1.0
spambase,26,matched_gini_unrestricted,0.05,0.43238095238095237,0.6295238095238095,0.0729115575844799,1.0
spambase,26,mags_fixed_unrestricted,0.05,0.43238095238095237,0.6295238095238095,0.0729115575844799,1.0
spambase,26,cart_fixed,0.05,0.6047619047619047,0.3933333333333333,0.0370825256894122,1.0
spambase,26,mags_tuned,0.05,0.14095238095238094,0.8228571428571428,0.0729115575844799,1.0
spambase,26,cart_tuned_depth,0.05,0.6190476190476191,0.40476190476190477,0.03438846442443971,1.0
spambase,26,cart_pruned,0.05,0.09428571428571429,0.8380952380952381,0.16040542859856569,1.0
spambase,26,noise_augmented_cart,0.05,0.023809523809523808,0.8885714285714286,0.24237901535195863,1.0
spambase,25,matched_gini,0.05,0.07428571428571429,0.8523809523809524,0.17341818127958575,1.0
spambase,25,mags_fixed,0.05,0.07428571428571429,0.8523809523809524,0.17341818127958575,1.0
spambase,25,mags_binary_excluded,0.05,0.07428571428571429,0.8523809523809524,0.17341818127958575,1.0
spambase,25,matched_gini_unrestricted,0.05,0.2542857142857143,0.6904761904761905,0.05335944108602639,1.0
spambase,25,mags_fixed_unrestricted,0.05,0.2542857142857143,0.6904761904761905,0.05335944108602639,1.0
spambase,25,cart_fixed,0.05,0.03238095238095238,0.8847619047619047,0.17341818257867567,1.0
spambase,25,mags_tuned,0.05,0.07238095238095238,0.861904761904762,0.17341818127958575,1.0
spambase,25,cart_tuned_depth,0.05,0.030476190476190476,0.8647619047619047,0.17341818257867567,1.0
spambase,25,cart_pruned,0.05,0.030476190476190476,0.8857142857142857,0.17341818257867567,1.0
spambase,25,noise_augmented_cart,0.05,0.017142857142857144,0.8923809523809524,0.21899071098485154,1.0
spambase,27,matched_gini,0.05,0.12285714285714286,0.8333333333333334,0.16217276305841488,1.0
spambase,27,mags_fixed,0.05,0.12285714285714286,0.8342857142857143,0.16217276305841488,1.0
spambase,27,mags_binary_excluded,0.05,0.12285714285714286,0.8342857142857143,0.16217276305841488,1.0
spambase,27,matched_gini_unrestricted,0.05,0.11333333333333333,0.8295238095238096,0.05405758835280497,1.0
spambase,27,mags_fixed_unrestricted,0.05,0.11333333333333333,0.8314285714285714,0.05405758835280497,1.0
spambase,27,cart_fixed,0.05,0.04285714285714286,0.8876190476190476,0.1621727630315801,1.0
spambase,27,mags_tuned,0.05,0.11142857142857143,0.8161904761904762,0.16217276305841488,1.0
spambase,27,cart_tuned_depth,0.05,0.04857142857142857,0.8847619047619047,0.15936869221103023,1.0
spambase,27,cart_pruned,0.05,0.10380952380952381,0.84,0.1355664888035223,1.0
spambase,27,noise_augmented_cart,0.05,0.02761904761904762,0.8914285714285715,0.2739428340846828,1.0
ionosphere,0,matched_gini,0.05,0.08943089430894309,0.8536585365853658,0.44351384412172296,1.0
ionosphere,0,mags_fixed,0.05,0.04065040650406504,0.8617886178861789,0.7108667449744105,0.9024390243902439
ionosphere,0,mags_binary_excluded,0.05,0.12195121951219512,0.8617886178861789,0.44351384412172296,1.0
ionosphere,0,matched_gini_unrestricted,0.05,0.12195121951219512,0.8292682926829268,0.44351384412172296,1.0
ionosphere,0,mags_fixed_unrestricted,0.05,0.016260162601626018,0.8699186991869918,0.8238963319746498,0.9024390243902439
ionosphere,0,cart_fixed,0.05,0.12195121951219512,0.8536585365853658,0.44351383106419523,1.0
ionosphere,0,mags_tuned,0.05,0.12195121951219512,0.8617886178861789,0.44351384412172296,1.0
ionosphere,0,cart_tuned_depth,0.05,0.17886178861788618,0.7967479674796748,0.44351383106419523,1.0
ionosphere,0,cart_pruned,0.05,0.0975609756097561,0.8292682926829268,0.4710766920377849,1.0
ionosphere,0,noise_augmented_cart,0.05,0.024390243902439025,0.8699186991869918,0.6899040634226813,1.0
ionosphere,1,matched_gini,0.05,0.17886178861788618,0.7886178861788617,0.32965155063909163,1.0
ionosphere,1,mags_fixed,0.05,0.14634146341463414,0.7967479674796748,0.33927312358442036,1.0
ionosphere,1,mags_binary_excluded,0.05,0.1951219512195122,0.7723577235772358,0.3451126933149868,1.0
ionosphere,1,matched_gini_unrestricted,0.05,0.08130081300813008,0.8536585365853658,0.6409319706727948,1.0
ionosphere,1,mags_fixed_unrestricted,0.05,0.06504065040650407,0.8699186991869918,0.571621372897585,1.0
ionosphere,1,cart_fixed,0.05,0.10569105691056911,0.8455284552845529,0.3296515496234996,1.0
ionosphere,1,mags_tuned,0.05,0.25203252032520324,0.7235772357723578,0.45614290168206006,1.0
ionosphere,1,cart_tuned_depth,0.05,0.25203252032520324,0.7235772357723578,0.456142900666468,1.0
ionosphere,1,cart_pruned,0.05,0.25203252032520324,0.7235772357723578,0.456142900666468,1.0
ionosphere,1,noise_augmented_cart,0.05,0.08130081300813008,0.8292682926829268,0.5811004411672592,1.0
ionosphere,2,matched_gini,0.05,0.13008130081300814,0.8536585365853658,0.6351102451526606,1.0
ionosphere,2,mags_fixed,0.05,0.13008130081300814,0.8617886178861789,0.44667712584389074,1.0
ionosphere,2,mags_binary_excluded,0.05,0.14634146341463414,0.8617886178861789,0.6050811173890166,1.0
ionosphere,2,matched_gini_unrestricted,0.05,0.11382113821138211,0.8536585365853658,0.3515157084901792,1.0
ionosphere,2,mags_fixed_unrestricted,0.05,0.12195121951219512,0.8536585365853658,0.28890130672371306,1.0
ionosphere,2,cart_fixed,0.05,0.11382113821138211,0.8699186991869918,0.6351102553804423,1.0
ionosphere,2,mags_tuned,0.05,0.14634146341463414,0.8536585365853658,0.596501193626914,1.0
ionosphere,2,cart_tuned_depth,0.05,0.17886178861788618,0.8455284552845529,0.5996110922879058,1.0
ionosphere,2,cart_pruned,0.05,0.17886178861788618,0.8455284552845529,0.5996110922879058,1.0
ionosphere,2,noise_augmented_cart,0.05,0.08130081300813008,0.926829268292683,0.5952958740830465,1.0
ionosphere,3,matched_gini,0.05,0.18699186991869918,0.7804878048780488,0.43821003592983737,1.0
ionosphere,3,mags_fixed,0.05,0.23577235772357724,0.7886178861788617,0.36559189922941143,1.0
ionosphere,3,mags_binary_excluded,0.05,0.18699186991869918,0.7804878048780488,0.43821003592983737,1.0
ionosphere,3,matched_gini_unrestricted,0.05,0.13821138211382114,0.8617886178861789,0.5671812146199543,1.0
ionosphere,3,mags_fixed_unrestricted,0.05,0.14634146341463414,0.8780487804878049,0.5671812146199543,1.0
ionosphere,3,cart_fixed,0.05,0.14634146341463414,0.8536585365853658,0.6024850824165949,1.0
ionosphere,3,mags_tuned,0.05,0.18699186991869918,0.8292682926829268,0.6871522993057755,0.8943089430894309
ionosphere,3,cart_tuned_depth,0.05,0.2682926829268293,0.7479674796747967,0.5460402814408357,1.0
ionosphere,3,cart_pruned,0.05,0.17073170731707318,0.8536585365853658,0.6024850824165949,1.0
ionosphere,3,noise_augmented_cart,0.05,0.032520325203252036,0.8130081300813008,0.3401526783738537,1.0
ionosphere,4,matched_gini,0.05,0.056910569105691054,0.9105691056910569,0.39110777347223086,1.0
ionosphere,4,mags_fixed,0.05,0.0975609756097561,0.9105691056910569,0.4240539774107859,1.0
ionosphere,4,mags_binary_excluded,0.05,0.0975609756097561,0.9105691056910569,0.4240539774107859,1.0
ionosphere,4,matched_gini_unrestricted,0.05,0.10569105691056911,0.8130081300813008,0.28278579857331815,1.0
ionosphere,4,mags_fixed_unrestricted,0.05,0.08943089430894309,0.8211382113821138,0.3907180010474696,1.0
ionosphere,4,cart_fixed,0.05,0.08130081300813008,0.8455284552845529,0.47598212694879527,1.0
ionosphere,4,mags_tuned,0.05,0.07317073170731707,0.9105691056910569,0.448544091221792,1.0
ionosphere,4,cart_tuned_depth,0.05,0.14634146341463414,0.8455284552845529,0.4485440957237378,1.0
ionosphere,4,cart_pruned,0.05,0.14634146341463414,0.8455284552845529,0.4485440957237378,1.0
ionosphere,4,noise_augmented_cart,0.05,0.0,0.9105691056910569,0.32467410623656495,1.0
ionosphere,5,matched_gini,0.05,0.23577235772357724,0.8373983739837398,0.25683853365465753,1.0
ionosphere,5,mags_fixed,0.05,0.11382113821138211,0.8780487804878049,0.2697233620597963,1.0
ionosphere,5,mags_binary_excluded,0.05,0.08130081300813008,0.9024390243902439,0.6884763083810985,1.0
ionosphere,5,matched_gini_unrestricted,0.05,0.17073170731707318,0.8130081300813008,0.44463713966017304,1.0
ionosphere,5,mags_fixed_unrestricted,0.05,0.08130081300813008,0.8699186991869918,0.4378483543233382,1.0
ionosphere,5,cart_fixed,0.05,0.056910569105691054,0.9186991869918699,0.8330489040398984,1.0
ionosphere,5,mags_tuned,0.05,0.0975609756097561,0.8699186991869918,0.49069384330293586,0.8943089430894309
ionosphere,5,cart_tuned_depth,0.05,0.13821138211382114,0.8373983739837398,0.4840692076651417,1.0
ionosphere,5,cart_pruned,0.05,0.056910569105691054,0.9186991869918699,0.5105066086933855,1.0
ionosphere,5,noise_augmented_cart,0.05,0.0,0.9186991869918699,1.0326024577078599,1.0
ionosphere,6,matched_gini,0.05,0.06504065040650407,0.8455284552845529,0.6505269407306592,1.0
ionosphere,6,mags_fixed,0.05,0.07317073170731707,0.8536585365853658,0.6998649858515895,1.0
ionosphere,6,mags_binary_excluded,0.05,0.06504065040650407,0.8536585365853658,0.7137436406415784,1.0
ionosphere,6,matched_gini_unrestricted,0.05,0.11382113821138211,0.8048780487804879,0.4553570589395272,1.0
ionosphere,6,mags_fixed_unrestricted,0.05,0.08943089430894309,0.8130081300813008,0.5054095773145466,1.0
ionosphere,6,cart_fixed,0.05,0.06504065040650407,0.8617886178861789,0.8309572068101951,1.0
ionosphere,6,mags_tuned,0.05,0.04065040650406504,0.8861788617886179,0.7013081008188761,0.8943089430894309
ionosphere,6,cart_tuned_depth,0.05,0.17073170731707318,0.8130081300813008,0.45535708350752974,1.0
ionosphere,6,cart_pruned,0.05,0.08943089430894309,0.8617886178861789,0.6005724322173962,1.0
ionosphere,6,noise_augmented_cart,0.05,0.04065040650406504,0.8780487804878049,1.0998267055093114,1.0
spambase,29,matched_gini,0.05,0.840952380952381,0.19333333333333333,0.022445178560983242,1.0
spambase,29,mags_fixed,0.05,0.8904761904761904,0.14761904761904762,0.022445178560983242,1.0
spambase,29,mags_binary_excluded,0.05,0.8904761904761904,0.14761904761904762,0.022445178560983242,1.0
spambase,29,matched_gini_unrestricted,0.05,0.8904761904761904,0.17714285714285713,0.025216517282678236,1.0
spambase,29,mags_fixed_unrestricted,0.05,0.8904761904761904,0.17714285714285713,0.025216517282678236,1.0
spambase,29,cart_fixed,0.05,0.4104761904761905,0.58,0.02521651721030599,1.0
spambase,29,mags_tuned,0.05,0.3438095238095238,0.6161904761904762,0.13042286062783423,1.0
spambase,29,cart_tuned_depth,0.05,0.4104761904761905,0.58,0.02521651721030599,1.0
spambase,29,cart_pruned,0.05,0.02095238095238095,0.8895238095238095,0.1304228608133586,1.0
spambase,29,noise_augmented_cart,0.05,0.03238095238095238,0.9019047619047619,0.24022976905459273,1.0
spambase,28,matched_gini,0.05,0.6323809523809524,0.42,0.038742754417544906,1.0
spambase,28,mags_fixed,0.05,0.23333333333333334,0.7571428571428571,0.06450760420111054,1.0
spambase,28,mags_binary_excluded,0.05,0.23333333333333334,0.7571428571428571,0.06450760420111054,1.0
spambase,28,matched_gini_unrestricted,0.05,0.24857142857142858,0.7514285714285714,0.06450760420111054,1.0
spambase,28,mags_fixed_unrestricted,0.05,0.24857142857142858,0.7514285714285714,0.06450760420111054,1.0
spambase,28,cart_fixed,0.05,0.11904761904761904,0.8266666666666667,0.08055867275140863,1.0
spambase,28,mags_tuned,0.05,0.6323809523809524,0.42,0.038742754417544906,1.0
spambase,28,cart_tuned_depth,0.05,0.12857142857142856,0.8266666666666667,0.08055867275140863,1.0
spambase,28,cart_pruned,0.05,0.5009523809523809,0.48857142857142855,0.047404791521710704,1.0
spambase,28,noise_augmented_cart,0.05,0.047619047619047616,0.8914285714285715,0.18531022241256814,1.0
ionosphere,7,matched_gini,0.05,0.18699186991869918,0.7886178861788617,0.27056733755458023,1.0
ionosphere,7,mags_fixed,0.05,0.17073170731707318,0.7886178861788617,0.2962588384759846,1.0
ionosphere,7,mags_binary_excluded,0.05,0.18699186991869918,0.7886178861788617,0.27056733755458023,1.0
ionosphere,7,matched_gini_unrestricted,0.05,0.13008130081300814,0.7886178861788617,0.26649137540599915,1.0
ionosphere,7,mags_fixed_unrestricted,0.05,0.2601626016260163,0.7073170731707317,0.3009267560700717,1.0
ionosphere,7,cart_fixed,0.05,0.17073170731707318,0.7886178861788617,0.27056737566021377,1.0
ionosphere,7,mags_tuned,0.05,0.11382113821138211,0.8699186991869918,0.5572773469203408,0.9186991869918699
ionosphere,7,cart_tuned_depth,0.05,0.17073170731707318,0.8130081300813008,0.5103001873907617,1.0
ionosphere,7,cart_pruned,0.05,0.17886178861788618,0.7886178861788617,0.27056737566021377,1.0
ionosphere,7,noise_augmented_cart,0.05,0.04065040650406504,0.8861788617886179,0.5932995972944484,1.0
ionosphere,8,matched_gini,0.05,0.13008130081300814,0.8455284552845529,0.481240801296767,1.0
ionosphere,8,mags_fixed,0.05,0.07317073170731707,0.8455284552845529,0.6116020473134781,1.0
ionosphere,8,mags_binary_excluded,0.05,0.12195121951219512,0.8211382113821138,0.481240801296767,1.0
ionosphere,8,matched_gini_unrestricted,0.05,0.12195121951219512,0.8536585365853658,0.481240801296767,1.0
ionosphere,8,mags_fixed_unrestricted,0.05,0.056910569105691054,0.8699186991869918,0.6116020473134781,1.0
ionosphere,8,cart_fixed,0.05,0.07317073170731707,0.8861788617886179,0.4085197087533539,1.0
ionosphere,8,mags_tuned,0.05,0.10569105691056911,0.8617886178861789,0.5274000753834135,0.8699186991869918
ionosphere,8,cart_tuned_depth,0.05,0.07317073170731707,0.8943089430894309,0.311370137238045,1.0
ionosphere,8,cart_pruned,0.05,0.06504065040650407,0.8780487804878049,0.5468249843666654,1.0
ionosphere,8,noise_augmented_cart,0.05,0.07317073170731707,0.8617886178861789,0.7468728799532381,1.0
ionosphere,9,matched_gini,0.05,0.11382113821138211,0.8536585365853658,0.2991561765794626,1.0
ionosphere,9,mags_fixed,0.05,0.11382113821138211,0.8536585365853658,0.2991561765794626,1.0
ionosphere,9,mags_binary_excluded,0.05,0.08943089430894309,0.8536585365853658,0.5027180570165903,1.0
ionosphere,9,matched_gini_unrestricted,0.05,0.07317073170731707,0.8373983739837398,0.43756167030769394,1.0
ionosphere,9,mags_fixed_unrestricted,0.05,0.08943089430894309,0.8373983739837398,0.5136920052372649,1.0
ionosphere,9,cart_fixed,0.05,0.008130081300813009,0.9024390243902439,0.2991561779146106,1.0
ionosphere,9,mags_tuned,0.05,0.07317073170731707,0.9024390243902439,0.2991561765794626,0.8780487804878049
ionosphere,9,cart_tuned_depth,0.05,0.008130081300813009,0.9024390243902439,0.2991561779146106,1.0
ionosphere,9,cart_pruned,0.05,0.008130081300813009,0.8861788617886179,0.31381899894938087,1.0
ionosphere,9,noise_augmented_cart,0.05,0.008130081300813009,0.9186991869918699,1.2525711848666587,1.0
ionosphere,10,matched_gini,0.05,0.10569105691056911,0.8455284552845529,0.5631280717598409,1.0
ionosphere,10,mags_fixed,0.05,0.0,0.9349593495934959,1.0735426971111652,0.8861788617886179
ionosphere,10,mags_binary_excluded,0.05,0.10569105691056911,0.8455284552845529,0.5631280717598409,1.0
ionosphere,10,matched_gini_unrestricted,0.05,0.11382113821138211,0.8373983739837398,0.31387442545285776,1.0
ionosphere,10,mags_fixed_unrestricted,0.05,0.016260162601626018,0.9349593495934959,1.0534007737470037,0.8861788617886179
ionosphere,10,cart_fixed,0.05,0.024390243902439025,0.8943089430894309,0.5631280646339292,1.0
ionosphere,10,mags_tuned,0.05,0.0,0.9349593495934959,1.0735426971111652,0.8861788617886179
ionosphere,10,cart_tuned_depth,0.05,0.024390243902439025,0.8943089430894309,0.5631280646339292,1.0
ionosphere,10,cart_pruned,0.05,0.08130081300813008,0.8536585365853658,0.22883365239168285,1.0
ionosphere,10,noise_augmented_cart,0.05,0.008130081300813009,0.9024390243902439,0.7552024848519503,1.0
ionosphere,11,matched_gini,0.05,0.08943089430894309,0.8292682926829268,0.3312631642809832,1.0
ionosphere,11,mags_fixed,0.05,0.008130081300813009,0.8536585365853658,1.0597534000436313,0.9105691056910569
ionosphere,11,mags_binary_excluded,0.05,0.08943089430894309,0.8292682926829268,0.3312631642809832,1.0
ionosphere,11,matched_gini_unrestricted,0.05,0.08943089430894309,0.7804878048780488,0.27007009915097474,1.0
ionosphere,11,mags_fixed_unrestricted,0.05,0.04065040650406504,0.8373983739837398,0.4524887446545762,0.9105691056910569
ionosphere,11,cart_fixed,0.05,0.008130081300813009,0.8455284552845529,0.3312631801977724,1.0
ionosphere,11,mags_tuned,0.05,0.2032520325203252,0.7642276422764228,0.33774128130822517,1.0
ionosphere,11,cart_tuned_depth,0.05,0.032520325203252036,0.8536585365853658,0.3377412999434534,1.0
ionosphere,11,cart_pruned,0.05,0.032520325203252036,0.8536585365853658,0.3377412999434534,1.0
ionosphere,11,noise_augmented_cart,0.05,0.008130081300813009,0.8699186991869918,1.1230215172239486,1.0
ionosphere,12,matched_gini,0.05,0.10569105691056911,0.8373983739837398,0.32124691827178414,1.0
ionosphere,12,mags_fixed,0.05,0.032520325203252036,0.9186991869918699,0.8769249133780718,0.8861788617886179
ionosphere,12,mags_binary_excluded,0.05,0.07317073170731707,0.8455284552845529,0.7538254276431703,1.0
ionosphere,12,matched_gini_unrestricted,0.05,0.0975609756097561,0.8455284552845529,0.2718212283420342,1.0
ionosphere,12,mags_fixed_unrestricted,0.05,0.056910569105691054,0.9024390243902439,0.39212452153279814,0.8861788617886179
ionosphere,12,cart_fixed,0.05,0.0975609756097561,0.8292682926829268,0.6131770349173937,1.0
ionosphere,12,mags_tuned,0.05,0.024390243902439025,0.8943089430894309,1.0651078311341147,0.8861788617886179
ionosphere,12,cart_tuned_depth,0.05,0.22764227642276422,0.7886178861788617,0.3281375174432865,1.0
ionosphere,12,cart_pruned,0.05,0.13008130081300814,0.8373983739837398,0.4357827076721468,1.0
ionosphere,12,noise_augmented_cart,0.05,0.016260162601626018,0.926829268292683,0.8562463114499115,1.0
ionosphere,13,matched_gini,0.05,0.11382113821138211,0.8699186991869918,0.7791950977517833,1.0
ionosphere,13,mags_fixed,0.05,0.024390243902439025,0.9105691056910569,1.2706556798491824,0.8943089430894309
ionosphere,13,mags_binary_excluded,0.05,0.11382113821138211,0.8699186991869918,0.7791950977517833,1.0
ionosphere,13,matched_gini_unrestricted,0.05,0.11382113821138211,0.8699186991869918,0.7791950977517833,1.0
ionosphere,13,mags_fixed_unrestricted,0.05,0.024390243902439025,0.8943089430894309,1.1392623786565328,0.8943089430894309
ionosphere,13,cart_fixed,0.05,0.016260162601626018,0.9186991869918699,0.7791950965609454,1.0
ionosphere,13,mags_tuned,0.05,0.04065040650406504,0.8536585365853658,0.412520045348638,0.8943089430894309
ionosphere,13,cart_tuned_depth,0.05,0.032520325203252036,0.8943089430894309,0.3609719281684512,1.0
ionosphere,13,cart_pruned,0.05,0.032520325203252036,0.8943089430894309,0.3609719281684512,1.0
ionosphere,13,noise_augmented_cart,0.05,0.08130081300813008,0.9024390243902439,0.9371546213418793,1.0
ionosphere,14,matched_gini,0.05,0.12195121951219512,0.8211382113821138,0.41680767261210383,1.0
ionosphere,14,mags_fixed,0.05,0.07317073170731707,0.8292682926829268,0.320663581330036,1.0
ionosphere,14,mags_binary_excluded,0.05,0.11382113821138211,0.8292682926829268,0.37469422509253103,1.0
ionosphere,14,matched_gini_unrestricted,0.05,0.08943089430894309,0.8373983739837398,0.34942998596837443,1.0
ionosphere,14,mags_fixed_unrestricted,0.05,0.08943089430894309,0.8292682926829268,0.30211932063516067,1.0
ionosphere,14,cart_fixed,0.05,0.08943089430894309,0.8130081300813008,0.34635220509685544,1.0
ionosphere,14,mags_tuned,0.05,0.16260162601626016,0.7642276422764228,0.28216717583775813,1.0
ionosphere,14,cart_tuned_depth,0.05,0.17073170731707318,0.8130081300813008,0.4148358786340504,1.0
ionosphere,14,cart_pruned,0.05,0.17073170731707318,0.8130081300813008,0.4148358786340504,1.0
ionosphere,14,noise_augmented_cart,0.05,0.0,0.8699186991869918,1.1283539541166312,1.0
ionosphere,15,matched_gini,0.05,0.25203252032520324,0.7723577235772358,0.4959904071672182,1.0
ionosphere,15,mags_fixed,0.05,0.17073170731707318,0.7804878048780488,0.3823365200737402,1.0
ionosphere,15,mags_binary_excluded,0.05,0.23577235772357724,0.7642276422764228,0.3527969098936234,1.0
ionosphere,15,matched_gini_unrestricted,0.05,0.22764227642276422,0.7723577235772358,0.44365086938643217,1.0
ionosphere,15,mags_fixed_unrestricted,0.05,0.07317073170731707,0.8048780487804879,0.5739086124882046,1.0
ionosphere,15,cart_fixed,0.05,0.22764227642276422,0.7967479674796748,0.49599038484917013,1.0
ionosphere,15,mags_tuned,0.05,0.024390243902439025,0.8292682926829268,1.4094208865919187,0.9186991869918699
ionosphere,15,cart_tuned_depth,0.05,0.22764227642276422,0.7967479674796748,0.49599038484917013,1.0
ionosphere,15,cart_pruned,0.05,0.22764227642276422,0.7967479674796748,0.49599038484917013,1.0
ionosphere,15,noise_augmented_cart,0.05,0.04878048780487805,0.8455284552845529,1.1791059830963957,0.9186991869918699
ionosphere,16,matched_gini,0.05,0.07317073170731707,0.8536585365853658,0.6129098661946064,1.0
ionosphere,16,mags_fixed,0.05,0.11382113821138211,0.8130081300813008,0.4726704117720501,1.0
ionosphere,16,mags_binary_excluded,0.05,0.07317073170731707,0.8455284552845529,0.6511376770941553,1.0
ionosphere,16,matched_gini_unrestricted,0.05,0.07317073170731707,0.8373983739837398,0.6014487069660946,1.0
ionosphere,16,mags_fixed_unrestricted,0.05,0.11382113821138211,0.8048780487804879,0.5126437027547843,1.0
ionosphere,16,cart_fixed,0.05,0.07317073170731707,0.8455284552845529,0.6014486721024629,1.0
ionosphere,16,mags_tuned,0.05,0.0,0.8699186991869918,1.4776113746282316,0.8861788617886179
ionosphere,16,cart_tuned_depth,0.05,0.08130081300813008,0.8455284552845529,0.5302515837241049,1.0
ionosphere,16,cart_pruned,0.05,0.07317073170731707,0.8455284552845529,0.6014486721024629,1.0
ionosphere,16,noise_augmented_cart,0.05,0.11382113821138211,0.8699186991869918,0.9171646446583405,1.0
ionosphere,17,matched_gini,0.05,0.06504065040650407,0.8861788617886179,0.5219724220680831,1.0
ionosphere,17,mags_fixed,0.05,0.08943089430894309,0.8861788617886179,0.5248417930171526,1.0
ionosphere,17,mags_binary_excluded,0.05,0.06504065040650407,0.8861788617886179,0.5219724220680831,1.0
ionosphere,17,matched_gini_unrestricted,0.05,0.08130081300813008,0.8455284552845529,0.36851557391267986,1.0
ionosphere,17,mags_fixed_unrestricted,0.05,0.08943089430894309,0.8455284552845529,0.36851557391267986,1.0
ionosphere,17,cart_fixed,0.05,0.0,0.9024390243902439,0.5219724304971467,1.0
ionosphere,17,mags_tuned,0.05,0.032520325203252036,0.9349593495934959,0.45071284308287834,0.8699186991869918
ionosphere,17,cart_tuned_depth,0.05,0.008130081300813009,0.9186991869918699,0.5983746372827807,1.0
ionosphere,17,cart_pruned,0.05,0.008130081300813009,0.9105691056910569,0.5138267716020883,1.0
ionosphere,17,noise_augmented_cart,0.05,0.032520325203252036,0.8943089430894309,0.4688079771130498,1.0
ionosphere,18,matched_gini,0.05,0.10569105691056911,0.8780487804878049,0.6964474110195235,1.0
ionosphere,18,mags_fixed,0.05,0.0,0.9105691056910569,1.2494329030371367,0.8780487804878049
ionosphere,18,mags_binary_excluded,0.05,0.08943089430894309,0.8699186991869918,0.5945005272251694,1.0
ionosphere,18,matched_gini_unrestricted,0.05,0.08943089430894309,0.8699186991869918,1.0463062765342204,1.0
ionosphere,18,mags_fixed_unrestricted,0.05,0.04878048780487805,0.8861788617886179,1.316862761143672,0.8780487804878049
ionosphere,18,cart_fixed,0.05,0.08130081300813008,0.8536585365853658,0.5945005299205773,1.0
ionosphere,18,mags_tuned,0.05,0.008130081300813009,0.8455284552845529,1.0771315564675137,1.0
ionosphere,18,cart_tuned_depth,0.05,0.21138211382113822,0.7886178861788617,0.33886386056455836,1.0
ionosphere,18,cart_pruned,0.05,0.0975609756097561,0.8130081300813008,0.8892735070795577,1.0
ionosphere,18,noise_augmented_cart,0.05,0.0,0.8780487804878049,1.1967076624620234,1.0
ionosphere,19,matched_gini,0.05,0.08130081300813008,0.8536585365853658,0.492002340193054,1.0
ionosphere,19,mags_fixed,0.05,0.0,0.8699186991869918,1.0366266327788936,0.9105691056910569
ionosphere,19,mags_binary_excluded,0.05,0.08130081300813008,0.8536585365853658,0.492002340193054,1.0
ionosphere,19,matched_gini_unrestricted,0.05,0.06504065040650407,0.8292682926829268,0.4046322697473339,1.0
ionosphere,19,mags_fixed_unrestricted,0.05,0.0,0.8699186991869918,1.0620400642242145,0.9105691056910569
ionosphere,19,cart_fixed,0.05,0.08130081300813008,0.8536585365853658,0.49200234090702466,1.0
ionosphere,19,mags_tuned,0.05,0.0,0.8943089430894309,0.9338464667003993,0.9105691056910569
ionosphere,19,cart_tuned_depth,0.05,0.08130081300813008,0.8536585365853658,0.49200234090702466,1.0
ionosphere,19,cart_pruned,0.05,0.04878048780487805,0.8780487804878049,0.38407541384935817,1.0
ionosphere,19,noise_augmented_cart,0.05,0.0,0.8780487804878049,1.0222167567040477,1.0
ionosphere,20,matched_gini,0.05,0.11382113821138211,0.8292682926829268,0.5847115561594791,1.0
ionosphere,20,mags_fixed,0.05,0.11382113821138211,0.8292682926829268,0.5847115561594791,1.0
ionosphere,20,mags_binary_excluded,0.05,0.11382113821138211,0.8292682926829268,0.5847115561594791,1.0
ionosphere,20,matched_gini_unrestricted,0.05,0.11382113821138211,0.8211382113821138,0.5719479604685664,1.0
ionosphere,20,mags_fixed_unrestricted,0.05,0.11382113821138211,0.8211382113821138,0.5719479604685664,1.0
ionosphere,20,cart_fixed,0.05,0.13008130081300814,0.8292682926829268,0.5374590697039149,1.0
ionosphere,20,mags_tuned,0.05,0.11382113821138211,0.8699186991869918,0.5743313286163522,0.8455284552845529
ionosphere,20,cart_tuned_depth,0.05,0.18699186991869918,0.7967479674796748,0.4397296577888627,1.0
ionosphere,20,cart_pruned,0.05,0.18699186991869918,0.7967479674796748,0.4397296577888627,1.0
ionosphere,20,noise_augmented_cart,0.05,0.008130081300813009,0.9105691056910569,0.8980220470345428,1.0
ionosphere,21,matched_gini,0.05,0.15447154471544716,0.8373983739837398,0.36663101055536024,1.0
ionosphere,21,mags_fixed,0.05,0.032520325203252036,0.8617886178861789,0.49196786857908925,0.8780487804878049
ionosphere,21,mags_binary_excluded,0.05,0.13821138211382114,0.8455284552845529,0.4438326114383357,1.0
ionosphere,21,matched_gini_unrestricted,0.05,0.13821138211382114,0.8536585365853658,0.46793368905576965,1.0
ionosphere,21,mags_fixed_unrestricted,0.05,0.016260162601626018,0.8943089430894309,1.1000918006840656,0.8780487804878049
ionosphere,21,cart_fixed,0.05,0.11382113821138211,0.8699186991869918,0.44383260124884466,1.0
ionosphere,21,mags_tuned,0.05,0.032520325203252036,0.8699186991869918,0.49423111079105275,0.8780487804878049
ionosphere,21,cart_tuned_depth,0.05,0.08943089430894309,0.8536585365853658,0.5773462009809981,1.0
ionosphere,21,cart_pruned,0.05,0.11382113821138211,0.8455284552845529,0.3655204624786636,1.0
ionosphere,21,noise_augmented_cart,0.05,0.008130081300813009,0.8780487804878049,0.5314980436411677,1.0
ionosphere,22,matched_gini,0.05,0.0975609756097561,0.8455284552845529,0.5909825389613399,1.0
ionosphere,22,mags_fixed,0.05,0.08943089430894309,0.8536585365853658,0.5741704405326343,1.0
ionosphere,22,mags_binary_excluded,0.05,0.0975609756097561,0.8455284552845529,0.5909825389613399,1.0
ionosphere,22,matched_gini_unrestricted,0.05,0.13008130081300814,0.8292682926829268,0.440847243644318,1.0
ionosphere,22,mags_fixed_unrestricted,0.05,0.08130081300813008,0.8292682926829268,0.4702312422972144,1.0
ionosphere,22,cart_fixed,0.05,0.0975609756097561,0.8455284552845529,0.5582589263370239,1.0
ionosphere,22,mags_tuned,0.05,0.06504065040650407,0.9024390243902439,0.5953750104176364,1.0
ionosphere,22,cart_tuned_depth,0.05,0.12195121951219512,0.8455284552845529,0.510477828970289,1.0
ionosphere,22,cart_pruned,0.05,0.17886178861788618,0.8130081300813008,0.47176848040313785,1.0
ionosphere,22,noise_augmented_cart,0.05,0.04878048780487805,0.8455284552845529,0.45915290725793984,1.0
ionosphere,23,matched_gini,0.05,0.12195121951219512,0.8292682926829268,0.4769009432977454,1.0
ionosphere,23,mags_fixed,0.05,0.008130081300813009,0.8699186991869918,1.1274421291423529,0.9024390243902439
ionosphere,23,mags_binary_excluded,0.05,0.12195121951219512,0.8373983739837398,0.46599713858357183,1.0
ionosphere,23,matched_gini_unrestricted,0.05,0.11382113821138211,0.8048780487804879,0.42236434206359535,1.0
ionosphere,23,mags_fixed_unrestricted,0.05,0.056910569105691054,0.8536585365853658,1.2241077518687935,0.9024390243902439
ionosphere,23,cart_fixed,0.05,0.06504065040650407,0.8292682926829268,0.48081278370909625,1.0
ionosphere,23,mags_tuned,0.05,0.10569105691056911,0.8292682926829268,0.356107815693573,1.0
ionosphere,23,cart_tuned_depth,0.05,0.18699186991869918,0.7886178861788617,0.432507348921141,1.0
ionosphere,23,cart_pruned,0.05,0.18699186991869918,0.7886178861788617,0.432507348921141,1.0
ionosphere,23,noise_augmented_cart,0.05,0.0,0.8780487804878049,0.9467878917807293,0.9024390243902439
ionosphere,24,matched_gini,0.05,0.056910569105691054,0.8211382113821138,0.5420530161185014,1.0
ionosphere,24,mags_fixed,0.05,0.024390243902439025,0.8943089430894309,1.2282515691900802,0.8943089430894309
ionosphere,24,mags_binary_excluded,0.05,0.06504065040650407,0.8373983739837398,0.5420530161185014,1.0
ionosphere,24,matched_gini_unrestricted,0.05,0.21138211382113822,0.7317073170731707,0.45661868623302676,1.0
ionosphere,24,mags_fixed_unrestricted,0.05,0.12195121951219512,0.7886178861788617,0.8888791841186686,1.0
ionosphere,24,cart_fixed,0.05,0.04878048780487805,0.8130081300813008,0.5420530230684862,1.0
ionosphere,24,mags_tuned,0.05,0.016260162601626018,0.9186991869918699,0.5420145296519789,0.8943089430894309
ionosphere,24,cart_tuned_depth,0.05,0.21138211382113822,0.7886178861788617,0.3396200657504646,1.0
ionosphere,24,cart_pruned,0.05,0.21138211382113822,0.7886178861788617,0.3396200657504646,1.0
ionosphere,24,noise_augmented_cart,0.05,0.024390243902439025,0.8780487804878049,1.0831983794514102,1.0
ionosphere,25,matched_gini,0.05,0.17886178861788618,0.8292682926829268,0.4436341673235849,1.0
ionosphere,25,mags_fixed,0.05,0.10569105691056911,0.8455284552845529,0.4436341673235849,1.0
ionosphere,25,mags_binary_excluded,0.05,0.10569105691056911,0.8455284552845529,0.4436341673235849,1.0
ionosphere,25,matched_gini_unrestricted,0.05,0.14634146341463414,0.8130081300813008,0.45453629398153267,1.0
ionosphere,25,mags_fixed_unrestricted,0.05,0.14634146341463414,0.8130081300813008,0.45453629398153267,1.0
ionosphere,25,cart_fixed,0.05,0.14634146341463414,0.8617886178861789,0.44363418682007344,1.0
ionosphere,25,mags_tuned,0.05,0.056910569105691054,0.8780487804878049,0.5138867377844855,0.8699186991869918
ionosphere,25,cart_tuned_depth,0.05,0.11382113821138211,0.8699186991869918,0.44363418682007344,1.0
ionosphere,25,cart_pruned,0.05,0.15447154471544716,0.8292682926829268,0.3466262957388908,1.0
ionosphere,25,noise_augmented_cart,0.05,0.016260162601626018,0.8699186991869918,0.6249323426619112,1.0
ionosphere,26,matched_gini,0.05,0.056910569105691054,0.8455284552845529,0.40361640816101874,1.0
ionosphere,26,mags_fixed,0.05,0.0,0.9105691056910569,1.190078613427656,0.959349593495935
ionosphere,26,mags_binary_excluded,0.05,0.056910569105691054,0.8455284552845529,0.40361640816101874,1.0
ionosphere,26,matched_gini_unrestricted,0.05,0.04065040650406504,0.8780487804878049,0.4897440318578161,1.0
ionosphere,26,mags_fixed_unrestricted,0.05,0.032520325203252036,0.8780487804878049,1.2590838079317863,0.959349593495935
ionosphere,26,cart_fixed,0.05,0.056910569105691054,0.8943089430894309,0.41544836372496674,1.0
ionosphere,26,mags_tuned,0.05,0.0,0.9105691056910569,1.190078613427656,0.959349593495935
ionosphere,26,cart_tuned_depth,0.05,0.13821138211382114,0.7886178861788617,0.41544836372496674,1.0
ionosphere,26,cart_pruned,0.05,0.12195121951219512,0.8373983739837398,0.40361643397797686,1.0
ionosphere,26,noise_augmented_cart,0.05,0.0,0.8943089430894309,1.4054788560623563,0.959349593495935
ionosphere,27,matched_gini,0.05,0.13008130081300814,0.8292682926829268,0.35116105091028094,1.0
ionosphere,27,mags_fixed,0.05,0.016260162601626018,0.9024390243902439,1.091418849272601,0.8780487804878049
ionosphere,27,mags_binary_excluded,0.05,0.2032520325203252,0.7479674796747967,0.4499786037213977,1.0
ionosphere,27,matched_gini_unrestricted,0.05,0.13008130081300814,0.8292682926829268,0.35116105091028094,1.0
ionosphere,27,mags_fixed_unrestricted,0.05,0.024390243902439025,0.8943089430894309,0.829436927222081,0.8780487804878049
ionosphere,27,cart_fixed,0.05,0.07317073170731707,0.8455284552845529,0.5146168427606694,1.0
ionosphere,27,mags_tuned,0.05,0.08130081300813008,0.8211382113821138,1.403953099476123,0.8780487804878049
ionosphere,27,cart_tuned_depth,0.05,0.07317073170731707,0.8455284552845529,0.5146168427606694,1.0
ionosphere,27,cart_pruned,0.05,0.056910569105691054,0.8617886178861789,0.39381437073834896,1.0
ionosphere,27,noise_augmented_cart,0.05,0.0,0.9024390243902439,0.9596966261255722,1.0
tic_tac_toe,0,matched_gini,0.05,0.0,0.8928571428571429,,0.0
tic_tac_toe,0,mags_fixed,0.05,0.0,0.8928571428571429,,0.0
tic_tac_toe,0,mags_binary_excluded,0.05,0.0,0.8928571428571429,,0.0
tic_tac_toe,0,matched_gini_unrestricted,0.05,0.0,0.8928571428571429,,0.0
tic_tac_toe,0,mags_fixed_unrestricted,0.05,0.0,0.8928571428571429,,0.0
tic_tac_toe,0,cart_fixed,0.05,0.0,0.8928571428571429,,0.0
tic_tac_toe,0,mags_tuned,0.05,0.0,0.9285714285714286,,0.0
tic_tac_toe,0,cart_tuned_depth,0.05,0.0,0.9255952380952381,,0.0
tic_tac_toe,0,cart_pruned,0.05,0.0,0.9255952380952381,,0.0
tic_tac_toe,0,noise_augmented_cart,0.05,0.0,0.8511904761904762,,0.0
tic_tac_toe,1,matched_gini,0.05,0.0,0.8958333333333334,,0.0
tic_tac_toe,1,mags_fixed,0.05,0.0,0.8958333333333334,,0.0
tic_tac_toe,1,mags_binary_excluded,0.05,0.0,0.8958333333333334,,0.0
tic_tac_toe,1,matched_gini_unrestricted,0.05,0.0,0.8958333333333334,,0.0
tic_tac_toe,1,mags_fixed_unrestricted,0.05,0.0,0.8958333333333334,,0.0
tic_tac_toe,1,cart_fixed,0.05,0.0,0.8958333333333334,,0.0
tic_tac_toe,1,mags_tuned,0.05,0.0,0.9345238095238095,,0.0
tic_tac_toe,1,cart_tuned_depth,0.05,0.0,0.9345238095238095,,0.0
tic_tac_toe,1,cart_pruned,0.05,0.0,0.9375,,0.0
tic_tac_toe,1,noise_augmented_cart,0.05,0.0,0.9196428571428571,,0.0
ionosphere,28,matched_gini,0.05,0.08130081300813008,0.7804878048780488,0.7403675988327668,1.0
ionosphere,28,mags_fixed,0.05,0.0,0.8536585365853658,1.111798404471982,0.9186991869918699
ionosphere,28,mags_binary_excluded,0.05,0.08943089430894309,0.7804878048780488,0.36499628625974523,1.0
ionosphere,28,matched_gini_unrestricted,0.05,0.032520325203252036,0.8780487804878049,0.5205639824929313,1.0
ionosphere,28,mags_fixed_unrestricted,0.05,0.008130081300813009,0.8943089430894309,1.2162938128998773,0.9186991869918699
ionosphere,28,cart_fixed,0.05,0.008130081300813009,0.7886178861788617,0.7403676162148217,1.0
ionosphere,28,mags_tuned,0.05,0.0,0.8536585365853658,1.23616880597999,0.9186991869918699
ionosphere,28,cart_tuned_depth,0.05,0.016260162601626018,0.8048780487804879,0.4567283543154039,1.0
ionosphere,28,cart_pruned,0.05,0.008130081300813009,0.7967479674796748,0.7066921511956672,1.0
ionosphere,28,noise_augmented_cart,0.05,0.016260162601626018,0.8455284552845529,1.0297712610698988,0.9186991869918699
tic_tac_toe,2,matched_gini,0.05,0.0,0.8690476190476191,,0.0
tic_tac_toe,2,mags_fixed,0.05,0.0,0.8690476190476191,,0.0
tic_tac_toe,2,mags_binary_excluded,0.05,0.0,0.8690476190476191,,0.0
tic_tac_toe,2,matched_gini_unrestricted,0.05,0.0,0.8690476190476191,,0.0
tic_tac_toe,2,mags_fixed_unrestricted,0.05,0.0,0.8690476190476191,,0.0
tic_tac_toe,2,cart_fixed,0.05,0.0,0.8690476190476191,,0.0
tic_tac_toe,2,mags_tuned,0.05,0.0,0.8958333333333334,,0.0
tic_tac_toe,2,cart_tuned_depth,0.05,0.0,0.9017857142857143,,0.0
tic_tac_toe,2,cart_pruned,0.05,0.0,0.8988095238095238,,0.0
tic_tac_toe,2,noise_augmented_cart,0.05,0.0,0.8958333333333334,,0.0
tic_tac_toe,3,matched_gini,0.05,0.0,0.9017857142857143,,0.0
tic_tac_toe,3,mags_fixed,0.05,0.0,0.9017857142857143,,0.0
tic_tac_toe,3,mags_binary_excluded,0.05,0.0,0.9017857142857143,,0.0
tic_tac_toe,3,matched_gini_unrestricted,0.05,0.0,0.9017857142857143,,0.0
tic_tac_toe,3,mags_fixed_unrestricted,0.05,0.0,0.9017857142857143,,0.0
tic_tac_toe,3,cart_fixed,0.05,0.0,0.9017857142857143,,0.0
tic_tac_toe,3,mags_tuned,0.05,0.0,0.9285714285714286,,0.0
tic_tac_toe,3,cart_tuned_depth,0.05,0.0,0.9226190476190477,,0.0
tic_tac_toe,3,cart_pruned,0.05,0.0,0.9077380952380952,,0.0
tic_tac_toe,3,noise_augmented_cart,0.05,0.0,0.9017857142857143,,0.0
tic_tac_toe,4,matched_gini,0.05,0.0,0.8869047619047619,,0.0
tic_tac_toe,4,mags_fixed,0.05,0.0,0.8869047619047619,,0.0
tic_tac_toe,4,mags_binary_excluded,0.05,0.0,0.8869047619047619,,0.0
tic_tac_toe,4,matched_gini_unrestricted,0.05,0.0,0.8869047619047619,,0.0
tic_tac_toe,4,mags_fixed_unrestricted,0.05,0.0,0.8869047619047619,,0.0
tic_tac_toe,4,cart_fixed,0.05,0.0,0.8869047619047619,,0.0
tic_tac_toe,4,mags_tuned,0.05,0.0,0.9285714285714286,,0.0
tic_tac_toe,4,cart_tuned_depth,0.05,0.0,0.9285714285714286,,0.0
tic_tac_toe,4,cart_pruned,0.05,0.0,0.9255952380952381,,0.0
tic_tac_toe,4,noise_augmented_cart,0.05,0.0,0.8779761904761905,,0.0
ionosphere,29,matched_gini,0.05,0.06504065040650407,0.8699186991869918,0.4382036497644935,1.0
ionosphere,29,mags_fixed,0.05,0.14634146341463414,0.8536585365853658,0.5013590118600312,1.0
ionosphere,29,mags_binary_excluded,0.05,0.04878048780487805,0.8699186991869918,0.40226663874239615,1.0
ionosphere,29,matched_gini_unrestricted,0.05,0.056910569105691054,0.8780487804878049,0.38813331672613227,1.0
ionosphere,29,mags_fixed_unrestricted,0.05,0.13821138211382114,0.8617886178861789,0.35528119572650213,1.0
ionosphere,29,cart_fixed,0.05,0.04878048780487805,0.8699186991869918,0.43820364203046164,1.0
ionosphere,29,mags_tuned,0.05,0.13821138211382114,0.8861788617886179,0.5524355881254064,0.8617886178861789
ionosphere,29,cart_tuned_depth,0.05,0.1951219512195122,0.8292682926829268,0.43820364203046164,1.0
ionosphere,29,cart_pruned,0.05,0.12195121951219512,0.8699186991869918,0.38666825538277094,1.0
ionosphere,29,noise_augmented_cart,0.05,0.0,0.9186991869918699,0.43714590703050993,1.0
tic_tac_toe,5,matched_gini,0.05,0.0,0.8571428571428571,,0.0
tic_tac_toe,5,mags_fixed,0.05,0.0,0.8571428571428571,,0.0
tic_tac_toe,5,mags_binary_excluded,0.05,0.0,0.8571428571428571,,0.0
tic_tac_toe,5,matched_gini_unrestricted,0.05,0.0,0.8571428571428571,,0.0
tic_tac_toe,5,mags_fixed_unrestricted,0.05,0.0,0.8571428571428571,,0.0
tic_tac_toe,5,cart_fixed,0.05,0.0,0.8571428571428571,,0.0
tic_tac_toe,5,mags_tuned,0.05,0.0,0.8690476190476191,,0.0
tic_tac_toe,5,cart_tuned_depth,0.05,0.0,0.875,,0.0
tic_tac_toe,5,cart_pruned,0.05,0.0,0.9166666666666666,,0.0
tic_tac_toe,5,noise_augmented_cart,0.05,0.0,0.8630952380952381,,0.0
tic_tac_toe,6,matched_gini,0.05,0.0,0.9434523809523809,,0.0
tic_tac_toe,6,mags_fixed,0.05,0.0,0.9434523809523809,,0.0
tic_tac_toe,6,mags_binary_excluded,0.05,0.0,0.9434523809523809,,0.0
tic_tac_toe,6,matched_gini_unrestricted,0.05,0.0,0.9434523809523809,,0.0
tic_tac_toe,6,mags_fixed_unrestricted,0.05,0.0,0.9434523809523809,,0.0
tic_tac_toe,6,cart_fixed,0.05,0.0,0.9434523809523809,,0.0
tic_tac_toe,6,mags_tuned,0.05,0.0,0.9255952380952381,,0.0
tic_tac_toe,6,cart_tuned_depth,0.05,0.0,0.9375,,0.0
tic_tac_toe,6,cart_pruned,0.05,0.0,0.9375,,0.0
tic_tac_toe,6,noise_augmented_cart,0.05,0.0,0.9285714285714286,,0.0
tic_tac_toe,7,matched_gini,0.05,0.0,0.8630952380952381,,0.0
tic_tac_toe,7,mags_fixed,0.05,0.0,0.8630952380952381,,0.0
tic_tac_toe,7,mags_binary_excluded,0.05,0.0,0.8630952380952381,,0.0
tic_tac_toe,7,matched_gini_unrestricted,0.05,0.0,0.8630952380952381,,0.0
tic_tac_toe,7,mags_fixed_unrestricted,0.05,0.0,0.8630952380952381,,0.0
tic_tac_toe,7,cart_fixed,0.05,0.0,0.8630952380952381,,0.0
tic_tac_toe,7,mags_tuned,0.05,0.0,0.8720238095238095,,0.0
tic_tac_toe,7,cart_tuned_depth,0.05,0.0,0.8720238095238095,,0.0
tic_tac_toe,7,cart_pruned,0.05,0.0,0.8779761904761905,,0.0
tic_tac_toe,7,noise_augmented_cart,0.05,0.0,0.8809523809523809,,0.0
tic_tac_toe,8,matched_gini,0.05,0.0,0.8214285714285714,,0.0
tic_tac_toe,8,mags_fixed,0.05,0.0,0.8214285714285714,,0.0
tic_tac_toe,8,mags_binary_excluded,0.05,0.0,0.8214285714285714,,0.0
tic_tac_toe,8,matched_gini_unrestricted,0.05,0.0,0.8214285714285714,,0.0
tic_tac_toe,8,mags_fixed_unrestricted,0.05,0.0,0.8214285714285714,,0.0
tic_tac_toe,8,cart_fixed,0.05,0.0,0.8273809523809523,,0.0
tic_tac_toe,8,mags_tuned,0.05,0.0,0.8690476190476191,,0.0
tic_tac_toe,8,cart_tuned_depth,0.05,0.0,0.8958333333333334,,0.0
tic_tac_toe,8,cart_pruned,0.05,0.0,0.8869047619047619,,0.0
tic_tac_toe,8,noise_augmented_cart,0.05,0.0,0.8095238095238095,,0.0
tic_tac_toe,9,matched_gini,0.05,0.0,0.8988095238095238,,0.0
tic_tac_toe,9,mags_fixed,0.05,0.0,0.8988095238095238,,0.0
tic_tac_toe,9,mags_binary_excluded,0.05,0.0,0.8988095238095238,,0.0
tic_tac_toe,9,matched_gini_unrestricted,0.05,0.0,0.8988095238095238,,0.0
tic_tac_toe,9,mags_fixed_unrestricted,0.05,0.0,0.8988095238095238,,0.0
tic_tac_toe,9,cart_fixed,0.05,0.0,0.8988095238095238,,0.0
tic_tac_toe,9,mags_tuned,0.05,0.0,0.9315476190476191,,0.0
tic_tac_toe,9,cart_tuned_depth,0.05,0.0,0.9345238095238095,,0.0
tic_tac_toe,9,cart_pruned,0.05,0.0,0.9345238095238095,,0.0
tic_tac_toe,9,noise_augmented_cart,0.05,0.0,0.8898809523809523,,0.0
tic_tac_toe,10,matched_gini,0.05,0.0,0.8958333333333334,,0.0
tic_tac_toe,10,mags_fixed,0.05,0.0,0.8958333333333334,,0.0
tic_tac_toe,10,mags_binary_excluded,0.05,0.0,0.8958333333333334,,0.0
tic_tac_toe,10,matched_gini_unrestricted,0.05,0.0,0.8958333333333334,,0.0
tic_tac_toe,10,mags_fixed_unrestricted,0.05,0.0,0.8958333333333334,,0.0
tic_tac_toe,10,cart_fixed,0.05,0.0,0.8958333333333334,,0.0
tic_tac_toe,10,mags_tuned,0.05,0.0,0.9196428571428571,,0.0
tic_tac_toe,10,cart_tuned_depth,0.05,0.0,0.9136904761904762,,0.0
tic_tac_toe,10,cart_pruned,0.05,0.0,0.9404761904761905,,0.0
tic_tac_toe,10,noise_augmented_cart,0.05,0.0,0.8839285714285714,,0.0
tic_tac_toe,11,matched_gini,0.05,0.0,0.8839285714285714,,0.0
tic_tac_toe,11,mags_fixed,0.05,0.0,0.8839285714285714,,0.0
tic_tac_toe,11,mags_binary_excluded,0.05,0.0,0.8839285714285714,,0.0
tic_tac_toe,11,matched_gini_unrestricted,0.05,0.0,0.8839285714285714,,0.0
tic_tac_toe,11,mags_fixed_unrestricted,0.05,0.0,0.8839285714285714,,0.0
tic_tac_toe,11,cart_fixed,0.05,0.0,0.8839285714285714,,0.0
tic_tac_toe,11,mags_tuned,0.05,0.0,0.8839285714285714,,0.0
tic_tac_toe,11,cart_tuned_depth,0.05,0.0,0.8898809523809523,,0.0
tic_tac_toe,11,cart_pruned,0.05,0.0,0.9136904761904762,,0.0
tic_tac_toe,11,noise_augmented_cart,0.05,0.0,0.8839285714285714,,0.0
tic_tac_toe,12,matched_gini,0.05,0.0,0.7886904761904762,,0.0
tic_tac_toe,12,mags_fixed,0.05,0.0,0.7886904761904762,,0.0
tic_tac_toe,12,mags_binary_excluded,0.05,0.0,0.7886904761904762,,0.0
tic_tac_toe,12,matched_gini_unrestricted,0.05,0.0,0.7886904761904762,,0.0
tic_tac_toe,12,mags_fixed_unrestricted,0.05,0.0,0.7886904761904762,,0.0
tic_tac_toe,12,cart_fixed,0.05,0.0,0.7886904761904762,,0.0
tic_tac_toe,12,mags_tuned,0.05,0.0,0.8482142857142857,,0.0
tic_tac_toe,12,cart_tuned_depth,0.05,0.0,0.7886904761904762,,0.0
tic_tac_toe,12,cart_pruned,0.05,0.0,0.8601190476190477,,0.0
tic_tac_toe,12,noise_augmented_cart,0.05,0.0,0.8779761904761905,,0.0
tic_tac_toe,13,matched_gini,0.05,0.0,0.8511904761904762,,0.0
tic_tac_toe,13,mags_fixed,0.05,0.0,0.8511904761904762,,0.0
tic_tac_toe,13,mags_binary_excluded,0.05,0.0,0.8511904761904762,,0.0
tic_tac_toe,13,matched_gini_unrestricted,0.05,0.0,0.8511904761904762,,0.0
tic_tac_toe,13,mags_fixed_unrestricted,0.05,0.0,0.8511904761904762,,0.0
tic_tac_toe,13,cart_fixed,0.05,0.0,0.8511904761904762,,0.0
tic_tac_toe,13,mags_tuned,0.05,0.0,0.8571428571428571,,0.0
tic_tac_toe,13,cart_tuned_depth,0.05,0.0,0.8869047619047619,,0.0
tic_tac_toe,13,cart_pruned,0.05,0.0,0.8988095238095238,,0.0
tic_tac_toe,13,noise_augmented_cart,0.05,0.0,0.8869047619047619,,0.0
tic_tac_toe,14,matched_gini,0.05,0.0,0.8511904761904762,,0.0
tic_tac_toe,14,mags_fixed,0.05,0.0,0.8511904761904762,,0.0
tic_tac_toe,14,mags_binary_excluded,0.05,0.0,0.8511904761904762,,0.0
tic_tac_toe,14,matched_gini_unrestricted,0.05,0.0,0.8511904761904762,,0.0
tic_tac_toe,14,mags_fixed_unrestricted,0.05,0.0,0.8511904761904762,,0.0
tic_tac_toe,14,cart_fixed,0.05,0.0,0.8511904761904762,,0.0
tic_tac_toe,14,mags_tuned,0.05,0.0,0.8988095238095238,,0.0
tic_tac_toe,14,cart_tuned_depth,0.05,0.0,0.8988095238095238,,0.0
tic_tac_toe,14,cart_pruned,0.05,0.0,0.9136904761904762,,0.0
tic_tac_toe,14,noise_augmented_cart,0.05,0.0,0.8630952380952381,,0.0
tic_tac_toe,15,matched_gini,0.05,0.0,0.8452380952380952,,0.0
tic_tac_toe,15,mags_fixed,0.05,0.0,0.8452380952380952,,0.0
tic_tac_toe,15,mags_binary_excluded,0.05,0.0,0.8452380952380952,,0.0
tic_tac_toe,15,matched_gini_unrestricted,0.05,0.0,0.8452380952380952,,0.0
tic_tac_toe,15,mags_fixed_unrestricted,0.05,0.0,0.8452380952380952,,0.0
tic_tac_toe,15,cart_fixed,0.05,0.0,0.8452380952380952,,0.0
tic_tac_toe,15,mags_tuned,0.05,0.0,0.9107142857142857,,0.0
tic_tac_toe,15,cart_tuned_depth,0.05,0.0,0.9107142857142857,,0.0
tic_tac_toe,15,cart_pruned,0.05,0.0,0.9017857142857143,,0.0
tic_tac_toe,15,noise_augmented_cart,0.05,0.0,0.8779761904761905,,0.0
tic_tac_toe,16,matched_gini,0.05,0.0,0.8541666666666666,,0.0
tic_tac_toe,16,mags_fixed,0.05,0.0,0.8541666666666666,,0.0
tic_tac_toe,16,mags_binary_excluded,0.05,0.0,0.8541666666666666,,0.0
tic_tac_toe,16,matched_gini_unrestricted,0.05,0.0,0.8541666666666666,,0.0
tic_tac_toe,16,mags_fixed_unrestricted,0.05,0.0,0.8541666666666666,,0.0
tic_tac_toe,16,cart_fixed,0.05,0.0,0.8541666666666666,,0.0
tic_tac_toe,16,mags_tuned,0.05,0.0,0.9077380952380952,,0.0
tic_tac_toe,16,cart_tuned_depth,0.05,0.0,0.8958333333333334,,0.0
tic_tac_toe,16,cart_pruned,0.05,0.0,0.9136904761904762,,0.0
tic_tac_toe,16,noise_augmented_cart,0.05,0.0,0.8839285714285714,,0.0
tic_tac_toe,17,matched_gini,0.05,0.0,0.8660714285714286,,0.0
tic_tac_toe,17,mags_fixed,0.05,0.0,0.8660714285714286,,0.0
tic_tac_toe,17,mags_binary_excluded,0.05,0.0,0.8660714285714286,,0.0
tic_tac_toe,17,matched_gini_unrestricted,0.05,0.0,0.8660714285714286,,0.0
tic_tac_toe,17,mags_fixed_unrestricted,0.05,0.0,0.8660714285714286,,0.0
tic_tac_toe,17,cart_fixed,0.05,0.0,0.8660714285714286,,0.0
tic_tac_toe,17,mags_tuned,0.05,0.0,0.9047619047619048,,0.0
tic_tac_toe,17,cart_tuned_depth,0.05,0.0,0.9107142857142857,,0.0
tic_tac_toe,17,cart_pruned,0.05,0.0,0.8065476190476191,,0.0
tic_tac_toe,17,noise_augmented_cart,0.05,0.0,0.8571428571428571,,0.0
tic_tac_toe,18,matched_gini,0.05,0.0,0.8839285714285714,,0.0
tic_tac_toe,18,mags_fixed,0.05,0.0,0.8839285714285714,,0.0
tic_tac_toe,18,mags_binary_excluded,0.05,0.0,0.8839285714285714,,0.0
tic_tac_toe,18,matched_gini_unrestricted,0.05,0.0,0.8839285714285714,,0.0
tic_tac_toe,18,mags_fixed_unrestricted,0.05,0.0,0.8839285714285714,,0.0
tic_tac_toe,18,cart_fixed,0.05,0.0,0.8839285714285714,,0.0
tic_tac_toe,18,mags_tuned,0.05,0.0,0.9077380952380952,,0.0
tic_tac_toe,18,cart_tuned_depth,0.05,0.0,0.9136904761904762,,0.0
tic_tac_toe,18,cart_pruned,0.05,0.0,0.9315476190476191,,0.0
tic_tac_toe,18,noise_augmented_cart,0.05,0.0,0.8839285714285714,,0.0
tic_tac_toe,19,matched_gini,0.05,0.0,0.8958333333333334,,0.0
tic_tac_toe,19,mags_fixed,0.05,0.0,0.8958333333333334,,0.0
tic_tac_toe,19,mags_binary_excluded,0.05,0.0,0.8958333333333334,,0.0
tic_tac_toe,19,matched_gini_unrestricted,0.05,0.0,0.8958333333333334,,0.0
tic_tac_toe,19,mags_fixed_unrestricted,0.05,0.0,0.8958333333333334,,0.0
tic_tac_toe,19,cart_fixed,0.05,0.0,0.8958333333333334,,0.0
tic_tac_toe,19,mags_tuned,0.05,0.0,0.9136904761904762,,0.0
tic_tac_toe,19,cart_tuned_depth,0.05,0.0,0.9136904761904762,,0.0
tic_tac_toe,19,cart_pruned,0.05,0.0,0.9107142857142857,,0.0
tic_tac_toe,19,noise_augmented_cart,0.05,0.0,0.8958333333333334,,0.0
tic_tac_toe,20,matched_gini,0.05,0.0,0.8630952380952381,,0.0
tic_tac_toe,20,mags_fixed,0.05,0.0,0.8630952380952381,,0.0
tic_tac_toe,20,mags_binary_excluded,0.05,0.0,0.8630952380952381,,0.0
tic_tac_toe,20,matched_gini_unrestricted,0.05,0.0,0.8630952380952381,,0.0
tic_tac_toe,20,mags_fixed_unrestricted,0.05,0.0,0.8630952380952381,,0.0
tic_tac_toe,20,cart_fixed,0.05,0.0,0.8630952380952381,,0.0
tic_tac_toe,20,mags_tuned,0.05,0.0,0.8779761904761905,,0.0
tic_tac_toe,20,cart_tuned_depth,0.05,0.0,0.8869047619047619,,0.0
tic_tac_toe,20,cart_pruned,0.05,0.0,0.8869047619047619,,0.0
tic_tac_toe,20,noise_augmented_cart,0.05,0.0,0.8392857142857143,,0.0
tic_tac_toe,21,matched_gini,0.05,0.0,0.8482142857142857,,0.0
tic_tac_toe,21,mags_fixed,0.05,0.0,0.8482142857142857,,0.0
tic_tac_toe,21,mags_binary_excluded,0.05,0.0,0.8482142857142857,,0.0
tic_tac_toe,21,matched_gini_unrestricted,0.05,0.0,0.8482142857142857,,0.0
tic_tac_toe,21,mags_fixed_unrestricted,0.05,0.0,0.8482142857142857,,0.0
tic_tac_toe,21,cart_fixed,0.05,0.0,0.8452380952380952,,0.0
tic_tac_toe,21,mags_tuned,0.05,0.0,0.8928571428571429,,0.0
tic_tac_toe,21,cart_tuned_depth,0.05,0.0,0.9226190476190477,,0.0
tic_tac_toe,21,cart_pruned,0.05,0.0,0.9285714285714286,,0.0
tic_tac_toe,21,noise_augmented_cart,0.05,0.0,0.8809523809523809,,0.0
tic_tac_toe,22,matched_gini,0.05,0.0,0.9315476190476191,,0.0
tic_tac_toe,22,mags_fixed,0.05,0.0,0.9315476190476191,,0.0
tic_tac_toe,22,mags_binary_excluded,0.05,0.0,0.9315476190476191,,0.0
tic_tac_toe,22,matched_gini_unrestricted,0.05,0.0,0.9315476190476191,,0.0
tic_tac_toe,22,mags_fixed_unrestricted,0.05,0.0,0.9315476190476191,,0.0
tic_tac_toe,22,cart_fixed,0.05,0.0,0.9315476190476191,,0.0
tic_tac_toe,22,mags_tuned,0.05,0.0,0.9375,,0.0
tic_tac_toe,22,cart_tuned_depth,0.05,0.0,0.9315476190476191,,0.0
tic_tac_toe,22,cart_pruned,0.05,0.0,0.9434523809523809,,0.0
tic_tac_toe,22,noise_augmented_cart,0.05,0.0,0.9285714285714286,,0.0
tic_tac_toe,23,matched_gini,0.05,0.0,0.8690476190476191,,0.0
tic_tac_toe,23,mags_fixed,0.05,0.0,0.8690476190476191,,0.0
tic_tac_toe,23,mags_binary_excluded,0.05,0.0,0.8690476190476191,,0.0
tic_tac_toe,23,matched_gini_unrestricted,0.05,0.0,0.8690476190476191,,0.0
tic_tac_toe,23,mags_fixed_unrestricted,0.05,0.0,0.8690476190476191,,0.0
tic_tac_toe,23,cart_fixed,0.05,0.0,0.8690476190476191,,0.0
tic_tac_toe,23,mags_tuned,0.05,0.0,0.9047619047619048,,0.0
tic_tac_toe,23,cart_tuned_depth,0.05,0.0,0.9017857142857143,,0.0
tic_tac_toe,23,cart_pruned,0.05,0.0,0.9077380952380952,,0.0
tic_tac_toe,23,noise_augmented_cart,0.05,0.0,0.8869047619047619,,0.0
tic_tac_toe,24,matched_gini,0.05,0.0,0.8660714285714286,,0.0
tic_tac_toe,24,mags_fixed,0.05,0.0,0.8660714285714286,,0.0
tic_tac_toe,24,mags_binary_excluded,0.05,0.0,0.8660714285714286,,0.0
tic_tac_toe,24,matched_gini_unrestricted,0.05,0.0,0.8660714285714286,,0.0
tic_tac_toe,24,mags_fixed_unrestricted,0.05,0.0,0.8660714285714286,,0.0
tic_tac_toe,24,cart_fixed,0.05,0.0,0.8660714285714286,,0.0
tic_tac_toe,24,mags_tuned,0.05,0.0,0.8720238095238095,,0.0
tic_tac_toe,24,cart_tuned_depth,0.05,0.0,0.8690476190476191,,0.0
tic_tac_toe,24,cart_pruned,0.05,0.0,0.8720238095238095,,0.0
tic_tac_toe,24,noise_augmented_cart,0.05,0.0,0.9017857142857143,,0.0
tic_tac_toe,25,matched_gini,0.05,0.0,0.8541666666666666,,0.0
tic_tac_toe,25,mags_fixed,0.05,0.0,0.8541666666666666,,0.0
tic_tac_toe,25,mags_binary_excluded,0.05,0.0,0.8541666666666666,,0.0
tic_tac_toe,25,matched_gini_unrestricted,0.05,0.0,0.8541666666666666,,0.0
tic_tac_toe,25,mags_fixed_unrestricted,0.05,0.0,0.8541666666666666,,0.0
tic_tac_toe,25,cart_fixed,0.05,0.0,0.8541666666666666,,0.0
tic_tac_toe,25,mags_tuned,0.05,0.0,0.8541666666666666,,0.0
tic_tac_toe,25,cart_tuned_depth,0.05,0.0,0.9047619047619048,,0.0
tic_tac_toe,25,cart_pruned,0.05,0.0,0.9107142857142857,,0.0
tic_tac_toe,25,noise_augmented_cart,0.05,0.0,0.9017857142857143,,0.0
tic_tac_toe,26,matched_gini,0.05,0.0,0.8809523809523809,,0.0
tic_tac_toe,26,mags_fixed,0.05,0.0,0.8809523809523809,,0.0
tic_tac_toe,26,mags_binary_excluded,0.05,0.0,0.8809523809523809,,0.0
tic_tac_toe,26,matched_gini_unrestricted,0.05,0.0,0.8809523809523809,,0.0
tic_tac_toe,26,mags_fixed_unrestricted,0.05,0.0,0.8809523809523809,,0.0
tic_tac_toe,26,cart_fixed,0.05,0.0,0.8809523809523809,,0.0
tic_tac_toe,26,mags_tuned,0.05,0.0,0.9434523809523809,,0.0
tic_tac_toe,26,cart_tuned_depth,0.05,0.0,0.9434523809523809,,0.0
tic_tac_toe,26,cart_pruned,0.05,0.0,0.9375,,0.0
tic_tac_toe,26,noise_augmented_cart,0.05,0.0,0.8660714285714286,,0.0
tic_tac_toe,27,matched_gini,0.05,0.0,0.8571428571428571,,0.0
tic_tac_toe,27,mags_fixed,0.05,0.0,0.8571428571428571,,0.0
tic_tac_toe,27,mags_binary_excluded,0.05,0.0,0.8571428571428571,,0.0
tic_tac_toe,27,matched_gini_unrestricted,0.05,0.0,0.8571428571428571,,0.0
tic_tac_toe,27,mags_fixed_unrestricted,0.05,0.0,0.8571428571428571,,0.0
tic_tac_toe,27,cart_fixed,0.05,0.0,0.8452380952380952,,0.0
tic_tac_toe,27,mags_tuned,0.05,0.0,0.8869047619047619,,0.0
tic_tac_toe,27,cart_tuned_depth,0.05,0.0,0.875,,0.0
tic_tac_toe,27,cart_pruned,0.05,0.0,0.875,,0.0
tic_tac_toe,27,noise_augmented_cart,0.05,0.0,0.8839285714285714,,0.0
tic_tac_toe,28,matched_gini,0.05,0.0,0.8869047619047619,,0.0
tic_tac_toe,28,mags_fixed,0.05,0.0,0.8869047619047619,,0.0
tic_tac_toe,28,mags_binary_excluded,0.05,0.0,0.8869047619047619,,0.0
tic_tac_toe,28,matched_gini_unrestricted,0.05,0.0,0.8869047619047619,,0.0
tic_tac_toe,28,mags_fixed_unrestricted,0.05,0.0,0.8869047619047619,,0.0
tic_tac_toe,28,cart_fixed,0.05,0.0,0.8869047619047619,,0.0
tic_tac_toe,28,mags_tuned,0.05,0.0,0.9017857142857143,,0.0
tic_tac_toe,28,cart_tuned_depth,0.05,0.0,0.9017857142857143,,0.0
tic_tac_toe,28,cart_pruned,0.05,0.0,0.8869047619047619,,0.0
tic_tac_toe,28,noise_augmented_cart,0.05,0.0,0.8452380952380952,,0.0
tic_tac_toe,29,matched_gini,0.05,0.0,0.8988095238095238,,0.0
tic_tac_toe,29,mags_fixed,0.05,0.0,0.8988095238095238,,0.0
tic_tac_toe,29,mags_binary_excluded,0.05,0.0,0.8988095238095238,,0.0
tic_tac_toe,29,matched_gini_unrestricted,0.05,0.0,0.8988095238095238,,0.0
tic_tac_toe,29,mags_fixed_unrestricted,0.05,0.0,0.8988095238095238,,0.0
tic_tac_toe,29,cart_fixed,0.05,0.0,0.8988095238095238,,0.0
tic_tac_toe,29,mags_tuned,0.05,0.0,0.9077380952380952,,0.0
tic_tac_toe,29,cart_tuned_depth,0.05,0.0,0.8988095238095238,,0.0
tic_tac_toe,29,cart_pruned,0.05,0.0,0.9226190476190477,,0.0
tic_tac_toe,29,noise_augmented_cart,0.05,0.0,0.8809523809523809,,0.0
vehicle,0,matched_gini,0.05,0.10774410774410774,0.6161616161616161,0.11534195930677701,1.0
vehicle,0,mags_fixed,0.05,0.050505050505050504,0.6363636363636364,0.18240349358050922,1.0
vehicle,0,mags_binary_excluded,0.05,0.050505050505050504,0.6363636363636364,0.18240349358050922,1.0
vehicle,0,matched_gini_unrestricted,0.05,0.10774410774410774,0.6094276094276094,0.11534195930677701,1.0
vehicle,0,mags_fixed_unrestricted,0.05,0.050505050505050504,0.6296296296296297,0.18240349458050922,1.0
vehicle,0,cart_fixed,0.05,0.07407407407407407,0.5925925925925926,0.11534195749883398,1.0
vehicle,0,mags_tuned,0.05,0.03367003367003367,0.622895622895623,0.1904606182190252,1.0
vehicle,0,cart_tuned_depth,0.05,0.013468013468013467,0.6026936026936027,0.19360096150096284,1.0
vehicle,0,cart_pruned,0.05,0.06060606060606061,0.6060606060606061,0.12021346040151537,1.0
vehicle,0,noise_augmented_cart,0.05,0.1111111111111111,0.67003367003367,0.17947655030644583,1.0
vehicle,1,matched_gini,0.05,0.07744107744107744,0.6531986531986532,0.18311597400442325,1.0
vehicle,1,mags_fixed,0.05,0.050505050505050504,0.6599326599326599,0.19347592593796636,1.0
vehicle,1,mags_binary_excluded,0.05,0.050505050505050504,0.6599326599326599,0.19347592593796636,1.0
vehicle,1,matched_gini_unrestricted,0.05,0.05387205387205387,0.6531986531986532,0.19347592593796625,1.0
vehicle,1,mags_fixed_unrestricted,0.05,0.050505050505050504,0.6599326599326599,0.19347592593796636,1.0
vehicle,1,cart_fixed,0.05,0.07407407407407407,0.6498316498316499,0.15656162685346486,1.0
vehicle,1,mags_tuned,0.05,0.1111111111111111,0.6363636363636364,0.10445648740442831,1.0
vehicle,1,cart_tuned_depth,0.05,0.10437710437710437,0.622895622895623,0.10445648968832116,1.0
vehicle,1,cart_pruned,0.05,0.07407407407407407,0.6767676767676768,0.15656162685346486,1.0
vehicle,1,noise_augmented_cart,0.05,0.08080808080808081,0.6632996632996633,0.1767142640435233,1.0
vehicle,2,matched_gini,0.05,0.12794612794612795,0.6060606060606061,0.119874780094742,1.0
vehicle,2,mags_fixed,0.05,0.06060606060606061,0.6296296296296297,0.18830075010280278,1.0
vehicle,2,mags_binary_excluded,0.05,0.06060606060606061,0.6296296296296297,0.18830075010280278,1.0
vehicle,2,matched_gini_unrestricted,0.05,0.15151515151515152,0.6397306397306397,0.15989789681132685,1.0
vehicle,2,mags_fixed_unrestricted,0.05,0.11784511784511785,0.6363636363636364,0.18830075110280278,1.0
vehicle,2,cart_fixed,0.05,0.07744107744107744,0.6195286195286195,0.15989790074264967,1.0
vehicle,2,mags_tuned,0.05,0.1414141414141414,0.5959595959595959,0.119874779094742,1.0
vehicle,2,cart_tuned_depth,0.05,0.050505050505050504,0.5791245791245792,0.20400766510439497,1.0
vehicle,2,cart_pruned,0.05,0.07744107744107744,0.6060606060606061,0.14249494132303486,1.0
vehicle,2,noise_augmented_cart,0.05,0.05723905723905724,0.6936026936026936,0.21306468519793142,1.0
vehicle,3,matched_gini,0.05,0.0707070707070707,0.6464646464646465,0.14990254201339537,1.0
vehicle,3,mags_fixed,0.05,0.06397306397306397,0.6464646464646465,0.17252934080787008,1.0
vehicle,3,mags_binary_excluded,0.05,0.06397306397306397,0.6464646464646465,0.17252934080787008,1.0
vehicle,3,matched_gini_unrestricted,0.05,0.08417508417508418,0.6498316498316499,0.13323534843424778,1.0
vehicle,3,mags_fixed_unrestricted,0.05,0.037037037037037035,0.6565656565656566,0.1918940535341117,1.0
vehicle,3,cart_fixed,0.05,0.06060606060606061,0.6632996632996633,0.13293244756686262,1.0
vehicle,3,mags_tuned,0.05,0.07744107744107744,0.696969696969697,0.18331098823389794,1.0
vehicle,3,cart_tuned_depth,0.05,0.026936026936026935,0.6296296296296297,0.18949944455304946,1.0
vehicle,3,cart_pruned,0.05,0.050505050505050504,0.6565656565656566,0.17476375040290573,1.0
vehicle,3,noise_augmented_cart,0.05,0.06060606060606061,0.67003367003367,0.20730899321645105,1.0
vehicle,4,matched_gini,0.05,0.06060606060606061,0.6734006734006734,0.14799103467409327,1.0
vehicle,4,mags_fixed,0.05,0.04040404040404041,0.67003367003367,0.1909277079054108,1.0
vehicle,4,mags_binary_excluded,0.05,0.04040404040404041,0.67003367003367,0.1909277079054108,1.0
vehicle,4,matched_gini_unrestricted,0.05,0.0707070707070707,0.6632996632996633,0.1479910336740934,1.0
vehicle,4,mags_fixed_unrestricted,0.05,0.037037037037037035,0.6531986531986532,0.19177312169911753,1.0
vehicle,4,cart_fixed,0.05,0.04377104377104377,0.6902356902356902,0.1479910242956194,1.0
vehicle,4,mags_tuned,0.05,0.02356902356902357,0.6430976430976431,0.1909277079054108,1.0
vehicle,4,cart_tuned_depth,0.05,0.04377104377104377,0.6902356902356902,0.1479910242956194,1.0
vehicle,4,cart_pruned,0.05,0.037037037037037035,0.6565656565656566,0.17591386083790117,1.0
vehicle,4,noise_augmented_cart,0.05,0.0707070707070707,0.6868686868686869,0.13951899425829262,1.0
vehicle,6,matched_gini,0.05,0.0707070707070707,0.6632996632996633,0.19080092049026448,1.0
vehicle,6,mags_fixed,0.05,0.08417508417508418,0.6397306397306397,0.19080092049026448,1.0
vehicle,6,mags_binary_excluded,0.05,0.08417508417508418,0.6397306397306397,0.19080092049026448,1.0
vehicle,6,matched_gini_unrestricted,0.05,0.0707070707070707,0.6632996632996633,0.19080092049026448,1.0
vehicle,6,mags_fixed_unrestricted,0.05,0.08417508417508418,0.6397306397306397,0.19080092049026448,1.0
vehicle,6,cart_fixed,0.05,0.04377104377104377,0.67003367003367,0.19080090415968678,1.0
vehicle,6,mags_tuned,0.05,0.09090909090909091,0.6464646464646465,0.18042420707284879,1.0
vehicle,6,cart_tuned_depth,0.05,0.04377104377104377,0.67003367003367,0.19080090415968678,1.0
vehicle,6,cart_pruned,0.05,0.05723905723905724,0.6868686868686869,0.16485441615762012,1.0
vehicle,6,noise_augmented_cart,0.05,0.06397306397306397,0.6666666666666666,0.18912918048285793,1.0
vehicle,7,matched_gini,0.05,0.08754208754208755,0.67003367003367,0.17696061541221356,1.0
vehicle,7,mags_fixed,0.05,0.10774410774410774,0.6531986531986532,0.1964145741876939,1.0
vehicle,7,mags_binary_excluded,0.05,0.10774410774410774,0.6531986531986532,0.1964145741876939,1.0
vehicle,7,matched_gini_unrestricted,0.05,0.08080808080808081,0.6767676767676768,0.1964145741876939,1.0
vehicle,7,mags_fixed_unrestricted,0.05,0.10774410774410774,0.6531986531986532,0.1964145741876939,1.0
vehicle,7,cart_fixed,0.05,0.050505050505050504,0.6835016835016835,0.1769606322995875,1.0
vehicle,7,mags_tuned,0.05,0.12794612794612795,0.6397306397306397,0.10617636864732827,1.0
vehicle,7,cart_tuned_depth,0.05,0.0707070707070707,0.67003367003367,0.11055534278097667,1.0
vehicle,7,cart_pruned,0.05,0.06397306397306397,0.6599326599326599,0.19575043285822913,1.0
vehicle,7,noise_augmented_cart,0.05,0.11447811447811448,0.67003367003367,0.20233042444767083,1.0
vehicle,5,matched_gini,0.05,0.05723905723905724,0.6835016835016835,0.11344127908715715,1.0
vehicle,5,mags_fixed,0.05,0.06397306397306397,0.6835016835016835,0.11344127908715715,1.0
vehicle,5,mags_binary_excluded,0.05,0.06397306397306397,0.6835016835016835,0.11344127908715715,1.0
vehicle,5,matched_gini_unrestricted,0.05,0.06734006734006734,0.6734006734006734,0.11344127908715715,1.0
vehicle,5,mags_fixed_unrestricted,0.05,0.06397306397306397,0.6835016835016835,0.11344127908715715,1.0
vehicle,5,cart_fixed,0.05,0.04040404040404041,0.6599326599326599,0.11344128543047646,1.0
vehicle,5,mags_tuned,0.05,0.05723905723905724,0.6835016835016835,0.11344127908715715,1.0
vehicle,5,cart_tuned_depth,0.05,0.026936026936026935,0.6599326599326599,0.1276008251541656,1.0
vehicle,5,cart_pruned,0.05,0.026936026936026935,0.67003367003367,0.11344128543047646,1.0
vehicle,5,noise_augmented_cart,0.05,0.08417508417508418,0.6531986531986532,0.16794299032449736,1.0
vehicle,8,matched_gini,0.05,0.08417508417508418,0.696969696969697,0.16833181328490143,1.0
vehicle,8,mags_fixed,0.05,0.05387205387205387,0.6936026936026936,0.18704048919299798,1.0
vehicle,8,mags_binary_excluded,0.05,0.05387205387205387,0.6936026936026936,0.18704048919299798,1.0
vehicle,8,matched_gini_unrestricted,0.05,0.09090909090909091,0.6734006734006734,0.1462555109032749,1.0
vehicle,8,mags_fixed_unrestricted,0.05,0.09427609427609428,0.6801346801346801,0.1628127384394947,1.0
vehicle,8,cart_fixed,0.05,0.03367003367003367,0.6868686868686869,0.15177458053990478,1.0
vehicle,8,mags_tuned,0.05,0.09764309764309764,0.6632996632996633,0.1026006674484288,1.0
vehicle,8,cart_tuned_depth,0.05,0.04377104377104377,0.6936026936026936,0.12417920131287175,1.0
vehicle,8,cart_pruned,0.05,0.050505050505050504,0.6868686868686869,0.12417920131287175,1.0
vehicle,8,noise_augmented_cart,0.05,0.04713804713804714,0.6632996632996633,0.1985395720083195,1.0
vehicle,9,matched_gini,0.05,0.0707070707070707,0.6599326599326599,0.09217974154124384,1.0
vehicle,9,mags_fixed,0.05,0.03367003367003367,0.6734006734006734,0.17027827560717004,1.0
vehicle,9,mags_binary_excluded,0.05,0.03367003367003367,0.6734006734006734,0.17027827560717004,1.0
vehicle,9,matched_gini_unrestricted,0.05,0.050505050505050504,0.6734006734006734,0.09217974154124385,1.0
vehicle,9,mags_fixed_unrestricted,0.05,0.03367003367003367,0.6734006734006734,0.17027827560717004,1.0
vehicle,9,cart_fixed,0.05,0.03367003367003367,0.6734006734006734,0.0921797416065008,1.0
vehicle,9,mags_tuned,0.05,0.0707070707070707,0.6599326599326599,0.09217974154124384,1.0
vehicle,9,cart_tuned_depth,0.05,0.03367003367003367,0.6734006734006734,0.0921797416065008,1.0
vehicle,9,cart_pruned,0.05,0.04377104377104377,0.6868686868686869,0.0921797416065008,1.0
vehicle,9,noise_augmented_cart,0.05,0.12457912457912458,0.6632996632996633,0.16523001957549818,1.0
vehicle,11,matched_gini,0.05,0.08080808080808081,0.6801346801346801,0.11399035356108478,1.0
vehicle,11,mags_fixed,0.05,0.050505050505050504,0.6632996632996633,0.1910672452402391,1.0
vehicle,11,mags_binary_excluded,0.05,0.050505050505050504,0.6632996632996633,0.1910672452402391,1.0
vehicle,11,matched_gini_unrestricted,0.05,0.10774410774410774,0.6801346801346801,0.16243625482454574,1.0
vehicle,11,mags_fixed_unrestricted,0.05,0.06734006734006734,0.6801346801346801,0.19446167822131943,1.0
vehicle,11,cart_fixed,0.05,0.04377104377104377,0.6767676767676768,0.1139903696245528,1.0
vehicle,11,mags_tuned,0.05,0.10774410774410774,0.6464646464646465,0.11098707410685879,1.0
vehicle,11,cart_tuned_depth,0.05,0.04377104377104377,0.6565656565656566,0.11098708170524998,1.0
vehicle,11,cart_pruned,0.05,0.04377104377104377,0.6835016835016835,0.11098708170524998,1.0
vehicle,11,noise_augmented_cart,0.05,0.13804713804713806,0.6801346801346801,0.20213701589049132,1.0
vehicle,10,matched_gini,0.05,0.11447811447811448,0.6868686868686869,0.20535252630601294,1.0
vehicle,10,mags_fixed,0.05,0.09090909090909091,0.696969696969697,0.19213354162458177,1.0
vehicle,10,mags_binary_excluded,0.05,0.09090909090909091,0.696969696969697,0.19213354162458177,1.0
vehicle,10,matched_gini_unrestricted,0.05,0.06060606060606061,0.6801346801346801,0.1828243547677435,1.0
vehicle,10,mags_fixed_unrestricted,0.05,0.037037037037037035,0.6868686868686869,0.19213354162458177,1.0
vehicle,10,cart_fixed,0.05,0.05723905723905724,0.696969696969697,0.21095115618427188,1.0
vehicle,10,mags_tuned,0.05,0.050505050505050504,0.7138047138047138,0.19213354062458188,1.0
vehicle,10,cart_tuned_depth,0.05,0.05723905723905724,0.696969696969697,0.21095115618427188,1.0
vehicle,10,cart_pruned,0.05,0.06060606060606061,0.6835016835016835,0.21095115618427188,1.0
vehicle,10,noise_augmented_cart,0.05,0.04713804713804714,0.6296296296296297,0.19378792583455906,1.0
vehicle,12,matched_gini,0.05,0.07744107744107744,0.6767676767676768,0.1591020476394022,1.0
vehicle,12,mags_fixed,0.05,0.04377104377104377,0.6565656565656566,0.19213523497451657,1.0
vehicle,12,mags_binary_excluded,0.05,0.04377104377104377,0.6565656565656566,0.19213523497451657,1.0
vehicle,12,matched_gini_unrestricted,0.05,0.08754208754208755,0.6666666666666666,0.17727746934329094,1.0
vehicle,12,mags_fixed_unrestricted,0.05,0.04377104377104377,0.6565656565656566,0.19213523497451657,1.0
vehicle,12,cart_fixed,0.05,0.06734006734006734,0.6430976430976431,0.13843529969130977,1.0
vehicle,12,mags_tuned,0.05,0.0,0.6430976430976431,0.19213523597451657,1.0
vehicle,12,cart_tuned_depth,0.05,0.04713804713804714,0.6397306397306397,0.1666873959038807,1.0
vehicle,12,cart_pruned,0.05,0.10101010101010101,0.6430976430976431,0.11285859366488418,1.0
vehicle,12,noise_augmented_cart,0.05,0.013468013468013467,0.6666666666666666,0.19622648065457673,1.0
vehicle,14,matched_gini,0.05,0.07407407407407407,0.6632996632996633,0.1909836973513125,1.0
vehicle,14,mags_fixed,0.05,0.0707070707070707,0.6767676767676768,0.1898129661477538,1.0
vehicle,14,mags_binary_excluded,0.05,0.0707070707070707,0.6767676767676768,0.1898129661477538,1.0
vehicle,14,matched_gini_unrestricted,0.05,0.07744107744107744,0.6498316498316499,0.1909836973513125,1.0
vehicle,14,mags_fixed_unrestricted,0.05,0.08754208754208755,0.6363636363636364,0.1909836973513125,1.0
vehicle,14,cart_fixed,0.05,0.037037037037037035,0.6632996632996633,0.19098369731291376,1.0
vehicle,14,mags_tuned,0.05,0.10101010101010101,0.6734006734006734,0.11384165740482466,1.0
vehicle,14,cart_tuned_depth,0.05,0.08080808080808081,0.6599326599326599,0.12494815124939462,1.0
vehicle,14,cart_pruned,0.05,0.06060606060606061,0.6734006734006734,0.18309262595042686,1.0
vehicle,14,noise_augmented_cart,0.05,0.10101010101010101,0.6835016835016835,0.1779961991611441,1.0
vehicle,13,matched_gini,0.05,0.06397306397306397,0.6531986531986532,0.1481028534336272,1.0
vehicle,13,mags_fixed,0.05,0.050505050505050504,0.67003367003367,0.18845028122736557,1.0
vehicle,13,mags_binary_excluded,0.05,0.050505050505050504,0.67003367003367,0.18845028122736557,1.0
vehicle,13,matched_gini_unrestricted,0.05,0.06734006734006734,0.6666666666666666,0.14251406554933943,1.0
vehicle,13,mags_fixed_unrestricted,0.05,0.050505050505050504,0.6835016835016835,0.18845028122736557,1.0
vehicle,13,cart_fixed,0.05,0.04713804713804714,0.67003367003367,0.14810285234066556,1.0
vehicle,13,mags_tuned,0.05,0.08080808080808081,0.6632996632996633,0.140354837133435,1.0
vehicle,13,cart_tuned_depth,0.05,0.09090909090909091,0.7037037037037037,0.10133140227033782,1.0
vehicle,13,cart_pruned,0.05,0.07744107744107744,0.7003367003367004,0.1033925741989157,1.0
vehicle,13,noise_augmented_cart,0.05,0.04377104377104377,0.696969696969697,0.20661412628037545,1.0
vehicle,15,matched_gini,0.05,0.08080808080808081,0.6430976430976431,0.11872486543316799,1.0
vehicle,15,mags_fixed,0.05,0.08080808080808081,0.6464646464646465,0.13636744243088694,1.0
vehicle,15,mags_binary_excluded,0.05,0.08080808080808081,0.6464646464646465,0.13636744243088694,1.0
vehicle,15,matched_gini_unrestricted,0.05,0.10101010101010101,0.6599326599326599,0.11872486543316799,1.0
vehicle,15,mags_fixed_unrestricted,0.05,0.050505050505050504,0.6565656565656566,0.18975368652423596,1.0
vehicle,15,cart_fixed,0.05,0.06734006734006734,0.6565656565656566,0.1187248626190711,1.0
vehicle,15,mags_tuned,0.05,0.10437710437710437,0.6632996632996633,0.16419753272290483,1.0
vehicle,15,cart_tuned_depth,0.05,0.07744107744107744,0.6734006734006734,0.11872486724726486,1.0
vehicle,15,cart_pruned,0.05,0.06397306397306397,0.6599326599326599,0.13080142588507634,1.0
vehicle,15,noise_augmented_cart,0.05,0.1111111111111111,0.6565656565656566,0.14243326088097463,1.0
vehicle,16,matched_gini,0.05,0.10437710437710437,0.6599326599326599,0.13726238831807958,1.0
vehicle,16,mags_fixed,0.05,0.05387205387205387,0.7003367003367004,0.18975227604514452,1.0
vehicle,16,mags_binary_excluded,0.05,0.05387205387205387,0.7003367003367004,0.18975227604514452,1.0
vehicle,16,matched_gini_unrestricted,0.05,0.10774410774410774,0.6498316498316499,0.12605729539415467,1.0
vehicle,16,mags_fixed_unrestricted,0.05,0.06060606060606061,0.6936026936026936,0.18975227604514452,1.0
vehicle,16,cart_fixed,0.05,0.07407407407407407,0.6734006734006734,0.1428649472020963,1.0
vehicle,16,mags_tuned,0.05,0.06734006734006734,0.696969696969697,0.18975227604514452,1.0
vehicle,16,cart_tuned_depth,0.05,0.06397306397306397,0.632996632996633,0.1859736754185192,1.0
vehicle,16,cart_pruned,0.05,0.09090909090909091,0.6936026936026936,0.11540805061351556,1.0
vehicle,16,noise_augmented_cart,0.05,0.026936026936026935,0.7104377104377104,0.1882311632563229,1.0
vehicle,17,matched_gini,0.05,0.09090909090909091,0.6498316498316499,0.17403872350344193,1.0
vehicle,17,mags_fixed,0.05,0.05723905723905724,0.67003367003367,0.19459737640573083,1.0
vehicle,17,mags_binary_excluded,0.05,0.05723905723905724,0.67003367003367,0.19459737640573083,1.0
vehicle,17,matched_gini_unrestricted,0.05,0.09427609427609428,0.6397306397306397,0.15687248451181213,1.0
vehicle,17,mags_fixed_unrestricted,0.05,0.05723905723905724,0.6531986531986532,0.19459737640573083,1.0
vehicle,17,cart_fixed,0.05,0.04040404040404041,0.6430976430976431,0.17373543184254828,1.0
vehicle,17,mags_tuned,0.05,0.07407407407407407,0.6835016835016835,0.1850893076739951,1.0
vehicle,17,cart_tuned_depth,0.05,0.04040404040404041,0.6430976430976431,0.17373543184254828,1.0
vehicle,17,cart_pruned,0.05,0.05723905723905724,0.6666666666666666,0.13405466487530449,1.0
vehicle,17,noise_augmented_cart,0.05,0.04713804713804714,0.67003367003367,0.18926852120425755,1.0
vehicle,18,matched_gini,0.05,0.10101010101010101,0.6666666666666666,0.14645751956470132,1.0
vehicle,18,mags_fixed,0.05,0.04377104377104377,0.6632996632996633,0.19237997381172833,1.0
vehicle,18,mags_binary_excluded,0.05,0.04377104377104377,0.6632996632996633,0.19237997381172833,1.0
vehicle,18,matched_gini_unrestricted,0.05,0.10101010101010101,0.6666666666666666,0.15928777968006017,1.0
vehicle,18,mags_fixed_unrestricted,0.05,0.04377104377104377,0.6632996632996633,0.19237997381172833,1.0
vehicle,18,cart_fixed,0.05,0.08080808080808081,0.6936026936026936,0.15928777569116284,1.0
vehicle,18,mags_tuned,0.05,0.1111111111111111,0.67003367003367,0.13783090648837298,1.0
vehicle,18,cart_tuned_depth,0.05,0.08080808080808081,0.6936026936026936,0.15928777569116284,1.0
vehicle,18,cart_pruned,0.05,0.08417508417508418,0.6666666666666666,0.1378309084192643,1.0
vehicle,18,noise_augmented_cart,0.05,0.11784511784511785,0.6835016835016835,0.18756209823600506,1.0
vehicle,19,matched_gini,0.05,0.05723905723905724,0.7272727272727273,0.19304741579047757,1.0
vehicle,19,mags_fixed,0.05,0.05723905723905724,0.734006734006734,0.19304741579047757,1.0
vehicle,19,mags_binary_excluded,0.05,0.05723905723905724,0.734006734006734,0.19304741579047757,1.0
vehicle,19,matched_gini_unrestricted,0.05,0.05387205387205387,0.7306397306397306,0.19304741579047757,1.0
vehicle,19,mags_fixed_unrestricted,0.05,0.05387205387205387,0.7373737373737373,0.19304741579047757,1.0
vehicle,19,cart_fixed,0.05,0.05387205387205387,0.7070707070707071,0.14260111107515114,1.0
vehicle,19,mags_tuned,0.05,0.10101010101010101,0.7138047138047138,0.1189128263376942,1.0
vehicle,19,cart_tuned_depth,0.05,0.06734006734006734,0.7138047138047138,0.1189128310114762,1.0
vehicle,19,cart_pruned,0.05,0.06060606060606061,0.7138047138047138,0.14260111107515114,1.0
vehicle,19,noise_augmented_cart,0.05,0.11447811447811448,0.6868686868686869,0.15968029667295106,1.0
vehicle,20,matched_gini,0.05,0.14814814814814814,0.5993265993265994,0.12014460053024456,1.0
vehicle,20,mags_fixed,0.05,0.08754208754208755,0.5959595959595959,0.19374262182288776,1.0
vehicle,20,mags_binary_excluded,0.05,0.08754208754208755,0.5959595959595959,0.19374262182288776,1.0
vehicle,20,matched_gini_unrestricted,0.05,0.13468013468013468,0.5892255892255892,0.1058416718956916,1.0
vehicle,20,mags_fixed_unrestricted,0.05,0.07407407407407407,0.6026936026936027,0.19374262182288776,1.0
vehicle,20,cart_fixed,0.05,0.12794612794612795,0.5892255892255892,0.11156283838935666,1.0
vehicle,20,mags_tuned,0.05,0.030303030303030304,0.6094276094276094,0.19523036304459385,1.0
vehicle,20,cart_tuned_depth,0.05,0.1447811447811448,0.6094276094276094,0.1012698510496163,1.0
vehicle,20,cart_pruned,0.05,0.11447811447811448,0.6430976430976431,0.10126985830521154,1.0
vehicle,20,noise_augmented_cart,0.05,0.04377104377104377,0.6094276094276094,0.15828762023969606,1.0
vehicle,21,matched_gini,0.05,0.11447811447811448,0.7070707070707071,0.15804200466462293,1.0
vehicle,21,mags_fixed,0.05,0.050505050505050504,0.7306397306397306,0.19279376244841318,1.0
vehicle,21,mags_binary_excluded,0.05,0.050505050505050504,0.7306397306397306,0.19279376244841318,1.0
vehicle,21,matched_gini_unrestricted,0.05,0.11447811447811448,0.7239057239057239,0.1552198270098976,1.0
vehicle,21,mags_fixed_unrestricted,0.05,0.050505050505050504,0.7306397306397306,0.19279376244841318,1.0
vehicle,21,cart_fixed,0.05,0.09427609427609428,0.6936026936026936,0.15805709796871262,1.0
vehicle,21,mags_tuned,0.05,0.003367003367003367,0.6531986531986532,0.19279376344841317,1.0
vehicle,21,cart_tuned_depth,0.05,0.13131313131313133,0.6565656565656566,0.103915212583256,1.0
vehicle,21,cart_pruned,0.05,0.08417508417508418,0.67003367003367,0.1650558224455582,1.0
vehicle,21,noise_augmented_cart,0.05,0.08754208754208755,0.7003367003367004,0.18283171337712822,1.0
vehicle,23,matched_gini,0.05,0.09090909090909091,0.7138047138047138,0.14763309228681165,1.0
vehicle,23,mags_fixed,0.05,0.037037037037037035,0.734006734006734,0.19002132890838885,1.0
vehicle,23,mags_binary_excluded,0.05,0.037037037037037035,0.734006734006734,0.19002132890838885,1.0
vehicle,23,matched_gini_unrestricted,0.05,0.07407407407407407,0.7104377104377104,0.1699173336319907,1.0
vehicle,23,mags_fixed_unrestricted,0.05,0.037037037037037035,0.734006734006734,0.19002132890838885,1.0
vehicle,23,cart_fixed,0.05,0.050505050505050504,0.7205387205387206,0.16876303252456082,1.0
vehicle,23,mags_tuned,0.05,0.037037037037037035,0.734006734006734,0.19002132890838885,1.0
vehicle,23,cart_tuned_depth,0.05,0.050505050505050504,0.7205387205387206,0.16876303252456082,1.0
vehicle,23,cart_pruned,0.05,0.06397306397306397,0.696969696969697,0.11156505270274862,1.0
vehicle,23,noise_augmented_cart,0.05,0.11447811447811448,0.6666666666666666,0.20217361183451354,1.0
vehicle,22,matched_gini,0.05,0.13131313131313133,0.6296296296296297,0.12233439105455071,1.0
vehicle,22,mags_fixed,0.05,0.06060606060606061,0.6599326599326599,0.19258383308516966,1.0
vehicle,22,mags_binary_excluded,0.05,0.06060606060606061,0.6599326599326599,0.19258383308516966,1.0
vehicle,22,matched_gini_unrestricted,0.05,0.1111111111111111,0.6363636363636364,0.12263168123575281,1.0
vehicle,22,mags_fixed_unrestricted,0.05,0.050505050505050504,0.6599326599326599,0.19258383308516966,1.0
vehicle,22,cart_fixed,0.05,0.10437710437710437,0.6195286195286195,0.12263167646787408,1.0
vehicle,22,mags_tuned,0.05,0.09427609427609428,0.6632996632996633,0.1386508182354195,1.0
vehicle,22,cart_tuned_depth,0.05,0.05387205387205387,0.5925925925925926,0.15647419998204026,1.0
vehicle,22,cart_pruned,0.05,0.050505050505050504,0.6161616161616161,0.1678541432429287,1.0
vehicle,22,noise_augmented_cart,0.05,0.06060606060606061,0.6835016835016835,0.16882011387024384,1.0
vehicle,24,matched_gini,0.05,0.12457912457912458,0.6902356902356902,0.1820612855606362,1.0
vehicle,24,mags_fixed,0.05,0.050505050505050504,0.7037037037037037,0.19285627551409645,1.0
vehicle,24,mags_binary_excluded,0.05,0.050505050505050504,0.7037037037037037,0.19285627551409645,1.0
vehicle,24,matched_gini_unrestricted,0.05,0.037037037037037035,0.696969696969697,0.1915557778109828,1.0
vehicle,24,mags_fixed_unrestricted,0.05,0.04377104377104377,0.696969696969697,0.19285627551409645,1.0
vehicle,24,cart_fixed,0.05,0.06734006734006734,0.6902356902356902,0.18206128154358403,1.0
vehicle,24,mags_tuned,0.05,0.10437710437710437,0.6835016835016835,0.18480282907875945,1.0
vehicle,24,cart_tuned_depth,0.05,0.037037037037037035,0.6632996632996633,0.18480281870053894,1.0
vehicle,24,cart_pruned,0.05,0.07744107744107744,0.7272727272727273,0.11656792796376625,1.0
vehicle,24,noise_augmented_cart,0.05,0.15151515151515152,0.6734006734006734,0.1982121151654399,1.0
vehicle,25,matched_gini,0.05,0.05723905723905724,0.6801346801346801,0.19044232423158738,1.0
vehicle,25,mags_fixed,0.05,0.037037037037037035,0.6868686868686869,0.19485902157041146,1.0
vehicle,25,mags_binary_excluded,0.05,0.037037037037037035,0.6868686868686869,0.19485902157041146,1.0
vehicle,25,matched_gini_unrestricted,0.05,0.050505050505050504,0.6936026936026936,0.19044232423158738,1.0
vehicle,25,mags_fixed_unrestricted,0.05,0.037037037037037035,0.6868686868686869,0.19485902157041146,1.0
vehicle,25,cart_fixed,0.05,0.06060606060606061,0.6599326599326599,0.18089308041296864,1.0
vehicle,25,mags_tuned,0.05,0.0,0.6464646464646465,0.19485902257041135,1.0
vehicle,25,cart_tuned_depth,0.05,0.09764309764309764,0.6767676767676768,0.1051517181019975,1.0
vehicle,25,cart_pruned,0.05,0.050505050505050504,0.6632996632996633,0.19674093252597472,1.0
vehicle,25,noise_augmented_cart,0.05,0.0707070707070707,0.6801346801346801,0.21536496203128822,1.0
vehicle,27,matched_gini,0.05,0.06397306397306397,0.696969696969697,0.18576300648990735,1.0
vehicle,27,mags_fixed,0.05,0.05723905723905724,0.7070707070707071,0.19776492816893287,1.0
vehicle,27,mags_binary_excluded,0.05,0.05723905723905724,0.7070707070707071,0.19776492816893287,1.0
vehicle,27,matched_gini_unrestricted,0.05,0.0707070707070707,0.696969696969697,0.18576300648990735,1.0
vehicle,27,mags_fixed_unrestricted,0.05,0.05723905723905724,0.7070707070707071,0.19776492816893287,1.0
vehicle,27,cart_fixed,0.05,0.04713804713804714,0.7037037037037037,0.18576302268264128,1.0
vehicle,27,mags_tuned,0.05,0.050505050505050504,0.6632996632996633,0.19776492816893287,1.0
vehicle,27,cart_tuned_depth,0.05,0.0707070707070707,0.6868686868686869,0.10590794882903368,1.0
vehicle,27,cart_pruned,0.05,0.04713804713804714,0.6868686868686869,0.1542452426873948,1.0
vehicle,27,noise_augmented_cart,0.05,0.05387205387205387,0.7003367003367004,0.1889364717123796,1.0
vehicle,26,matched_gini,0.05,0.05387205387205387,0.67003367003367,0.18809297571430253,1.0
vehicle,26,mags_fixed,0.05,0.026936026936026935,0.6565656565656566,0.1908895918086177,1.0
vehicle,26,mags_binary_excluded,0.05,0.026936026936026935,0.6565656565656566,0.1908895918086177,1.0
vehicle,26,matched_gini_unrestricted,0.05,0.05387205387205387,0.67003367003367,0.18809297571430253,1.0
vehicle,26,mags_fixed_unrestricted,0.05,0.026936026936026935,0.6565656565656566,0.1908895918086177,1.0
vehicle,26,cart_fixed,0.05,0.04377104377104377,0.6767676767676768,0.17199378573861193,1.0
vehicle,26,mags_tuned,0.05,0.06060606060606061,0.7003367003367004,0.1908895918086177,1.0
vehicle,26,cart_tuned_depth,0.05,0.05723905723905724,0.696969696969697,0.10038122206637926,1.0
vehicle,26,cart_pruned,0.05,0.04040404040404041,0.6767676767676768,0.15608455450975145,1.0
vehicle,26,noise_augmented_cart,0.05,0.08080808080808081,0.6498316498316499,0.1962341691005356,1.0
vote,0,matched_gini,0.05,0.0,0.9411764705882353,,0.0
vote,0,mags_fixed,0.05,0.0,0.9411764705882353,,0.0
vote,0,mags_binary_excluded,0.05,0.0,0.9411764705882353,,0.0
vote,0,matched_gini_unrestricted,0.05,0.0,0.9411764705882353,,0.0
vote,0,mags_fixed_unrestricted,0.05,0.0,0.9411764705882353,,0.0
vote,0,cart_fixed,0.05,0.0,0.9411764705882353,,0.0
vote,0,mags_tuned,0.05,0.0,0.9411764705882353,,0.0
vote,0,cart_tuned_depth,0.05,0.0,0.954248366013072,,0.0
vote,0,cart_pruned,0.05,0.0,0.9411764705882353,,0.0
vote,0,noise_augmented_cart,0.05,0.0,0.9281045751633987,,0.0
vote,1,matched_gini,0.05,0.0,0.9607843137254902,,0.0
vote,1,mags_fixed,0.05,0.0,0.9607843137254902,,0.0
vote,1,mags_binary_excluded,0.05,0.0,0.9607843137254902,,0.0
vote,1,matched_gini_unrestricted,0.05,0.0,0.9607843137254902,,0.0
vote,1,mags_fixed_unrestricted,0.05,0.0,0.9607843137254902,,0.0
vote,1,cart_fixed,0.05,0.0,0.9607843137254902,,0.0
vote,1,mags_tuned,0.05,0.0,0.954248366013072,,0.0
vote,1,cart_tuned_depth,0.05,0.0,0.9607843137254902,,0.0
vote,1,cart_pruned,0.05,0.0,0.9607843137254902,,0.0
vote,1,noise_augmented_cart,0.05,0.0,0.954248366013072,,0.0
vote,2,matched_gini,0.05,0.0,0.9477124183006536,,0.0
vote,2,mags_fixed,0.05,0.0,0.9477124183006536,,0.0
vote,2,mags_binary_excluded,0.05,0.0,0.9477124183006536,,0.0
vote,2,matched_gini_unrestricted,0.05,0.0,0.9477124183006536,,0.0
vote,2,mags_fixed_unrestricted,0.05,0.0,0.9477124183006536,,0.0
vote,2,cart_fixed,0.05,0.0,0.9215686274509803,,0.0
vote,2,mags_tuned,0.05,0.0,0.9607843137254902,,0.0
vote,2,cart_tuned_depth,0.05,0.0,0.9411764705882353,,0.0
vote,2,cart_pruned,0.05,0.0,0.9607843137254902,,0.0
vote,2,noise_augmented_cart,0.05,0.0,0.9477124183006536,,0.0
vote,3,matched_gini,0.05,0.0,0.9738562091503268,,0.0
vote,3,mags_fixed,0.05,0.0,0.9738562091503268,,0.0
vote,3,mags_binary_excluded,0.05,0.0,0.9738562091503268,,0.0
vote,3,matched_gini_unrestricted,0.05,0.0,0.9738562091503268,,0.0
vote,3,mags_fixed_unrestricted,0.05,0.0,0.9738562091503268,,0.0
vote,3,cart_fixed,0.05,0.0,0.9738562091503268,,0.0
vote,3,mags_tuned,0.05,0.0,0.9738562091503268,,0.0
vote,3,cart_tuned_depth,0.05,0.0,0.9673202614379085,,0.0
vote,3,cart_pruned,0.05,0.0,0.9738562091503268,,0.0
vote,3,noise_augmented_cart,0.05,0.0,0.9738562091503268,,0.0
vote,4,matched_gini,0.05,0.0,0.9411764705882353,,0.0
vote,4,mags_fixed,0.05,0.0,0.9411764705882353,,0.0
vote,4,mags_binary_excluded,0.05,0.0,0.9411764705882353,,0.0
vote,4,matched_gini_unrestricted,0.05,0.0,0.9411764705882353,,0.0
vote,4,mags_fixed_unrestricted,0.05,0.0,0.9411764705882353,,0.0
vote,4,cart_fixed,0.05,0.0,0.9411764705882353,,0.0
vote,4,mags_tuned,0.05,0.0,0.9673202614379085,,0.0
vote,4,cart_tuned_depth,0.05,0.0,0.9215686274509803,,0.0
vote,4,cart_pruned,0.05,0.0,0.9673202614379085,,0.0
vote,4,noise_augmented_cart,0.05,0.0,0.9411764705882353,,0.0
vote,5,matched_gini,0.05,0.0,0.9281045751633987,,0.0
vote,5,mags_fixed,0.05,0.0,0.9281045751633987,,0.0
vote,5,mags_binary_excluded,0.05,0.0,0.9281045751633987,,0.0
vote,5,matched_gini_unrestricted,0.05,0.0,0.9281045751633987,,0.0
vote,5,mags_fixed_unrestricted,0.05,0.0,0.9281045751633987,,0.0
vote,5,cart_fixed,0.05,0.0,0.9281045751633987,,0.0
vote,5,mags_tuned,0.05,0.0,0.9477124183006536,,0.0
vote,5,cart_tuned_depth,0.05,0.0,0.9477124183006536,,0.0
vote,5,cart_pruned,0.05,0.0,0.9477124183006536,,0.0
vote,5,noise_augmented_cart,0.05,0.0,0.9281045751633987,,0.0
vehicle,28,matched_gini,0.05,0.0707070707070707,0.6666666666666666,0.19168274666911322,1.0
vehicle,28,mags_fixed,0.05,0.02356902356902357,0.696969696969697,0.19168274666911322,1.0
vehicle,28,mags_binary_excluded,0.05,0.02356902356902357,0.696969696969697,0.19168274666911322,1.0
vehicle,28,matched_gini_unrestricted,0.05,0.08417508417508418,0.6498316498316499,0.1780264957608952,1.0
vehicle,28,mags_fixed_unrestricted,0.05,0.037037037037037035,0.6767676767676768,0.19168274766911322,1.0
vehicle,28,cart_fixed,0.05,0.04040404040404041,0.6599326599326599,0.17802648138333782,1.0
vehicle,28,mags_tuned,0.05,0.06734006734006734,0.6430976430976431,0.19185711576480563,1.0
vehicle,28,cart_tuned_depth,0.05,0.030303030303030304,0.6531986531986532,0.20030808871134526,1.0
vehicle,28,cart_pruned,0.05,0.037037037037037035,0.6498316498316499,0.20030808871134526,1.0
vehicle,28,noise_augmented_cart,0.05,0.0707070707070707,0.6835016835016835,0.16413210015328136,1.0
vote,6,matched_gini,0.05,0.0,0.9607843137254902,,0.0
vote,6,mags_fixed,0.05,0.0,0.9607843137254902,,0.0
vote,6,mags_binary_excluded,0.05,0.0,0.9607843137254902,,0.0
vote,6,matched_gini_unrestricted,0.05,0.0,0.9607843137254902,,0.0
vote,6,mags_fixed_unrestricted,0.05,0.0,0.9607843137254902,,0.0
vote,6,cart_fixed,0.05,0.0,0.9607843137254902,,0.0
vote,6,mags_tuned,0.05,0.0,0.9607843137254902,,0.0
vote,6,cart_tuned_depth,0.05,0.0,0.954248366013072,,0.0
vote,6,cart_pruned,0.05,0.0,0.9477124183006536,,0.0
vote,6,noise_augmented_cart,0.05,0.0,0.9477124183006536,,0.0
vehicle,29,matched_gini,0.05,0.07407407407407407,0.6666666666666666,0.18311556656546646,1.0
vehicle,29,mags_fixed,0.05,0.09090909090909091,0.6868686868686869,0.19357604977759604,1.0
vehicle,29,mags_binary_excluded,0.05,0.09090909090909091,0.6868686868686869,0.19357604977759604,1.0
vehicle,29,matched_gini_unrestricted,0.05,0.07744107744107744,0.6632996632996633,0.18311556756546601,1.0
vehicle,29,mags_fixed_unrestricted,0.05,0.0707070707070707,0.6868686868686869,0.1955701740134883,1.0
vehicle,29,cart_fixed,0.05,0.04713804713804714,0.7104377104377104,0.17298117311072936,1.0
vehicle,29,mags_tuned,0.05,0.08754208754208755,0.6868686868686869,0.19357604977759604,1.0
vehicle,29,cart_tuned_depth,0.05,0.09090909090909091,0.7003367003367004,0.11179498598600734,1.0
vehicle,29,cart_pruned,0.05,0.04040404040404041,0.7104377104377104,0.16912574818914272,1.0
vehicle,29,noise_augmented_cart,0.05,0.06397306397306397,0.696969696969697,0.22034147068078416,1.0
vote,7,matched_gini,0.05,0.0,0.9477124183006536,,0.0
vote,7,mags_fixed,0.05,0.0,0.9477124183006536,,0.0
vote,7,mags_binary_excluded,0.05,0.0,0.9477124183006536,,0.0
vote,7,matched_gini_unrestricted,0.05,0.0,0.9477124183006536,,0.0
vote,7,mags_fixed_unrestricted,0.05,0.0,0.9477124183006536,,0.0
vote,7,cart_fixed,0.05,0.0,0.9477124183006536,,0.0
vote,7,mags_tuned,0.05,0.0,0.9411764705882353,,0.0
vote,7,cart_tuned_depth,0.05,0.0,0.9411764705882353,,0.0
vote,7,cart_pruned,0.05,0.0,0.9411764705882353,,0.0
vote,7,noise_augmented_cart,0.05,0.0,0.9411764705882353,,0.0
vote,9,matched_gini,0.05,0.0,0.9477124183006536,,0.0
vote,9,mags_fixed,0.05,0.0,0.9477124183006536,,0.0
vote,9,mags_binary_excluded,0.05,0.0,0.9477124183006536,,0.0
vote,9,matched_gini_unrestricted,0.05,0.0,0.9477124183006536,,0.0
vote,9,mags_fixed_unrestricted,0.05,0.0,0.9477124183006536,,0.0
vote,9,cart_fixed,0.05,0.0,0.9477124183006536,,0.0
vote,9,mags_tuned,0.05,0.0,0.9477124183006536,,0.0
vote,9,cart_tuned_depth,0.05,0.0,0.9477124183006536,,0.0
vote,9,cart_pruned,0.05,0.0,0.9477124183006536,,0.0
vote,9,noise_augmented_cart,0.05,0.0,0.9281045751633987,,0.0
vote,8,matched_gini,0.05,0.0,0.9607843137254902,,0.0
vote,8,mags_fixed,0.05,0.0,0.9607843137254902,,0.0
vote,8,mags_binary_excluded,0.05,0.0,0.9607843137254902,,0.0
vote,8,matched_gini_unrestricted,0.05,0.0,0.9607843137254902,,0.0
vote,8,mags_fixed_unrestricted,0.05,0.0,0.9607843137254902,,0.0
vote,8,cart_fixed,0.05,0.0,0.9607843137254902,,0.0
vote,8,mags_tuned,0.05,0.0,0.9673202614379085,,0.0
vote,8,cart_tuned_depth,0.05,0.0,0.9673202614379085,,0.0
vote,8,cart_pruned,0.05,0.0,0.9607843137254902,,0.0
vote,8,noise_augmented_cart,0.05,0.0,0.9477124183006536,,0.0
vote,10,matched_gini,0.05,0.0,0.9215686274509803,,0.0
vote,10,mags_fixed,0.05,0.0,0.9215686274509803,,0.0
vote,10,mags_binary_excluded,0.05,0.0,0.9215686274509803,,0.0
vote,10,matched_gini_unrestricted,0.05,0.0,0.9215686274509803,,0.0
vote,10,mags_fixed_unrestricted,0.05,0.0,0.9215686274509803,,0.0
vote,10,cart_fixed,0.05,0.0,0.9215686274509803,,0.0
vote,10,mags_tuned,0.05,0.0,0.9215686274509803,,0.0
vote,10,cart_tuned_depth,0.05,0.0,0.9215686274509803,,0.0
vote,10,cart_pruned,0.05,0.0,0.9607843137254902,,0.0
vote,10,noise_augmented_cart,0.05,0.0,0.9607843137254902,,0.0
vote,11,matched_gini,0.05,0.0,0.9411764705882353,,0.0
vote,11,mags_fixed,0.05,0.0,0.9411764705882353,,0.0
vote,11,mags_binary_excluded,0.05,0.0,0.9411764705882353,,0.0
vote,11,matched_gini_unrestricted,0.05,0.0,0.9411764705882353,,0.0
vote,11,mags_fixed_unrestricted,0.05,0.0,0.9411764705882353,,0.0
vote,11,cart_fixed,0.05,0.0,0.9411764705882353,,0.0
vote,11,mags_tuned,0.05,0.0,0.9411764705882353,,0.0
vote,11,cart_tuned_depth,0.05,0.0,0.9738562091503268,,0.0
vote,11,cart_pruned,0.05,0.0,0.9738562091503268,,0.0
vote,11,noise_augmented_cart,0.05,0.0,0.9869281045751634,,0.0
vote,13,matched_gini,0.05,0.0,0.934640522875817,,0.0
vote,13,mags_fixed,0.05,0.0,0.934640522875817,,0.0
vote,13,mags_binary_excluded,0.05,0.0,0.934640522875817,,0.0
vote,13,matched_gini_unrestricted,0.05,0.0,0.934640522875817,,0.0
vote,13,mags_fixed_unrestricted,0.05,0.0,0.934640522875817,,0.0
vote,13,cart_fixed,0.05,0.0,0.9477124183006536,,0.0
vote,13,mags_tuned,0.05,0.0,0.954248366013072,,0.0
vote,13,cart_tuned_depth,0.05,0.0,0.954248366013072,,0.0
vote,13,cart_pruned,0.05,0.0,0.954248366013072,,0.0
vote,13,noise_augmented_cart,0.05,0.0,0.954248366013072,,0.0
vote,12,matched_gini,0.05,0.0,0.9607843137254902,,0.0
vote,12,mags_fixed,0.05,0.0,0.9607843137254902,,0.0
vote,12,mags_binary_excluded,0.05,0.0,0.9607843137254902,,0.0
vote,12,matched_gini_unrestricted,0.05,0.0,0.9607843137254902,,0.0
vote,12,mags_fixed_unrestricted,0.05,0.0,0.9607843137254902,,0.0
vote,12,cart_fixed,0.05,0.0,0.9607843137254902,,0.0
vote,12,mags_tuned,0.05,0.0,0.954248366013072,,0.0
vote,12,cart_tuned_depth,0.05,0.0,0.954248366013072,,0.0
vote,12,cart_pruned,0.05,0.0,0.9607843137254902,,0.0
vote,12,noise_augmented_cart,0.05,0.0,0.9738562091503268,,0.0
vote,14,matched_gini,0.05,0.0,0.9411764705882353,,0.0
vote,14,mags_fixed,0.05,0.0,0.9411764705882353,,0.0
vote,14,mags_binary_excluded,0.05,0.0,0.9411764705882353,,0.0
vote,14,matched_gini_unrestricted,0.05,0.0,0.9411764705882353,,0.0
vote,14,mags_fixed_unrestricted,0.05,0.0,0.9411764705882353,,0.0
vote,14,cart_fixed,0.05,0.0,0.934640522875817,,0.0
vote,14,mags_tuned,0.05,0.0,0.954248366013072,,0.0
vote,14,cart_tuned_depth,0.05,0.0,0.954248366013072,,0.0
vote,14,cart_pruned,0.05,0.0,0.9411764705882353,,0.0
vote,14,noise_augmented_cart,0.05,0.0,0.9411764705882353,,0.0
vote,15,matched_gini,0.05,0.0,0.9477124183006536,,0.0
vote,15,mags_fixed,0.05,0.0,0.9477124183006536,,0.0
vote,15,mags_binary_excluded,0.05,0.0,0.9477124183006536,,0.0
vote,15,matched_gini_unrestricted,0.05,0.0,0.9477124183006536,,0.0
vote,15,mags_fixed_unrestricted,0.05,0.0,0.9477124183006536,,0.0
vote,15,cart_fixed,0.05,0.0,0.9477124183006536,,0.0
vote,15,mags_tuned,0.05,0.0,0.9411764705882353,,0.0
vote,15,cart_tuned_depth,0.05,0.0,0.9411764705882353,,0.0
vote,15,cart_pruned,0.05,0.0,0.9411764705882353,,0.0
vote,15,noise_augmented_cart,0.05,0.0,0.9477124183006536,,0.0
vote,17,matched_gini,0.05,0.0,0.9084967320261438,,0.0
vote,17,mags_fixed,0.05,0.0,0.9084967320261438,,0.0
vote,17,mags_binary_excluded,0.05,0.0,0.9084967320261438,,0.0
vote,17,matched_gini_unrestricted,0.05,0.0,0.9084967320261438,,0.0
vote,17,mags_fixed_unrestricted,0.05,0.0,0.9084967320261438,,0.0
vote,17,cart_fixed,0.05,0.0,0.9084967320261438,,0.0
vote,17,mags_tuned,0.05,0.0,0.9215686274509803,,0.0
vote,17,cart_tuned_depth,0.05,0.0,0.9215686274509803,,0.0
vote,17,cart_pruned,0.05,0.0,0.9084967320261438,,0.0
vote,17,noise_augmented_cart,0.05,0.0,0.8954248366013072,,0.0
vote,16,matched_gini,0.05,0.0,0.9607843137254902,,0.0
vote,16,mags_fixed,0.05,0.0,0.9607843137254902,,0.0
vote,16,mags_binary_excluded,0.05,0.0,0.9607843137254902,,0.0
vote,16,matched_gini_unrestricted,0.05,0.0,0.9607843137254902,,0.0
vote,16,mags_fixed_unrestricted,0.05,0.0,0.9607843137254902,,0.0
vote,16,cart_fixed,0.05,0.0,0.9607843137254902,,0.0
vote,16,mags_tuned,0.05,0.0,0.9607843137254902,,0.0
vote,16,cart_tuned_depth,0.05,0.0,0.9607843137254902,,0.0
vote,16,cart_pruned,0.05,0.0,0.9607843137254902,,0.0
vote,16,noise_augmented_cart,0.05,0.0,0.9411764705882353,,0.0
vote,19,matched_gini,0.05,0.0,0.9411764705882353,,0.0
vote,19,mags_fixed,0.05,0.0,0.9411764705882353,,0.0
vote,19,mags_binary_excluded,0.05,0.0,0.9411764705882353,,0.0
vote,19,matched_gini_unrestricted,0.05,0.0,0.9411764705882353,,0.0
vote,19,mags_fixed_unrestricted,0.05,0.0,0.9411764705882353,,0.0
vote,19,cart_fixed,0.05,0.0,0.9411764705882353,,0.0
vote,19,mags_tuned,0.05,0.0,0.9477124183006536,,0.0
vote,19,cart_tuned_depth,0.05,0.0,0.9411764705882353,,0.0
vote,19,cart_pruned,0.05,0.0,0.9411764705882353,,0.0
vote,19,noise_augmented_cart,0.05,0.0,0.9477124183006536,,0.0
vote,18,matched_gini,0.05,0.0,0.9673202614379085,,0.0
vote,18,mags_fixed,0.05,0.0,0.9673202614379085,,0.0
vote,18,mags_binary_excluded,0.05,0.0,0.9673202614379085,,0.0
vote,18,matched_gini_unrestricted,0.05,0.0,0.9673202614379085,,0.0
vote,18,mags_fixed_unrestricted,0.05,0.0,0.9673202614379085,,0.0
vote,18,cart_fixed,0.05,0.0,0.9673202614379085,,0.0
vote,18,mags_tuned,0.05,0.0,0.9673202614379085,,0.0
vote,18,cart_tuned_depth,0.05,0.0,0.9673202614379085,,0.0
vote,18,cart_pruned,0.05,0.0,0.9738562091503268,,0.0
vote,18,noise_augmented_cart,0.05,0.0,0.9738562091503268,,0.0
vote,20,matched_gini,0.05,0.0,0.9215686274509803,,0.0
vote,20,mags_fixed,0.05,0.0,0.9215686274509803,,0.0
vote,20,mags_binary_excluded,0.05,0.0,0.9215686274509803,,0.0
vote,20,matched_gini_unrestricted,0.05,0.0,0.9215686274509803,,0.0
vote,20,mags_fixed_unrestricted,0.05,0.0,0.9215686274509803,,0.0
vote,20,cart_fixed,0.05,0.0,0.9215686274509803,,0.0
vote,20,mags_tuned,0.05,0.0,0.8954248366013072,,0.0
vote,20,cart_tuned_depth,0.05,0.0,0.9477124183006536,,0.0
vote,20,cart_pruned,0.05,0.0,0.8954248366013072,,0.0
vote,20,noise_augmented_cart,0.05,0.0,0.9411764705882353,,0.0
vote,21,matched_gini,0.05,0.0,0.9477124183006536,,0.0
vote,21,mags_fixed,0.05,0.0,0.9477124183006536,,0.0
vote,21,mags_binary_excluded,0.05,0.0,0.9477124183006536,,0.0
vote,21,matched_gini_unrestricted,0.05,0.0,0.9477124183006536,,0.0
vote,21,mags_fixed_unrestricted,0.05,0.0,0.9477124183006536,,0.0
vote,21,cart_fixed,0.05,0.0,0.9477124183006536,,0.0
vote,21,mags_tuned,0.05,0.0,0.9477124183006536,,0.0
vote,21,cart_tuned_depth,0.05,0.0,0.9477124183006536,,0.0
vote,21,cart_pruned,0.05,0.0,0.9477124183006536,,0.0
vote,21,noise_augmented_cart,0.05,0.0,0.9477124183006536,,0.0
vote,22,matched_gini,0.05,0.0,0.934640522875817,,0.0
vote,22,mags_fixed,0.05,0.0,0.934640522875817,,0.0
vote,22,mags_binary_excluded,0.05,0.0,0.934640522875817,,0.0
vote,22,matched_gini_unrestricted,0.05,0.0,0.934640522875817,,0.0
vote,22,mags_fixed_unrestricted,0.05,0.0,0.934640522875817,,0.0
vote,22,cart_fixed,0.05,0.0,0.934640522875817,,0.0
vote,22,mags_tuned,0.05,0.0,0.934640522875817,,0.0
vote,22,cart_tuned_depth,0.05,0.0,0.9607843137254902,,0.0
vote,22,cart_pruned,0.05,0.0,0.9607843137254902,,0.0
vote,22,noise_augmented_cart,0.05,0.0,0.9411764705882353,,0.0
vote,23,matched_gini,0.05,0.0,0.954248366013072,,0.0
vote,23,mags_fixed,0.05,0.0,0.954248366013072,,0.0
vote,23,mags_binary_excluded,0.05,0.0,0.954248366013072,,0.0
vote,23,matched_gini_unrestricted,0.05,0.0,0.954248366013072,,0.0
vote,23,mags_fixed_unrestricted,0.05,0.0,0.954248366013072,,0.0
vote,23,cart_fixed,0.05,0.0,0.954248366013072,,0.0
vote,23,mags_tuned,0.05,0.0,0.954248366013072,,0.0
vote,23,cart_tuned_depth,0.05,0.0,0.954248366013072,,0.0
vote,23,cart_pruned,0.05,0.0,0.954248366013072,,0.0
vote,23,noise_augmented_cart,0.05,0.0,0.954248366013072,,0.0
vote,24,matched_gini,0.05,0.0,0.9607843137254902,,0.0
vote,24,mags_fixed,0.05,0.0,0.9607843137254902,,0.0
vote,24,mags_binary_excluded,0.05,0.0,0.9607843137254902,,0.0
vote,24,matched_gini_unrestricted,0.05,0.0,0.9607843137254902,,0.0
vote,24,mags_fixed_unrestricted,0.05,0.0,0.9607843137254902,,0.0
vote,24,cart_fixed,0.05,0.0,0.9607843137254902,,0.0
vote,24,mags_tuned,0.05,0.0,0.954248366013072,,0.0
vote,24,cart_tuned_depth,0.05,0.0,0.9607843137254902,,0.0
vote,24,cart_pruned,0.05,0.0,0.9607843137254902,,0.0
vote,24,noise_augmented_cart,0.05,0.0,0.954248366013072,,0.0
vote,27,matched_gini,0.05,0.0,0.934640522875817,,0.0
vote,27,mags_fixed,0.05,0.0,0.934640522875817,,0.0
vote,27,mags_binary_excluded,0.05,0.0,0.934640522875817,,0.0
vote,27,matched_gini_unrestricted,0.05,0.0,0.934640522875817,,0.0
vote,27,mags_fixed_unrestricted,0.05,0.0,0.934640522875817,,0.0
vote,27,cart_fixed,0.05,0.0,0.934640522875817,,0.0
vote,27,mags_tuned,0.05,0.0,0.934640522875817,,0.0
vote,27,cart_tuned_depth,0.05,0.0,0.9411764705882353,,0.0
vote,27,cart_pruned,0.05,0.0,0.9411764705882353,,0.0
vote,27,noise_augmented_cart,0.05,0.0,0.9281045751633987,,0.0
vote,25,matched_gini,0.05,0.0,0.9411764705882353,,0.0
vote,25,mags_fixed,0.05,0.0,0.9411764705882353,,0.0
vote,25,mags_binary_excluded,0.05,0.0,0.9411764705882353,,0.0
vote,25,matched_gini_unrestricted,0.05,0.0,0.9411764705882353,,0.0
vote,25,mags_fixed_unrestricted,0.05,0.0,0.9411764705882353,,0.0
vote,25,cart_fixed,0.05,0.0,0.9411764705882353,,0.0
vote,25,mags_tuned,0.05,0.0,0.9477124183006536,,0.0
vote,25,cart_tuned_depth,0.05,0.0,0.9477124183006536,,0.0
vote,25,cart_pruned,0.05,0.0,0.9411764705882353,,0.0
vote,25,noise_augmented_cart,0.05,0.0,0.9411764705882353,,0.0
vote,26,matched_gini,0.05,0.0,0.9411764705882353,,0.0
vote,26,mags_fixed,0.05,0.0,0.9411764705882353,,0.0
vote,26,mags_binary_excluded,0.05,0.0,0.9411764705882353,,0.0
vote,26,matched_gini_unrestricted,0.05,0.0,0.9411764705882353,,0.0
vote,26,mags_fixed_unrestricted,0.05,0.0,0.9411764705882353,,0.0
vote,26,cart_fixed,0.05,0.0,0.9411764705882353,,0.0
vote,26,mags_tuned,0.05,0.0,0.954248366013072,,0.0
vote,26,cart_tuned_depth,0.05,0.0,0.954248366013072,,0.0
vote,26,cart_pruned,0.05,0.0,0.954248366013072,,0.0
vote,26,noise_augmented_cart,0.05,0.0,0.9607843137254902,,0.0
vote,28,matched_gini,0.05,0.0,0.9281045751633987,,0.0
vote,28,mags_fixed,0.05,0.0,0.9281045751633987,,0.0
vote,28,mags_binary_excluded,0.05,0.0,0.9281045751633987,,0.0
vote,28,matched_gini_unrestricted,0.05,0.0,0.9281045751633987,,0.0
vote,28,mags_fixed_unrestricted,0.05,0.0,0.9281045751633987,,0.0
vote,28,cart_fixed,0.05,0.0,0.9281045751633987,,0.0
vote,28,mags_tuned,0.05,0.0,0.9281045751633987,,0.0
vote,28,cart_tuned_depth,0.05,0.0,0.934640522875817,,0.0
vote,28,cart_pruned,0.05,0.0,0.9281045751633987,,0.0
vote,28,noise_augmented_cart,0.05,0.0,0.934640522875817,,0.0
vote,29,matched_gini,0.05,0.0,0.9607843137254902,,0.0
vote,29,mags_fixed,0.05,0.0,0.9607843137254902,,0.0
vote,29,mags_binary_excluded,0.05,0.0,0.9607843137254902,,0.0
vote,29,matched_gini_unrestricted,0.05,0.0,0.9607843137254902,,0.0
vote,29,mags_fixed_unrestricted,0.05,0.0,0.9607843137254902,,0.0
vote,29,cart_fixed,0.05,0.0,0.9607843137254902,,0.0
vote,29,mags_tuned,0.05,0.0,0.954248366013072,,0.0
vote,29,cart_tuned_depth,0.05,0.0,0.954248366013072,,0.0
vote,29,cart_pruned,0.05,0.0,0.9607843137254902,,0.0
vote,29,noise_augmented_cart,0.05,0.0,0.9607843137254902,,0.0
wine,1,matched_gini,0.05,0.031746031746031744,0.9047619047619048,0.6142997618181888,1.0
wine,1,mags_fixed,0.05,0.015873015873015872,0.9047619047619048,0.5173452432649115,1.0
wine,1,mags_binary_excluded,0.05,0.015873015873015872,0.9047619047619048,0.5173452432649115,1.0
wine,1,matched_gini_unrestricted,0.05,0.031746031746031744,0.873015873015873,0.6001672020543936,1.0
wine,1,mags_fixed_unrestricted,0.05,0.031746031746031744,0.873015873015873,0.784341751314131,1.0
wine,1,cart_fixed,0.05,0.047619047619047616,0.9047619047619048,0.6759745019086494,1.0
wine,1,mags_tuned,0.05,0.015873015873015872,0.9047619047619048,0.5173452432649115,1.0
wine,1,cart_tuned_depth,0.05,0.0,0.9206349206349206,0.6759745019086494,1.0
wine,1,cart_pruned,0.05,0.047619047619047616,0.9047619047619048,0.6759745019086494,1.0
wine,1,noise_augmented_cart,0.05,0.047619047619047616,0.8095238095238095,0.39014579492039075,1.0
wine,0,matched_gini,0.05,0.031746031746031744,0.8571428571428571,0.46843137255152184,1.0
wine,0,mags_fixed,0.05,0.015873015873015872,0.8888888888888888,0.586771929575064,1.0
wine,0,mags_binary_excluded,0.05,0.015873015873015872,0.8888888888888888,0.586771929575064,1.0
wine,0,matched_gini_unrestricted,0.05,0.0,0.8412698412698413,0.47829308463681675,1.0
wine,0,mags_fixed_unrestricted,0.05,0.015873015873015872,0.873015873015873,0.48815479872211204,1.0
wine,0,cart_fixed,0.05,0.015873015873015872,0.873015873015873,0.46843139346602886,1.0
wine,0,mags_tuned,0.05,0.015873015873015872,0.8888888888888888,0.586771929575064,1.0
wine,0,cart_tuned_depth,0.05,0.015873015873015872,0.8412698412698413,0.46843139346602886,1.0
wine,0,cart_pruned,0.05,0.015873015873015872,0.873015873015873,0.4894817434917551,1.0
wine,0,noise_augmented_cart,0.05,0.015873015873015872,0.8253968253968254,0.524934033612588,1.0
wine,2,matched_gini,0.05,0.015873015873015872,0.9523809523809523,0.5386233936013628,1.0
wine,2,mags_fixed,0.05,0.07936507936507936,0.9523809523809523,0.582795494522901,1.0
wine,2,mags_binary_excluded,0.05,0.07936507936507936,0.9523809523809523,0.582795494522901,1.0
wine,2,matched_gini_unrestricted,0.05,0.07936507936507936,0.9047619047619048,0.6357522011032481,1.0
wine,2,mags_fixed_unrestricted,0.05,0.07936507936507936,0.9047619047619048,0.6357522011032481,1.0
wine,2,cart_fixed,0.05,0.0,0.9365079365079365,0.5386234149185624,1.0
wine,2,mags_tuned,0.05,0.031746031746031744,0.9047619047619048,0.5430383384423576,1.0
wine,2,cart_tuned_depth,0.05,0.015873015873015872,0.8888888888888888,0.543038317125158,1.0
wine,2,cart_pruned,0.05,0.0,0.9365079365079365,0.5386234149185624,1.0
wine,2,noise_augmented_cart,0.05,0.015873015873015872,0.9365079365079365,0.6083767131833901,1.0
wine,3,matched_gini,0.05,0.0,0.8412698412698413,0.5268107692131354,1.0
wine,3,mags_fixed,0.05,0.0,0.8253968253968254,0.4973713448747543,1.0
wine,3,mags_binary_excluded,0.05,0.0,0.8253968253968254,0.4973713448747543,1.0
wine,3,matched_gini_unrestricted,0.05,0.06349206349206349,0.8888888888888888,0.447789153831165,1.0
wine,3,mags_fixed_unrestricted,0.05,0.06349206349206349,0.873015873015873,0.4663824760975111,1.0
wine,3,cart_fixed,0.05,0.0,0.8412698412698413,0.526810763620033,1.0
wine,3,mags_tuned,0.05,0.0,0.8253968253968254,0.4973713448747543,1.0
wine,3,cart_tuned_depth,0.05,0.0,0.8253968253968254,0.526810763620033,1.0
wine,3,cart_pruned,0.05,0.0,0.8412698412698413,0.526810763620033,1.0
wine,3,noise_augmented_cart,0.05,0.015873015873015872,0.873015873015873,0.47509202886172436,1.0
wine,4,matched_gini,0.05,0.09523809523809523,0.8571428571428571,0.6590776153473069,1.0
wine,4,mags_fixed,0.05,0.09523809523809523,0.8571428571428571,0.713563427976703,1.0
wine,4,mags_binary_excluded,0.05,0.09523809523809523,0.8571428571428571,0.713563427976703,1.0
wine,4,matched_gini_unrestricted,0.05,0.09523809523809523,0.8571428571428571,0.6590776153473069,1.0
wine,4,mags_fixed_unrestricted,0.05,0.09523809523809523,0.8571428571428571,0.713563427976703,1.0
wine,4,cart_fixed,0.05,0.06349206349206349,0.8888888888888888,0.6590776144994938,1.0
wine,4,mags_tuned,0.05,0.07936507936507936,0.8571428571428571,0.6840782341512837,1.0
wine,4,cart_tuned_depth,0.05,0.06349206349206349,0.8888888888888888,0.6590776144994938,1.0
wine,4,cart_pruned,0.05,0.06349206349206349,0.8888888888888888,0.6590776144994938,1.0
wine,4,noise_augmented_cart,0.05,0.015873015873015872,0.8888888888888888,0.6386770631152535,1.0
wine,5,matched_gini,0.05,0.031746031746031744,0.8253968253968254,0.6006228119936786,1.0
wine,5,mags_fixed,0.05,0.015873015873015872,0.8412698412698413,0.7171188801110338,1.0
wine,5,mags_binary_excluded,0.05,0.015873015873015872,0.8412698412698413,0.7171188801110338,1.0
wine,5,matched_gini_unrestricted,0.05,0.015873015873015872,0.8412698412698413,0.5650848059587008,1.0
wine,5,mags_fixed_unrestricted,0.05,0.031746031746031744,0.8253968253968254,0.6244300452667503,1.0
wine,5,cart_fixed,0.05,0.0,0.8412698412698413,0.5650848115396163,1.0
wine,5,mags_tuned,0.05,0.0,0.8571428571428571,0.7477141126451907,1.0
wine,5,cart_tuned_depth,0.05,0.0,0.8571428571428571,0.6006228127258167,1.0
wine,5,cart_pruned,0.05,0.0,0.8412698412698413,0.5650848115396163,1.0
wine,5,noise_augmented_cart,0.05,0.015873015873015872,0.8412698412698413,0.6258071044145805,1.0
wine,6,matched_gini,0.05,0.047619047619047616,0.9047619047619048,0.5550997739824739,1.0
wine,6,mags_fixed,0.05,0.047619047619047616,0.9047619047619048,0.6373367773872847,1.0
wine,6,mags_binary_excluded,0.05,0.047619047619047616,0.9047619047619048,0.6373367773872847,1.0
wine,6,matched_gini_unrestricted,0.05,0.047619047619047616,0.8888888888888888,0.5175022922836189,1.0
wine,6,mags_fixed_unrestricted,0.05,0.031746031746031744,0.9206349206349206,0.6948193397399399,1.0
wine,6,cart_fixed,0.05,0.047619047619047616,0.9047619047619048,0.6948193563319632,1.0
wine,6,mags_tuned,0.05,0.047619047619047616,0.9047619047619048,0.6373367773872847,1.0
wine,6,cart_tuned_depth,0.05,0.047619047619047616,0.9047619047619048,0.6053208638518901,1.0
wine,6,cart_pruned,0.05,0.047619047619047616,0.9047619047619048,0.6948193563319632,1.0
wine,6,noise_augmented_cart,0.05,0.0,0.8412698412698413,0.6136120718776136,1.0
wine,7,matched_gini,0.05,0.06349206349206349,0.873015873015873,0.5689282794399361,1.0
wine,7,mags_fixed,0.05,0.06349206349206349,0.9206349206349206,0.6110711148799314,1.0
wine,7,mags_binary_excluded,0.05,0.06349206349206349,0.9206349206349206,0.6110711148799314,1.0
wine,7,matched_gini_unrestricted,0.05,0.047619047619047616,0.9047619047619048,0.6901446870451591,1.0
wine,7,mags_fixed_unrestricted,0.05,0.047619047619047616,0.9047619047619048,0.6901446870451591,1.0
wine,7,cart_fixed,0.05,0.047619047619047616,0.9047619047619048,0.540833035938132,1.0
wine,7,mags_tuned,0.05,0.06349206349206349,0.9206349206349206,0.6110711148799314,1.0
wine,7,cart_tuned_depth,0.05,0.047619047619047616,0.8888888888888888,0.5689282595647956,1.0
wine,7,cart_pruned,0.05,0.047619047619047616,0.9047619047619048,0.540833035938132,1.0
wine,7,noise_augmented_cart,0.05,0.047619047619047616,0.9365079365079365,0.6974109888588321,1.0
wine,8,matched_gini,0.05,0.06349206349206349,0.9047619047619048,0.5319831334779248,1.0
wine,8,mags_fixed,0.05,0.07936507936507936,0.8888888888888888,0.5557801750463466,1.0
wine,8,mags_binary_excluded,0.05,0.07936507936507936,0.8888888888888888,0.5557801750463466,1.0
wine,8,matched_gini_unrestricted,0.05,0.031746031746031744,0.8095238095238095,0.539173380155504,1.0
wine,8,mags_fixed_unrestricted,0.05,0.031746031746031744,0.8095238095238095,0.539173380155504,1.0
wine,8,cart_fixed,0.05,0.015873015873015872,0.9523809523809523,0.5319831349529214,1.0
wine,8,mags_tuned,0.05,0.047619047619047616,0.9365079365079365,0.6185295506483532,1.0
wine,8,cart_tuned_depth,0.05,0.015873015873015872,0.9523809523809523,0.5319831349529214,1.0
wine,8,cart_pruned,0.05,0.015873015873015872,0.9523809523809523,0.5319831349529214,1.0
wine,8,noise_augmented_cart,0.05,0.015873015873015872,0.9206349206349206,0.48444215993987044,1.0
wine,9,matched_gini,0.05,0.015873015873015872,0.873015873015873,0.686337787191558,1.0
wine,9,mags_fixed,0.05,0.015873015873015872,0.873015873015873,0.762495324848236,1.0
wine,9,mags_binary_excluded,0.05,0.015873015873015872,0.873015873015873,0.762495324848236,1.0
wine,9,matched_gini_unrestricted,0.05,0.031746031746031744,0.8571428571428571,0.7127673688798728,1.0
wine,9,mags_fixed_unrestricted,0.05,0.031746031746031744,0.8571428571428571,0.762495324848236,1.0
wine,9,cart_fixed,0.05,0.0,0.8888888888888888,0.676182557461345,1.0
wine,9,mags_tuned,0.05,0.015873015873015872,0.873015873015873,0.762495324848236,1.0
wine,9,cart_tuned_depth,0.05,0.0,0.8888888888888888,0.6722633559561074,1.0
wine,9,cart_pruned,0.05,0.015873015873015872,0.873015873015873,0.6332026368265676,1.0
wine,9,noise_augmented_cart,0.05,0.047619047619047616,0.8571428571428571,0.6443576753996444,1.0
wine,10,matched_gini,0.05,0.0,0.9365079365079365,0.4559174694821473,1.0
wine,10,mags_fixed,0.05,0.015873015873015872,0.9206349206349206,0.4158706648181749,1.0
wine,10,mags_binary_excluded,0.05,0.015873015873015872,0.9206349206349206,0.4158706648181749,1.0
wine,10,matched_gini_unrestricted,0.05,0.015873015873015872,0.9047619047619048,0.4465863058107968,1.0
wine,10,mags_fixed_unrestricted,0.05,0.031746031746031744,0.8888888888888888,0.4035485700754141,1.0
wine,10,cart_fixed,0.05,0.0,0.9047619047619048,0.40354856993127486,1.0
wine,10,mags_tuned,0.05,0.015873015873015872,0.9206349206349206,0.4158706648181749,1.0
wine,10,cart_tuned_depth,0.05,0.0,0.9206349206349206,0.4006934651948729,1.0
wine,10,cart_pruned,0.05,0.0,0.9047619047619048,0.40354856993127486,1.0
wine,10,noise_augmented_cart,0.05,0.0,0.8095238095238095,0.5404620193981226,1.0
wine,11,matched_gini,0.05,0.09523809523809523,0.9206349206349206,0.47849971831066007,1.0
wine,11,mags_fixed,0.05,0.12698412698412698,0.9206349206349206,0.5956833237949032,1.0
wine,11,mags_binary_excluded,0.05,0.12698412698412698,0.9206349206349206,0.5956833237949032,1.0
wine,11,matched_gini_unrestricted,0.05,0.031746031746031744,0.9523809523809523,0.5521174896207924,1.0
wine,11,mags_fixed_unrestricted,0.05,0.031746031746031744,0.9523809523809523,0.5521174896207924,1.0
wine,11,cart_fixed,0.05,0.047619047619047616,0.9206349206349206,0.4394385210158736,1.0
wine,11,mags_tuned,0.05,0.09523809523809523,0.9206349206349206,0.47849971831066007,1.0
wine,11,cart_tuned_depth,0.05,0.07936507936507936,0.873015873015873,0.4589691414180592,1.0
wine,11,cart_pruned,0.05,0.047619047619047616,0.9206349206349206,0.4394385210158736,1.0
wine,11,noise_augmented_cart,0.05,0.0,0.8888888888888888,0.5190222449333461,1.0
wine,12,matched_gini,0.05,0.047619047619047616,0.9047619047619048,0.5019137425296789,1.0
wine,12,mags_fixed,0.05,0.047619047619047616,0.9047619047619048,0.5019137425296789,1.0
wine,12,mags_binary_excluded,0.05,0.047619047619047616,0.9047619047619048,0.5019137425296789,1.0
wine,12,matched_gini_unrestricted,0.05,0.031746031746031744,0.9365079365079365,0.6606385999621416,1.0
wine,12,mags_fixed_unrestricted,0.05,0.031746031746031744,0.9365079365079365,0.6606385999621416,1.0
wine,12,cart_fixed,0.05,0.031746031746031744,0.8888888888888888,0.5019137375806473,1.0
wine,12,mags_tuned,0.05,0.031746031746031744,0.8888888888888888,0.5877109633039829,1.0
wine,12,cart_tuned_depth,0.05,0.031746031746031744,0.8888888888888888,0.5019137375806473,1.0
wine,12,cart_pruned,0.05,0.031746031746031744,0.8888888888888888,0.5019137375806473,1.0
wine,12,noise_augmented_cart,0.05,0.031746031746031744,0.9682539682539683,0.6584936767722368,1.0
wine,13,matched_gini,0.05,0.047619047619047616,0.9206349206349206,0.6461987196224308,1.0
wine,13,mags_fixed,0.05,0.047619047619047616,0.9206349206349206,0.5661812351725426,1.0
wine,13,mags_binary_excluded,0.05,0.047619047619047616,0.9206349206349206,0.5661812351725426,1.0
wine,13,matched_gini_unrestricted,0.05,0.06349206349206349,0.9047619047619048,0.5122592118703955,1.0
wine,13,mags_fixed_unrestricted,0.05,0.06349206349206349,0.9047619047619048,0.5122592118703955,1.0
wine,13,cart_fixed,0.05,0.015873015873015872,0.8888888888888888,0.5122591991218538,1.0
wine,13,mags_tuned,0.05,0.047619047619047616,0.873015873015873,0.5628182388001817,1.0
wine,13,cart_tuned_depth,0.05,0.015873015873015872,0.8412698412698413,0.48737211190547847,1.0
wine,13,cart_pruned,0.05,0.015873015873015872,0.8888888888888888,0.5122591991218538,1.0
wine,13,noise_augmented_cart,0.05,0.015873015873015872,0.8888888888888888,0.5192484146437251,1.0
wine,14,matched_gini,0.05,0.047619047619047616,0.9047619047619048,0.4959925863658382,1.0
wine,14,mags_fixed,0.05,0.09523809523809523,0.8888888888888888,0.43764051738162196,1.0
wine,14,mags_binary_excluded,0.05,0.09523809523809523,0.8888888888888888,0.43764051738162196,1.0
wine,14,matched_gini_unrestricted,0.05,0.09523809523809523,0.873015873015873,0.4802824149470108,1.0
wine,14,mags_fixed_unrestricted,0.05,0.09523809523809523,0.873015873015873,0.4802824149470108,1.0
wine,14,cart_fixed,0.05,0.047619047619047616,0.9047619047619048,0.49599259385127087,1.0
wine,14,mags_tuned,0.05,0.09523809523809523,0.8888888888888888,0.43764051738162196,1.0
wine,14,cart_tuned_depth,0.05,0.047619047619047616,0.9047619047619048,0.49599259385127087,1.0
wine,14,cart_pruned,0.05,0.047619047619047616,0.9047619047619048,0.49599259385127087,1.0
wine,14,noise_augmented_cart,0.05,0.06349206349206349,0.8888888888888888,0.49150395918931206,1.0
wine,15,matched_gini,0.05,0.015873015873015872,0.9523809523809523,0.6082657924987939,1.0
wine,15,mags_fixed,0.05,0.047619047619047616,0.9523809523809523,0.6576332382393947,1.0
wine,15,mags_binary_excluded,0.05,0.047619047619047616,0.9523809523809523,0.6576332382393947,1.0
wine,15,matched_gini_unrestricted,0.05,0.031746031746031744,0.9682539682539683,0.5698489637199808,1.0
wine,15,mags_fixed_unrestricted,0.05,0.031746031746031744,0.9047619047619048,0.3826837761085128,1.0
wine,15,cart_fixed,0.05,0.015873015873015872,0.9523809523809523,0.608265800632258,1.0
wine,15,mags_tuned,0.05,0.015873015873015872,0.9523809523809523,0.6082657924987939,1.0
wine,15,cart_tuned_depth,0.05,0.015873015873015872,0.9523809523809523,0.608265800632258,1.0
wine,15,cart_pruned,0.05,0.015873015873015872,0.9523809523809523,0.608265800632258,1.0
wine,15,noise_augmented_cart,0.05,0.015873015873015872,0.9206349206349206,0.552770552045775,1.0
wine,16,matched_gini,0.05,0.0,0.9523809523809523,0.6796710321985342,1.0
wine,16,mags_fixed,0.05,0.031746031746031744,0.9206349206349206,0.6570353003534957,1.0
wine,16,mags_binary_excluded,0.05,0.031746031746031744,0.9206349206349206,0.6570353003534957,1.0
wine,16,matched_gini_unrestricted,0.05,0.0,0.9523809523809523,0.6672862437040571,1.0
wine,16,mags_fixed_unrestricted,0.05,0.031746031746031744,0.9047619047619048,0.737398579190561,1.0
wine,16,cart_fixed,0.05,0.015873015873015872,0.9365079365079365,0.6570353019248758,1.0
wine,16,mags_tuned,0.05,0.015873015873015872,0.8888888888888888,0.8341078043800713,1.0
wine,16,cart_tuned_depth,0.05,0.015873015873015872,0.9365079365079365,0.6570353019248758,1.0
wine,16,cart_pruned,0.05,0.015873015873015872,0.9365079365079365,0.6570353019248758,1.0
wine,16,noise_augmented_cart,0.05,0.015873015873015872,0.9682539682539683,0.7202798502019546,1.0
wine,17,matched_gini,0.05,0.031746031746031744,0.9523809523809523,0.6816868724891367,1.0
wine,17,mags_fixed,0.05,0.031746031746031744,0.9523809523809523,0.6816868724891367,1.0
wine,17,mags_binary_excluded,0.05,0.031746031746031744,0.9523809523809523,0.6816868724891367,1.0
wine,17,matched_gini_unrestricted,0.05,0.031746031746031744,0.9523809523809523,0.6816868724891367,1.0
wine,17,mags_fixed_unrestricted,0.05,0.047619047619047616,0.9206349206349206,0.7086552187771531,1.0
wine,17,cart_fixed,0.05,0.015873015873015872,0.9523809523809523,0.549419269067888,1.0
wine,17,mags_tuned,0.05,0.031746031746031744,0.9523809523809523,0.6816868724891367,1.0
wine,17,cart_tuned_depth,0.05,0.015873015873015872,0.9523809523809523,0.549419269067888,1.0
wine,17,cart_pruned,0.05,0.015873015873015872,0.9523809523809523,0.549419269067888,1.0
wine,17,noise_augmented_cart,0.05,0.047619047619047616,0.9047619047619048,0.518658500972522,1.0
wine,18,matched_gini,0.05,0.07936507936507936,0.873015873015873,0.6104044554321718,1.0
wine,18,mags_fixed,0.05,0.07936507936507936,0.8571428571428571,0.7592835919034335,1.0
wine,18,mags_binary_excluded,0.05,0.07936507936507936,0.8571428571428571,0.7592835919034335,1.0
wine,18,matched_gini_unrestricted,0.05,0.07936507936507936,0.873015873015873,0.6104044554321718,1.0
wine,18,mags_fixed_unrestricted,0.05,0.07936507936507936,0.8571428571428571,0.7592835919034335,1.0
wine,18,cart_fixed,0.05,0.07936507936507936,0.8571428571428571,0.6104044553932303,1.0
wine,18,mags_tuned,0.05,0.07936507936507936,0.8571428571428571,0.7382812200216524,1.0
wine,18,cart_tuned_depth,0.05,0.06349206349206349,0.8412698412698413,0.6600308413492265,1.0
wine,18,cart_pruned,0.05,0.07936507936507936,0.8571428571428571,0.6104044553932303,1.0
wine,18,noise_augmented_cart,0.05,0.015873015873015872,0.9047619047619048,0.5704680661843481,1.0
wine,19,matched_gini,0.05,0.06349206349206349,0.8888888888888888,0.5730240118969876,1.0
wine,19,mags_fixed,0.05,0.06349206349206349,0.9047619047619048,0.6338171491392331,1.0
wine,19,mags_binary_excluded,0.05,0.06349206349206349,0.9047619047619048,0.6338171491392331,1.0
wine,19,matched_gini_unrestricted,0.05,0.09523809523809523,0.8253968253968254,0.5441249568968446,1.0
wine,19,mags_fixed_unrestricted,0.05,0.1111111111111111,0.873015873015873,0.5352776605402121,1.0
wine,19,cart_fixed,0.05,0.047619047619047616,0.9206349206349206,0.6338171395139699,1.0
wine,19,mags_tuned,0.05,0.06349206349206349,0.8412698412698413,0.57562340430478,1.0
wine,19,cart_tuned_depth,0.05,0.047619047619047616,0.8571428571428571,0.5756233973253656,1.0
wine,19,cart_pruned,0.05,0.047619047619047616,0.9206349206349206,0.6338171395139699,1.0
wine,19,noise_augmented_cart,0.05,0.047619047619047616,0.9206349206349206,0.6338171395139699,1.0
wine,20,matched_gini,0.05,0.047619047619047616,0.8888888888888888,0.5002604195230176,1.0
wine,20,mags_fixed,0.05,0.0,0.9206349206349206,0.5930138699816926,1.0
wine,20,mags_binary_excluded,0.05,0.0,0.9206349206349206,0.5930138699816926,1.0
wine,20,matched_gini_unrestricted,0.05,0.06349206349206349,0.8095238095238095,0.47396185255663764,1.0
wine,20,mags_fixed_unrestricted,0.05,0.015873015873015872,0.9206349206349206,0.608219353827377,1.0
wine,20,cart_fixed,0.05,0.031746031746031744,0.873015873015873,0.4941782222201552,1.0
wine,20,mags_tuned,0.05,0.07936507936507936,0.7936507936507936,0.5792867084581126,1.0
wine,20,cart_tuned_depth,0.05,0.07936507936507936,0.7619047619047619,0.4941782222201552,1.0
wine,20,cart_pruned,0.05,0.031746031746031744,0.873015873015873,0.4941782222201552,1.0
wine,20,noise_augmented_cart,0.05,0.07936507936507936,0.9206349206349206,0.42270843092917904,1.0
wine,21,matched_gini,0.05,0.06349206349206349,0.9206349206349206,0.6402431350395971,1.0
wine,21,mags_fixed,0.05,0.047619047619047616,0.9206349206349206,0.4593731039522224,1.0
wine,21,mags_binary_excluded,0.05,0.047619047619047616,0.9206349206349206,0.4593731039522224,1.0
wine,21,matched_gini_unrestricted,0.05,0.015873015873015872,0.8571428571428571,0.6350245588895348,1.0
wine,21,mags_fixed_unrestricted,0.05,0.015873015873015872,0.873015873015873,0.6256393840385396,1.0
wine,21,cart_fixed,0.05,0.047619047619047616,0.9365079365079365,0.6224586254083743,1.0
wine,21,mags_tuned,0.05,0.047619047619047616,0.9206349206349206,0.4593731039522224,1.0
wine,21,cart_tuned_depth,0.05,0.047619047619047616,0.8412698412698413,0.6135663596439355,1.0
wine,21,cart_pruned,0.05,0.047619047619047616,0.9365079365079365,0.6224586254083743,1.0
wine,21,noise_augmented_cart,0.05,0.0,0.8888888888888888,0.5104202503128622,1.0
wine,22,matched_gini,0.05,0.06349206349206349,0.9206349206349206,0.4370435785798352,1.0
wine,22,mags_fixed,0.05,0.06349206349206349,0.9682539682539683,0.4275426322194041,1.0
wine,22,mags_binary_excluded,0.05,0.06349206349206349,0.9682539682539683,0.4275426322194041,1.0
wine,22,matched_gini_unrestricted,0.05,0.07936507936507936,0.873015873015873,0.4594457813405075,1.0
wine,22,mags_fixed_unrestricted,0.05,0.06349206349206349,0.8253968253968254,0.4811094686450683,1.0
wine,22,cart_fixed,0.05,0.06349206349206349,0.9206349206349206,0.4370435776851303,1.0
wine,22,mags_tuned,0.05,0.047619047619047616,0.8253968253968254,0.46236494389266264,1.0
wine,22,cart_tuned_depth,0.05,0.047619047619047616,0.8253968253968254,0.42071044352240583,1.0
wine,22,cart_pruned,0.05,0.06349206349206349,0.9206349206349206,0.4370435776851303,1.0
wine,22,noise_augmented_cart,0.05,0.047619047619047616,0.8571428571428571,0.4078744405242426,1.0
wine,23,matched_gini,0.05,0.047619047619047616,0.9206349206349206,0.5695733900796158,1.0
wine,23,mags_fixed,0.05,0.09523809523809523,0.8253968253968254,0.5076997841334829,1.0
wine,23,mags_binary_excluded,0.05,0.09523809523809523,0.8253968253968254,0.5076997841334829,1.0
wine,23,matched_gini_unrestricted,0.05,0.07936507936507936,0.8571428571428571,0.5264264165154554,1.0
wine,23,mags_fixed_unrestricted,0.05,0.06349206349206349,0.873015873015873,0.5264264165154554,1.0
wine,23,cart_fixed,0.05,0.031746031746031744,0.8888888888888888,0.5493145245888599,1.0
wine,23,mags_tuned,0.05,0.06349206349206349,0.8571428571428571,0.5701218897400583,1.0
wine,23,cart_tuned_depth,0.05,0.047619047619047616,0.8253968253968254,0.5076997881844759,1.0
wine,23,cart_pruned,0.05,0.031746031746031744,0.8888888888888888,0.5493145245888599,1.0
wine,23,noise_augmented_cart,0.05,0.031746031746031744,0.9047619047619048,0.5705524254841506,1.0
wine,24,matched_gini,0.05,0.015873015873015872,0.9206349206349206,0.5931521245850566,1.0
wine,24,mags_fixed,0.05,0.015873015873015872,0.9047619047619048,0.6326956005573935,1.0
wine,24,mags_binary_excluded,0.05,0.015873015873015872,0.9047619047619048,0.6326956005573935,1.0
wine,24,matched_gini_unrestricted,0.05,0.015873015873015872,0.9841269841269841,0.6226520704177771,1.0
wine,24,mags_fixed_unrestricted,0.05,0.015873015873015872,1.0,0.6226520714177773,1.0
wine,24,cart_fixed,0.05,0.0,0.9206349206349206,0.5931521077194455,1.0
wine,24,mags_tuned,0.05,0.015873015873015872,0.9047619047619048,0.6326956005573935,1.0
wine,24,cart_tuned_depth,0.05,0.0,0.8571428571428571,0.5458867360336863,1.0
wine,24,cart_pruned,0.05,0.0,0.9206349206349206,0.5931521077194455,1.0
wine,24,noise_augmented_cart,0.05,0.015873015873015872,0.873015873015873,0.40301796241544546,1.0
wine,25,matched_gini,0.05,0.06349206349206349,0.8571428571428571,0.4952313188444416,1.0
wine,25,mags_fixed,0.05,0.06349206349206349,0.8571428571428571,0.5486227121071846,1.0
wine,25,mags_binary_excluded,0.05,0.06349206349206349,0.8571428571428571,0.5486227121071846,1.0
wine,25,matched_gini_unrestricted,0.05,0.047619047619047616,0.8571428571428571,0.5641947587294486,1.0
wine,25,mags_fixed_unrestricted,0.05,0.047619047619047616,0.8571428571428571,0.5973891753167121,1.0
wine,25,cart_fixed,0.05,0.06349206349206349,0.8412698412698413,0.49523131516530344,1.0
wine,25,mags_tuned,0.05,0.047619047619047616,0.8571428571428571,0.5689020945485735,1.0
wine,25,cart_tuned_depth,0.05,0.047619047619047616,0.8412698412698413,0.5689020982277117,1.0
wine,25,cart_pruned,0.05,0.06349206349206349,0.8412698412698413,0.49523131516530344,1.0
wine,25,noise_augmented_cart,0.05,0.047619047619047616,0.7619047619047619,0.48004487229263865,1.0
wine,26,matched_gini,0.05,0.031746031746031744,0.873015873015873,0.5070650314354658,1.0
wine,26,mags_fixed,0.05,0.031746031746031744,0.8571428571428571,0.4723371718860052,1.0
wine,26,mags_binary_excluded,0.05,0.031746031746031744,0.8571428571428571,0.4723371718860052,1.0
wine,26,matched_gini_unrestricted,0.05,0.015873015873015872,0.873015873015873,0.5661918318333674,1.0
wine,26,mags_fixed_unrestricted,0.05,0.015873015873015872,0.873015873015873,0.5661918318333674,1.0
wine,26,cart_fixed,0.05,0.031746031746031744,0.8571428571428571,0.4723371654037086,1.0
wine,26,mags_tuned,0.05,0.031746031746031744,0.8571428571428571,0.5914389734125257,1.0
wine,26,cart_tuned_depth,0.05,0.031746031746031744,0.8571428571428571,0.4723371654037086,1.0
wine,26,cart_pruned,0.05,0.031746031746031744,0.8571428571428571,0.4723371654037086,1.0
wine,26,noise_augmented_cart,0.05,0.047619047619047616,0.8888888888888888,0.4723371654037086,1.0
wine,27,matched_gini,0.05,0.015873015873015872,0.9365079365079365,0.5907620654594974,1.0
wine,27,mags_fixed,0.05,0.015873015873015872,0.8888888888888888,0.590762066459497,1.0
wine,27,mags_binary_excluded,0.05,0.015873015873015872,0.8888888888888888,0.590762066459497,1.0
wine,27,matched_gini_unrestricted,0.05,0.031746031746031744,0.9365079365079365,0.5907620654594974,1.0
wine,27,mags_fixed_unrestricted,0.05,0.06349206349206349,0.9206349206349206,0.5863931999084503,1.0
wine,27,cart_fixed,0.05,0.031746031746031744,0.9206349206349206,0.610476879019578,1.0
wine,27,mags_tuned,0.05,0.015873015873015872,0.9206349206349206,0.590762066459497,1.0
wine,27,cart_tuned_depth,0.05,0.015873015873015872,0.9365079365079365,0.610476879019578,1.0
wine,27,cart_pruned,0.05,0.031746031746031744,0.9206349206349206,0.610476879019578,1.0
wine,27,noise_augmented_cart,0.05,0.015873015873015872,0.873015873015873,0.577435849265858,1.0
wine,28,matched_gini,0.05,0.031746031746031744,0.9206349206349206,0.669311400005642,1.0
wine,28,mags_fixed,0.05,0.031746031746031744,0.9206349206349206,0.669311400005642,1.0
wine,28,mags_binary_excluded,0.05,0.031746031746031744,0.9206349206349206,0.669311400005642,1.0
wine,28,matched_gini_unrestricted,0.05,0.031746031746031744,0.9206349206349206,0.669311400005642,1.0
wine,28,mags_fixed_unrestricted,0.05,0.031746031746031744,0.9206349206349206,0.669311400005642,1.0
wine,28,cart_fixed,0.05,0.015873015873015872,0.9365079365079365,0.6693114007839468,1.0
wine,28,mags_tuned,0.05,0.031746031746031744,0.9206349206349206,0.669311400005642,1.0
wine,28,cart_tuned_depth,0.05,0.0,0.8412698412698413,0.6287753197453988,1.0
wine,28,cart_pruned,0.05,0.015873015873015872,0.9365079365079365,0.6693114007839468,1.0
wine,28,noise_augmented_cart,0.05,0.0,0.9365079365079365,0.6738785289605979,1.0
wine,29,matched_gini,0.05,0.047619047619047616,0.9206349206349206,0.5860213786487104,1.0
wine,29,mags_fixed,0.05,0.031746031746031744,0.8888888888888888,0.6117084526155631,1.0
wine,29,mags_binary_excluded,0.05,0.031746031746031744,0.8888888888888888,0.6117084526155631,1.0
wine,29,matched_gini_unrestricted,0.05,0.047619047619047616,0.9047619047619048,0.5740319912036973,1.0
wine,29,mags_fixed_unrestricted,0.05,0.06349206349206349,0.8888888888888888,0.5740319912036973,1.0
wine,29,cart_fixed,0.05,0.047619047619047616,0.9206349206349206,0.5860213782308933,1.0
wine,29,mags_tuned,0.05,0.031746031746031744,0.7619047619047619,0.5738362475722435,1.0
wine,29,cart_tuned_depth,0.05,0.047619047619047616,0.9206349206349206,0.5860213782308933,1.0
wine,29,cart_pruned,0.05,0.047619047619047616,0.9206349206349206,0.5860213782308933,1.0
wine,29,noise_augmented_cart,0.05,0.047619047619047616,0.7936507936507936,0.5629734635676087,1.0
