dataset,seed,method,clean_accuracy,noisy_accuracy,fit_time_sec,n_train,n_test,n_features,n_binary_features,eps,attack_success_rate,attacked_accuracy,median_min_flip_linf,reachable_fraction
breast_cancer,0,groot,0.925,0.9,4.095253699997556,369,200,30,0,0.05,0.02,0.915,0.6302787285105871,1.0
breast_cancer,0,chen_heuristic,0.915,0.875,0.00864949999959208,369,200,30,0,0.05,0.025,0.91,0.620328861853882,1.0
adult,0,groot,0.8514285714285714,0.8342857142857143,2.6950502000036067,1950,1050,101,95,0.05,0.0019047619047619048,0.8514285714285714,0.7806783379701794,1.0
adult,0,chen_heuristic,0.8504761904761905,0.8295238095238096,0.03559349999704864,1950,1050,101,95,0.05,0.007619047619047619,0.8504761904761905,0.7806783379701794,1.0
bank_marketing,0,groot,0.8982943777637398,0.8970309538850284,0.03649310000037076,2938,1583,51,44,0.05,0.007580543272267846,0.8970309538850284,1.6640338626243496,1.0
bank_marketing,0,chen_heuristic,0.897662665824384,0.899557801642451,0.09709350000048289,2938,1583,51,44,0.05,0.006317119393556538,0.8963992419456728,1.7297469491821502,0.7511054958938724
compas,0,groot,0.6653465346534654,0.6574257425742575,0.017597600002773106,4689,2525,18,13,0.05,0.012277227722772278,0.6657425742574258,0.5232338313222423,1.0
compas,0,chen_heuristic,0.6665346534653466,0.6586138613861386,0.018016200003330596,4689,2525,18,13,0.05,0.034851485148514855,0.6712871287128713,0.3505585586657409,1.0
credit_approval,0,groot,0.8677685950413223,0.8677685950413223,0.005645700002787635,448,242,46,40,0.05,0.0,0.8677685950413223,1.6219793423164868,0.19008264462809918
credit_approval,0,chen_heuristic,0.8636363636363636,0.859504132231405,0.006298199994489551,448,242,46,40,0.05,0.03305785123966942,0.8801652892561983,0.056888706052576066,0.22727272727272727
credit_g_openml,0,groot,0.7285714285714285,0.7314285714285714,0.010951699994620867,650,350,61,55,0.05,0.022857142857142857,0.7342857142857143,0.9551380169845277,0.7
credit_g_openml,0,chen_heuristic,0.72,0.7142857142857143,0.009450700003071688,650,350,61,55,0.05,0.03428571428571429,0.72,0.9551380169845277,0.6971428571428572
diabetes,0,groot,0.7546468401486989,0.758364312267658,1.2895016000038595,499,269,8,0,0.05,0.026022304832713755,0.7509293680297398,0.5721905292037467,1.0
diabetes,0,chen_heuristic,0.7546468401486989,0.7472118959107806,0.002701500001421664,499,269,8,0,0.05,0.04460966542750929,0.7620817843866171,0.44295710711532177,1.0
german_credit,0,groot,0.68,0.68,0.009589300003426615,650,350,61,55,0.05,0.002857142857142857,0.6828571428571428,3.0796836794859472,0.6371428571428571
german_credit,0,chen_heuristic,0.68,0.68,0.00876300000527408,650,350,61,55,0.05,0.002857142857142857,0.6828571428571428,3.0796836794859472,0.6371428571428571
heart_statlog,0,groot,0.7473684210526316,0.7368421052631579,0.0014821000004303642,175,95,13,3,0.05,0.010526315789473684,0.7368421052631579,0.5385252740345806,1.0
heart_statlog,0,chen_heuristic,0.7473684210526316,0.7368421052631579,0.001263199999812059,175,95,13,3,0.05,0.010526315789473684,0.7368421052631579,0.5385252740345806,1.0
ionosphere,0,groot,0.8699186991869918,0.8780487804878049,0.00349659999483265,228,123,34,2,0.05,0.008130081300813009,0.8780487804878049,0.9810537977763227,0.9024390243902439
ionosphere,0,chen_heuristic,0.8699186991869918,0.8780487804878049,0.0060427999997045845,228,123,34,2,0.05,0.008130081300813009,0.8780487804878049,1.0047580553932844,0.9024390243902439
mushroom,0,groot,0.9961904761904762,0.9961904761904762,0.041722599999047816,1950,1050,116,116,0.05,0.0,0.9961904761904762,,0.0
mushroom,0,chen_heuristic,0.9961904761904762,0.9961904761904762,0.02820130000327481,1950,1050,116,116,0.05,0.0,0.9961904761904762,,0.0
sonar,0,groot,0.7123287671232876,0.6575342465753424,0.004680099998950027,135,73,60,0,0.05,0.0410958904109589,0.726027397260274,0.37630165772340973,1.0
sonar,0,chen_heuristic,0.726027397260274,0.6575342465753424,0.004872199999226723,135,73,60,0,0.05,0.0410958904109589,0.7123287671232876,0.37630165772340973,1.0
spambase,0,groot,0.8980952380952381,0.5971428571428572,0.03062530000170227,1950,1050,57,0,0.05,0.006666666666666667,0.8971428571428571,0.06084637931278236,1.0
spambase,0,chen_heuristic,0.8971428571428571,0.6476190476190476,0.03474240000650752,1950,1050,57,0,0.05,0.030476190476190476,0.8914285714285715,0.0930995401204058,1.0
vote,0,groot,0.9411764705882353,0.9411764705882353,0.0026463999965926632,282,153,32,32,0.05,0.0,0.9411764705882353,,0.0
vote,0,chen_heuristic,0.9411764705882353,0.9411764705882353,0.0025697999953990802,282,153,32,32,0.05,0.0,0.9411764705882353,,0.0
adult,1,groot,0.8657142857142858,0.8571428571428571,3.083146700002544,1950,1050,100,94,0.05,0.005714285714285714,0.8657142857142858,1.1235901486955946,1.0
adult,1,chen_heuristic,0.8647619047619047,0.8552380952380952,0.03852320000441978,1950,1050,100,94,0.05,0.0038095238095238095,0.8609523809523809,1.1235901486955946,1.0
adult,2,groot,0.8466666666666667,0.8438095238095238,0.04121310000482481,1950,1050,99,93,0.05,0.0009523809523809524,0.8476190476190476,1.2634350948138078,1.0
adult,2,chen_heuristic,0.8466666666666667,0.8438095238095238,0.04903379999450408,1950,1050,99,93,0.05,0.0009523809523809524,0.8476190476190476,1.2634350948138078,1.0
adult,3,groot,0.8495238095238096,0.8514285714285714,0.039066400000592694,1950,1050,96,90,0.05,0.0009523809523809524,0.8504761904761905,0.8422352957885809,1.0
adult,3,chen_heuristic,0.8495238095238096,0.8514285714285714,0.03870489999826532,1950,1050,96,90,0.05,0.0009523809523809524,0.8504761904761905,0.8422352957885809,1.0
adult,4,groot,0.8380952380952381,0.8314285714285714,0.038199400005396456,1950,1050,98,92,0.05,0.0038095238095238095,0.8380952380952381,0.9826769369469126,1.0
adult,4,chen_heuristic,0.8380952380952381,0.8314285714285714,0.03884529999777442,1950,1050,98,92,0.05,0.0038095238095238095,0.8380952380952381,0.9826769369469126,1.0
adult,5,groot,0.8590476190476191,0.8514285714285714,0.04542829999991227,1950,1050,101,95,0.05,0.013333333333333334,0.8609523809523809,0.8893134110734905,1.0
adult,5,chen_heuristic,0.8571428571428571,0.839047619047619,0.043878899996343534,1950,1050,101,95,0.05,0.021904761904761906,0.8504761904761905,0.8893134110734905,1.0
adult,6,groot,0.8276190476190476,0.8180952380952381,0.053532099998847116,1950,1050,100,94,0.05,0.010476190476190476,0.8285714285714286,1.071796757176501,1.0
adult,6,chen_heuristic,0.8371428571428572,0.8295238095238096,0.03811159999895608,1950,1050,100,94,0.05,0.012380952380952381,0.84,1.071796757176501,1.0
adult,7,groot,0.8380952380952381,0.8266666666666667,0.057342699998116586,1950,1050,99,93,0.05,0.004761904761904762,0.840952380952381,1.186559114920282,1.0
adult,7,chen_heuristic,0.8380952380952381,0.8266666666666667,0.04050170000118669,1950,1050,99,93,0.05,0.004761904761904762,0.840952380952381,1.186559114920282,1.0
adult,8,groot,0.8304761904761905,0.819047619047619,0.048708099995565135,1950,1050,103,97,0.05,0.013333333333333334,0.8304761904761905,0.8277860478869598,1.0
adult,8,chen_heuristic,0.8361904761904762,0.8247619047619048,0.06717449999996461,1950,1050,103,97,0.05,0.005714285714285714,0.84,0.8277860478869598,1.0
adult,9,groot,0.8514285714285714,0.8457142857142858,0.0678117999996175,1950,1050,102,96,0.05,0.004761904761904762,0.8561904761904762,1.0585520317342394,1.0
adult,9,chen_heuristic,0.8380952380952381,0.8323809523809523,0.03534040000522509,1950,1050,102,96,0.05,0.005714285714285714,0.8419047619047619,1.0585520317342394,1.0
adult,10,groot,0.8133333333333334,0.8123809523809524,0.03743729999405332,1950,1050,98,92,0.05,0.004761904761904762,0.8123809523809524,1.0786830069106361,1.0
adult,10,chen_heuristic,0.8133333333333334,0.8123809523809524,0.029494199996406678,1950,1050,98,92,0.05,0.004761904761904762,0.8123809523809524,1.0786830069106361,1.0
adult,11,groot,0.8219047619047619,0.8219047619047619,0.037309799998183735,1950,1050,99,93,0.05,0.005714285714285714,0.8257142857142857,0.9220514206989815,1.0
adult,11,chen_heuristic,0.8219047619047619,0.8219047619047619,0.03647160000400618,1950,1050,99,93,0.05,0.005714285714285714,0.8257142857142857,0.9220514206989815,1.0
adult,12,groot,0.8638095238095238,0.8514285714285714,0.033351099998981226,1950,1050,103,97,0.05,0.0009523809523809524,0.8628571428571429,1.0712713232622135,1.0
adult,12,chen_heuristic,0.8638095238095238,0.8514285714285714,0.029605000003357418,1950,1050,103,97,0.05,0.0009523809523809524,0.8628571428571429,1.0712713232622135,1.0
adult,13,groot,0.8466666666666667,0.8428571428571429,0.033479000005172566,1950,1050,101,95,0.05,0.009523809523809525,0.8466666666666667,0.648125088127121,1.0
adult,13,chen_heuristic,0.8447619047619047,0.840952380952381,0.03468509999947855,1950,1050,101,95,0.05,0.011428571428571429,0.8428571428571429,0.6671108216413111,1.0
adult,14,groot,0.8380952380952381,0.8342857142857143,0.037009699997724965,1950,1050,100,94,0.05,0.011428571428571429,0.8438095238095238,0.9439205104989863,1.0
adult,14,chen_heuristic,0.840952380952381,0.839047619047619,0.03301310000097146,1950,1050,100,94,0.05,0.011428571428571429,0.8466666666666667,0.7127510165324544,1.0
adult,15,groot,0.8342857142857143,0.8304761904761905,0.040067699999781325,1950,1050,100,94,0.05,0.002857142857142857,0.8352380952380952,0.7510376988928701,1.0
adult,15,chen_heuristic,0.8342857142857143,0.8304761904761905,0.04278599999815924,1950,1050,100,94,0.05,0.002857142857142857,0.8352380952380952,0.7132438500231278,1.0
adult,16,groot,0.8371428571428572,0.8371428571428572,0.028510199997981545,1950,1050,98,92,0.05,0.009523809523809525,0.8371428571428572,0.7687039002235335,1.0
adult,16,chen_heuristic,0.8371428571428572,0.8333333333333334,0.029165899999497924,1950,1050,98,92,0.05,0.010476190476190476,0.8419047619047619,0.7421531489714752,1.0
adult,17,groot,0.861904761904762,0.8523809523809524,0.03329539999685949,1950,1050,103,97,0.05,0.002857142857142857,0.8647619047619047,1.1740950850638696,1.0
adult,17,chen_heuristic,0.861904761904762,0.8523809523809524,0.04017790000216337,1950,1050,103,97,0.05,0.002857142857142857,0.8647619047619047,1.1740950850638696,1.0
adult,18,groot,0.8419047619047619,0.839047619047619,0.06668139999965206,1950,1050,99,93,0.05,0.002857142857142857,0.840952380952381,0.892437014716815,1.0
adult,18,chen_heuristic,0.8419047619047619,0.839047619047619,0.06018670000048587,1950,1050,99,93,0.05,0.002857142857142857,0.840952380952381,0.892437014716815,1.0
adult,19,groot,0.8247619047619048,0.8114285714285714,0.04933250000613043,1950,1050,96,90,0.05,0.007619047619047619,0.8247619047619048,0.8415312454091971,1.0
adult,19,chen_heuristic,0.8361904761904762,0.8352380952380952,0.07694169999740552,1950,1050,96,90,0.05,0.007619047619047619,0.8304761904761905,0.8415312454091971,1.0
adult,20,groot,0.8523809523809524,0.8438095238095238,0.042941500003507826,1950,1050,100,94,0.05,0.002857142857142857,0.8533333333333334,0.6443479167258833,1.0
adult,20,chen_heuristic,0.8523809523809524,0.840952380952381,0.04049179999856278,1950,1050,100,94,0.05,0.0038095238095238095,0.8542857142857143,0.6443479167258833,1.0
adult,21,groot,0.8476190476190476,0.8380952380952381,0.03790060000028461,1950,1050,99,93,0.05,0.008571428571428572,0.8485714285714285,1.0868822406923278,0.9895238095238095
adult,21,chen_heuristic,0.8457142857142858,0.840952380952381,0.03625659999670461,1950,1050,99,93,0.05,0.006666666666666667,0.8447619047619047,1.0868822406923278,0.9895238095238095
adult,22,groot,0.8523809523809524,0.8485714285714285,0.04344580000179121,1950,1050,96,90,0.05,0.002857142857142857,0.8552380952380952,1.2030288910754612,1.0
adult,22,chen_heuristic,0.8523809523809524,0.8485714285714285,0.029603199996927287,1950,1050,96,90,0.05,0.002857142857142857,0.8552380952380952,1.2030288910754612,1.0
adult,23,groot,0.8419047619047619,0.839047619047619,0.040314999998372514,1950,1050,102,96,0.05,0.0009523809523809524,0.840952380952381,1.032607726180384,1.0
adult,23,chen_heuristic,0.8419047619047619,0.839047619047619,0.033075699997425545,1950,1050,102,96,0.05,0.0009523809523809524,0.840952380952381,1.032607726180384,1.0
adult,24,groot,0.8476190476190476,0.84,0.03423439999460243,1950,1050,98,92,0.05,0.0019047619047619048,0.8457142857142858,1.19132589275447,1.0
adult,24,chen_heuristic,0.8419047619047619,0.8457142857142858,0.06510010000056354,1950,1050,98,92,0.05,0.008571428571428572,0.8428571428571429,1.19132589275447,1.0
adult,25,groot,0.8514285714285714,0.8476190476190476,0.048458299999765586,1950,1050,100,94,0.05,0.006666666666666667,0.8523809523809524,1.2919665188048357,1.0
adult,25,chen_heuristic,0.8476190476190476,0.8438095238095238,0.0365760999993654,1950,1050,100,94,0.05,0.007619047619047619,0.8495238095238096,1.2919665188048357,1.0
adult,26,groot,0.8361904761904762,0.8314285714285714,0.04755920000025071,1950,1050,104,98,0.05,0.005714285714285714,0.84,0.7729827756651362,1.0
adult,26,chen_heuristic,0.8247619047619048,0.8114285714285714,0.04194780000398168,1950,1050,104,98,0.05,0.008571428571428572,0.8295238095238096,0.7729827756651362,1.0
adult,27,groot,0.8457142857142858,0.8380952380952381,0.029552300002251286,1950,1050,99,93,0.05,0.009523809523809525,0.8495238095238096,0.8955786778835895,1.0
adult,27,chen_heuristic,0.8457142857142858,0.8380952380952381,0.029153100003895815,1950,1050,99,93,0.05,0.009523809523809525,0.8495238095238096,0.8955786778835895,1.0
adult,28,groot,0.8552380952380952,0.8571428571428571,0.0480189000008977,1950,1050,99,93,0.05,0.002857142857142857,0.8580952380952381,1.0716607259737865,1.0
adult,28,chen_heuristic,0.8552380952380952,0.8571428571428571,0.06733199999871431,1950,1050,99,93,0.05,0.002857142857142857,0.8580952380952381,1.0716607259737865,1.0
adult,29,groot,0.8314285714285714,0.8266666666666667,0.03352630000154022,1950,1050,98,92,0.05,0.0009523809523809524,0.8323809523809523,1.251691533032652,1.0
adult,29,chen_heuristic,0.8285714285714286,0.8247619047619048,0.0581772999939858,1950,1050,98,92,0.05,0.0038095238095238095,0.8285714285714286,1.138091075664896,1.0
bank_marketing,1,groot,0.8957675300063171,0.897662665824384,0.06359620000148425,2938,1583,51,44,0.05,0.008843967150979154,0.8982943777637398,1.706355845657628,1.0
bank_marketing,1,chen_heuristic,0.8945041061276058,0.8970309538850284,0.03542059999745106,2938,1583,51,44,0.05,0.007580543272267846,0.8982943777637398,1.7114177914475854,1.0
bank_marketing,2,groot,0.885028427037271,0.8843967150979154,0.04036400000040885,2938,1583,51,44,0.05,0.009475679090334808,0.886923562855338,1.6922698369966755,0.9892608970309539
bank_marketing,2,chen_heuristic,0.8907138344914719,0.8862918509159823,0.03301270000520162,2938,1583,51,44,0.05,0.010739102969046115,0.8862918509159823,1.7483612815951715,0.9892608970309539
bank_marketing,3,groot,0.897662665824384,0.8970309538850284,0.027794000001449604,2938,1583,51,44,0.05,0.005685407454200884,0.8970309538850284,1.7973524771799245,0.7511054958938724
bank_marketing,3,chen_heuristic,0.9008212255211624,0.8963992419456728,0.03491750000102911,2938,1583,51,44,0.05,0.006317119393556538,0.8970309538850284,1.7973524771799245,0.7492103600758054
bank_marketing,4,groot,0.9001895135818067,0.901452937460518,0.03367469999648165,2938,1583,51,44,0.05,0.012002526847757423,0.899557801642451,1.4681787990965767,0.9715729627289956
bank_marketing,4,chen_heuristic,0.8982943777637398,0.8926089703095389,0.05478610000136541,2938,1583,51,44,0.05,0.01010739102969046,0.8932406822488945,1.2719730539794443,1.0
bank_marketing,5,groot,0.8970309538850284,0.8951358180669615,0.031236999995599035,2938,1583,51,44,0.05,0.006948831332912192,0.897662665824384,1.7602983047383565,0.40303221730890715
bank_marketing,5,chen_heuristic,0.9052432090966519,0.9039797852179406,0.027868700002727564,2938,1583,51,44,0.05,0.006317119393556538,0.9052432090966519,1.6299466208039148,0.4226152874289324
bank_marketing,6,groot,0.8907138344914719,0.8881869867340493,0.03368630000477424,2938,1583,51,44,0.05,0.003790271636133923,0.8919772583701832,4.1118815789745815,1.0
bank_marketing,6,chen_heuristic,0.8913455464308275,0.8907138344914719,0.032395400005043484,2938,1583,51,44,0.05,0.003158559696778269,0.8919772583701832,2.214312946443748,1.0
bank_marketing,7,groot,0.8875552747946936,0.8900821225521163,0.035743899999943096,2938,1583,51,44,0.05,0.011370814908401769,0.8862918509159823,1.7187117527468718,1.0
bank_marketing,7,chen_heuristic,0.8799747315224258,0.8843967150979154,0.0353289999984554,2938,1583,51,44,0.05,0.009475679090334808,0.8818698673404928,1.7265620969032884,1.0
bank_marketing,8,groot,0.8957675300063171,0.8932406822488945,0.03702540000085719,2938,1583,51,44,0.05,0.010739102969046115,0.8963992419456728,1.3084020195697397,1.0
bank_marketing,8,chen_heuristic,0.8982943777637398,0.8951358180669615,0.03284450000501238,2938,1583,51,44,0.05,0.00505369551484523,0.8970309538850284,1.7610027967292903,1.0
bank_marketing,9,groot,0.8894504106127605,0.8843967150979154,0.048473000002559274,2938,1583,51,44,0.05,0.005685407454200884,0.8900821225521163,1.7153746341676184,0.9930511686670878
bank_marketing,9,chen_heuristic,0.8926089703095389,0.8875552747946936,0.029262500000186265,2938,1583,51,44,0.05,0.01010739102969046,0.8913455464308275,1.6922912538694816,1.0
bank_marketing,10,groot,0.8913455464308275,0.8913455464308275,0.0697957000011229,2938,1583,51,44,0.05,0.008843967150979154,0.8926089703095389,2.4823619646474966,1.0
bank_marketing,10,chen_heuristic,0.8913455464308275,0.8888186986734049,0.03310350000538165,2938,1583,51,44,0.05,0.010739102969046115,0.8945041061276058,1.541889701096304,1.0
bank_marketing,11,groot,0.8957675300063171,0.8970309538850284,0.06183429999509826,2938,1583,51,44,0.05,0.00505369551484523,0.8945041061276058,1.7853488599539724,1.0
bank_marketing,11,chen_heuristic,0.8894504106127605,0.8907138344914719,0.03094250000140164,2938,1583,51,44,0.05,0.012002526847757423,0.8951358180669615,1.439662020594885,1.0
bank_marketing,12,groot,0.901452937460518,0.8945041061276058,0.04260130000329809,2938,1583,51,44,0.05,0.006948831332912192,0.8982943777637398,1.6988159786133668,1.0
bank_marketing,12,chen_heuristic,0.8963992419456728,0.8989260897030954,0.03801699999894481,2938,1583,51,44,0.05,0.006948831332912192,0.8957675300063171,1.759682014162944,1.0
bank_marketing,13,groot,0.9008212255211624,0.8970309538850284,0.023264900002686772,2938,1583,51,44,0.05,0.002526847757422615,0.8982943777637398,1.6944485334264514,1.0
bank_marketing,13,chen_heuristic,0.899557801642451,0.9008212255211624,0.03913520000060089,2938,1583,51,44,0.05,0.0082122552116235,0.901452937460518,1.7443416962260976,1.0
bank_marketing,14,groot,0.8913455464308275,0.8900821225521163,0.033513200003653765,2938,1583,51,44,0.05,0.006317119393556538,0.8875552747946936,2.1916807434402865,0.9968414403032217
bank_marketing,14,chen_heuristic,0.8982943777637398,0.8926089703095389,0.033450200004153885,2938,1583,51,44,0.05,0.015792798483891344,0.9052432090966519,1.5882023437875739,1.0
bank_marketing,15,groot,0.8843967150979154,0.8806064434617814,0.03195119999872986,2938,1583,51,44,0.05,0.00505369551484523,0.8818698673404928,1.3557648908378825,0.6778269109286166
bank_marketing,15,chen_heuristic,0.899557801642451,0.8900821225521163,0.07094700000016019,2938,1583,51,44,0.05,0.013265950726468731,0.8938723941882502,1.4778455715038428,1.0
bank_marketing,16,groot,0.903348073278585,0.901452937460518,0.06585919999633916,2938,1583,51,44,0.05,0.006317119393556538,0.9008212255211624,1.3941312720170933,1.0
bank_marketing,16,chen_heuristic,0.8945041061276058,0.8888186986734049,0.030953399997088127,2938,1583,51,44,0.05,0.008843967150979154,0.8945041061276058,1.0295458157709971,1.0
bank_marketing,17,groot,0.9008212255211624,0.9008212255211624,0.03461399999650894,2938,1583,51,44,0.05,0.004421983575489577,0.901452937460518,2.3534630205090954,1.0
bank_marketing,17,chen_heuristic,0.8932406822488945,0.8900821225521163,0.03147529999841936,2938,1583,51,44,0.05,0.00505369551484523,0.8957675300063171,2.3278944276481335,1.0
bank_marketing,18,groot,0.8989260897030954,0.8957675300063171,0.03385390000039479,2938,1583,51,44,0.05,0.006948831332912192,0.8970309538850284,1.888874670578487,0.9273531269740998
bank_marketing,18,chen_heuristic,0.899557801642451,0.8951358180669615,0.035381499998038635,2938,1583,51,44,0.05,0.005685407454200884,0.8963992419456728,1.9042626967463177,0.9273531269740998
bank_marketing,19,groot,0.9008212255211624,0.897662665824384,0.03431090000231052,2938,1583,51,44,0.05,0.005685407454200884,0.9001895135818067,1.7044737827755352,1.0
bank_marketing,19,chen_heuristic,0.8989260897030954,0.8989260897030954,0.03361369999765884,2938,1583,51,44,0.05,0.006317119393556538,0.8989260897030954,1.7044737827755352,1.0
bank_marketing,20,groot,0.8989260897030954,0.8919772583701832,0.030892900002072565,2938,1583,51,44,0.05,0.006948831332912192,0.8970309538850284,1.8986923146853212,1.0
bank_marketing,20,chen_heuristic,0.8862918509159823,0.8825015792798484,0.0487107000008109,2938,1583,51,44,0.05,0.003158559696778269,0.8881869867340493,1.3920661942060075,1.0
bank_marketing,21,groot,0.8932406822488945,0.8932406822488945,0.03054619999602437,2938,1583,51,44,0.05,0.005685407454200884,0.8926089703095389,1.5191678982255261,1.0
bank_marketing,21,chen_heuristic,0.8945041061276058,0.8951358180669615,0.03653669999766862,2938,1583,51,44,0.05,0.005685407454200884,0.8938723941882502,1.651539097174684,0.6854074542008844
bank_marketing,22,groot,0.9001895135818067,0.8989260897030954,0.05080610000004526,2938,1583,51,44,0.05,0.006317119393556538,0.897662665824384,2.258128942176084,1.0
bank_marketing,22,chen_heuristic,0.8938723941882502,0.886923562855338,0.0370522000011988,2938,1583,51,44,0.05,0.006948831332912192,0.8894504106127605,2.1838777681542627,1.0
bank_marketing,23,groot,0.9077700568540745,0.9096651926721415,0.03379770000174176,2938,1583,51,44,0.05,0.006317119393556538,0.9090334807327859,1.7423239160973671,0.9260897030953885
bank_marketing,23,chen_heuristic,0.9071383449147189,0.9084017687934302,0.03506599999673199,2938,1583,51,44,0.05,0.005685407454200884,0.9090334807327859,1.7541268296031909,0.9248262792166771
bank_marketing,24,groot,0.897662665824384,0.897662665824384,0.03482090000034077,2938,1583,51,44,0.05,0.004421983575489577,0.8957675300063171,2.155461570224341,1.0
bank_marketing,24,chen_heuristic,0.8932406822488945,0.8907138344914719,0.0330547999983537,2938,1583,51,44,0.05,0.003790271636133923,0.8919772583701832,2.0870342188203934,1.0
bank_marketing,25,groot,0.8989260897030954,0.8963992419456728,0.03294610000011744,2938,1583,51,44,0.05,0.008843967150979154,0.8951358180669615,2.0469395092457945,0.7656348704990524
bank_marketing,25,chen_heuristic,0.897662665824384,0.8907138344914719,0.04691100000491133,2938,1583,51,44,0.05,0.003790271636133923,0.8963992419456728,3.754290193706058,1.0
bank_marketing,26,groot,0.8806064434617814,0.8768161718256475,0.09343249999801628,2938,1583,51,44,0.05,0.007580543272267846,0.8806064434617814,1.7671444181126232,1.0
bank_marketing,26,chen_heuristic,0.8875552747946936,0.885028427037271,0.03615890000219224,2938,1583,51,44,0.05,0.007580543272267846,0.8875552747946936,1.8235307887557775,1.0
bank_marketing,27,groot,0.8963992419456728,0.8932406822488945,0.03592009999556467,2938,1583,51,44,0.05,0.009475679090334808,0.8932406822488945,1.5043911067333862,1.0
bank_marketing,27,chen_heuristic,0.8945041061276058,0.8951358180669615,0.033189199995831586,2938,1583,51,44,0.05,0.008843967150979154,0.8982943777637398,1.66091013357402,1.0
bank_marketing,28,groot,0.8951358180669615,0.8945041061276058,0.034604699998453725,2938,1583,51,44,0.05,0.010739102969046115,0.8945041061276058,1.9543195795536268,1.0
bank_marketing,28,chen_heuristic,0.897662665824384,0.897662665824384,0.03630989999510348,2938,1583,51,44,0.05,0.009475679090334808,0.8945041061276058,1.9730570635282538,1.0
bank_marketing,29,groot,0.8957675300063171,0.8881869867340493,0.03522819999489002,2938,1583,51,44,0.05,0.009475679090334808,0.8951358180669615,1.838803149361286,1.0
bank_marketing,29,chen_heuristic,0.8945041061276058,0.8919772583701832,0.03804899999522604,2938,1583,51,44,0.05,0.0082122552116235,0.8963992419456728,1.7115863504326516,0.6089703095388502
breast_cancer,1,groot,0.945,0.935,1.28015449999657,369,200,30,0,0.05,0.025,0.95,0.6349491034503034,1.0
breast_cancer,1,chen_heuristic,0.95,0.93,0.006044099995051511,369,200,30,0,0.05,0.025,0.935,0.5869383949397914,1.0
breast_cancer,2,groot,0.94,0.895,0.005541899998206645,369,200,30,0,0.05,0.025,0.935,0.6521638602383133,1.0
breast_cancer,2,chen_heuristic,0.93,0.91,0.006314399994153064,369,200,30,0,0.05,0.045,0.925,0.5559844235868747,1.0
breast_cancer,3,groot,0.935,0.905,0.0056465999950887635,369,200,30,0,0.05,0.02,0.935,0.6413768807062937,1.0
breast_cancer,3,chen_heuristic,0.915,0.925,0.006190400003106333,369,200,30,0,0.05,0.035,0.94,0.6759183176348276,1.0
breast_cancer,4,groot,0.935,0.92,0.005924400000367314,369,200,30,0,0.05,0.02,0.935,0.6246868136217913,1.0
breast_cancer,4,chen_heuristic,0.935,0.935,0.004898899998806883,369,200,30,0,0.05,0.045,0.91,0.6471636578570208,1.0
breast_cancer,5,groot,0.94,0.92,0.005218300000706222,369,200,30,0,0.05,0.035,0.935,0.6534704228466153,1.0
breast_cancer,5,chen_heuristic,0.955,0.955,0.0056277999974554405,369,200,30,0,0.05,0.03,0.945,0.6596927283919054,1.0
breast_cancer,6,groot,0.945,0.95,0.00541230000089854,369,200,30,0,0.05,0.02,0.955,0.6609387867214411,1.0
breast_cancer,6,chen_heuristic,0.945,0.95,0.006218499998794869,369,200,30,0,0.05,0.02,0.945,0.7024924410728166,1.0
breast_cancer,7,groot,0.965,0.965,0.005771399999503046,369,200,30,0,0.05,0.025,0.95,0.6693856401618358,1.0
breast_cancer,7,chen_heuristic,0.95,0.965,0.005609200001345016,369,200,30,0,0.05,0.02,0.97,0.6772250510933325,1.0
breast_cancer,8,groot,0.93,0.935,0.005390300000726711,369,200,30,0,0.05,0.04,0.93,0.7482105741652441,1.0
breast_cancer,8,chen_heuristic,0.935,0.935,0.005667699995683506,369,200,30,0,0.05,0.04,0.935,0.6720564019616677,1.0
breast_cancer,9,groot,0.95,0.915,0.005853199996636249,369,200,30,0,0.05,0.035,0.935,0.6501082510063394,1.0
breast_cancer,9,chen_heuristic,0.945,0.93,0.0061409000045387074,369,200,30,0,0.05,0.025,0.95,0.6240859810444928,1.0
breast_cancer,10,groot,0.96,0.96,0.007399799993436318,369,200,30,0,0.05,0.04,0.93,0.7084170013120565,1.0
breast_cancer,10,chen_heuristic,0.96,0.96,0.0057446999999228865,369,200,30,0,0.05,0.04,0.93,0.7084170013120565,1.0
breast_cancer,11,groot,0.93,0.905,0.005110300000524148,369,200,30,0,0.05,0.025,0.935,0.5895182946228605,1.0
breast_cancer,11,chen_heuristic,0.905,0.89,0.006025999995472375,369,200,30,0,0.05,0.01,0.905,0.5707392212796638,1.0
breast_cancer,12,groot,0.91,0.935,0.005161799999768846,369,200,30,0,0.05,0.045,0.935,0.6864815632386476,1.0
breast_cancer,12,chen_heuristic,0.91,0.935,0.004521599999861792,369,200,30,0,0.05,0.04,0.93,0.6855696428617399,1.0
breast_cancer,13,groot,0.92,0.895,0.0058903999961330555,369,200,30,0,0.05,0.04,0.93,0.6948612644306491,1.0
breast_cancer,13,chen_heuristic,0.905,0.89,0.00549200000386918,369,200,30,0,0.05,0.015,0.91,0.7781235564696491,1.0
breast_cancer,14,groot,0.95,0.94,0.006383899999491405,369,200,30,0,0.05,0.035,0.925,0.8287052242784714,1.0
breast_cancer,14,chen_heuristic,0.94,0.96,0.006334500001685228,369,200,30,0,0.05,0.03,0.94,0.8048010025700899,1.0
breast_cancer,15,groot,0.945,0.945,0.005700400004570838,369,200,30,0,0.05,0.045,0.94,0.6839367927054287,1.0
breast_cancer,15,chen_heuristic,0.96,0.925,0.006651999996392988,369,200,30,0,0.05,0.025,0.935,0.6825971363791468,1.0
breast_cancer,16,groot,0.965,0.95,0.0040799000053084455,369,200,30,0,0.05,0.04,0.945,0.6881409569520053,1.0
breast_cancer,16,chen_heuristic,0.95,0.945,0.0057696000003488734,369,200,30,0,0.05,0.03,0.97,0.671544225744952,1.0
breast_cancer,17,groot,0.95,0.92,0.005066099998657592,369,200,30,0,0.05,0.045,0.945,0.5799724059144686,1.0
breast_cancer,17,chen_heuristic,0.95,0.945,0.005851800000527874,369,200,30,0,0.05,0.035,0.945,0.6294041048453622,1.0
breast_cancer,18,groot,0.92,0.935,0.007109199999831617,369,200,30,0,0.05,0.03,0.92,0.6967405264578572,1.0
breast_cancer,18,chen_heuristic,0.94,0.93,0.005047799997555558,369,200,30,0,0.05,0.05,0.92,0.7546760686955343,1.0
breast_cancer,19,groot,0.96,0.955,0.008217099995817989,369,200,30,0,0.05,0.025,0.965,0.7039387095837017,1.0
breast_cancer,19,chen_heuristic,0.945,0.955,0.005130799996550195,369,200,30,0,0.05,0.02,0.935,0.6166814335115318,1.0
breast_cancer,20,groot,0.93,0.925,0.00566899999830639,369,200,30,0,0.05,0.045,0.935,0.7446515077025441,1.0
breast_cancer,20,chen_heuristic,0.92,0.885,0.01131119999627117,369,200,30,0,0.05,0.035,0.915,0.6370054350740266,1.0
breast_cancer,21,groot,0.93,0.945,0.004096700002264697,369,200,30,0,0.05,0.02,0.93,0.6824557483294855,1.0
breast_cancer,21,chen_heuristic,0.94,0.94,0.004279999993741512,369,200,30,0,0.05,0.03,0.92,0.5762668712138586,1.0
breast_cancer,22,groot,0.875,0.895,0.005379700000048615,369,200,30,0,0.05,0.06,0.895,0.5811585672034454,1.0
breast_cancer,22,chen_heuristic,0.89,0.895,0.0059229999969829805,369,200,30,0,0.05,0.05,0.91,0.5741935172168577,1.0
breast_cancer,23,groot,0.93,0.9,0.005065199999080505,369,200,30,0,0.05,0.035,0.945,0.5368309515231184,1.0
breast_cancer,23,chen_heuristic,0.935,0.9,0.0056578000003355555,369,200,30,0,0.05,0.03,0.935,0.5368309515231184,1.0
breast_cancer,24,groot,0.92,0.925,0.00685459999658633,369,200,30,0,0.05,0.02,0.93,0.6519870663479161,1.0
breast_cancer,24,chen_heuristic,0.925,0.92,0.006543900002725422,369,200,30,0,0.05,0.015,0.92,0.6412368802688755,1.0
breast_cancer,25,groot,0.93,0.925,0.0052983000059612095,369,200,30,0,0.05,0.04,0.93,0.7037582466385066,1.0
breast_cancer,25,chen_heuristic,0.94,0.93,0.005521800005226396,369,200,30,0,0.05,0.045,0.925,0.7147847361954089,1.0
breast_cancer,26,groot,0.915,0.9,0.004746899998281151,369,200,30,0,0.05,0.045,0.92,0.5928826152955972,1.0
breast_cancer,26,chen_heuristic,0.935,0.905,0.007352600005106069,369,200,30,0,0.05,0.015,0.93,0.7091868509264752,1.0
breast_cancer,27,groot,0.93,0.91,0.0038107999935164116,369,200,30,0,0.05,0.035,0.925,0.6382482041455088,1.0
breast_cancer,27,chen_heuristic,0.925,0.91,0.004750200001581106,369,200,30,0,0.05,0.015,0.93,0.65590404972993,1.0
breast_cancer,28,groot,0.925,0.93,0.005613599998468999,369,200,30,0,0.05,0.03,0.925,0.6249797500581844,1.0
breast_cancer,28,chen_heuristic,0.96,0.95,0.009003600003779866,369,200,30,0,0.05,0.02,0.95,0.7307529893954804,1.0
breast_cancer,29,groot,0.92,0.915,0.00614339999447111,369,200,30,0,0.05,0.025,0.935,0.5977186707432336,1.0
breast_cancer,29,chen_heuristic,0.925,0.925,0.006608099996810779,369,200,30,0,0.05,0.04,0.945,0.5793925464703747,1.0
compas,1,groot,0.6673267326732674,0.6554455445544555,0.02260540000133915,4689,2525,18,13,0.05,0.009900990099009901,0.6708910891089109,0.5031737005538391,1.0
compas,1,chen_heuristic,0.6748514851485149,0.6605940594059406,0.01823100000183331,4689,2525,18,13,0.05,0.05504950495049505,0.6720792079207921,0.35271708491419196,1.0
compas,2,groot,0.6681188118811882,0.6645544554455446,0.01775910000287695,4689,2525,18,13,0.05,0.007920792079207921,0.668910891089109,0.5214096051509703,1.0
compas,2,chen_heuristic,0.6582178217821782,0.6495049504950495,0.01819180000165943,4689,2525,18,13,0.05,0.049900990099009904,0.6605940594059406,0.3560343962774293,1.0
compas,3,groot,0.6617821782178218,0.6578217821782179,0.020654499996453524,4689,2525,18,13,0.05,0.0007920792079207921,0.6617821782178218,0.5093719604134285,1.0
compas,3,chen_heuristic,0.6768316831683169,0.6681188118811882,0.016769199995906092,4689,2525,18,13,0.05,0.02811881188118812,0.6732673267326733,0.4363395639102061,1.0
compas,4,groot,0.6637623762376238,0.6598019801980198,0.01557689999754075,4689,2525,18,13,0.05,0.005940594059405941,0.6657425742574258,0.5017997344332655,1.0
compas,4,chen_heuristic,0.6752475247524753,0.6677227722772278,0.015696000002208166,4689,2525,18,13,0.05,0.037227722772277226,0.6776237623762377,0.3010798410599594,1.0
compas,5,groot,0.6645544554455446,0.662970297029703,0.01750539999920875,4689,2525,18,13,0.05,0.005544554455445544,0.6637623762376238,0.5033465466018369,1.0
compas,5,chen_heuristic,0.6685148514851486,0.6546534653465347,0.01693449999584118,4689,2525,18,13,0.05,0.03603960396039604,0.6562376237623763,0.30200792836110213,1.0
compas,6,groot,0.6641584158415842,0.660990099009901,0.017475199994805735,4689,2525,18,13,0.05,0.007128712871287129,0.6641584158415842,0.5108442711162304,1.0
compas,6,chen_heuristic,0.6661386138613862,0.6598019801980198,0.026608300002408214,4689,2525,18,13,0.05,0.05188118811881188,0.6617821782178218,0.3065065630697383,1.0
compas,7,groot,0.6677227722772278,0.660990099009901,0.01785609999933513,4689,2525,18,13,0.05,0.005148514851485149,0.6657425742574258,0.5032695388599145,1.0
compas,7,chen_heuristic,0.6697029702970297,0.6601980198019802,0.04283259999647271,4689,2525,18,13,0.05,0.05386138613861386,0.6712871287128713,0.30196172431594875,1.0
compas,8,groot,0.6677227722772278,0.6598019801980198,0.017897699995955918,4689,2525,18,13,0.05,0.007920792079207921,0.6732673267326733,0.51850168489737,1.0
compas,8,chen_heuristic,0.6697029702970297,0.6562376237623763,0.017992200002481695,4689,2525,18,13,0.05,0.04673267326732673,0.6665346534653466,0.3111010113384221,1.0
compas,9,groot,0.6491089108910891,0.6435643564356436,0.01746360000106506,4689,2525,18,13,0.05,0.00039603960396039607,0.6487128712871287,0.5032737122634401,1.0
compas,9,chen_heuristic,0.6518811881188119,0.6388118811881188,0.017430500003683846,4689,2525,18,13,0.05,0.04475247524752475,0.6483168316831683,0.5032737112634401,1.0
compas,10,groot,0.6530693069306931,0.64,0.01744679999683285,4689,2525,18,13,0.05,0.0015841584158415843,0.6538613861386139,0.5148925664912557,1.0
compas,10,chen_heuristic,0.6538613861386139,0.6423762376237624,0.017755799999576993,4689,2525,18,13,0.05,0.044356435643564354,0.6578217821782179,0.3089355402947535,1.0
compas,11,groot,0.6582178217821782,0.6661386138613862,0.017575500001839828,4689,2525,18,13,0.05,0.0,0.6582178217821782,0.5121676901848465,1.0
compas,11,chen_heuristic,0.6720792079207921,0.6617821782178218,0.030801799999608193,4689,2525,18,13,0.05,0.033663366336633666,0.6693069306930693,0.3557067428828532,1.0
compas,12,groot,0.6724752475247525,0.6732673267326733,0.046048799995332956,4689,2525,18,13,0.05,0.006336633663366337,0.6748514851485149,0.5051609034230684,1.0
compas,12,chen_heuristic,0.6665346534653466,0.662970297029703,0.01800510000612121,4689,2525,18,13,0.05,0.015445544554455445,0.6732673267326733,0.35461600214515687,1.0
compas,13,groot,0.6661386138613862,0.6570297029702971,0.020620499999495223,4689,2525,18,13,0.05,0.007920792079207921,0.6645544554455446,0.5135059780363092,1.0
compas,13,chen_heuristic,0.6803960396039604,0.6645544554455446,0.021445100006530993,4689,2525,18,13,0.05,0.0403960396039604,0.6811881188118812,0.488303645375595,1.0
compas,14,groot,0.6586138613861386,0.6693069306930693,0.03247220000048401,4689,2525,18,13,0.05,0.007128712871287129,0.6625742574257426,0.5083084645548595,1.0
compas,14,chen_heuristic,0.6708910891089109,0.6748514851485149,0.017557699997269083,4689,2525,18,13,0.05,0.0297029702970297,0.6697029702970297,0.354769550213345,1.0
compas,15,groot,0.6736633663366337,0.6574257425742575,0.01769580000109272,4689,2525,18,13,0.05,0.009504950495049505,0.6728712871287129,0.5177712581701962,1.0
compas,15,chen_heuristic,0.6811881188118812,0.662970297029703,0.017804299997806083,4689,2525,18,13,0.05,0.038415841584158415,0.6760396039603961,0.3552751816583565,1.0
compas,16,groot,0.6621782178217822,0.6661386138613862,0.03032080000411952,4689,2525,18,13,0.05,0.0075247524752475245,0.664950495049505,0.510088191925122,1.0
compas,16,chen_heuristic,0.6716831683168317,0.6716831683168317,0.017497100001492072,4689,2525,18,13,0.05,0.04712871287128713,0.6760396039603961,0.30605291555507325,1.0
compas,17,groot,0.6700990099009901,0.6645544554455446,0.018874199995480012,4689,2525,18,13,0.05,0.004752475247524752,0.6685148514851486,0.5204206832532259,1.0
compas,17,chen_heuristic,0.6883168316831683,0.6685148514851486,0.020280100005038548,4689,2525,18,13,0.05,0.04,0.6887128712871287,0.486188270362045,1.0
compas,18,groot,0.6601980198019802,0.6526732673267327,0.01617110000370303,4689,2525,18,13,0.05,0.011089108910891089,0.6625742574257426,0.5107274962068197,1.0
compas,18,chen_heuristic,0.6685148514851486,0.6506930693069307,0.017206199998327065,4689,2525,18,13,0.05,0.03405940594059406,0.6605940594059406,0.35482054541347097,1.0
compas,19,groot,0.6748514851485149,0.6681188118811882,0.0167451000015717,4689,2525,18,13,0.05,0.007920792079207921,0.6748514851485149,0.5261913398432866,1.0
compas,19,chen_heuristic,0.6780198019801981,0.6768316831683169,0.025270999998610932,4689,2525,18,13,0.05,0.02693069306930693,0.6740594059405941,0.44372933549564975,1.0
compas,20,groot,0.6625742574257426,0.659009900990099,0.022924099997908343,4689,2525,18,13,0.05,0.0,0.6625742574257426,0.5125266650317244,1.0
compas,20,chen_heuristic,0.6827722772277228,0.664950495049505,0.02109039999777451,4689,2525,18,13,0.05,0.038415841584158415,0.6712871287128713,0.356867308775792,1.0
compas,21,groot,0.6807920792079208,0.6732673267326733,0.01774160000059055,4689,2525,18,13,0.05,0.005148514851485149,0.6803960396039604,0.5195947044941056,1.0
compas,21,chen_heuristic,0.6926732673267326,0.6748514851485149,0.017988599996897392,4689,2525,18,13,0.05,0.03089108910891089,0.6895049504950495,0.436060189668281,1.0
compas,22,groot,0.6712871287128713,0.6720792079207921,0.01780519999738317,4689,2525,18,13,0.05,0.007920792079207921,0.6704950495049505,0.5009212211157942,1.0
compas,22,chen_heuristic,0.6661386138613862,0.660990099009901,0.020832399997743778,4689,2525,18,13,0.05,0.04,0.6752475247524753,0.30055273306947655,1.0
compas,23,groot,0.6803960396039604,0.6704950495049505,0.017256600003747735,4689,2525,18,13,0.05,0.009108910891089108,0.6807920792079208,0.5218350785680298,1.0
compas,23,chen_heuristic,0.6855445544554456,0.6708910891089109,0.0476487999985693,4689,2525,18,13,0.05,0.03683168316831683,0.685940594059406,0.3555508949995474,1.0
compas,24,groot,0.6546534653465347,0.6427722772277228,0.01839490000566002,4689,2525,18,13,0.05,0.00039603960396039607,0.6542574257425743,0.5137134209828597,1.0
compas,24,chen_heuristic,0.6768316831683169,0.6558415841584159,0.01933880000433419,4689,2525,18,13,0.05,0.03128712871287129,0.6708910891089109,0.30822805298971584,1.0
compas,25,groot,0.6756435643564357,0.664950495049505,0.017961200006539002,4689,2525,18,13,0.05,0.006732673267326733,0.6752475247524753,0.5204365486088501,1.0
compas,25,chen_heuristic,0.6792079207920793,0.6645544554455446,0.01906799999414943,4689,2525,18,13,0.05,0.041584158415841586,0.6788118811881189,0.3531869809303789,1.0
compas,26,groot,0.6641584158415842,0.6546534653465347,0.01714660000288859,4689,2525,18,13,0.05,0.004356435643564357,0.6653465346534654,0.4428904576393727,1.0
compas,26,chen_heuristic,0.6693069306930693,0.6558415841584159,0.01907260000007227,4689,2525,18,13,0.05,0.05148514851485148,0.666930693069307,0.40781946634130495,1.0
compas,27,groot,0.6463366336633664,0.64,0.017465099997934885,4689,2525,18,13,0.05,0.00039603960396039607,0.6467326732673268,0.5134809477178296,1.0
compas,27,chen_heuristic,0.6578217821782179,0.6582178217821782,0.017654399998718873,4689,2525,18,13,0.05,0.04514851485148515,0.6594059405940594,0.3494795309351428,1.0
compas,28,groot,0.664950495049505,0.6506930693069307,0.01841430000058608,4689,2525,18,13,0.05,0.008712871287128714,0.664950495049505,0.5029329469924319,1.0
compas,28,chen_heuristic,0.6693069306930693,0.6491089108910891,0.017463799995312,4689,2525,18,13,0.05,0.04910891089108911,0.6708910891089109,0.3564546892182171,1.0
compas,29,groot,0.6641584158415842,0.6586138613861386,0.017683199999737553,4689,2525,18,13,0.05,0.0,0.6641584158415842,0.7143242248022945,0.8308910891089109
compas,29,chen_heuristic,0.6780198019801981,0.6645544554455446,0.018031799998425413,4689,2525,18,13,0.05,0.03801980198019802,0.6803960396039604,0.5102315894302104,1.0
credit_approval,1,groot,0.8553719008264463,0.8512396694214877,0.005520999999134801,448,242,46,40,0.05,0.004132231404958678,0.8512396694214877,0.4653444217136659,0.18181818181818182
credit_approval,1,chen_heuristic,0.8553719008264463,0.8512396694214877,0.005489899995154701,448,242,46,40,0.05,0.004132231404958678,0.8512396694214877,0.4653444217136659,0.18181818181818182
credit_approval,2,groot,0.8884297520661157,0.8884297520661157,0.0037012000029790215,448,242,46,40,0.05,0.004132231404958678,0.8925619834710744,0.15118199737835397,0.1652892561983471
credit_approval,2,chen_heuristic,0.8801652892561983,0.871900826446281,0.0038044999964768067,448,242,46,40,0.05,0.008264462809917356,0.8801652892561983,0.3496378195527644,0.1652892561983471
credit_approval,3,groot,0.8884297520661157,0.8636363636363636,0.0061190999986138195,448,242,46,40,0.05,0.0,0.8884297520661157,0.6818204102882596,0.35537190082644626
credit_approval,3,chen_heuristic,0.8884297520661157,0.8636363636363636,0.005575600000156555,448,242,46,40,0.05,0.0,0.8884297520661157,0.6818204102882596,0.35537190082644626
credit_approval,4,groot,0.8512396694214877,0.8553719008264463,0.004912400007015094,448,242,46,40,0.05,0.004132231404958678,0.8553719008264463,0.7694503377734936,0.3925619834710744
credit_approval,4,chen_heuristic,0.8471074380165289,0.8471074380165289,0.005516700002772268,448,242,46,40,0.05,0.012396694214876033,0.8429752066115702,0.7403466026387017,0.3925619834710744
credit_approval,5,groot,0.859504132231405,0.859504132231405,0.00783890000457177,448,242,43,37,0.05,0.008264462809917356,0.859504132231405,0.9489138465490153,0.5206611570247934
credit_approval,5,chen_heuristic,0.8471074380165289,0.8553719008264463,0.007818099998985417,448,242,43,37,0.05,0.008264462809917356,0.8471074380165289,1.0112986487553886,0.5082644628099173
credit_approval,6,groot,0.8305785123966942,0.8305785123966942,0.004458200004592072,448,242,45,39,0.05,0.0,0.8305785123966942,1.8467358818372233,0.45867768595041325
credit_approval,6,chen_heuristic,0.8305785123966942,0.8305785123966942,0.033927099997526966,448,242,45,39,0.05,0.0,0.8305785123966942,1.8467358818372233,0.45867768595041325
credit_approval,7,groot,0.8677685950413223,0.8677685950413223,0.004888199997367337,448,242,46,40,0.05,0.0,0.8677685950413223,0.09665371392060437,0.09504132231404959
credit_approval,7,chen_heuristic,0.8388429752066116,0.8471074380165289,0.006027800001902506,448,242,46,40,0.05,0.03305785123966942,0.8388429752066116,0.5955088284341034,0.5041322314049587
credit_approval,8,groot,0.8553719008264463,0.8512396694214877,0.004667699999117758,448,242,46,40,0.05,0.0,0.8553719008264463,0.5106454429660534,0.19834710743801653
credit_approval,8,chen_heuristic,0.8760330578512396,0.8429752066115702,0.005226499997661449,448,242,46,40,0.05,0.028925619834710745,0.871900826446281,0.0517167773886035,0.19834710743801653
credit_approval,9,groot,0.8347107438016529,0.8305785123966942,0.005534900003112853,448,242,44,38,0.05,0.0,0.8347107438016529,0.8389577861157522,0.5206611570247934
credit_approval,9,chen_heuristic,0.8347107438016529,0.8305785123966942,0.005209599999943748,448,242,44,38,0.05,0.0,0.8347107438016529,0.8389577861157522,0.5206611570247934
credit_approval,10,groot,0.8471074380165289,0.8512396694214877,0.00450299999647541,448,242,46,40,0.05,0.004132231404958678,0.8429752066115702,0.6290746152223039,0.5330578512396694
credit_approval,10,chen_heuristic,0.8388429752066116,0.8471074380165289,0.005704200004402082,448,242,46,40,0.05,0.008264462809917356,0.8471074380165289,0.6192189062380224,0.5330578512396694
credit_approval,11,groot,0.8677685950413223,0.8636363636363636,0.004612999997334555,448,242,46,40,0.05,0.012396694214876033,0.8636363636363636,1.4976696867089112,0.4834710743801653
credit_approval,11,chen_heuristic,0.859504132231405,0.8636363636363636,0.0047034999952302314,448,242,46,40,0.05,0.0,0.859504132231405,1.2576637843306835,0.5330578512396694
credit_approval,12,groot,0.8842975206611571,0.9049586776859504,0.004623900000296999,448,242,46,40,0.05,0.0,0.8842975206611571,0.12749299824183713,0.11983471074380166
credit_approval,12,chen_heuristic,0.8884297520661157,0.9090909090909091,0.004673799994634464,448,242,46,40,0.05,0.02066115702479339,0.9008264462809917,0.06633732092482775,0.11983471074380166
credit_approval,13,groot,0.859504132231405,0.8553719008264463,0.005447900002764072,448,242,46,40,0.05,0.008264462809917356,0.8512396694214877,0.16390495522161244,0.2190082644628099
credit_approval,13,chen_heuristic,0.8388429752066116,0.8429752066115702,0.0061590999976033345,448,242,46,40,0.05,0.02066115702479339,0.8264462809917356,0.0687550615798079,0.0743801652892562
credit_approval,14,groot,0.8347107438016529,0.8347107438016529,0.006843800001661293,448,242,46,40,0.05,0.004132231404958678,0.8305785123966942,1.8089315914168276,0.1115702479338843
credit_approval,14,chen_heuristic,0.8388429752066116,0.8388429752066116,0.00630049999745097,448,242,46,40,0.05,0.028925619834710745,0.8429752066115702,0.36444091195021777,0.36363636363636365
credit_approval,15,groot,0.8636363636363636,0.8842975206611571,0.007171199998992961,448,242,46,40,0.05,0.004132231404958678,0.859504132231405,0.17330228717316862,0.1859504132231405
credit_approval,15,chen_heuristic,0.8760330578512396,0.871900826446281,0.006611899996642023,448,242,46,40,0.05,0.03305785123966942,0.8760330578512396,0.07491478507709232,0.1859504132231405
credit_approval,16,groot,0.8553719008264463,0.859504132231405,0.005578699994657654,448,242,46,40,0.05,0.0,0.8553719008264463,0.5043332649965829,0.1652892561983471
credit_approval,16,chen_heuristic,0.8553719008264463,0.8636363636363636,0.0208822999993572,448,242,46,40,0.05,0.0,0.8553719008264463,0.6133888089960134,0.1652892561983471
credit_approval,17,groot,0.859504132231405,0.8636363636363636,0.005352400003175717,448,242,46,40,0.05,0.02066115702479339,0.8636363636363636,1.1648733956975377,0.5537190082644629
credit_approval,17,chen_heuristic,0.859504132231405,0.8636363636363636,0.006362399995850865,448,242,46,40,0.05,0.02066115702479339,0.8636363636363636,1.1648733956975377,0.5537190082644629
credit_approval,18,groot,0.8636363636363636,0.8677685950413223,0.004943400002957787,448,242,45,39,0.05,0.012396694214876033,0.8677685950413223,0.14460567872965205,0.1322314049586777
credit_approval,18,chen_heuristic,0.8677685950413223,0.8760330578512396,0.005573299997195136,448,242,45,39,0.05,0.01652892561983471,0.859504132231405,0.11202449512423804,0.1322314049586777
credit_approval,19,groot,0.8429752066115702,0.8388429752066116,0.004430599998158868,448,242,46,40,0.05,0.012396694214876033,0.8388429752066116,0.09213095309523894,0.21487603305785125
credit_approval,19,chen_heuristic,0.8388429752066116,0.8347107438016529,0.0040862000023480505,448,242,46,40,0.05,0.028925619834710745,0.859504132231405,0.0620939791995557,0.21487603305785125
credit_approval,20,groot,0.8553719008264463,0.8264462809917356,0.005786299996543676,448,242,46,40,0.05,0.0,0.8553719008264463,0.43102320318655424,0.43388429752066116
credit_approval,20,chen_heuristic,0.8760330578512396,0.8471074380165289,0.004353199998149648,448,242,46,40,0.05,0.012396694214876033,0.871900826446281,0.4674960716603194,0.43388429752066116
credit_approval,21,groot,0.8677685950413223,0.8677685950413223,0.018631999999342952,448,242,46,40,0.05,0.01652892561983471,0.8677685950413223,0.5846985757080354,0.5206611570247934
credit_approval,21,chen_heuristic,0.8553719008264463,0.859504132231405,0.005051300002378412,448,242,46,40,0.05,0.004132231404958678,0.859504132231405,1.0761914808225863,0.5206611570247934
credit_approval,22,groot,0.8553719008264463,0.859504132231405,0.004112399998120964,448,242,44,38,0.05,0.0,0.8553719008264463,0.9175581625664266,0.19421487603305784
credit_approval,22,chen_heuristic,0.8553719008264463,0.859504132231405,0.005065699995611794,448,242,44,38,0.05,0.0,0.8553719008264463,0.9175581625664266,0.19421487603305784
credit_approval,23,groot,0.8553719008264463,0.859504132231405,0.005407199998444412,448,242,46,40,0.05,0.0,0.8553719008264463,0.5200460136159855,0.40082644628099173
credit_approval,23,chen_heuristic,0.8553719008264463,0.859504132231405,0.007302899997739587,448,242,46,40,0.05,0.0,0.8553719008264463,0.5200460136159855,0.40082644628099173
credit_approval,24,groot,0.871900826446281,0.8636363636363636,0.005287899999530055,448,242,46,40,0.05,0.004132231404958678,0.8760330578512396,0.6407365642930369,0.4793388429752066
credit_approval,24,chen_heuristic,0.8636363636363636,0.8512396694214877,0.00706279999576509,448,242,46,40,0.05,0.01652892561983471,0.8636363636363636,0.7672200731061767,0.8884297520661157
credit_approval,25,groot,0.8264462809917356,0.8305785123966942,0.005399300003773533,448,242,46,40,0.05,0.012396694214876033,0.8223140495867769,0.3861545448994556,0.2190082644628099
credit_approval,25,chen_heuristic,0.8264462809917356,0.8305785123966942,0.005160499997145962,448,242,46,40,0.05,0.012396694214876033,0.8223140495867769,0.3861545448994556,0.2190082644628099
credit_approval,26,groot,0.8760330578512396,0.8553719008264463,0.005032600005506538,448,242,46,40,0.05,0.004132231404958678,0.8801652892561983,0.7010629232737305,0.5165289256198347
credit_approval,26,chen_heuristic,0.8760330578512396,0.8512396694214877,0.004544499999610707,448,242,46,40,0.05,0.01652892561983471,0.8677685950413223,0.49710305925405773,0.5165289256198347
credit_approval,27,groot,0.8512396694214877,0.8512396694214877,0.018439400002534967,448,242,46,40,0.05,0.0,0.8512396694214877,,0.0
credit_approval,27,chen_heuristic,0.8512396694214877,0.8512396694214877,0.0049189999990630895,448,242,46,40,0.05,0.0,0.8512396694214877,,0.0
credit_approval,28,groot,0.8636363636363636,0.8760330578512396,0.005602800003543962,448,242,45,39,0.05,0.008264462809917356,0.8553719008264463,0.6739376259563299,0.45867768595041325
credit_approval,28,chen_heuristic,0.859504132231405,0.8760330578512396,0.00567340000270633,448,242,45,39,0.05,0.012396694214876033,0.871900826446281,0.6739376259563299,0.45867768595041325
credit_approval,29,groot,0.8305785123966942,0.8347107438016529,0.004426300001796335,448,242,46,40,0.05,0.0,0.8305785123966942,0.12826676358138003,0.1446280991735537
credit_approval,29,chen_heuristic,0.8305785123966942,0.8347107438016529,0.004515100001299288,448,242,46,40,0.05,0.02066115702479339,0.8429752066115702,0.057763271442135264,0.17355371900826447
credit_g_openml,1,groot,0.7228571428571429,0.7257142857142858,0.011672399996314198,650,350,61,55,0.05,0.0,0.7228571428571429,0.8441950807858207,0.5971428571428572
credit_g_openml,1,chen_heuristic,0.7228571428571429,0.7257142857142858,0.010010700003476813,650,350,61,55,0.05,0.0,0.7228571428571429,0.8441950807858207,0.5971428571428572
credit_g_openml,2,groot,0.7314285714285714,0.7314285714285714,0.009594399998604786,650,350,61,55,0.05,0.0,0.7314285714285714,0.8424492828299887,0.7028571428571428
credit_g_openml,2,chen_heuristic,0.7171428571428572,0.7257142857142858,0.010550599996349774,650,350,61,55,0.05,0.02,0.7257142857142858,0.7961037859690736,0.88
credit_g_openml,3,groot,0.7371428571428571,0.7314285714285714,0.008374900004127994,650,350,61,55,0.05,0.002857142857142857,0.74,1.350546505616843,0.5857142857142857
credit_g_openml,3,chen_heuristic,0.7142857142857143,0.7057142857142857,0.010073899997223634,650,350,61,55,0.05,0.002857142857142857,0.7171428571428572,1.11076110036348,0.5285714285714286
credit_g_openml,4,groot,0.72,0.7342857142857143,0.010995200005709194,650,350,61,55,0.05,0.0,0.72,0.8436570883317512,0.5142857142857142
credit_g_openml,4,chen_heuristic,0.7228571428571429,0.7371428571428571,0.010773699999845121,650,350,61,55,0.05,0.0,0.7228571428571429,0.8436570883317512,0.48857142857142855
credit_g_openml,5,groot,0.6971428571428572,0.6942857142857143,0.01825239999743644,650,350,61,55,0.05,0.0,0.6971428571428572,0.8624451297262937,0.47714285714285715
credit_g_openml,5,chen_heuristic,0.6971428571428572,0.6942857142857143,0.012591400001838338,650,350,61,55,0.05,0.0,0.6971428571428572,0.8624451297262937,0.47714285714285715
credit_g_openml,6,groot,0.7314285714285714,0.74,0.011671200001728721,650,350,61,55,0.05,0.0,0.7314285714285714,0.8392422100477334,0.4142857142857143
credit_g_openml,6,chen_heuristic,0.7314285714285714,0.74,0.01369630000408506,650,350,61,55,0.05,0.0,0.7314285714285714,1.1589535277802034,0.7285714285714285
credit_g_openml,7,groot,0.72,0.7228571428571429,0.011399000002711546,650,350,61,55,0.05,0.0,0.72,0.4535705575058502,0.5428571428571428
credit_g_openml,7,chen_heuristic,0.7114285714285714,0.7114285714285714,0.013305799999216106,650,350,61,55,0.05,0.014285714285714285,0.7142857142857143,0.45357055700585025,0.5571428571428572
credit_g_openml,8,groot,0.7085714285714285,0.6942857142857143,0.010853200001292862,650,350,61,55,0.05,0.002857142857142857,0.7057142857142857,1.102640843313699,0.2857142857142857
credit_g_openml,8,chen_heuristic,0.7085714285714285,0.6942857142857143,0.010901099994953256,650,350,61,55,0.05,0.002857142857142857,0.7057142857142857,1.102640843313699,0.2857142857142857
credit_g_openml,9,groot,0.6885714285714286,0.6828571428571428,0.0257458999985829,650,350,61,55,0.05,0.005714285714285714,0.6885714285714286,1.5774989781478568,0.6628571428571428
credit_g_openml,9,chen_heuristic,0.6885714285714286,0.6857142857142857,0.018519799996283837,650,350,61,55,0.05,0.005714285714285714,0.6942857142857143,1.5774989781478568,0.52
credit_g_openml,10,groot,0.7285714285714285,0.7085714285714285,0.011299799996777438,650,350,61,55,0.05,0.011428571428571429,0.7171428571428572,0.628679239262012,0.8171428571428572
credit_g_openml,10,chen_heuristic,0.74,0.6971428571428572,0.011512700002640486,650,350,61,55,0.05,0.02,0.7257142857142858,0.566773465625435,0.8171428571428572
credit_g_openml,11,groot,0.7171428571428572,0.7114285714285714,0.010410999995656312,650,350,61,55,0.05,0.005714285714285714,0.7228571428571429,1.0074840705563517,0.7542857142857143
credit_g_openml,11,chen_heuristic,0.72,0.7085714285714285,0.009966400000848807,650,350,61,55,0.05,0.0,0.72,0.9471313821192235,0.7542857142857143
credit_g_openml,12,groot,0.7028571428571428,0.6828571428571428,0.010854499996639788,650,350,61,55,0.05,0.008571428571428572,0.6942857142857143,0.8011743535183741,0.7885714285714286
credit_g_openml,12,chen_heuristic,0.7085714285714285,0.68,0.010718600002292078,650,350,61,55,0.05,0.011428571428571429,0.7028571428571428,0.8321184095897685,0.7885714285714286
credit_g_openml,13,groot,0.6971428571428572,0.7,0.010341599998355377,650,350,61,55,0.05,0.0,0.6971428571428572,0.882757814032192,0.36
credit_g_openml,13,chen_heuristic,0.7257142857142858,0.7142857142857143,0.011262399995757733,650,350,61,55,0.05,0.008571428571428572,0.7228571428571429,1.13613795358255,0.74
credit_g_openml,14,groot,0.7085714285714285,0.7257142857142858,0.015100900003744755,650,350,61,55,0.05,0.005714285714285714,0.7142857142857143,0.5739349355270428,0.6314285714285715
credit_g_openml,14,chen_heuristic,0.7085714285714285,0.7171428571428572,0.014627299999119714,650,350,61,55,0.05,0.002857142857142857,0.7057142857142857,0.635419332087158,0.7942857142857143
credit_g_openml,15,groot,0.7342857142857143,0.7142857142857143,0.009400299997651018,650,350,61,55,0.05,0.002857142857142857,0.7371428571428571,1.125695875412786,0.6114285714285714
credit_g_openml,15,chen_heuristic,0.7342857142857143,0.7142857142857143,0.009459300003072713,650,350,61,55,0.05,0.002857142857142857,0.7371428571428571,1.125695875412786,0.6114285714285714
credit_g_openml,16,groot,0.7171428571428572,0.7228571428571429,0.00989869999466464,650,350,61,55,0.05,0.0,0.7171428571428572,0.8700432619586862,0.37714285714285717
credit_g_openml,16,chen_heuristic,0.7171428571428572,0.7314285714285714,0.014933799997379538,650,350,61,55,0.05,0.005714285714285714,0.7171428571428572,0.7293207360617936,0.37714285714285717
credit_g_openml,17,groot,0.6857142857142857,0.6885714285714286,0.009525800000119489,650,350,61,55,0.05,0.0,0.6857142857142857,0.8864159358020341,0.5114285714285715
credit_g_openml,17,chen_heuristic,0.6857142857142857,0.6885714285714286,0.009583999999449588,650,350,61,55,0.05,0.0,0.6857142857142857,0.8864159358020341,0.5114285714285715
credit_g_openml,18,groot,0.7085714285714285,0.6971428571428572,0.013151699997251853,650,350,61,55,0.05,0.011428571428571429,0.6971428571428572,1.044359580031069,0.9428571428571428
credit_g_openml,18,chen_heuristic,0.7085714285714285,0.6971428571428572,0.01450969999859808,650,350,61,55,0.05,0.011428571428571429,0.6971428571428572,1.044359580031069,0.9428571428571428
credit_g_openml,19,groot,0.7342857142857143,0.7342857142857143,0.011256899997533765,650,350,61,55,0.05,0.002857142857142857,0.7371428571428571,1.2726562612050674,0.6142857142857143
credit_g_openml,19,chen_heuristic,0.7142857142857143,0.7171428571428572,0.012533700006315485,650,350,61,55,0.05,0.005714285714285714,0.72,0.961138805679116,0.8057142857142857
credit_g_openml,20,groot,0.6685714285714286,0.6828571428571428,0.01132290000532521,650,350,61,55,0.05,0.005714285714285714,0.6742857142857143,1.2233017894841867,0.8
credit_g_openml,20,chen_heuristic,0.6657142857142857,0.6771428571428572,0.011179700006323401,650,350,61,55,0.05,0.014285714285714285,0.6742857142857143,1.254441723764433,0.8
credit_g_openml,21,groot,0.6685714285714286,0.6914285714285714,0.011819699997431599,650,350,61,55,0.05,0.005714285714285714,0.6742857142857143,0.6370958516098516,0.8571428571428571
credit_g_openml,21,chen_heuristic,0.6828571428571428,0.6914285714285714,0.011676300004182849,650,350,61,55,0.05,0.014285714285714285,0.6857142857142857,0.6370958516098516,0.8571428571428571
credit_g_openml,22,groot,0.7142857142857143,0.7028571428571428,0.00990480000473326,650,350,61,55,0.05,0.005714285714285714,0.72,1.4202725878682232,0.6685714285714286
credit_g_openml,22,chen_heuristic,0.7142857142857143,0.7028571428571428,0.01017159999901196,650,350,61,55,0.05,0.005714285714285714,0.72,1.4202725878682232,0.6685714285714286
credit_g_openml,23,groot,0.68,0.6714285714285714,0.010501700002350844,650,350,61,55,0.05,0.0,0.68,0.8565181742151219,0.6828571428571428
credit_g_openml,23,chen_heuristic,0.68,0.6714285714285714,0.010515699999814387,650,350,61,55,0.05,0.0,0.68,0.8565181742151219,0.6828571428571428
credit_g_openml,24,groot,0.7142857142857143,0.7057142857142857,0.009289399997214787,650,350,61,55,0.05,0.002857142857142857,0.7114285714285714,0.8676778749268413,0.5942857142857143
credit_g_openml,24,chen_heuristic,0.7142857142857143,0.7057142857142857,0.00922329999593785,650,350,61,55,0.05,0.002857142857142857,0.7114285714285714,0.8676778749268413,0.5942857142857143
credit_g_openml,25,groot,0.6771428571428572,0.6628571428571428,0.011347899999236688,650,350,61,55,0.05,0.0,0.6771428571428572,0.9113233189391277,0.62
credit_g_openml,25,chen_heuristic,0.6771428571428572,0.6628571428571428,0.025842800001555588,650,350,61,55,0.05,0.0,0.6771428571428572,0.9113233189391277,0.62
credit_g_openml,26,groot,0.7171428571428572,0.7085714285714285,0.01123350000125356,650,350,61,55,0.05,0.002857142857142857,0.7142857142857143,0.6118928812870691,0.4942857142857143
credit_g_openml,26,chen_heuristic,0.7,0.7142857142857143,0.011512800003401935,650,350,61,55,0.05,0.02,0.7142857142857143,0.6368928812870691,0.4942857142857143
credit_g_openml,27,groot,0.7085714285714285,0.7028571428571428,0.010985399996570777,650,350,61,55,0.05,0.005714285714285714,0.7085714285714285,1.15960216405189,0.7
credit_g_openml,27,chen_heuristic,0.7085714285714285,0.7028571428571428,0.010988400004862342,650,350,61,55,0.05,0.005714285714285714,0.7085714285714285,1.15960216405189,0.7
credit_g_openml,28,groot,0.7142857142857143,0.7057142857142857,0.0361062999945716,650,350,61,55,0.05,0.0,0.7142857142857143,1.3882693621724314,0.5885714285714285
credit_g_openml,28,chen_heuristic,0.7,0.6885714285714286,0.013957399998616893,650,350,61,55,0.05,0.025714285714285714,0.7085714285714285,1.3938163711118599,0.9628571428571429
credit_g_openml,29,groot,0.6371428571428571,0.6257142857142857,0.011846900000819005,650,350,61,55,0.05,0.008571428571428572,0.64,0.918996150242179,0.8457142857142858
credit_g_openml,29,chen_heuristic,0.6371428571428571,0.6228571428571429,0.012038599998049904,650,350,61,55,0.05,0.005714285714285714,0.6371428571428571,0.918996150242179,0.8457142857142858
diabetes,1,groot,0.7286245353159851,0.7397769516728625,0.0027358000006643124,499,269,8,0,0.05,0.03717472118959108,0.7211895910780669,0.7111501083894546,1.0
diabetes,1,chen_heuristic,0.7286245353159851,0.7434944237918215,0.00254280000081053,499,269,8,0,0.05,0.048327137546468404,0.7323420074349443,0.6824605548075525,1.0
diabetes,2,groot,0.7434944237918215,0.7509293680297398,0.0022702999995090067,499,269,8,0,0.05,0.040892193308550186,0.7323420074349443,0.5305440480033441,1.0
diabetes,2,chen_heuristic,0.7546468401486989,0.7397769516728625,0.016436300000350457,499,269,8,0,0.05,0.07434944237918216,0.7026022304832714,0.4900202036380435,1.0
diabetes,3,groot,0.7695167286245354,0.7620817843866171,0.004265299998223782,499,269,8,0,0.05,0.040892193308550186,0.7732342007434945,0.5480545608677719,1.0
diabetes,3,chen_heuristic,0.7472118959107806,0.7472118959107806,0.002442400000290945,499,269,8,0,0.05,0.022304832713754646,0.7546468401486989,0.6285244931551214,1.0
diabetes,4,groot,0.7063197026022305,0.7397769516728625,0.002115100003720727,499,269,8,0,0.05,0.08550185873605948,0.7174721189591078,0.43749007258341166,1.0
diabetes,4,chen_heuristic,0.6951672862453532,0.6914498141263941,0.002080099999147933,499,269,8,0,0.05,0.05947955390334572,0.7026022304832714,0.48078695241773445,1.0
diabetes,5,groot,0.7323420074349443,0.7174721189591078,0.0029775000002700835,499,269,8,0,0.05,0.026022304832713755,0.7286245353159851,0.6823176722277692,1.0
diabetes,5,chen_heuristic,0.7434944237918215,0.7100371747211895,0.0020772999996552244,499,269,8,0,0.05,0.08921933085501858,0.758364312267658,0.3825832912511051,1.0
diabetes,6,groot,0.7323420074349443,0.7472118959107806,0.00243130000308156,499,269,8,0,0.05,0.022304832713754646,0.7546468401486989,0.583585089662625,1.0
diabetes,6,chen_heuristic,0.7472118959107806,0.7509293680297398,0.0033437000020057894,499,269,8,0,0.05,0.10037174721189591,0.758364312267658,0.4325837637013769,1.0
diabetes,7,groot,0.7434944237918215,0.7323420074349443,0.0022324999954435043,499,269,8,0,0.05,0.02973977695167286,0.7434944237918215,0.5859998868718206,1.0
diabetes,7,chen_heuristic,0.7100371747211895,0.7286245353159851,0.008942199994635303,499,269,8,0,0.05,0.022304832713754646,0.7100371747211895,0.6329147641823137,1.0
diabetes,8,groot,0.6877323420074349,0.6654275092936803,0.0021047000045655295,499,269,8,0,0.05,0.03345724907063197,0.6914498141263941,0.7655378357125914,1.0
diabetes,8,chen_heuristic,0.7026022304832714,0.7100371747211895,0.00722499999392312,499,269,8,0,0.05,0.03345724907063197,0.7063197026022305,0.7154947682248548,1.0
diabetes,9,groot,0.7695167286245354,0.7434944237918215,0.0031928999960655347,499,269,8,0,0.05,0.03345724907063197,0.7657992565055762,0.5274100837095074,1.0
diabetes,9,chen_heuristic,0.7657992565055762,0.7546468401486989,0.0030994999979157,499,269,8,0,0.05,0.040892193308550186,0.7695167286245354,0.5168529551766434,1.0
diabetes,10,groot,0.7026022304832714,0.6802973977695167,0.002285399998072535,499,269,8,0,0.05,0.04460966542750929,0.7100371747211895,0.49350808684201714,1.0
diabetes,10,chen_heuristic,0.7434944237918215,0.7472118959107806,0.002301400003489107,499,269,8,0,0.05,0.01858736059479554,0.7397769516728625,0.8430827633484759,1.0
diabetes,11,groot,0.7657992565055762,0.7695167286245354,0.00230060000467347,499,269,8,0,0.05,0.02973977695167286,0.7955390334572491,0.5741824023710794,1.0
diabetes,11,chen_heuristic,0.7472118959107806,0.724907063197026,0.004800700000487268,499,269,8,0,0.05,0.05204460966542751,0.7397769516728625,0.5761018190255668,1.0
diabetes,12,groot,0.7509293680297398,0.7620817843866171,0.0022401999958674423,499,269,8,0,0.05,0.011152416356877323,0.7620817843866171,0.735193436698407,1.0
diabetes,12,chen_heuristic,0.7546468401486989,0.7434944237918215,0.0023750000036670826,499,269,8,0,0.05,0.026022304832713755,0.758364312267658,0.5960403263849983,1.0
diabetes,13,groot,0.7360594795539034,0.7509293680297398,0.0021845999945071526,499,269,8,0,0.05,0.048327137546468404,0.7546468401486989,0.5297172581404507,1.0
diabetes,13,chen_heuristic,0.7323420074349443,0.7509293680297398,0.002377400000113994,499,269,8,0,0.05,0.048327137546468404,0.7657992565055762,0.5287958868747207,1.0
diabetes,14,groot,0.7100371747211895,0.7323420074349443,0.0023450000007869676,499,269,8,0,0.05,0.026022304832713755,0.7137546468401487,0.9521581357304836,1.0
diabetes,14,chen_heuristic,0.7100371747211895,0.7026022304832714,0.0025562000009813346,499,269,8,0,0.05,0.07063197026022305,0.7360594795539034,0.35269078762802336,1.0
diabetes,15,groot,0.7695167286245354,0.758364312267658,0.0023086000001057982,499,269,8,0,0.05,0.01858736059479554,0.758364312267658,0.5682326211734254,1.0
diabetes,15,chen_heuristic,0.7397769516728625,0.724907063197026,0.002264499999000691,499,269,8,0,0.05,0.03717472118959108,0.724907063197026,0.48826207422799034,1.0
diabetes,16,groot,0.7397769516728625,0.7211895910780669,0.001931699996930547,499,269,8,0,0.05,0.02973977695167286,0.7323420074349443,0.7354016295471665,1.0
diabetes,16,chen_heuristic,0.7286245353159851,0.7211895910780669,0.0024761000022408552,499,269,8,0,0.05,0.01858736059479554,0.7397769516728625,0.5733482677792714,1.0
diabetes,17,groot,0.7360594795539034,0.7472118959107806,0.002200899994932115,499,269,8,0,0.05,0.01486988847583643,0.7286245353159851,0.7347733153846838,1.0
diabetes,17,chen_heuristic,0.7063197026022305,0.7397769516728625,0.002744199999142438,499,269,8,0,0.05,0.026022304832713755,0.7100371747211895,0.5819866528395214,1.0
diabetes,18,groot,0.7211895910780669,0.7174721189591078,0.0054429000010713935,499,269,8,0,0.05,0.02973977695167286,0.7137546468401487,0.640692697761902,1.0
diabetes,18,chen_heuristic,0.7472118959107806,0.7397769516728625,0.0022731999997631647,499,269,8,0,0.05,0.03345724907063197,0.758364312267658,0.7520971596962391,1.0
diabetes,19,groot,0.7063197026022305,0.7174721189591078,0.009418200002983212,499,269,8,0,0.05,0.03717472118959108,0.7211895910780669,0.5821603386696047,1.0
diabetes,19,chen_heuristic,0.7323420074349443,0.7434944237918215,0.003703200003656093,499,269,8,0,0.05,0.06319702602230483,0.7286245353159851,0.47459155623225957,1.0
diabetes,20,groot,0.7806691449814126,0.79182156133829,0.008258100002421997,499,269,8,0,0.05,0.022304832713754646,0.7881040892193308,0.594792316778089,1.0
diabetes,20,chen_heuristic,0.7732342007434945,0.7732342007434945,0.0024278999990201555,499,269,8,0,0.05,0.04460966542750929,0.7657992565055762,0.6148171426949586,1.0
diabetes,21,groot,0.7397769516728625,0.7360594795539034,0.002982400001201313,499,269,8,0,0.05,0.06691449814126393,0.7174721189591078,0.47253518983504694,1.0
diabetes,21,chen_heuristic,0.7174721189591078,0.7137546468401487,0.002536699998017866,499,269,8,0,0.05,0.02973977695167286,0.6951672862453532,0.6555281635718246,1.0
diabetes,22,groot,0.7286245353159851,0.7397769516728625,0.0023281999965547584,499,269,8,0,0.05,0.048327137546468404,0.7620817843866171,0.7375604775878123,1.0
diabetes,22,chen_heuristic,0.7732342007434945,0.7620817843866171,0.0028514000005088747,499,269,8,0,0.05,0.02973977695167286,0.7657992565055762,0.5507174045659929,1.0
diabetes,23,groot,0.7434944237918215,0.7360594795539034,0.0030203999995137565,499,269,8,0,0.05,0.040892193308550186,0.7397769516728625,0.5857094621638859,1.0
diabetes,23,chen_heuristic,0.7546468401486989,0.7397769516728625,0.009499700005108025,499,269,8,0,0.05,0.055762081784386616,0.7657992565055762,0.416686787238738,1.0
diabetes,24,groot,0.7397769516728625,0.7434944237918215,0.0023388999979943037,499,269,8,0,0.05,0.03345724907063197,0.758364312267658,0.6299308593893864,1.0
diabetes,24,chen_heuristic,0.7657992565055762,0.7732342007434945,0.00280650000058813,499,269,8,0,0.05,0.011152416356877323,0.7769516728624535,0.7513857460755244,1.0
diabetes,25,groot,0.6654275092936803,0.6914498141263941,0.0024055999965639785,499,269,8,0,0.05,0.048327137546468404,0.6617100371747212,0.3402648462024511,1.0
diabetes,25,chen_heuristic,0.7063197026022305,0.7063197026022305,0.0024377000008826144,499,269,8,0,0.05,0.05947955390334572,0.7211895910780669,0.4123947214343072,1.0
diabetes,26,groot,0.724907063197026,0.7323420074349443,0.0018132999975932762,499,269,8,0,0.05,0.03717472118959108,0.724907063197026,0.7373812376166445,1.0
diabetes,26,chen_heuristic,0.7323420074349443,0.7472118959107806,0.0023966000007931143,499,269,8,0,0.05,0.05947955390334572,0.7620817843866171,0.4729216968633713,1.0
diabetes,27,groot,0.7286245353159851,0.7360594795539034,0.0023744000063743442,499,269,8,0,0.05,0.08550185873605948,0.7546468401486989,0.3998122976481804,1.0
diabetes,27,chen_heuristic,0.7286245353159851,0.7211895910780669,0.002438600000459701,499,269,8,0,0.05,0.04460966542750929,0.7360594795539034,0.4635992161147327,1.0
diabetes,28,groot,0.7211895910780669,0.7137546468401487,0.0020577000032062642,499,269,8,0,0.05,0.040892193308550186,0.724907063197026,0.5024001200230174,1.0
diabetes,28,chen_heuristic,0.7397769516728625,0.7509293680297398,0.004707300002337433,499,269,8,0,0.05,0.07063197026022305,0.758364312267658,0.42904667386998946,1.0
diabetes,29,groot,0.724907063197026,0.7434944237918215,0.0026732999976957217,499,269,8,0,0.05,0.02973977695167286,0.7397769516728625,0.6413808139127392,1.0
diabetes,29,chen_heuristic,0.7286245353159851,0.7434944237918215,0.0028199999942444265,499,269,8,0,0.05,0.01486988847583643,0.7360594795539034,0.6221998535583764,1.0
german_credit,1,groot,0.7228571428571429,0.7285714285714285,0.010138900004676543,650,350,61,55,0.05,0.005714285714285714,0.7285714285714285,1.348236406057378,0.5971428571428572
german_credit,1,chen_heuristic,0.6885714285714286,0.6914285714285714,0.009823200001846999,650,350,61,55,0.05,0.005714285714285714,0.6942857142857143,1.372387629128721,0.62
german_credit,2,groot,0.66,0.6657142857142857,0.010273500003677327,650,350,61,55,0.05,0.002857142857142857,0.6628571428571428,0.8426578664646712,0.4942857142857143
german_credit,2,chen_heuristic,0.6828571428571428,0.6828571428571428,0.011309399997116998,650,350,61,55,0.05,0.02,0.6742857142857143,0.6018984763319081,0.6142857142857143
german_credit,3,groot,0.6828571428571428,0.6828571428571428,0.011873700001160614,650,350,61,55,0.05,0.0,0.6828571428571428,1.1061402150700963,0.5742857142857143
german_credit,3,chen_heuristic,0.6828571428571428,0.6828571428571428,0.012178000004496425,650,350,61,55,0.05,0.0,0.6828571428571428,1.1061402150700963,0.5742857142857143
german_credit,4,groot,0.72,0.7057142857142857,0.011452699996880256,650,350,61,55,0.05,0.002857142857142857,0.7228571428571429,0.8456448919694652,0.46285714285714286
german_credit,4,chen_heuristic,0.7085714285714285,0.7142857142857143,0.011876700002176221,650,350,61,55,0.05,0.014285714285714285,0.7228571428571429,0.709569674641948,0.46285714285714286
german_credit,5,groot,0.6428571428571429,0.6342857142857142,0.010819499999342952,650,350,61,55,0.05,0.005714285714285714,0.6428571428571429,0.6912300221159637,0.3657142857142857
german_credit,5,chen_heuristic,0.6371428571428571,0.6371428571428571,0.01481190000049537,650,350,61,55,0.05,0.011428571428571429,0.6371428571428571,0.6439426860910114,0.3657142857142857
german_credit,6,groot,0.7285714285714285,0.7371428571428571,0.027789100000518374,650,350,61,55,0.05,0.005714285714285714,0.7285714285714285,1.045327175963922,0.6657142857142857
german_credit,6,chen_heuristic,0.7285714285714285,0.7371428571428571,0.012043000002449844,650,350,61,55,0.05,0.005714285714285714,0.7285714285714285,1.045327175963922,0.6657142857142857
german_credit,7,groot,0.7,0.7,0.01013500000408385,650,350,61,55,0.05,0.008571428571428572,0.6971428571428572,0.39036577175215664,0.14285714285714285
german_credit,7,chen_heuristic,0.6942857142857143,0.6857142857142857,0.01073280000127852,650,350,61,55,0.05,0.014285714285714285,0.6914285714285714,0.9475682540429685,0.5428571428571428
german_credit,8,groot,0.7171428571428572,0.7114285714285714,0.011205700000573415,650,350,61,55,0.05,0.005714285714285714,0.7228571428571429,1.1181516586197953,0.6371428571428571
german_credit,8,chen_heuristic,0.7171428571428572,0.7114285714285714,0.011240199994063005,650,350,61,55,0.05,0.005714285714285714,0.7228571428571429,1.1181516586197953,0.6371428571428571
german_credit,9,groot,0.7085714285714285,0.7114285714285714,0.009407300000020768,650,350,61,55,0.05,0.0,0.7085714285714285,1.6572865060406579,0.62
german_credit,9,chen_heuristic,0.7028571428571428,0.7028571428571428,0.01013760000205366,650,350,61,55,0.05,0.0,0.7028571428571428,1.5722974545001114,0.7228571428571429
german_credit,10,groot,0.7085714285714285,0.7114285714285714,0.01132339999458054,650,350,61,55,0.05,0.002857142857142857,0.7057142857142857,1.0988794936740374,0.30857142857142855
german_credit,10,chen_heuristic,0.7085714285714285,0.7114285714285714,0.011205400005565025,650,350,61,55,0.05,0.002857142857142857,0.7057142857142857,1.0988794936740374,0.30857142857142855
german_credit,11,groot,0.7342857142857143,0.7342857142857143,0.01136920000135433,650,350,61,55,0.05,0.008571428571428572,0.7371428571428571,0.8302847751936612,0.6828571428571428
german_credit,11,chen_heuristic,0.7257142857142858,0.7314285714285714,0.011249199997109827,650,350,61,55,0.05,0.03142857142857143,0.74,0.3887884049143756,0.6971428571428572
german_credit,12,groot,0.6828571428571428,0.6942857142857143,0.010617699997965246,650,350,61,55,0.05,0.011428571428571429,0.6771428571428572,1.1796323602921364,0.7971428571428572
german_credit,12,chen_heuristic,0.6942857142857143,0.6971428571428572,0.010439600002428051,650,350,61,55,0.05,0.0,0.6942857142857143,1.238357537694618,0.6142857142857143
german_credit,13,groot,0.7428571428571429,0.7485714285714286,0.013502899993909523,650,350,61,55,0.05,0.005714285714285714,0.7485714285714286,1.3912670943204195,0.6514285714285715
german_credit,13,chen_heuristic,0.7142857142857143,0.7228571428571429,0.011261899999226443,650,350,61,55,0.05,0.017142857142857144,0.72,0.6884504538180622,0.5942857142857143
german_credit,14,groot,0.7314285714285714,0.7314285714285714,0.011444099996879231,650,350,61,55,0.05,0.0,0.7314285714285714,1.345170645095728,0.6057142857142858
german_credit,14,chen_heuristic,0.7257142857142858,0.7228571428571429,0.011718499998096377,650,350,61,55,0.05,0.0,0.7257142857142858,1.1964291577353316,0.6057142857142858
german_credit,15,groot,0.6571428571428571,0.6514285714285715,0.009869900000921916,650,350,61,55,0.05,0.0,0.6571428571428571,1.64987042416426,0.4685714285714286
german_credit,15,chen_heuristic,0.6571428571428571,0.6514285714285715,0.01111529999616323,650,350,61,55,0.05,0.0,0.6571428571428571,1.64987042416426,0.4685714285714286
german_credit,16,groot,0.7371428571428571,0.74,0.009757100000570063,650,350,61,55,0.05,0.005714285714285714,0.7371428571428571,1.2208741095133615,0.37142857142857144
german_credit,16,chen_heuristic,0.7371428571428571,0.74,0.010390200004621875,650,350,61,55,0.05,0.005714285714285714,0.7371428571428571,1.2208741095133615,0.37142857142857144
german_credit,17,groot,0.7028571428571428,0.6971428571428572,0.010022800001024734,650,350,61,55,0.05,0.005714285714285714,0.7085714285714285,1.6484005660694352,0.5971428571428572
german_credit,17,chen_heuristic,0.7085714285714285,0.7057142857142857,0.009991300001274794,650,350,61,55,0.05,0.0,0.7085714285714285,1.6484005660694352,0.5971428571428572
german_credit,18,groot,0.7228571428571429,0.7228571428571429,0.010581800001091324,650,350,61,55,0.05,0.0,0.7228571428571429,1.590510936563776,0.6085714285714285
german_credit,18,chen_heuristic,0.7228571428571429,0.7228571428571429,0.012041499998304062,650,350,61,55,0.05,0.0,0.7228571428571429,1.590510936563776,0.6085714285714285
german_credit,19,groot,0.6914285714285714,0.6914285714285714,0.010772499997983687,650,350,61,55,0.05,0.0,0.6914285714285714,0.45066964425935646,0.5514285714285714
german_credit,19,chen_heuristic,0.6914285714285714,0.6885714285714286,0.011309800000162795,650,350,61,55,0.05,0.0,0.6914285714285714,0.45066964425935646,0.5514285714285714
german_credit,20,groot,0.7171428571428572,0.7142857142857143,0.010714200005168095,650,350,61,55,0.05,0.002857142857142857,0.7142857142857143,1.6981566057082966,0.7657142857142857
german_credit,20,chen_heuristic,0.7171428571428572,0.7142857142857143,0.010464400002092589,650,350,61,55,0.05,0.002857142857142857,0.7142857142857143,1.6981566057082966,0.7657142857142857
german_credit,21,groot,0.7114285714285714,0.7085714285714285,0.009619199998269323,650,350,61,55,0.05,0.011428571428571429,0.7,1.0997202211918846,0.6257142857142857
german_credit,21,chen_heuristic,0.6828571428571428,0.6742857142857143,0.009541100000205915,650,350,61,55,0.05,0.054285714285714284,0.6628571428571428,0.4505882069057977,0.6257142857142857
german_credit,22,groot,0.7228571428571429,0.7228571428571429,0.00957459999335697,650,350,61,55,0.05,0.0,0.7228571428571429,1.7514180811076807,0.7571428571428571
german_credit,22,chen_heuristic,0.7228571428571429,0.7228571428571429,0.010657699996954761,650,350,61,55,0.05,0.0,0.7228571428571429,1.7514180811076807,0.7571428571428571
german_credit,23,groot,0.7342857142857143,0.7371428571428571,0.010565299999143463,650,350,61,55,0.05,0.0,0.7342857142857143,0.5785464464963139,0.39714285714285713
german_credit,23,chen_heuristic,0.7314285714285714,0.7342857142857143,0.011702200004947372,650,350,61,55,0.05,0.0,0.7314285714285714,0.6775206850312383,0.7742857142857142
german_credit,24,groot,0.7142857142857143,0.7171428571428572,0.009813199998461641,650,350,61,55,0.05,0.002857142857142857,0.7171428571428572,1.1179205030997041,0.5342857142857143
german_credit,24,chen_heuristic,0.7142857142857143,0.7114285714285714,0.010436799995659385,650,350,61,55,0.05,0.008571428571428572,0.7171428571428572,1.1179205030997041,0.5342857142857143
german_credit,25,groot,0.72,0.7228571428571429,0.009436899999855086,650,350,61,55,0.05,0.0,0.72,0.8681398558611964,0.5057142857142857
german_credit,25,chen_heuristic,0.7085714285714285,0.7142857142857143,0.012486300001910422,650,350,61,55,0.05,0.002857142857142857,0.7114285714285714,0.8681398558611964,0.5628571428571428
german_credit,26,groot,0.7342857142857143,0.7314285714285714,0.010805199999595061,650,350,61,55,0.05,0.005714285714285714,0.7285714285714285,1.5112957271981318,0.9914285714285714
german_credit,26,chen_heuristic,0.7085714285714285,0.7171428571428572,0.026139000001421664,650,350,61,55,0.05,0.04857142857142857,0.7114285714285714,0.7200825865738952,0.9914285714285714
german_credit,27,groot,0.7114285714285714,0.7,0.011505900001793634,650,350,61,55,0.05,0.0,0.7114285714285714,0.8955489980952718,0.5742857142857143
german_credit,27,chen_heuristic,0.7114285714285714,0.7,0.013380199998209719,650,350,61,55,0.05,0.0,0.7114285714285714,0.8955489980952718,0.5742857142857143
german_credit,28,groot,0.7228571428571429,0.7285714285714285,0.019957200005592313,650,350,61,55,0.05,0.0,0.7228571428571429,0.7034445424574498,0.5457142857142857
german_credit,28,chen_heuristic,0.7228571428571429,0.7285714285714285,0.012047399999573827,650,350,61,55,0.05,0.0,0.7228571428571429,0.7034445424574498,0.5457142857142857
german_credit,29,groot,0.7085714285714285,0.7114285714285714,0.010153000002901535,650,350,61,55,0.05,0.011428571428571429,0.7085714285714285,1.5201517891677874,0.98
german_credit,29,chen_heuristic,0.6857142857142857,0.6857142857142857,0.011870900001667906,650,350,61,55,0.05,0.014285714285714285,0.6828571428571428,1.1797407330313479,0.8685714285714285
heart_statlog,1,groot,0.8526315789473684,0.8421052631578947,0.0020557000025291927,175,95,13,4,0.05,0.0,0.8526315789473684,0.5092375916421998,1.0
heart_statlog,1,chen_heuristic,0.8526315789473684,0.8421052631578947,0.0019757999980356544,175,95,13,4,0.05,0.0,0.8526315789473684,0.5092375916421998,1.0
heart_statlog,2,groot,0.7368421052631579,0.7368421052631579,0.002184100005251821,175,95,13,3,0.05,0.0,0.7368421052631579,0.5810651508878437,1.0
heart_statlog,2,chen_heuristic,0.7368421052631579,0.7368421052631579,0.002451599997584708,175,95,13,3,0.05,0.0,0.7368421052631579,0.5810651508878437,1.0
heart_statlog,3,groot,0.7789473684210526,0.7789473684210526,0.002120700002706144,175,95,13,3,0.05,0.0,0.7789473684210526,0.529612891985799,1.0
heart_statlog,3,chen_heuristic,0.7789473684210526,0.7789473684210526,0.002151399996364489,175,95,13,3,0.05,0.0,0.7789473684210526,0.529612891985799,1.0
heart_statlog,4,groot,0.7894736842105263,0.7789473684210526,0.002082500002870802,175,95,13,3,0.05,0.0,0.7894736842105263,0.5226885561844529,1.0
heart_statlog,4,chen_heuristic,0.7894736842105263,0.7789473684210526,0.0020315000001573935,175,95,13,3,0.05,0.0,0.7894736842105263,0.5226885561844529,1.0
heart_statlog,5,groot,0.7368421052631579,0.7157894736842105,0.002227000004495494,175,95,13,3,0.05,0.010526315789473684,0.7473684210526316,0.5486351715833362,1.0
heart_statlog,5,chen_heuristic,0.7368421052631579,0.7157894736842105,0.0021228999976301566,175,95,13,3,0.05,0.010526315789473684,0.7473684210526316,0.5486351715833362,1.0
heart_statlog,6,groot,0.7789473684210526,0.7789473684210526,0.0019921000057365745,175,95,13,3,0.05,0.0,0.7789473684210526,0.5339934239851842,1.0
heart_statlog,6,chen_heuristic,0.7789473684210526,0.7789473684210526,0.0018668000047910027,175,95,13,3,0.05,0.0,0.7789473684210526,0.5339934239851842,1.0
heart_statlog,7,groot,0.7578947368421053,0.7578947368421053,0.002330800001800526,175,95,13,3,0.05,0.0,0.7578947368421053,0.5445823699911858,1.0
heart_statlog,7,chen_heuristic,0.7578947368421053,0.7578947368421053,0.0020560000048135407,175,95,13,3,0.05,0.0,0.7578947368421053,0.5445823699911858,1.0
heart_statlog,8,groot,0.7578947368421053,0.7578947368421053,0.002000299995415844,175,95,13,3,0.05,0.021052631578947368,0.7578947368421053,0.563917907040888,1.0
heart_statlog,8,chen_heuristic,0.7578947368421053,0.7578947368421053,0.0020125000010011718,175,95,13,3,0.05,0.021052631578947368,0.7578947368421053,0.563917907040888,1.0
heart_statlog,9,groot,0.7684210526315789,0.7578947368421053,0.0024248999980045483,175,95,13,3,0.05,0.010526315789473684,0.7789473684210526,0.5159033118056754,1.0
heart_statlog,9,chen_heuristic,0.7684210526315789,0.7578947368421053,0.001774799995473586,175,95,13,3,0.05,0.010526315789473684,0.7789473684210526,0.5159033118056754,1.0
heart_statlog,10,groot,0.8947368421052632,0.8736842105263158,0.001902900003187824,175,95,13,3,0.05,0.0,0.8947368421052632,0.5386681216435746,1.0
heart_statlog,10,chen_heuristic,0.8947368421052632,0.8736842105263158,0.002377400000113994,175,95,13,3,0.05,0.0,0.8947368421052632,0.5386681216435746,1.0
heart_statlog,11,groot,0.7894736842105263,0.7684210526315789,0.0017581000065547414,175,95,13,3,0.05,0.0,0.7894736842105263,0.516640201370859,1.0
heart_statlog,11,chen_heuristic,0.7894736842105263,0.7684210526315789,0.0017025999986799434,175,95,13,3,0.05,0.0,0.7894736842105263,0.516640201370859,1.0
heart_statlog,12,groot,0.7684210526315789,0.7684210526315789,0.0019792999955825508,175,95,13,3,0.05,0.0,0.7684210526315789,0.7777444933060113,1.0
heart_statlog,12,chen_heuristic,0.7684210526315789,0.7684210526315789,0.0017297000013059005,175,95,13,3,0.05,0.0,0.7684210526315789,0.7777444933060113,1.0
heart_statlog,13,groot,0.7894736842105263,0.7894736842105263,0.002214500003901776,175,95,13,3,0.05,0.010526315789473684,0.7789473684210526,0.5415491605635707,1.0
heart_statlog,13,chen_heuristic,0.7894736842105263,0.7894736842105263,0.002141799996024929,175,95,13,3,0.05,0.010526315789473684,0.7789473684210526,0.5415491605635707,1.0
heart_statlog,14,groot,0.7578947368421053,0.7263157894736842,0.007948500002385117,175,95,13,4,0.05,0.031578947368421054,0.7473684210526316,0.7721723876429963,1.0
heart_statlog,14,chen_heuristic,0.7578947368421053,0.7263157894736842,0.006612600001972169,175,95,13,4,0.05,0.031578947368421054,0.7473684210526316,0.7721723876429963,1.0
heart_statlog,15,groot,0.7894736842105263,0.8,0.0020149999982095324,175,95,13,3,0.05,0.0,0.7894736842105263,0.5194548085154286,1.0
heart_statlog,15,chen_heuristic,0.7894736842105263,0.8,0.0013057000032858923,175,95,13,3,0.05,0.0,0.7894736842105263,0.5194548085154286,1.0
heart_statlog,16,groot,0.7578947368421053,0.7578947368421053,0.00180049999471521,175,95,13,4,0.05,0.0,0.7578947368421053,0.7750819074067089,1.0
heart_statlog,16,chen_heuristic,0.7578947368421053,0.7578947368421053,0.012714700002106838,175,95,13,4,0.05,0.0,0.7578947368421053,0.7750819074067089,1.0
heart_statlog,17,groot,0.7368421052631579,0.7052631578947368,0.0018746999994618818,175,95,13,3,0.05,0.021052631578947368,0.7157894736842105,0.8594354538767077,1.0
heart_statlog,17,chen_heuristic,0.7368421052631579,0.7052631578947368,0.0018959000008180737,175,95,13,3,0.05,0.021052631578947368,0.7157894736842105,0.8594354538767077,1.0
heart_statlog,18,groot,0.8,0.8,0.0021847999960300513,175,95,13,3,0.05,0.0,0.8,0.5282599135177409,1.0
heart_statlog,18,chen_heuristic,0.8,0.8,0.0020901999960187823,175,95,13,3,0.05,0.0,0.8,0.5282599135177409,1.0
heart_statlog,19,groot,0.7789473684210526,0.7684210526315789,0.0020296000002417713,175,95,13,3,0.05,0.010526315789473684,0.7684210526315789,0.5349906104512752,1.0
heart_statlog,19,chen_heuristic,0.7894736842105263,0.7578947368421053,0.0020923999982187524,175,95,13,3,0.05,0.021052631578947368,0.7684210526315789,0.5349906104512752,1.0
heart_statlog,20,groot,0.8,0.8,0.001957699998456519,175,95,13,3,0.05,0.010526315789473684,0.7894736842105263,0.533001791889026,1.0
heart_statlog,20,chen_heuristic,0.8,0.8,0.0018444000015733764,175,95,13,3,0.05,0.010526315789473684,0.7894736842105263,0.533001791889026,1.0
heart_statlog,21,groot,0.7052631578947368,0.7263157894736842,0.0020241000020178035,175,95,13,3,0.05,0.0,0.7052631578947368,0.5608052664060736,1.0
heart_statlog,21,chen_heuristic,0.7052631578947368,0.7263157894736842,0.002007499999308493,175,95,13,3,0.05,0.0,0.7052631578947368,0.5608052664060736,1.0
heart_statlog,22,groot,0.7578947368421053,0.7368421052631579,0.002042600004642736,175,95,13,3,0.05,0.0,0.7578947368421053,0.551701958304744,1.0
heart_statlog,22,chen_heuristic,0.7578947368421053,0.7368421052631579,0.0018601999981910922,175,95,13,3,0.05,0.0,0.7578947368421053,0.551701958304744,1.0
heart_statlog,23,groot,0.7789473684210526,0.7684210526315789,0.005570399996940978,175,95,13,4,0.05,0.0,0.7789473684210526,0.5478818028080636,1.0
heart_statlog,23,chen_heuristic,0.7789473684210526,0.7684210526315789,0.0019941999998991378,175,95,13,4,0.05,0.0,0.7789473684210526,0.5478818028080636,1.0
heart_statlog,24,groot,0.7789473684210526,0.7684210526315789,0.0018074999970849603,175,95,13,4,0.05,0.0,0.7789473684210526,0.7836135115304321,1.0
heart_statlog,24,chen_heuristic,0.7789473684210526,0.7684210526315789,0.0017143000004580244,175,95,13,4,0.05,0.0,0.7789473684210526,0.7836135115304321,1.0
heart_statlog,25,groot,0.8315789473684211,0.8526315789473684,0.0018590000036056153,175,95,13,3,0.05,0.0,0.8315789473684211,0.5054679996085168,1.0
heart_statlog,25,chen_heuristic,0.8315789473684211,0.8526315789473684,0.0017899999947985634,175,95,13,3,0.05,0.0,0.8315789473684211,0.5054679996085168,1.0
heart_statlog,26,groot,0.7473684210526316,0.7578947368421053,0.0022521999999298714,175,95,13,3,0.05,0.0,0.7473684210526316,0.8046168361411912,1.0
heart_statlog,26,chen_heuristic,0.7473684210526316,0.7578947368421053,0.012654600002861116,175,95,13,3,0.05,0.0,0.7473684210526316,0.8046168361411912,1.0
heart_statlog,27,groot,0.7684210526315789,0.7789473684210526,0.0026164000009885058,175,95,13,3,0.05,0.010526315789473684,0.7789473684210526,0.5150267602243872,1.0
heart_statlog,27,chen_heuristic,0.7684210526315789,0.7789473684210526,0.0028972000000067055,175,95,13,3,0.05,0.010526315789473684,0.7789473684210526,0.5150267602243872,1.0
heart_statlog,28,groot,0.7684210526315789,0.7578947368421053,0.0018157999948016368,175,95,13,3,0.05,0.010526315789473684,0.7789473684210526,0.6528790730399707,1.0
heart_statlog,28,chen_heuristic,0.7684210526315789,0.7578947368421053,0.006750999993528239,175,95,13,3,0.05,0.010526315789473684,0.7789473684210526,0.6528790730399707,1.0
heart_statlog,29,groot,0.7368421052631579,0.7368421052631579,0.0021400000041467138,175,95,13,3,0.05,0.021052631578947368,0.7578947368421053,0.5172717570047816,1.0
heart_statlog,29,chen_heuristic,0.7368421052631579,0.7368421052631579,0.0019486999954096973,175,95,13,3,0.05,0.021052631578947368,0.7578947368421053,0.5172717570047816,1.0
ionosphere,1,groot,0.8780487804878049,0.8373983739837398,0.00353989999712212,228,123,34,2,0.05,0.008130081300813009,0.8861788617886179,0.43018161356395224,1.0
ionosphere,1,chen_heuristic,0.8780487804878049,0.8373983739837398,0.0036342999956104904,228,123,34,2,0.05,0.008130081300813009,0.8861788617886179,0.43018161356395224,1.0
ionosphere,2,groot,0.9512195121951219,0.9349593495934959,0.003692300000693649,228,123,34,2,0.05,0.008130081300813009,0.959349593495935,1.1529353845367818,0.8861788617886179
ionosphere,2,chen_heuristic,0.959349593495935,0.9349593495934959,0.0038003999943612143,228,123,34,2,0.05,0.0,0.959349593495935,1.1654976256311014,0.8861788617886179
ionosphere,3,groot,0.8617886178861789,0.8211382113821138,0.003356300003360957,228,123,34,2,0.05,0.008130081300813009,0.8699186991869918,0.46565925600508007,1.0
ionosphere,3,chen_heuristic,0.8617886178861789,0.8211382113821138,0.0034589999995660037,228,123,34,2,0.05,0.008130081300813009,0.8699186991869918,0.46565925600508007,1.0
ionosphere,4,groot,0.9105691056910569,0.8699186991869918,0.0068211000034352764,228,123,34,2,0.05,0.0,0.9105691056910569,0.3079528398166218,1.0
ionosphere,4,chen_heuristic,0.9105691056910569,0.8699186991869918,0.002784500000416301,228,123,34,2,0.05,0.008130081300813009,0.9024390243902439,0.3079528398166218,1.0
ionosphere,5,groot,0.943089430894309,0.926829268292683,0.0036663999999291264,228,123,34,2,0.05,0.008130081300813009,0.9349593495934959,1.161922528357916,1.0
ionosphere,5,chen_heuristic,0.943089430894309,0.9105691056910569,0.0038225000025704503,228,123,34,2,0.05,0.008130081300813009,0.9349593495934959,1.267391257211895,1.0
ionosphere,6,groot,0.9105691056910569,0.8617886178861789,0.003388099998119287,228,123,34,2,0.05,0.016260162601626018,0.8943089430894309,0.8954425096223448,1.0
ionosphere,6,chen_heuristic,0.9105691056910569,0.8617886178861789,0.003384299998288043,228,123,34,2,0.05,0.016260162601626018,0.8943089430894309,0.8954425096223448,1.0
ionosphere,7,groot,0.8536585365853658,0.8130081300813008,0.003005699996720068,228,123,34,2,0.05,0.0,0.8536585365853658,0.8036068224829205,1.0
ionosphere,7,chen_heuristic,0.8536585365853658,0.8130081300813008,0.003628099999332335,228,123,34,2,0.05,0.0,0.8536585365853658,0.8036068224829205,1.0
ionosphere,8,groot,0.8861788617886179,0.8455284552845529,0.004469399995286949,228,123,34,2,0.05,0.0,0.8861788617886179,0.523378361596896,1.0
ionosphere,8,chen_heuristic,0.8861788617886179,0.8455284552845529,0.0042975999967893586,228,123,34,2,0.05,0.0,0.8861788617886179,0.523378361596896,1.0
ionosphere,9,groot,0.9024390243902439,0.8699186991869918,0.003314399997179862,228,123,34,2,0.05,0.0,0.9024390243902439,0.6908300074010009,1.0
ionosphere,9,chen_heuristic,0.9024390243902439,0.8699186991869918,0.003352300002006814,228,123,34,2,0.05,0.0,0.9024390243902439,0.6798054602525664,1.0
ionosphere,10,groot,0.8861788617886179,0.8943089430894309,0.004257600005075801,228,123,34,2,0.05,0.016260162601626018,0.8861788617886179,0.8766781598316883,1.0
ionosphere,10,chen_heuristic,0.8861788617886179,0.8943089430894309,0.0042418999946676195,228,123,34,2,0.05,0.016260162601626018,0.8861788617886179,0.8766781598316883,1.0
ionosphere,11,groot,0.8617886178861789,0.8699186991869918,0.003390199999557808,228,123,34,2,0.05,0.0,0.8617886178861789,1.1298263922714489,0.9105691056910569
ionosphere,11,chen_heuristic,0.8617886178861789,0.8699186991869918,0.003646400000434369,228,123,34,2,0.05,0.0,0.8617886178861789,1.1298263922714489,0.9105691056910569
ionosphere,12,groot,0.8780487804878049,0.8373983739837398,0.0030409000028157607,228,123,34,2,0.05,0.032520325203252036,0.8780487804878049,0.850169845928703,1.0
ionosphere,12,chen_heuristic,0.8780487804878049,0.8373983739837398,0.003926900004444178,228,123,34,2,0.05,0.032520325203252036,0.8780487804878049,0.850169845928703,1.0
ionosphere,13,groot,0.8943089430894309,0.8780487804878049,0.01000890000432264,228,123,34,2,0.05,0.008130081300813009,0.9024390243902439,1.043771658424548,1.0
ionosphere,13,chen_heuristic,0.9349593495934959,0.8943089430894309,0.003983899994636886,228,123,34,2,0.05,0.0,0.9349593495934959,1.2907844753455833,0.8943089430894309
ionosphere,14,groot,0.8943089430894309,0.8780487804878049,0.004321800006437115,228,123,34,2,0.05,0.0,0.8943089430894309,1.0743923645072033,0.9024390243902439
ionosphere,14,chen_heuristic,0.8943089430894309,0.8780487804878049,0.0035819000040646642,228,123,34,2,0.05,0.0,0.8943089430894309,1.0743923645072033,0.9024390243902439
ionosphere,15,groot,0.8536585365853658,0.8292682926829268,0.005204900000535417,228,123,34,2,0.05,0.016260162601626018,0.8699186991869918,0.8767508481065321,1.0
ionosphere,15,chen_heuristic,0.8536585365853658,0.8292682926829268,0.0037712999983341433,228,123,34,2,0.05,0.016260162601626018,0.8699186991869918,0.8767508481065321,1.0
ionosphere,16,groot,0.9105691056910569,0.8943089430894309,0.003725700000359211,228,123,34,2,0.05,0.008130081300813009,0.9024390243902439,1.0761464098230906,0.8861788617886179
ionosphere,16,chen_heuristic,0.9105691056910569,0.9024390243902439,0.005311000000801869,228,123,34,2,0.05,0.008130081300813009,0.9024390243902439,1.1164967012451579,0.8861788617886179
ionosphere,17,groot,0.9186991869918699,0.9024390243902439,0.0036117999989073724,228,123,34,2,0.05,0.008130081300813009,0.9105691056910569,0.718587232159362,1.0
ionosphere,17,chen_heuristic,0.9186991869918699,0.8861788617886179,0.0037082999988342635,228,123,34,2,0.05,0.008130081300813009,0.9105691056910569,0.7364193540615732,1.0
ionosphere,18,groot,0.8617886178861789,0.8617886178861789,0.0038783000054536387,228,123,34,2,0.05,0.008130081300813009,0.8536585365853658,1.0608645742065668,0.8780487804878049
ionosphere,18,chen_heuristic,0.8617886178861789,0.8617886178861789,0.004101200000150129,228,123,34,2,0.05,0.008130081300813009,0.8536585365853658,1.0608645742065668,0.8780487804878049
ionosphere,19,groot,0.8780487804878049,0.8699186991869918,0.003347999998368323,228,123,34,2,0.05,0.0,0.8780487804878049,1.0110627319689176,1.0
ionosphere,19,chen_heuristic,0.8780487804878049,0.8699186991869918,0.0034486000004108064,228,123,34,2,0.05,0.0,0.8780487804878049,1.0110627319689176,1.0
ionosphere,20,groot,0.8780487804878049,0.8780487804878049,0.00416590000531869,228,123,34,2,0.05,0.024390243902439025,0.8861788617886179,0.4535411223671425,1.0
ionosphere,20,chen_heuristic,0.8780487804878049,0.8780487804878049,0.004271399993740488,228,123,34,2,0.05,0.024390243902439025,0.8861788617886179,0.4535411223671425,1.0
ionosphere,21,groot,0.8780487804878049,0.8943089430894309,0.0037974000006215647,228,123,34,2,0.05,0.032520325203252036,0.8780487804878049,0.5972841134065128,1.0
ionosphere,21,chen_heuristic,0.8780487804878049,0.8943089430894309,0.003882299999531824,228,123,34,2,0.05,0.032520325203252036,0.8780487804878049,0.5972841134065128,1.0
ionosphere,22,groot,0.8455284552845529,0.8130081300813008,0.004240300004312303,228,123,34,2,0.05,0.024390243902439025,0.8699186991869918,0.32875762283222565,1.0
ionosphere,22,chen_heuristic,0.8536585365853658,0.7886178861788617,0.004159000003710389,228,123,34,2,0.05,0.016260162601626018,0.8699186991869918,0.40797425830442546,1.0
ionosphere,23,groot,0.9024390243902439,0.9024390243902439,0.003625000004831236,228,123,34,2,0.05,0.0,0.9024390243902439,1.1886667401446802,0.9024390243902439
ionosphere,23,chen_heuristic,0.9105691056910569,0.9024390243902439,0.005658199996105395,228,123,34,2,0.05,0.008130081300813009,0.9024390243902439,1.221091879482736,0.9024390243902439
ionosphere,24,groot,0.9186991869918699,0.8943089430894309,0.0036876000012853183,228,123,34,2,0.05,0.008130081300813009,0.9105691056910569,1.1013799527056345,0.8943089430894309
ionosphere,24,chen_heuristic,0.9186991869918699,0.8943089430894309,0.008778900002653245,228,123,34,2,0.05,0.008130081300813009,0.9105691056910569,1.1852952316049277,0.8943089430894309
ionosphere,25,groot,0.8943089430894309,0.8536585365853658,0.004430200002389029,228,123,34,2,0.05,0.016260162601626018,0.8943089430894309,0.34687120420917744,1.0
ionosphere,25,chen_heuristic,0.8943089430894309,0.8536585365853658,0.004368299996713176,228,123,34,2,0.05,0.016260162601626018,0.8943089430894309,0.34687120420917744,1.0
ionosphere,26,groot,0.9105691056910569,0.8780487804878049,0.003852100002404768,228,123,34,2,0.05,0.0,0.9105691056910569,1.2970755401823348,0.959349593495935
ionosphere,26,chen_heuristic,0.9105691056910569,0.8780487804878049,0.0038809000034234487,228,123,34,2,0.05,0.0,0.9105691056910569,1.2970755401823348,0.959349593495935
ionosphere,27,groot,0.9105691056910569,0.9024390243902439,0.0036034999939147383,228,123,34,2,0.05,0.0,0.9105691056910569,0.9716443241479036,1.0
ionosphere,27,chen_heuristic,0.9105691056910569,0.9024390243902439,0.0037570999993477017,228,123,34,2,0.05,0.0,0.9105691056910569,0.9716443241479036,1.0
ionosphere,28,groot,0.8536585365853658,0.8455284552845529,0.00364139999874169,228,123,34,2,0.05,0.0,0.8536585365853658,1.111798404471982,0.9186991869918699
ionosphere,28,chen_heuristic,0.8536585365853658,0.8455284552845529,0.003671900005429052,228,123,34,2,0.05,0.0,0.8536585365853658,1.111798404471982,0.9186991869918699
ionosphere,29,groot,0.9024390243902439,0.8780487804878049,0.004168300001765601,228,123,34,2,0.05,0.0,0.9024390243902439,0.38813331672613227,1.0
ionosphere,29,chen_heuristic,0.9024390243902439,0.8617886178861789,0.004270700002962258,228,123,34,2,0.05,0.016260162601626018,0.9024390243902439,0.38813331672613227,1.0
mushroom,1,groot,0.9895238095238095,0.9895238095238095,0.023621500004082918,1950,1050,112,112,0.05,0.0,0.9895238095238095,,0.0
mushroom,1,chen_heuristic,0.9895238095238095,0.9895238095238095,0.023747500003082678,1950,1050,112,112,0.05,0.0,0.9895238095238095,,0.0
mushroom,2,groot,0.9895238095238095,0.9895238095238095,0.02926560000196332,1950,1050,116,116,0.05,0.0,0.9895238095238095,,0.0
mushroom,2,chen_heuristic,0.9895238095238095,0.9895238095238095,0.02690759999677539,1950,1050,116,116,0.05,0.0,0.9895238095238095,,0.0
mushroom,3,groot,0.9923809523809524,0.9923809523809524,0.028635999995458405,1950,1050,116,116,0.05,0.0,0.9923809523809524,,0.0
mushroom,3,chen_heuristic,0.9923809523809524,0.9923809523809524,0.03122789999906672,1950,1050,116,116,0.05,0.0,0.9923809523809524,,0.0
mushroom,4,groot,0.9980952380952381,0.9980952380952381,0.0289005000013276,1950,1050,116,116,0.05,0.0,0.9980952380952381,,0.0
mushroom,4,chen_heuristic,0.9980952380952381,0.9980952380952381,0.02576559999579331,1950,1050,116,116,0.05,0.0,0.9980952380952381,,0.0
mushroom,5,groot,0.981904761904762,0.981904761904762,0.024657699999806937,1950,1050,114,114,0.05,0.0,0.981904761904762,,0.0
mushroom,5,chen_heuristic,0.981904761904762,0.981904761904762,0.04152339999563992,1950,1050,114,114,0.05,0.0,0.981904761904762,,0.0
mushroom,6,groot,0.9980952380952381,0.9980952380952381,0.027880400004505645,1950,1050,114,114,0.05,0.0,0.9980952380952381,,0.0
mushroom,6,chen_heuristic,0.9980952380952381,0.9980952380952381,0.030660800002806354,1950,1050,114,114,0.05,0.0,0.9980952380952381,,0.0
mushroom,7,groot,0.9961904761904762,0.9961904761904762,0.02885719999903813,1950,1050,116,116,0.05,0.0,0.9961904761904762,,0.0
mushroom,7,chen_heuristic,0.9961904761904762,0.9961904761904762,0.026527099995291792,1950,1050,116,116,0.05,0.0,0.9961904761904762,,0.0
mushroom,8,groot,0.9961904761904762,0.9961904761904762,0.027950999996392056,1950,1050,115,115,0.05,0.0,0.9961904761904762,,0.0
mushroom,8,chen_heuristic,0.9961904761904762,0.9961904761904762,0.023956500001077075,1950,1050,115,115,0.05,0.0,0.9961904761904762,,0.0
mushroom,9,groot,0.9933333333333333,0.9933333333333333,0.02390180000656983,1950,1050,116,116,0.05,0.0,0.9933333333333333,,0.0
mushroom,9,chen_heuristic,0.9933333333333333,0.9933333333333333,0.02170520000072429,1950,1050,116,116,0.05,0.0,0.9933333333333333,,0.0
mushroom,10,groot,0.9980952380952381,0.9980952380952381,0.04048489999695448,1950,1050,116,116,0.05,0.0,0.9980952380952381,,0.0
mushroom,10,chen_heuristic,0.9980952380952381,0.9980952380952381,0.029136199998902157,1950,1050,116,116,0.05,0.0,0.9980952380952381,,0.0
mushroom,11,groot,0.981904761904762,0.981904761904762,0.028378900002280716,1950,1050,116,116,0.05,0.0,0.981904761904762,,0.0
mushroom,11,chen_heuristic,0.981904761904762,0.981904761904762,0.0314518999948632,1950,1050,116,116,0.05,0.0,0.981904761904762,,0.0
mushroom,12,groot,0.9952380952380953,0.9952380952380953,0.028445300005842,1950,1050,116,116,0.05,0.0,0.9952380952380953,,0.0
mushroom,12,chen_heuristic,0.9952380952380953,0.9952380952380953,0.027166700005182065,1950,1050,116,116,0.05,0.0,0.9952380952380953,,0.0
mushroom,13,groot,0.9857142857142858,0.9857142857142858,0.02883000000292668,1950,1050,115,115,0.05,0.0,0.9857142857142858,,0.0
mushroom,13,chen_heuristic,0.9857142857142858,0.9857142857142858,0.02606079999532085,1950,1050,115,115,0.05,0.0,0.9857142857142858,,0.0
mushroom,14,groot,0.9914285714285714,0.9914285714285714,0.038611500000115484,1950,1050,114,114,0.05,0.0,0.9914285714285714,,0.0
mushroom,14,chen_heuristic,0.9914285714285714,0.9914285714285714,0.026209499999822583,1950,1050,114,114,0.05,0.0,0.9914285714285714,,0.0
mushroom,15,groot,0.9904761904761905,0.9904761904761905,0.03805540000030305,1950,1050,114,114,0.05,0.0,0.9904761904761905,,0.0
mushroom,15,chen_heuristic,0.9904761904761905,0.9904761904761905,0.03079520000028424,1950,1050,114,114,0.05,0.0,0.9904761904761905,,0.0
mushroom,16,groot,0.9980952380952381,0.9980952380952381,0.027276399996480905,1950,1050,116,116,0.05,0.0,0.9980952380952381,,0.0
mushroom,16,chen_heuristic,0.9980952380952381,0.9980952380952381,0.03110469999955967,1950,1050,116,116,0.05,0.0,0.9980952380952381,,0.0
mushroom,17,groot,0.9876190476190476,0.9876190476190476,0.04621220000262838,1950,1050,114,114,0.05,0.0,0.9876190476190476,,0.0
mushroom,17,chen_heuristic,0.9876190476190476,0.9876190476190476,0.027152700000442564,1950,1050,114,114,0.05,0.0,0.9876190476190476,,0.0
mushroom,18,groot,0.9923809523809524,0.9923809523809524,0.03102979999675881,1950,1050,115,115,0.05,0.0,0.9923809523809524,,0.0
mushroom,18,chen_heuristic,0.9923809523809524,0.9923809523809524,0.031873599997197744,1950,1050,115,115,0.05,0.0,0.9923809523809524,,0.0
mushroom,19,groot,0.9876190476190476,0.9876190476190476,0.027265700002317317,1950,1050,114,114,0.05,0.0,0.9876190476190476,,0.0
mushroom,19,chen_heuristic,0.9876190476190476,0.9876190476190476,0.02601639999920735,1950,1050,114,114,0.05,0.0,0.9876190476190476,,0.0
mushroom,20,groot,0.9904761904761905,0.9904761904761905,0.025710599999001715,1950,1050,112,112,0.05,0.0,0.9904761904761905,,0.0
mushroom,20,chen_heuristic,0.9904761904761905,0.9904761904761905,0.024486599999363534,1950,1050,112,112,0.05,0.0,0.9904761904761905,,0.0
mushroom,21,groot,0.9866666666666667,0.9866666666666667,0.02692650000244612,1950,1050,115,115,0.05,0.0,0.9866666666666667,,0.0
mushroom,21,chen_heuristic,0.9866666666666667,0.9866666666666667,0.024702399998204783,1950,1050,115,115,0.05,0.0,0.9866666666666667,,0.0
mushroom,22,groot,0.9952380952380953,0.9952380952380953,0.028829800001403783,1950,1050,116,116,0.05,0.0,0.9952380952380953,,0.0
mushroom,22,chen_heuristic,0.9952380952380953,0.9952380952380953,0.02760380000108853,1950,1050,116,116,0.05,0.0,0.9952380952380953,,0.0
mushroom,23,groot,0.9895238095238095,0.9895238095238095,0.034164400000008754,1950,1050,114,114,0.05,0.0,0.9895238095238095,,0.0
mushroom,23,chen_heuristic,0.9895238095238095,0.9895238095238095,0.029412800002319273,1950,1050,114,114,0.05,0.0,0.9895238095238095,,0.0
mushroom,24,groot,0.9952380952380953,0.9952380952380953,0.031096999999135733,1950,1050,115,115,0.05,0.0,0.9952380952380953,,0.0
mushroom,24,chen_heuristic,0.9952380952380953,0.9952380952380953,0.029158500001358334,1950,1050,115,115,0.05,0.0,0.9952380952380953,,0.0
mushroom,25,groot,0.9885714285714285,0.9885714285714285,0.03271229999518255,1950,1050,113,113,0.05,0.0,0.9885714285714285,,0.0
mushroom,25,chen_heuristic,0.9885714285714285,0.9885714285714285,0.027571500002522953,1950,1050,113,113,0.05,0.0,0.9885714285714285,,0.0
mushroom,26,groot,0.9942857142857143,0.9942857142857143,0.027818599999591243,1950,1050,114,114,0.05,0.0,0.9942857142857143,,0.0
mushroom,26,chen_heuristic,0.9942857142857143,0.9942857142857143,0.033351799997035414,1950,1050,114,114,0.05,0.0,0.9942857142857143,,0.0
mushroom,27,groot,0.9809523809523809,0.9809523809523809,0.027884800001629628,1950,1050,114,114,0.05,0.0,0.9809523809523809,,0.0
mushroom,27,chen_heuristic,0.9809523809523809,0.9809523809523809,0.028153400002338458,1950,1050,114,114,0.05,0.0,0.9809523809523809,,0.0
mushroom,28,groot,0.9895238095238095,0.9895238095238095,0.030874199997924734,1950,1050,115,115,0.05,0.0,0.9895238095238095,,0.0
mushroom,28,chen_heuristic,0.9895238095238095,0.9895238095238095,0.030064800004765857,1950,1050,115,115,0.05,0.0,0.9895238095238095,,0.0
mushroom,29,groot,0.9961904761904762,0.9961904761904762,0.029170900001190603,1950,1050,113,113,0.05,0.0,0.9961904761904762,,0.0
mushroom,29,chen_heuristic,0.9961904761904762,0.9961904761904762,0.028336099996522535,1950,1050,113,113,0.05,0.0,0.9961904761904762,,0.0
sonar,1,groot,0.7534246575342466,0.6986301369863014,0.005973600003926549,135,73,60,0,0.05,0.0410958904109589,0.7671232876712328,0.4807167689130206,1.0
sonar,1,chen_heuristic,0.7534246575342466,0.6986301369863014,0.005492800002684817,135,73,60,0,0.05,0.0410958904109589,0.7397260273972602,0.44470594046688716,1.0
sonar,2,groot,0.6986301369863014,0.7123287671232876,0.005452500001410954,135,73,60,0,0.05,0.0958904109589041,0.684931506849315,0.436741438426901,1.0
sonar,2,chen_heuristic,0.7123287671232876,0.7123287671232876,0.004912199998216238,135,73,60,0,0.05,0.0958904109589041,0.6712328767123288,0.43559964247277044,1.0
sonar,3,groot,0.726027397260274,0.6438356164383562,0.005182499997317791,135,73,60,0,0.05,0.0410958904109589,0.7671232876712328,0.35296853046187876,1.0
sonar,3,chen_heuristic,0.7397260273972602,0.6438356164383562,0.005350299994461238,135,73,60,0,0.05,0.0410958904109589,0.7534246575342466,0.35323752389722274,1.0
sonar,4,groot,0.7123287671232876,0.6712328767123288,0.005048099999839906,135,73,60,0,0.05,0.0547945205479452,0.6575342465753424,0.7635144514759045,1.0
sonar,4,chen_heuristic,0.7123287671232876,0.6712328767123288,0.005142900001374073,135,73,60,0,0.05,0.0547945205479452,0.6575342465753424,0.7635144514759045,1.0
sonar,5,groot,0.7397260273972602,0.7534246575342466,0.0057997999974759296,135,73,60,0,0.05,0.0410958904109589,0.7534246575342466,0.42982068824938363,1.0
sonar,5,chen_heuristic,0.726027397260274,0.7397260273972602,0.005897700000787154,135,73,60,0,0.05,0.0547945205479452,0.7534246575342466,0.4068488553099029,1.0
sonar,6,groot,0.7671232876712328,0.7808219178082192,0.005255200005194638,135,73,60,0,0.05,0.0547945205479452,0.7671232876712328,0.42627242828450757,1.0
sonar,6,chen_heuristic,0.7945205479452054,0.7945205479452054,0.005462999994051643,135,73,60,0,0.05,0.0684931506849315,0.7808219178082192,0.4232573746272199,1.0
sonar,7,groot,0.6986301369863014,0.7123287671232876,0.01092120000248542,135,73,60,0,0.05,0.0410958904109589,0.7397260273972602,0.3633908969658154,1.0
sonar,7,chen_heuristic,0.726027397260274,0.7671232876712328,0.005936600005952641,135,73,60,0,0.05,0.0821917808219178,0.7808219178082192,0.47212311235813137,1.0
sonar,8,groot,0.6301369863013698,0.6575342465753424,0.005704499999410473,135,73,60,0,0.05,0.0547945205479452,0.6575342465753424,0.34667653403815973,1.0
sonar,8,chen_heuristic,0.6301369863013698,0.6575342465753424,0.005849100001796614,135,73,60,0,0.05,0.0547945205479452,0.6575342465753424,0.34667653403815973,1.0
sonar,9,groot,0.7123287671232876,0.6575342465753424,0.0054900999966776,135,73,60,0,0.05,0.0821917808219178,0.7123287671232876,0.4569692445663345,1.0
sonar,9,chen_heuristic,0.684931506849315,0.6301369863013698,0.006062300002668053,135,73,60,0,0.05,0.0547945205479452,0.684931506849315,0.472382262759035,1.0
sonar,10,groot,0.7808219178082192,0.8082191780821918,0.007299299999431241,135,73,60,0,0.05,0.0821917808219178,0.7534246575342466,0.4081878098047717,1.0
sonar,10,chen_heuristic,0.7945205479452054,0.8082191780821918,0.02408570000261534,135,73,60,0,0.05,0.0547945205479452,0.821917808219178,0.377492943480903,1.0
sonar,11,groot,0.7123287671232876,0.6438356164383562,0.006889299998874776,135,73,60,0,0.05,0.0958904109589041,0.6986301369863014,0.333641288521468,1.0
sonar,11,chen_heuristic,0.7123287671232876,0.6438356164383562,0.004934299999149516,135,73,60,0,0.05,0.0958904109589041,0.6986301369863014,0.3420739418786329,1.0
sonar,12,groot,0.7397260273972602,0.726027397260274,0.007428299999446608,135,73,60,0,0.05,0.0273972602739726,0.7397260273972602,0.40199115016152703,1.0
sonar,12,chen_heuristic,0.7534246575342466,0.726027397260274,0.006563399998412933,135,73,60,0,0.05,0.0410958904109589,0.7671232876712328,0.4356100249004731,1.0
sonar,13,groot,0.6027397260273972,0.589041095890411,0.01422390000516316,135,73,60,0,0.05,0.0821917808219178,0.5753424657534246,0.3489874624991818,1.0
sonar,13,chen_heuristic,0.6986301369863014,0.6986301369863014,0.00790209999831859,135,73,60,0,0.05,0.0684931506849315,0.6575342465753424,0.39728767962604844,1.0
sonar,14,groot,0.7671232876712328,0.7534246575342466,0.004934700002195314,135,73,60,0,0.05,0.0684931506849315,0.7534246575342466,0.30403625736606443,1.0
sonar,14,chen_heuristic,0.7671232876712328,0.726027397260274,0.00480039999820292,135,73,60,0,0.05,0.0547945205479452,0.7671232876712328,0.3802657518129513,1.0
sonar,15,groot,0.7534246575342466,0.6986301369863014,0.004678299999795854,135,73,60,0,0.05,0.1232876712328767,0.684931506849315,0.4578601167029799,1.0
sonar,15,chen_heuristic,0.684931506849315,0.7123287671232876,0.005465900001581758,135,73,60,0,0.05,0.1095890410958904,0.7123287671232876,0.4240883684738721,1.0
sonar,16,groot,0.6986301369863014,0.726027397260274,0.0042179000010946766,135,73,60,0,0.05,0.0684931506849315,0.684931506849315,0.2907505143165248,1.0
sonar,16,chen_heuristic,0.6986301369863014,0.726027397260274,0.019120100005238783,135,73,60,0,0.05,0.0684931506849315,0.684931506849315,0.2907505143165248,1.0
sonar,17,groot,0.7534246575342466,0.7397260273972602,0.0043987999961245805,135,73,60,0,0.05,0.0136986301369863,0.7397260273972602,0.5079991672749301,1.0
sonar,17,chen_heuristic,0.5753424657534246,0.5753424657534246,0.004984600003808737,135,73,60,0,0.05,0.0684931506849315,0.5616438356164384,0.47739952903423505,1.0
sonar,18,groot,0.6712328767123288,0.6712328767123288,0.005891099994187243,135,73,60,0,0.05,0.0547945205479452,0.6986301369863014,0.4306886226910455,1.0
sonar,18,chen_heuristic,0.6164383561643836,0.6027397260273972,0.007468000003427733,135,73,60,0,0.05,0.0684931506849315,0.6301369863013698,0.36878696655583737,1.0
sonar,19,groot,0.6301369863013698,0.6301369863013698,0.03496330000052694,135,73,60,0,0.05,0.0410958904109589,0.6164383561643836,0.6047386674769102,1.0
sonar,19,chen_heuristic,0.6712328767123288,0.6575342465753424,0.006759200005035382,135,73,60,0,0.05,0.0410958904109589,0.684931506849315,0.43553187355910705,1.0
sonar,20,groot,0.684931506849315,0.589041095890411,0.01213580000330694,135,73,60,0,0.05,0.0821917808219178,0.684931506849315,0.49962477068974526,1.0
sonar,20,chen_heuristic,0.7808219178082192,0.7397260273972602,0.004798999994818587,135,73,60,0,0.05,0.0684931506849315,0.7671232876712328,0.5132712387026704,1.0
sonar,21,groot,0.6986301369863014,0.6301369863013698,0.008998799996334128,135,73,60,0,0.05,0.0410958904109589,0.684931506849315,0.42747209305458866,1.0
sonar,21,chen_heuristic,0.7945205479452054,0.7534246575342466,0.005164099995454308,135,73,60,0,0.05,0.0410958904109589,0.7808219178082192,0.4214482735483344,1.0
sonar,22,groot,0.7123287671232876,0.684931506849315,0.004629000002751127,135,73,60,0,0.05,0.1232876712328767,0.6712328767123288,0.3350602099147478,1.0
sonar,22,chen_heuristic,0.7123287671232876,0.684931506849315,0.007853100003558211,135,73,60,0,0.05,0.1232876712328767,0.6712328767123288,0.3350602099147478,1.0
sonar,23,groot,0.7397260273972602,0.6986301369863014,0.005465400005050469,135,73,60,0,0.05,0.0684931506849315,0.6986301369863014,0.3753506196725329,1.0
sonar,23,chen_heuristic,0.821917808219178,0.7671232876712328,0.005972299994027708,135,73,60,0,0.05,0.0821917808219178,0.7945205479452054,0.42296004126313813,1.0
sonar,24,groot,0.726027397260274,0.6986301369863014,0.005725499999243766,135,73,60,0,0.05,0.0410958904109589,0.7397260273972602,0.4421018192573824,1.0
sonar,24,chen_heuristic,0.726027397260274,0.6986301369863014,0.005795700002636295,135,73,60,0,0.05,0.0410958904109589,0.7397260273972602,0.4421018192573824,1.0
sonar,25,groot,0.8082191780821918,0.7397260273972602,0.005223100000876002,135,73,60,0,0.05,0.0821917808219178,0.7534246575342466,0.36276335206728294,1.0
sonar,25,chen_heuristic,0.684931506849315,0.6575342465753424,0.0057010000018635765,135,73,60,0,0.05,0.0273972602739726,0.6575342465753424,0.614355862133322,1.0
sonar,26,groot,0.7671232876712328,0.7123287671232876,0.00488710000354331,135,73,60,0,0.05,0.0958904109589041,0.8082191780821918,0.3688207170029747,1.0
sonar,26,chen_heuristic,0.7671232876712328,0.7123287671232876,0.005180899999686517,135,73,60,0,0.05,0.0958904109589041,0.8082191780821918,0.3738831268274,1.0
sonar,27,groot,0.684931506849315,0.7808219178082192,0.005335800000466406,135,73,60,0,0.05,0.0684931506849315,0.726027397260274,0.562773142209536,1.0
sonar,27,chen_heuristic,0.684931506849315,0.7808219178082192,0.005605699996522162,135,73,60,0,0.05,0.0684931506849315,0.726027397260274,0.5833359993306614,1.0
sonar,28,groot,0.7397260273972602,0.6986301369863014,0.004838599998038262,135,73,60,0,0.05,0.0821917808219178,0.7123287671232876,0.41843091326996223,1.0
sonar,28,chen_heuristic,0.684931506849315,0.6575342465753424,0.005074699998658616,135,73,60,0,0.05,0.0958904109589041,0.6438356164383562,0.3989791835951467,1.0
sonar,29,groot,0.821917808219178,0.7397260273972602,0.019940199999837205,135,73,60,0,0.05,0.0547945205479452,0.7945205479452054,0.5223691472001447,1.0
sonar,29,chen_heuristic,0.7945205479452054,0.726027397260274,0.009553700001561083,135,73,60,0,0.05,0.0821917808219178,0.7671232876712328,0.39787565170097616,1.0
spambase,1,groot,0.9028571428571428,0.6695238095238095,0.044606100003875326,1950,1050,57,0,0.05,0.030476190476190476,0.9066666666666666,0.07355007615414763,1.0
spambase,1,chen_heuristic,0.9085714285714286,0.6457142857142857,0.026000199999543838,1950,1050,57,0,0.05,0.02761904761904762,0.9057142857142857,0.07355007615414763,1.0
spambase,2,groot,0.8742857142857143,0.6895238095238095,0.028012199996737763,1950,1050,57,0,0.05,0.04285714285714286,0.8695238095238095,0.10359038869750897,1.0
spambase,2,chen_heuristic,0.8809523809523809,0.68,0.030323899998620618,1950,1050,57,0,0.05,0.045714285714285714,0.8809523809523809,0.09702671744732244,1.0
spambase,3,groot,0.9085714285714286,0.6266666666666667,0.03012229999876581,1950,1050,57,0,0.05,0.014285714285714285,0.9057142857142857,0.05134486054808049,1.0
spambase,3,chen_heuristic,0.9095238095238095,0.6523809523809524,0.03006219999952009,1950,1050,57,0,0.05,0.047619047619047616,0.9076190476190477,0.0737548447143769,1.0
spambase,4,groot,0.8990476190476191,0.5733333333333334,0.029855399996449705,1950,1050,57,0,0.05,0.015238095238095238,0.8971428571428571,0.06221142448540154,1.0
spambase,4,chen_heuristic,0.8990476190476191,0.6142857142857143,0.02800800000113668,1950,1050,57,0,0.05,0.015238095238095238,0.8990476190476191,0.06698935982785731,1.0
spambase,5,groot,0.900952380952381,0.6466666666666666,0.029041699999652337,1950,1050,57,0,0.05,0.02095238095238095,0.8876190476190476,0.11139600209856729,1.0
spambase,5,chen_heuristic,0.8819047619047619,0.6476190476190476,0.027414199998020194,1950,1050,57,0,0.05,0.024761904761904763,0.8838095238095238,0.054366270134744904,1.0
spambase,6,groot,0.8876190476190476,0.6028571428571429,0.03438089999690419,1950,1050,57,0,0.05,0.013333333333333334,0.8876190476190476,0.060487969523794566,1.0
spambase,6,chen_heuristic,0.8866666666666667,0.6961904761904761,0.03259000000252854,1950,1050,57,0,0.05,0.03333333333333333,0.8819047619047619,0.15936368687583866,1.0
spambase,7,groot,0.900952380952381,0.6657142857142857,0.028166600000986364,1950,1050,57,0,0.05,0.03142857142857143,0.9019047619047619,0.08858783849474303,1.0
spambase,7,chen_heuristic,0.8904761904761904,0.6819047619047619,0.029460999998264015,1950,1050,57,0,0.05,0.040952380952380955,0.8990476190476191,0.07690431952381029,1.0
spambase,8,groot,0.9047619047619048,0.6009523809523809,0.03635609999764711,1950,1050,57,0,0.05,0.012380952380952381,0.9019047619047619,0.05662192442900199,1.0
spambase,8,chen_heuristic,0.9019047619047619,0.5933333333333334,0.032385999998950865,1950,1050,57,0,0.05,0.023809523809523808,0.8952380952380953,0.05662192442900199,1.0
spambase,9,groot,0.8828571428571429,0.5676190476190476,0.035773899995547254,1950,1050,57,0,0.05,0.018095238095238095,0.8895238095238095,0.057795682254330016,1.0
spambase,9,chen_heuristic,0.88,0.599047619047619,0.030630399996880442,1950,1050,57,0,0.05,0.030476190476190476,0.8761904761904762,0.057795682254330016,1.0
spambase,10,groot,0.8933333333333333,0.7066666666666667,0.03467069999896921,1950,1050,57,0,0.05,0.017142857142857144,0.8971428571428571,0.05834055285283529,1.0
spambase,10,chen_heuristic,0.9085714285714286,0.7085714285714285,0.031210499997541774,1950,1050,57,0,0.05,0.035238095238095235,0.9076190476190477,0.061046717862572056,1.0
spambase,11,groot,0.8761904761904762,0.5266666666666666,0.029707599998801015,1950,1050,57,0,0.05,0.02,0.8790476190476191,0.05403246878330298,1.0
spambase,11,chen_heuristic,0.88,0.7142857142857143,0.029855699998734053,1950,1050,57,0,0.05,0.023809523809523808,0.8809523809523809,0.05403246878330298,1.0
spambase,12,groot,0.8866666666666667,0.64,0.0315383000051952,1950,1050,57,0,0.05,0.02095238095238095,0.8885714285714286,0.09062689253048445,1.0
spambase,12,chen_heuristic,0.8838095238095238,0.6238095238095238,0.031855799999902956,1950,1050,57,0,0.05,0.039047619047619046,0.8828571428571429,0.05664180820655276,1.0
spambase,13,groot,0.9066666666666666,0.7038095238095238,0.049095299997134134,1950,1050,57,0,0.05,0.024761904761904763,0.9028571428571428,0.16715061206431603,1.0
spambase,13,chen_heuristic,0.9152380952380952,0.7457142857142857,0.03702000000339467,1950,1050,57,0,0.05,0.02761904761904762,0.8990476190476191,0.16715061206431603,1.0
spambase,14,groot,0.9,0.5819047619047619,0.03179240000463324,1950,1050,57,0,0.05,0.025714285714285714,0.8952380952380953,0.06279254229914125,1.0
spambase,14,chen_heuristic,0.9161904761904762,0.6771428571428572,0.029894699997385032,1950,1050,57,0,0.05,0.023809523809523808,0.9038095238095238,0.1124054727435819,1.0
spambase,15,groot,0.900952380952381,0.6123809523809524,0.029387700000370387,1950,1050,57,0,0.05,0.02095238095238095,0.900952380952381,0.06273387963906576,1.0
spambase,15,chen_heuristic,0.8990476190476191,0.5447619047619048,0.058201899999403395,1950,1050,57,0,0.05,0.030476190476190476,0.900952380952381,0.05361581797827569,1.0
spambase,16,groot,0.9028571428571428,0.7095238095238096,0.030387599996174686,1950,1050,57,0,0.05,0.009523809523809525,0.8952380952380953,0.09002674243173023,1.0
spambase,16,chen_heuristic,0.9133333333333333,0.7,0.03111450000142213,1950,1050,57,0,0.05,0.022857142857142857,0.8942857142857142,0.09616987866889093,1.0
spambase,17,groot,0.8952380952380953,0.62,0.03023409999877913,1950,1050,57,0,0.05,0.017142857142857144,0.8838095238095238,0.08386645485776326,1.0
spambase,17,chen_heuristic,0.8971428571428571,0.6009523809523809,0.03111259999423055,1950,1050,57,0,0.05,0.029523809523809525,0.8885714285714286,0.05959665095831318,1.0
spambase,18,groot,0.9019047619047619,0.6666666666666666,0.030381700002180878,1950,1050,57,0,0.05,0.02857142857142857,0.9,0.05166067040239555,1.0
spambase,18,chen_heuristic,0.8952380952380953,0.6209523809523809,0.035287499995320104,1950,1050,57,0,0.05,0.029523809523809525,0.8904761904761904,0.06665167450598888,1.0
spambase,19,groot,0.8961904761904762,0.6095238095238096,0.034720800002105534,1950,1050,57,0,0.05,0.01619047619047619,0.8914285714285715,0.06227893962255868,1.0
spambase,19,chen_heuristic,0.8980952380952381,0.6742857142857143,0.029216399998404086,1950,1050,57,0,0.05,0.021904761904761906,0.8914285714285715,0.053328944344821466,1.0
spambase,20,groot,0.8952380952380953,0.5723809523809524,0.029310199999599718,1950,1050,57,0,0.05,0.02761904761904762,0.8828571428571429,0.050024638112028036,1.0
spambase,20,chen_heuristic,0.8885714285714286,0.579047619047619,0.029936500002804678,1950,1050,57,0,0.05,0.03619047619047619,0.8771428571428571,0.05884043030347713,1.0
spambase,21,groot,0.9019047619047619,0.6285714285714286,0.03308429999742657,1950,1050,57,0,0.05,0.011428571428571429,0.8980952380952381,0.08484551270630986,1.0
spambase,21,chen_heuristic,0.9057142857142857,0.6485714285714286,0.03511649999563815,1950,1050,57,0,0.05,0.022857142857142857,0.9057142857142857,0.08484551270630986,1.0
spambase,22,groot,0.9114285714285715,0.6761904761904762,0.03367759999673581,1950,1050,57,0,0.05,0.014285714285714285,0.9066666666666666,0.11154256077472299,1.0
spambase,22,chen_heuristic,0.9171428571428571,0.680952380952381,0.033174500000313856,1950,1050,57,0,0.05,0.024761904761904763,0.9133333333333333,0.11154256077472299,1.0
spambase,23,groot,0.8819047619047619,0.6438095238095238,0.04412369999772636,1950,1050,57,0,0.05,0.023809523809523808,0.8771428571428571,0.060353707592715994,1.0
spambase,23,chen_heuristic,0.8847619047619047,0.6533333333333333,0.0274585000006482,1950,1050,57,0,0.05,0.040952380952380955,0.8761904761904762,0.060353707592715994,1.0
spambase,24,groot,0.8847619047619047,0.7123809523809523,0.02996319999510888,1950,1050,57,0,0.05,0.021904761904761906,0.878095238095238,0.07776930311413752,1.0
spambase,24,chen_heuristic,0.8914285714285715,0.6895238095238095,0.02837260000524111,1950,1050,57,0,0.05,0.040952380952380955,0.8752380952380953,0.1556233992932779,1.0
spambase,25,groot,0.8790476190476191,0.5876190476190476,0.038153800000145566,1950,1050,57,0,0.05,0.008571428571428572,0.8838095238095238,0.05299329298346647,1.0
spambase,25,chen_heuristic,0.8866666666666667,0.7209523809523809,0.02877549999539042,1950,1050,57,0,0.05,0.025714285714285714,0.8838095238095238,0.07962039569484267,1.0
spambase,26,groot,0.88,0.6066666666666667,0.030686700003570877,1950,1050,57,0,0.05,0.017142857142857144,0.88,0.05776575549159932,1.0
spambase,26,chen_heuristic,0.8933333333333333,0.6342857142857142,0.03866329999436857,1950,1050,57,0,0.05,0.03333333333333333,0.8942857142857142,0.05776575549159932,1.0
spambase,27,groot,0.9028571428571428,0.679047619047619,0.031194099996355362,1950,1050,57,0,0.05,0.02095238095238095,0.8914285714285715,0.16217276305841488,1.0
spambase,27,chen_heuristic,0.8980952380952381,0.6180952380952381,0.030668300001707394,1950,1050,57,0,0.05,0.035238095238095235,0.8952380952380953,0.08148323761570961,1.0
spambase,28,groot,0.8771428571428571,0.6095238095238096,0.02937960000417661,1950,1050,57,0,0.05,0.01904761904761905,0.8733333333333333,0.05343837743489638,1.0
spambase,28,chen_heuristic,0.878095238095238,0.5752380952380952,0.028950399995665066,1950,1050,57,0,0.05,0.030476190476190476,0.8761904761904762,0.059255991622254894,1.0
spambase,29,groot,0.9066666666666666,0.7114285714285714,0.028598200005944818,1950,1050,57,0,0.05,0.018095238095238095,0.9019047619047619,0.06989035612196645,1.0
spambase,29,chen_heuristic,0.900952380952381,0.6876190476190476,0.03761099999974249,1950,1050,57,0,0.05,0.018095238095238095,0.9,0.05866776734147486,1.0
vote,1,groot,0.9607843137254902,0.9607843137254902,0.00322769999911543,282,153,32,32,0.05,0.0,0.9607843137254902,,0.0
vote,1,chen_heuristic,0.9607843137254902,0.9607843137254902,0.002996700000949204,282,153,32,32,0.05,0.0,0.9607843137254902,,0.0
vote,2,groot,0.9477124183006536,0.9477124183006536,0.01014230000146199,282,153,32,32,0.05,0.0,0.9477124183006536,,0.0
vote,2,chen_heuristic,0.9477124183006536,0.9477124183006536,0.00322769999911543,282,153,32,32,0.05,0.0,0.9477124183006536,,0.0
vote,3,groot,0.9738562091503268,0.9738562091503268,0.0029423000014503486,282,153,32,32,0.05,0.0,0.9738562091503268,,0.0
vote,3,chen_heuristic,0.9738562091503268,0.9738562091503268,0.0027534999971976504,282,153,32,32,0.05,0.0,0.9738562091503268,,0.0
vote,4,groot,0.9411764705882353,0.9411764705882353,0.00352769999881275,282,153,32,32,0.05,0.0,0.9411764705882353,,0.0
vote,4,chen_heuristic,0.9411764705882353,0.9411764705882353,0.002906299996539019,282,153,32,32,0.05,0.0,0.9411764705882353,,0.0
vote,5,groot,0.9281045751633987,0.9281045751633987,0.0046722999977646396,282,153,32,32,0.05,0.0,0.9281045751633987,,0.0
vote,5,chen_heuristic,0.9281045751633987,0.9281045751633987,0.0025566999975126237,282,153,32,32,0.05,0.0,0.9281045751633987,,0.0
vote,6,groot,0.9477124183006536,0.9477124183006536,0.0030340000012074597,282,153,32,32,0.05,0.0,0.9477124183006536,,0.0
vote,6,chen_heuristic,0.9477124183006536,0.9477124183006536,0.0029228999992483296,282,153,32,32,0.05,0.0,0.9477124183006536,,0.0
vote,7,groot,0.9477124183006536,0.9477124183006536,0.014574200002243742,282,153,32,32,0.05,0.0,0.9477124183006536,,0.0
vote,7,chen_heuristic,0.9477124183006536,0.9477124183006536,0.0028355999966152012,282,153,32,32,0.05,0.0,0.9477124183006536,,0.0
vote,8,groot,0.9607843137254902,0.9607843137254902,0.003064999997150153,282,153,32,32,0.05,0.0,0.9607843137254902,,0.0
vote,8,chen_heuristic,0.9607843137254902,0.9607843137254902,0.00276280000252882,282,153,32,32,0.05,0.0,0.9607843137254902,,0.0
vote,9,groot,0.9477124183006536,0.9477124183006536,0.0024255000025732443,282,153,32,32,0.05,0.0,0.9477124183006536,,0.0
vote,9,chen_heuristic,0.9477124183006536,0.9477124183006536,0.0023082999978214502,282,153,32,32,0.05,0.0,0.9477124183006536,,0.0
vote,10,groot,0.9215686274509803,0.9215686274509803,0.0021670999994967133,282,153,32,32,0.05,0.0,0.9215686274509803,,0.0
vote,10,chen_heuristic,0.9215686274509803,0.9215686274509803,0.0020373000006657094,282,153,32,32,0.05,0.0,0.9215686274509803,,0.0
vote,11,groot,0.9607843137254902,0.9607843137254902,0.002410300003248267,282,153,32,32,0.05,0.0,0.9607843137254902,,0.0
vote,11,chen_heuristic,0.9607843137254902,0.9607843137254902,0.0023039000006974675,282,153,32,32,0.05,0.0,0.9607843137254902,,0.0
vote,12,groot,0.9607843137254902,0.9607843137254902,0.0027775000053225085,282,153,32,32,0.05,0.0,0.9607843137254902,,0.0
vote,12,chen_heuristic,0.9607843137254902,0.9607843137254902,0.0026206000038655475,282,153,32,32,0.05,0.0,0.9607843137254902,,0.0
vote,13,groot,0.9411764705882353,0.9411764705882353,0.0022123999951872975,282,153,32,32,0.05,0.0,0.9411764705882353,,0.0
vote,13,chen_heuristic,0.9411764705882353,0.9411764705882353,0.0020977000021957792,282,153,32,32,0.05,0.0,0.9411764705882353,,0.0
vote,14,groot,0.954248366013072,0.954248366013072,0.002935999997134786,282,153,32,32,0.05,0.0,0.954248366013072,,0.0
vote,14,chen_heuristic,0.954248366013072,0.954248366013072,0.005014599999412894,282,153,32,32,0.05,0.0,0.954248366013072,,0.0
vote,15,groot,0.9477124183006536,0.9477124183006536,0.001982100002351217,282,153,32,32,0.05,0.0,0.9477124183006536,,0.0
vote,15,chen_heuristic,0.9477124183006536,0.9477124183006536,0.0018148000017390586,282,153,32,32,0.05,0.0,0.9477124183006536,,0.0
vote,16,groot,0.9607843137254902,0.9607843137254902,0.0045328999985940754,282,153,32,32,0.05,0.0,0.9607843137254902,,0.0
vote,16,chen_heuristic,0.9607843137254902,0.9607843137254902,0.002350099995965138,282,153,32,32,0.05,0.0,0.9607843137254902,,0.0
vote,17,groot,0.9215686274509803,0.9215686274509803,0.002142099998309277,282,153,32,32,0.05,0.0,0.9215686274509803,,0.0
vote,17,chen_heuristic,0.9215686274509803,0.9215686274509803,0.0020504000058281235,282,153,32,32,0.05,0.0,0.9215686274509803,,0.0
vote,18,groot,0.9673202614379085,0.9673202614379085,0.002967300002637785,282,153,32,32,0.05,0.0,0.9673202614379085,,0.0
vote,18,chen_heuristic,0.9673202614379085,0.9673202614379085,0.0025851999962469563,282,153,32,32,0.05,0.0,0.9673202614379085,,0.0
vote,19,groot,0.9411764705882353,0.9411764705882353,0.0024578000011388212,282,153,32,32,0.05,0.0,0.9411764705882353,,0.0
vote,19,chen_heuristic,0.9411764705882353,0.9411764705882353,0.0023676999990129843,282,153,32,32,0.05,0.0,0.9411764705882353,,0.0
vote,20,groot,0.9215686274509803,0.9215686274509803,0.002719800002523698,282,153,32,32,0.05,0.0,0.9215686274509803,,0.0
vote,20,chen_heuristic,0.9215686274509803,0.9215686274509803,0.002625200002512429,282,153,32,32,0.05,0.0,0.9215686274509803,,0.0
vote,21,groot,0.9477124183006536,0.9477124183006536,0.0026577000026009046,282,153,32,32,0.05,0.0,0.9477124183006536,,0.0
vote,21,chen_heuristic,0.9477124183006536,0.9477124183006536,0.0027178000018466264,282,153,32,32,0.05,0.0,0.9477124183006536,,0.0
vote,22,groot,0.934640522875817,0.934640522875817,0.0025467000014032237,282,153,32,32,0.05,0.0,0.934640522875817,,0.0
vote,22,chen_heuristic,0.934640522875817,0.934640522875817,0.0030560999948647805,282,153,32,32,0.05,0.0,0.934640522875817,,0.0
vote,23,groot,0.954248366013072,0.954248366013072,0.0027010999983758666,282,153,32,32,0.05,0.0,0.954248366013072,,0.0
vote,23,chen_heuristic,0.954248366013072,0.954248366013072,0.0025896000006468967,282,153,32,32,0.05,0.0,0.954248366013072,,0.0
vote,24,groot,0.9607843137254902,0.9607843137254902,0.002524000003177207,282,153,32,32,0.05,0.0,0.9607843137254902,,0.0
vote,24,chen_heuristic,0.9607843137254902,0.9607843137254902,0.0022955000022193417,282,153,32,32,0.05,0.0,0.9607843137254902,,0.0
vote,25,groot,0.9411764705882353,0.9411764705882353,0.0034620999940671027,282,153,32,32,0.05,0.0,0.9411764705882353,,0.0
vote,25,chen_heuristic,0.9411764705882353,0.9411764705882353,0.003450799995334819,282,153,32,32,0.05,0.0,0.9411764705882353,,0.0
vote,26,groot,0.9411764705882353,0.9411764705882353,0.0024883000005502254,282,153,32,32,0.05,0.0,0.9411764705882353,,0.0
vote,26,chen_heuristic,0.9411764705882353,0.9411764705882353,0.00251169999683043,282,153,32,32,0.05,0.0,0.9411764705882353,,0.0
vote,27,groot,0.934640522875817,0.934640522875817,0.002089399997203145,282,153,32,32,0.05,0.0,0.934640522875817,,0.0
vote,27,chen_heuristic,0.934640522875817,0.934640522875817,0.0019724000012502074,282,153,32,32,0.05,0.0,0.934640522875817,,0.0
vote,28,groot,0.9281045751633987,0.9281045751633987,0.017462600000726525,282,153,32,32,0.05,0.0,0.9281045751633987,,0.0
vote,28,chen_heuristic,0.9281045751633987,0.9281045751633987,0.0025088999973377213,282,153,32,32,0.05,0.0,0.9281045751633987,,0.0
vote,29,groot,0.9607843137254902,0.9607843137254902,0.0028295999945839867,282,153,32,32,0.05,0.0,0.9607843137254902,,0.0
vote,29,chen_heuristic,0.9607843137254902,0.9607843137254902,0.0027699999991455115,282,153,32,32,0.05,0.0,0.9607843137254902,,0.0
tic_tac_toe,0,groot,0.8928571428571429,0.8928571428571429,2.67549329999747,622,336,27,27,0.05,0.0,0.8928571428571429,,0.0
tic_tac_toe,0,chen_heuristic,0.8928571428571429,0.8928571428571429,0.0055412000001524575,622,336,27,27,0.05,0.0,0.8928571428571429,,0.0
tic_tac_toe,1,groot,0.8958333333333334,0.8958333333333334,0.005410700003267266,622,336,27,27,0.05,0.0,0.8958333333333334,,0.0
tic_tac_toe,1,chen_heuristic,0.8958333333333334,0.8958333333333334,0.005451400000310969,622,336,27,27,0.05,0.0,0.8958333333333334,,0.0
tic_tac_toe,2,groot,0.8690476190476191,0.8690476190476191,0.005532299997867085,622,336,27,27,0.05,0.0,0.8690476190476191,,0.0
tic_tac_toe,2,chen_heuristic,0.8690476190476191,0.8690476190476191,0.005379499998525716,622,336,27,27,0.05,0.0,0.8690476190476191,,0.0
tic_tac_toe,3,groot,0.9017857142857143,0.9017857142857143,0.004830900004890282,622,336,27,27,0.05,0.0,0.9017857142857143,,0.0
tic_tac_toe,3,chen_heuristic,0.9017857142857143,0.9017857142857143,0.004832899998291396,622,336,27,27,0.05,0.0,0.9017857142857143,,0.0
tic_tac_toe,4,groot,0.8869047619047619,0.8869047619047619,0.004193499997199979,622,336,27,27,0.05,0.0,0.8869047619047619,,0.0
tic_tac_toe,4,chen_heuristic,0.8869047619047619,0.8869047619047619,0.004021699998702388,622,336,27,27,0.05,0.0,0.8869047619047619,,0.0
tic_tac_toe,5,groot,0.8571428571428571,0.8571428571428571,0.009590299996489193,622,336,27,27,0.05,0.0,0.8571428571428571,,0.0
tic_tac_toe,5,chen_heuristic,0.8571428571428571,0.8571428571428571,0.004498700000112876,622,336,27,27,0.05,0.0,0.8571428571428571,,0.0
tic_tac_toe,6,groot,0.9434523809523809,0.9434523809523809,0.005458500003442168,622,336,27,27,0.05,0.0,0.9434523809523809,,0.0
tic_tac_toe,6,chen_heuristic,0.9434523809523809,0.9434523809523809,0.005306499995640479,622,336,27,27,0.05,0.0,0.9434523809523809,,0.0
tic_tac_toe,7,groot,0.8482142857142857,0.8482142857142857,0.004506700002821162,622,336,27,27,0.05,0.0,0.8482142857142857,,0.0
tic_tac_toe,7,chen_heuristic,0.8482142857142857,0.8482142857142857,0.0059738999989349395,622,336,27,27,0.05,0.0,0.8482142857142857,,0.0
tic_tac_toe,8,groot,0.8273809523809523,0.8273809523809523,0.005318800001987256,622,336,27,27,0.05,0.0,0.8273809523809523,,0.0
tic_tac_toe,8,chen_heuristic,0.8273809523809523,0.8273809523809523,0.03319280000141589,622,336,27,27,0.05,0.0,0.8273809523809523,,0.0
tic_tac_toe,9,groot,0.8988095238095238,0.8988095238095238,0.005363600001146551,622,336,27,27,0.05,0.0,0.8988095238095238,,0.0
tic_tac_toe,9,chen_heuristic,0.8988095238095238,0.8988095238095238,0.005184999994526152,622,336,27,27,0.05,0.0,0.8988095238095238,,0.0
tic_tac_toe,10,groot,0.8958333333333334,0.8958333333333334,0.005183799999940675,622,336,27,27,0.05,0.0,0.8958333333333334,,0.0
tic_tac_toe,10,chen_heuristic,0.8958333333333334,0.8958333333333334,0.005350899999029934,622,336,27,27,0.05,0.0,0.8958333333333334,,0.0
tic_tac_toe,11,groot,0.8839285714285714,0.8839285714285714,0.005204400004004128,622,336,27,27,0.05,0.0,0.8839285714285714,,0.0
tic_tac_toe,11,chen_heuristic,0.8839285714285714,0.8839285714285714,0.0048547000042162836,622,336,27,27,0.05,0.0,0.8839285714285714,,0.0
tic_tac_toe,12,groot,0.7886904761904762,0.7886904761904762,0.005295699993439484,622,336,27,27,0.05,0.0,0.7886904761904762,,0.0
tic_tac_toe,12,chen_heuristic,0.7886904761904762,0.7886904761904762,0.005540699996345211,622,336,27,27,0.05,0.0,0.7886904761904762,,0.0
tic_tac_toe,13,groot,0.8511904761904762,0.8511904761904762,0.005317700000887271,622,336,27,27,0.05,0.0,0.8511904761904762,,0.0
tic_tac_toe,13,chen_heuristic,0.8511904761904762,0.8511904761904762,0.005116199994517956,622,336,27,27,0.05,0.0,0.8511904761904762,,0.0
tic_tac_toe,14,groot,0.8571428571428571,0.8571428571428571,0.005247200002486352,622,336,27,27,0.05,0.0,0.8571428571428571,,0.0
tic_tac_toe,14,chen_heuristic,0.8571428571428571,0.8571428571428571,0.005323299999872688,622,336,27,27,0.05,0.0,0.8571428571428571,,0.0
tic_tac_toe,15,groot,0.8452380952380952,0.8452380952380952,0.0050432999996701255,622,336,27,27,0.05,0.0,0.8452380952380952,,0.0
tic_tac_toe,15,chen_heuristic,0.8452380952380952,0.8452380952380952,0.005265799998596776,622,336,27,27,0.05,0.0,0.8452380952380952,,0.0
tic_tac_toe,16,groot,0.8541666666666666,0.8541666666666666,0.005454400001326576,622,336,27,27,0.05,0.0,0.8541666666666666,,0.0
tic_tac_toe,16,chen_heuristic,0.8541666666666666,0.8541666666666666,0.00543679999827873,622,336,27,27,0.05,0.0,0.8541666666666666,,0.0
tic_tac_toe,17,groot,0.875,0.875,0.005321299999195617,622,336,27,27,0.05,0.0,0.875,,0.0
tic_tac_toe,17,chen_heuristic,0.875,0.875,0.005428999997093342,622,336,27,27,0.05,0.0,0.875,,0.0
tic_tac_toe,18,groot,0.8839285714285714,0.8839285714285714,0.0052463000029092655,622,336,27,27,0.05,0.0,0.8839285714285714,,0.0
tic_tac_toe,18,chen_heuristic,0.8839285714285714,0.8839285714285714,0.005116100001032464,622,336,27,27,0.05,0.0,0.8839285714285714,,0.0
tic_tac_toe,19,groot,0.8958333333333334,0.8958333333333334,0.005447600000479724,622,336,27,27,0.05,0.0,0.8958333333333334,,0.0
tic_tac_toe,19,chen_heuristic,0.8958333333333334,0.8958333333333334,0.005281000005197711,622,336,27,27,0.05,0.0,0.8958333333333334,,0.0
tic_tac_toe,20,groot,0.8630952380952381,0.8630952380952381,0.00545119999878807,622,336,27,27,0.05,0.0,0.8630952380952381,,0.0
tic_tac_toe,20,chen_heuristic,0.8630952380952381,0.8630952380952381,0.005655200002365746,622,336,27,27,0.05,0.0,0.8630952380952381,,0.0
tic_tac_toe,21,groot,0.8482142857142857,0.8482142857142857,0.005568399996263906,622,336,27,27,0.05,0.0,0.8482142857142857,,0.0
tic_tac_toe,21,chen_heuristic,0.8482142857142857,0.8482142857142857,0.005366100005630869,622,336,27,27,0.05,0.0,0.8482142857142857,,0.0
tic_tac_toe,22,groot,0.9315476190476191,0.9315476190476191,0.005271299996820744,622,336,27,27,0.05,0.0,0.9315476190476191,,0.0
tic_tac_toe,22,chen_heuristic,0.9315476190476191,0.9315476190476191,0.005271299996820744,622,336,27,27,0.05,0.0,0.9315476190476191,,0.0
tic_tac_toe,23,groot,0.8690476190476191,0.8690476190476191,0.005631699998048134,622,336,27,27,0.05,0.0,0.8690476190476191,,0.0
tic_tac_toe,23,chen_heuristic,0.8690476190476191,0.8690476190476191,0.0053406000006361865,622,336,27,27,0.05,0.0,0.8690476190476191,,0.0
tic_tac_toe,24,groot,0.8660714285714286,0.8660714285714286,0.005468899995321408,622,336,27,27,0.05,0.0,0.8660714285714286,,0.0
tic_tac_toe,24,chen_heuristic,0.8660714285714286,0.8660714285714286,0.0053889000046183355,622,336,27,27,0.05,0.0,0.8660714285714286,,0.0
tic_tac_toe,25,groot,0.8571428571428571,0.8571428571428571,0.0050289999999222346,622,336,27,27,0.05,0.0,0.8571428571428571,,0.0
tic_tac_toe,25,chen_heuristic,0.8571428571428571,0.8571428571428571,0.005476299993460998,622,336,27,27,0.05,0.0,0.8571428571428571,,0.0
tic_tac_toe,26,groot,0.8690476190476191,0.8690476190476191,0.005924500001128763,622,336,27,27,0.05,0.0,0.8690476190476191,,0.0
tic_tac_toe,26,chen_heuristic,0.8690476190476191,0.8690476190476191,0.005315100002917461,622,336,27,27,0.05,0.0,0.8690476190476191,,0.0
tic_tac_toe,27,groot,0.8571428571428571,0.8571428571428571,0.005408000004536007,622,336,27,27,0.05,0.0,0.8571428571428571,,0.0
tic_tac_toe,27,chen_heuristic,0.8571428571428571,0.8571428571428571,0.005140200002642814,622,336,27,27,0.05,0.0,0.8571428571428571,,0.0
tic_tac_toe,28,groot,0.8869047619047619,0.8869047619047619,0.005260700003418606,622,336,27,27,0.05,0.0,0.8869047619047619,,0.0
tic_tac_toe,28,chen_heuristic,0.8869047619047619,0.8869047619047619,0.0054290000043693,622,336,27,27,0.05,0.0,0.8869047619047619,,0.0
tic_tac_toe,29,groot,0.8988095238095238,0.8988095238095238,0.0066217999992659315,622,336,27,27,0.05,0.0,0.8988095238095238,,0.0
tic_tac_toe,29,chen_heuristic,0.8988095238095238,0.8988095238095238,0.005074100001365878,622,336,27,27,0.05,0.0,0.8988095238095238,,0.0
