dataset,seed,n_nodes,n_leaves,depth,mean_node_margin,binary_split_fraction,method,fit_time_sec
adult,3,49.0,25.0,6.0,0.2994084211049736,0.25,matched_gini,0.07595150000270223
adult,3,51.0,26.0,6.0,0.5062999360757663,0.48,mags_fixed,0.07525840000016615
adult,3,49.0,25.0,6.0,0.31279343677982463,0.25,mags_binary_excluded,0.08909120000316761
adult,3,49.0,25.0,6.0,0.29296791759737445,0.25,matched_gini_unrestricted,0.08570239999971818
adult,3,51.0,26.0,6.0,0.4708129411736464,0.44,mags_fixed_unrestricted,0.08387560000119265
adult,3,49.0,25.0,6.0,,,cart_fixed,0.006821499999205116
adult,3,35.0,18.0,5.0,0.499289798127925,0.0,mags_tuned,2.4955986000059056
adult,3,7.0,4.0,2.0,,,cart_tuned_depth,0.031021700000565033
adult,3,7.0,4.0,2.0,,,cart_pruned,0.06951900000422029
adult,3,55.0,28.0,6.0,,,noise_augmented_cart,0.07446330000675516
adult,3,,,,,,random_forest,0.08128660000511445
adult,3,,,,,,extra_trees,0.07854089999455027
adult,3,,,,,,linear_svm,0.06426230000215583
adult,3,,,,,,rbf_svm,0.05239419999998063
adult,2,55.0,28.0,6.0,0.4375247728090126,0.37037037037037035,matched_gini,0.07972700000391342
adult,2,61.0,31.0,6.0,0.5098678360955866,0.4666666666666667,mags_fixed,0.09156680000160122
adult,2,55.0,28.0,6.0,0.44244415177836316,0.37037037037037035,mags_binary_excluded,0.07935100000031525
adult,2,53.0,27.0,6.0,0.3594666710077533,0.3076923076923077,matched_gini_unrestricted,0.08814410000195494
adult,2,61.0,31.0,6.0,0.5430529915565427,0.5,mags_fixed_unrestricted,0.09150640000007115
adult,2,53.0,27.0,6.0,,,cart_fixed,0.004660699996748008
adult,2,21.0,11.0,4.0,0.19836637450233513,0.0,mags_tuned,2.51538220000657
adult,2,99.0,50.0,8.0,,,cart_tuned_depth,0.03851880000001984
adult,2,17.0,9.0,6.0,,,cart_pruned,0.06934349999937695
adult,2,51.0,26.0,6.0,,,noise_augmented_cart,0.07037750000017695
adult,2,,,,,,random_forest,0.0791354999964824
adult,2,,,,,,extra_trees,0.06778469999699155
adult,2,,,,,,linear_svm,0.05256370000279276
adult,2,,,,,,rbf_svm,0.054175899997062515
adult,0,53.0,27.0,6.0,0.18959223034394146,0.15384615384615385,matched_gini,0.09235069999704137
adult,0,57.0,29.0,6.0,0.4493563815478339,0.42857142857142855,mags_fixed,0.08005169999523787
adult,0,53.0,27.0,6.0,0.21634069280955942,0.15384615384615385,mags_binary_excluded,0.0763433999964036
adult,0,53.0,27.0,6.0,0.18575312059911145,0.15384615384615385,matched_gini_unrestricted,0.08726069999829633
adult,0,57.0,29.0,6.0,0.41522939742084974,0.39285714285714285,mags_fixed_unrestricted,0.08872210000117775
adult,0,53.0,27.0,6.0,,,cart_fixed,0.004429399996297434
adult,0,35.0,18.0,5.0,0.49688645946848287,0.0,mags_tuned,2.521813100000145
adult,0,135.0,68.0,10.0,,,cart_tuned_depth,0.038858200001413934
adult,0,31.0,16.0,9.0,,,cart_pruned,0.07156060000124853
adult,0,61.0,31.0,6.0,,,noise_augmented_cart,0.07804729999770643
adult,0,,,,,,random_forest,0.09249959999579005
adult,0,,,,,,extra_trees,0.07194770000205608
adult,0,,,,,,linear_svm,0.05498490000172751
adult,0,,,,,,rbf_svm,0.047614000002795365
adult,1,59.0,30.0,6.0,0.372756448508254,0.3448275862068966,matched_gini,0.08775769999920158
adult,1,67.0,34.0,6.0,0.5119626695574016,0.45454545454545453,mags_fixed,0.08699890000571031
adult,1,61.0,31.0,6.0,0.3836070457614521,0.3333333333333333,mags_binary_excluded,0.08565369999996619
adult,1,59.0,30.0,6.0,0.4077761100470486,0.3793103448275862,matched_gini_unrestricted,0.09359340000082739
adult,1,67.0,34.0,6.0,0.5121295947545565,0.45454545454545453,mags_fixed_unrestricted,0.0968432000008761
adult,1,59.0,30.0,6.0,,,cart_fixed,0.004782799995155074
adult,1,39.0,20.0,5.0,0.3435024006875479,0.0,mags_tuned,2.6957349000003887
adult,1,59.0,30.0,6.0,,,cart_tuned_depth,0.04037510000489419
adult,1,61.0,31.0,14.0,,,cart_pruned,0.07207740000012564
adult,1,55.0,28.0,6.0,,,noise_augmented_cart,0.07657219999964582
adult,1,,,,,,random_forest,0.08553289999690605
adult,1,,,,,,extra_trees,0.06773180000163848
adult,1,,,,,,linear_svm,0.048586600001726765
adult,1,,,,,,rbf_svm,0.04642790000070818
adult,6,43.0,22.0,6.0,0.2910751917022397,0.23809523809523808,matched_gini,0.09565139999904204
adult,6,41.0,21.0,6.0,0.4111376485080055,0.4,mags_fixed,0.09165590000338852
adult,6,43.0,22.0,6.0,0.2910751917022397,0.23809523809523808,mags_binary_excluded,0.09909779999725288
adult,6,45.0,23.0,6.0,0.3231886535479849,0.2727272727272727,matched_gini_unrestricted,0.10305090000474593
adult,6,43.0,22.0,6.0,0.39475089366253285,0.38095238095238093,mags_fixed_unrestricted,0.1169101000050432
adult,6,45.0,23.0,6.0,,,cart_fixed,0.005351799998607021
adult,6,45.0,23.0,6.0,0.5553394807473298,0.0,mags_tuned,3.151186000002781
adult,6,13.0,7.0,3.0,,,cart_tuned_depth,0.036738599999807775
adult,6,57.0,29.0,12.0,,,cart_pruned,0.0859379000030458
adult,6,55.0,28.0,6.0,,,noise_augmented_cart,0.07831020000594435
adult,6,,,,,,random_forest,0.08811450000212062
adult,6,,,,,,extra_trees,0.0664286000028369
adult,6,,,,,,linear_svm,0.05210269999952288
adult,6,,,,,,rbf_svm,0.04309659999853466
adult,4,63.0,32.0,6.0,0.22600683914179326,0.1935483870967742,matched_gini,0.11893370000325376
adult,4,59.0,30.0,6.0,0.2837682241265349,0.2413793103448276,mags_fixed,0.14455569999699946
adult,4,63.0,32.0,6.0,0.20494259872271411,0.16129032258064516,mags_binary_excluded,0.1143549999978859
adult,4,67.0,34.0,6.0,0.18165123405523229,0.15151515151515152,matched_gini_unrestricted,0.11953399999765679
adult,4,63.0,32.0,6.0,0.28543681597131104,0.25806451612903225,mags_fixed_unrestricted,0.12941249999857973
adult,4,63.0,32.0,6.0,,,cart_fixed,0.005024000005505513
adult,4,131.0,66.0,9.0,0.3684615662218256,0.0,mags_tuned,3.329121299997496
adult,4,23.0,12.0,4.0,,,cart_tuned_depth,0.060790499999711756
adult,4,25.0,13.0,6.0,,,cart_pruned,0.06990909999876749
adult,4,67.0,34.0,6.0,,,noise_augmented_cart,0.07174359999771696
adult,4,,,,,,random_forest,0.0938769999993383
adult,4,,,,,,extra_trees,0.06790360000013607
adult,4,,,,,,linear_svm,0.04904070000338834
adult,4,,,,,,rbf_svm,0.05366229999344796
adult,5,59.0,30.0,6.0,0.3677766090284063,0.3448275862068966,matched_gini,0.14568169999984093
adult,5,59.0,30.0,6.0,0.5360674824382224,0.5172413793103449,mags_fixed,0.11862530000507832
adult,5,59.0,30.0,6.0,0.27399618719113805,0.2413793103448276,mags_binary_excluded,0.1324968000044464
adult,5,57.0,29.0,6.0,0.38566430432254084,0.35714285714285715,matched_gini_unrestricted,0.11195980000047712
adult,5,59.0,30.0,6.0,0.5357082870359237,0.5172413793103449,mags_fixed_unrestricted,0.12345330000243848
adult,5,61.0,31.0,6.0,,,cart_fixed,0.0046308000019053
adult,5,35.0,18.0,5.0,0.6579764375708859,0.0,mags_tuned,3.24048710000352
adult,5,61.0,31.0,6.0,,,cart_tuned_depth,0.040040600004431326
adult,5,91.0,46.0,20.0,,,cart_pruned,0.08314180000161286
adult,5,67.0,34.0,6.0,,,noise_augmented_cart,0.10961440000392031
adult,5,,,,,,random_forest,0.09153630000218982
adult,5,,,,,,extra_trees,0.08432200000243029
adult,5,,,,,,linear_svm,0.05474490000051446
adult,5,,,,,,rbf_svm,0.05040670000016689
adult,7,71.0,36.0,6.0,0.34032926737956337,0.2857142857142857,matched_gini,0.11617130000377074
adult,7,69.0,35.0,6.0,0.45549605293846357,0.4117647058823529,mags_fixed,0.1308324999990873
adult,7,71.0,36.0,6.0,0.34032926737956337,0.2857142857142857,mags_binary_excluded,0.1258700000034878
adult,7,71.0,36.0,6.0,0.3330586880653866,0.2857142857142857,matched_gini_unrestricted,0.14326830000209156
adult,7,67.0,34.0,6.0,0.49508805732126243,0.45454545454545453,mags_fixed_unrestricted,0.1321592000022065
adult,7,71.0,36.0,6.0,,,cart_fixed,0.005314299996825866
adult,7,149.0,75.0,9.0,0.6069086203803286,0.0,mags_tuned,3.3434199999974226
adult,7,71.0,36.0,6.0,,,cart_tuned_depth,0.03674690000480041
adult,7,7.0,4.0,2.0,,,cart_pruned,0.06973889999790117
adult,7,67.0,34.0,6.0,,,noise_augmented_cart,0.07569489999877987
adult,7,,,,,,random_forest,0.1022231999959331
adult,7,,,,,,extra_trees,0.06613060000381665
adult,7,,,,,,linear_svm,0.050127700000302866
adult,7,,,,,,rbf_svm,0.04956780000065919
adult,8,57.0,29.0,6.0,0.20646316644731397,0.17857142857142858,matched_gini,0.10199649999412941
adult,8,53.0,27.0,6.0,0.39304483151882336,0.34615384615384615,mags_fixed,0.1158789999972214
adult,8,57.0,29.0,6.0,0.20646316644731397,0.17857142857142858,mags_binary_excluded,0.11440719999518478
adult,8,59.0,30.0,6.0,0.10576436572691227,0.06896551724137931,matched_gini_unrestricted,0.13423970000440022
adult,8,55.0,28.0,6.0,0.45197987915419585,0.4074074074074074,mags_fixed_unrestricted,0.13673570000537438
adult,8,57.0,29.0,6.0,,,cart_fixed,0.00581860000238521
adult,8,23.0,12.0,4.0,0.3896332712920305,0.0,mags_tuned,3.209923599999456
adult,8,57.0,29.0,6.0,,,cart_tuned_depth,0.05294280000089202
adult,8,23.0,12.0,6.0,,,cart_pruned,0.07606659999873955
adult,8,67.0,34.0,6.0,,,noise_augmented_cart,0.0790701000005356
adult,8,,,,,,random_forest,0.08163380000041798
adult,8,,,,,,extra_trees,0.07555480000155512
adult,8,,,,,,linear_svm,0.0518859000003431
adult,8,,,,,,rbf_svm,0.04844120000052499
adult,9,61.0,31.0,6.0,0.2640716952802435,0.23333333333333334,matched_gini,0.11210790000041015
adult,9,61.0,31.0,6.0,0.5894254985307713,0.5,mags_fixed,0.1328023999958532
adult,9,63.0,32.0,6.0,0.26841914799012395,0.1935483870967742,mags_binary_excluded,0.14946219999546884
adult,9,65.0,33.0,6.0,0.28580357678414325,0.25,matched_gini_unrestricted,0.13900809999904595
adult,9,61.0,31.0,6.0,0.4808134493986181,0.4,mags_fixed_unrestricted,0.12875119999807794
adult,9,63.0,32.0,6.0,,,cart_fixed,0.004581400004099123
adult,9,61.0,31.0,6.0,0.2640716952802435,0.0,mags_tuned,3.1973223999957554
adult,9,215.0,108.0,16.0,,,cart_tuned_depth,0.038742299999285024
adult,9,35.0,18.0,8.0,,,cart_pruned,0.0736006000006455
adult,9,71.0,36.0,6.0,,,noise_augmented_cart,0.07464099999924656
adult,9,,,,,,random_forest,0.08694660000037402
adult,9,,,,,,extra_trees,0.07817380000051344
adult,9,,,,,,linear_svm,0.05205489999934798
adult,9,,,,,,rbf_svm,0.049363799997081514
adult,10,59.0,30.0,6.0,0.27268501414643315,0.2413793103448276,matched_gini,0.11334830000123475
adult,10,57.0,29.0,6.0,0.42674218864508295,0.39285714285714285,mags_fixed,0.11086819999763975
adult,10,57.0,29.0,6.0,0.2647118480182217,0.21428571428571427,mags_binary_excluded,0.1490302000020165
adult,10,57.0,29.0,6.0,0.2149656923661481,0.17857142857142858,matched_gini_unrestricted,0.12532069999724627
adult,10,57.0,29.0,6.0,0.3916332298073105,0.35714285714285715,mags_fixed_unrestricted,0.12504710000212071
adult,10,57.0,29.0,6.0,,,cart_fixed,0.004346299996541347
adult,10,145.0,73.0,9.0,0.5122598525648017,0.0,mags_tuned,3.1680533999970066
adult,10,25.0,13.0,4.0,,,cart_tuned_depth,0.029729699999734294
adult,10,213.0,107.0,17.0,,,cart_pruned,0.06959419999475358
adult,10,63.0,32.0,6.0,,,noise_augmented_cart,0.07642750000377418
adult,10,,,,,,random_forest,0.10050159999809694
adult,10,,,,,,extra_trees,0.07478740000078687
adult,10,,,,,,linear_svm,0.056411799996567424
adult,10,,,,,,rbf_svm,0.04774600000382634
adult,11,59.0,30.0,6.0,0.3123890763410394,0.27586206896551724,matched_gini,0.12646479999966687
adult,11,61.0,31.0,6.0,0.4790467315824999,0.43333333333333335,mags_fixed,0.11983750000217697
adult,11,57.0,29.0,6.0,0.33711842623500043,0.2857142857142857,mags_binary_excluded,0.137820300005842
adult,11,61.0,31.0,6.0,0.3025519005401457,0.26666666666666666,matched_gini_unrestricted,0.13902409999718657
adult,11,65.0,33.0,6.0,0.4582202420374208,0.40625,mags_fixed_unrestricted,0.11921019999863347
adult,11,61.0,31.0,6.0,,,cart_fixed,0.004873600002611056
adult,11,83.0,42.0,7.0,0.4788554291162182,0.0,mags_tuned,3.1909697000010055
adult,11,61.0,31.0,6.0,,,cart_tuned_depth,0.034897500001534354
adult,11,61.0,31.0,11.0,,,cart_pruned,0.0750179999959073
adult,11,67.0,34.0,6.0,,,noise_augmented_cart,0.0751349999991362
adult,11,,,,,,random_forest,0.10225509999872884
adult,11,,,,,,extra_trees,0.0751042999982019
adult,11,,,,,,linear_svm,0.061758599993481766
adult,11,,,,,,rbf_svm,0.05491329999495065
adult,12,57.0,29.0,6.0,0.21090191934688404,0.17857142857142858,matched_gini,0.11892179999995278
adult,12,57.0,29.0,6.0,0.48846525530669316,0.4642857142857143,mags_fixed,0.11163990000204649
adult,12,57.0,29.0,6.0,0.21090191934688404,0.17857142857142858,mags_binary_excluded,0.14342629999737255
adult,12,59.0,30.0,6.0,0.2092286945673163,0.1724137931034483,matched_gini_unrestricted,0.12299740000162274
adult,12,59.0,30.0,6.0,0.4731137623146664,0.4482758620689655,mags_fixed_unrestricted,0.12855400000262307
adult,12,59.0,30.0,6.0,,,cart_fixed,0.005135799998242874
adult,12,121.0,61.0,9.0,0.2806754412103887,0.0,mags_tuned,3.1464154999994207
adult,12,15.0,8.0,3.0,,,cart_tuned_depth,0.035468100002617575
adult,12,39.0,20.0,8.0,,,cart_pruned,0.06444659999397118
adult,12,59.0,30.0,6.0,,,noise_augmented_cart,0.08149540000158595
adult,12,,,,,,random_forest,0.0954732000027434
adult,12,,,,,,extra_trees,0.0701889999982086
adult,12,,,,,,linear_svm,0.052784200001042336
adult,12,,,,,,rbf_svm,0.05051050000474788
adult,14,51.0,26.0,6.0,0.22843237483715054,0.2,matched_gini,0.12677479999547359
adult,14,49.0,25.0,6.0,0.37898330474563036,0.3333333333333333,mags_fixed,0.11125449999963166
adult,14,53.0,27.0,6.0,0.27654277704510666,0.23076923076923078,mags_binary_excluded,0.09371919999830425
adult,14,45.0,23.0,6.0,0.2588011115307326,0.22727272727272727,matched_gini_unrestricted,0.11098199999833014
adult,14,47.0,24.0,6.0,0.41484691919000616,0.391304347826087,mags_fixed_unrestricted,0.12562090000574244
adult,14,45.0,23.0,6.0,,,cart_fixed,0.004830999998375773
adult,14,23.0,12.0,4.0,0.2898455030170636,0.0,mags_tuned,3.00492469999881
adult,14,13.0,7.0,3.0,,,cart_tuned_depth,0.032750700003816746
adult,14,7.0,4.0,2.0,,,cart_pruned,0.07996459999412764
adult,14,55.0,28.0,6.0,,,noise_augmented_cart,0.08249739999882877
adult,14,,,,,,random_forest,0.0937495999969542
adult,14,,,,,,extra_trees,0.07726829999592155
adult,14,,,,,,linear_svm,0.0624904000069364
adult,14,,,,,,rbf_svm,0.057509500002197456
adult,13,59.0,30.0,6.0,0.2044738883210029,0.13793103448275862,matched_gini,0.11829239999497076
adult,13,49.0,25.0,6.0,0.2593327091973021,0.20833333333333334,mags_fixed,0.11799869999958901
adult,13,59.0,30.0,6.0,0.2044738883210029,0.13793103448275862,mags_binary_excluded,0.09047640000062529
adult,13,57.0,29.0,6.0,0.17960764049797268,0.10714285714285714,matched_gini_unrestricted,0.1174472999991849
adult,13,47.0,24.0,6.0,0.22727947298386048,0.17391304347826086,mags_fixed_unrestricted,0.11645290000160458
adult,13,59.0,30.0,6.0,,,cart_fixed,0.004569099997752346
adult,13,23.0,12.0,4.0,0.28856303063623073,0.0,mags_tuned,3.1204326000006404
adult,13,13.0,7.0,3.0,,,cart_tuned_depth,0.033403700006601866
adult,13,85.0,43.0,15.0,,,cart_pruned,0.09410429999843473
adult,13,67.0,34.0,6.0,,,noise_augmented_cart,0.07845760000054725
adult,13,,,,,,random_forest,0.09989270000369288
adult,13,,,,,,extra_trees,0.06933910000225296
adult,13,,,,,,linear_svm,0.048603700000967365
adult,13,,,,,,rbf_svm,0.08715139999549137
adult,15,47.0,24.0,6.0,0.2101887560631243,0.17391304347826086,matched_gini,0.10107480000442592
adult,15,49.0,25.0,6.0,0.3956075129217338,0.375,mags_fixed,0.10790009999618633
adult,15,47.0,24.0,6.0,0.2101887560631243,0.17391304347826086,mags_binary_excluded,0.11012710000068182
adult,15,45.0,23.0,6.0,0.2269684909256327,0.18181818181818182,matched_gini_unrestricted,0.11168890000408283
adult,15,49.0,25.0,6.0,0.4443777095530425,0.4166666666666667,mags_fixed_unrestricted,0.10272769999573939
adult,15,47.0,24.0,6.0,,,cart_fixed,0.00557420000404818
adult,15,49.0,25.0,6.0,0.39224212830634925,0.0,mags_tuned,3.190804099998786
adult,15,47.0,24.0,6.0,,,cart_tuned_depth,0.04054090000136057
adult,15,103.0,52.0,12.0,,,cart_pruned,0.07540870000229916
adult,15,51.0,26.0,6.0,,,noise_augmented_cart,0.07940559999406105
adult,15,,,,,,random_forest,0.09333630000037374
adult,15,,,,,,extra_trees,0.07430240000394406
adult,15,,,,,,linear_svm,0.05735419999837177
adult,15,,,,,,rbf_svm,0.04348149999714224
adult,16,75.0,38.0,6.0,0.2985394081482881,0.2702702702702703,matched_gini,0.11768680000386667
adult,16,63.0,32.0,6.0,0.4368542310807613,0.41935483870967744,mags_fixed,0.11045529999682913
adult,16,75.0,38.0,6.0,0.30008380969268966,0.2702702702702703,mags_binary_excluded,0.09305640000093263
adult,16,75.0,38.0,6.0,0.30626661169707636,0.2702702702702703,matched_gini_unrestricted,0.10128769999573706
adult,16,61.0,31.0,6.0,0.4184474070064865,0.4,mags_fixed_unrestricted,0.10965470000519417
adult,16,77.0,39.0,6.0,,,cart_fixed,0.005607400002190843
adult,16,115.0,58.0,9.0,0.5206332280499851,0.0,mags_tuned,3.1482127999988734
adult,16,193.0,97.0,20.0,,,cart_tuned_depth,0.04048309999780031
adult,16,131.0,66.0,18.0,,,cart_pruned,0.06172289999813074
adult,16,71.0,36.0,6.0,,,noise_augmented_cart,0.08310850000270875
adult,16,,,,,,random_forest,0.1005518999954802
adult,16,,,,,,extra_trees,0.07035760000144364
adult,16,,,,,,linear_svm,0.04155490000266582
adult,16,,,,,,rbf_svm,0.04001989999960642
adult,17,61.0,31.0,6.0,0.20230931243945177,0.13333333333333333,matched_gini,0.12214130000211298
adult,17,61.0,31.0,6.0,0.4291343083691116,0.36666666666666664,mags_fixed,0.11456889999681152
adult,17,61.0,31.0,6.0,0.20499597285807097,0.13333333333333333,mags_binary_excluded,0.09803029999602586
adult,17,55.0,28.0,6.0,0.15018894298928734,0.1111111111111111,matched_gini_unrestricted,0.11675509999622591
adult,17,61.0,31.0,6.0,0.39643182897140355,0.3333333333333333,mags_fixed_unrestricted,0.12853969999559922
adult,17,55.0,28.0,6.0,,,cart_fixed,0.00459479999699397
adult,17,41.0,21.0,5.0,0.6386101481182025,0.0,mags_tuned,3.2399971000049845
adult,17,211.0,106.0,18.0,,,cart_tuned_depth,0.045937100003357045
adult,17,15.0,8.0,6.0,,,cart_pruned,0.08870890000252984
adult,17,55.0,28.0,6.0,,,noise_augmented_cart,0.08043139999790583
adult,17,,,,,,random_forest,0.09847830000217073
adult,17,,,,,,extra_trees,0.09786259999964386
adult,17,,,,,,linear_svm,0.055997600000409875
adult,17,,,,,,rbf_svm,0.05651619999844115
adult,19,57.0,29.0,6.0,0.2996244210114311,0.25,matched_gini,0.10781910000514472
adult,19,61.0,31.0,6.0,0.5200276845650053,0.5,mags_fixed,0.12103950000164332
adult,19,57.0,29.0,6.0,0.2646712954333056,0.21428571428571427,mags_binary_excluded,0.09381070000381442
adult,19,57.0,29.0,6.0,0.19444881661050953,0.14285714285714285,matched_gini_unrestricted,0.1162865000005695
adult,19,59.0,30.0,6.0,0.4423287591093507,0.41379310344827586,mags_fixed_unrestricted,0.1446974999998929
adult,19,55.0,28.0,6.0,,,cart_fixed,0.005135899999004323
adult,19,95.0,48.0,7.0,0.5144865332370976,0.0,mags_tuned,3.0322111999994377
adult,19,157.0,79.0,10.0,,,cart_tuned_depth,0.0383711000031326
adult,19,41.0,21.0,9.0,,,cart_pruned,0.06422900000325171
adult,19,63.0,32.0,6.0,,,noise_augmented_cart,0.0998699999981909
adult,19,,,,,,random_forest,0.08932900000218069
adult,19,,,,,,extra_trees,0.06564870000147494
adult,19,,,,,,linear_svm,0.05167070000607055
adult,19,,,,,,rbf_svm,0.03950030000123661
adult,18,59.0,30.0,6.0,0.3072191579037798,0.27586206896551724,matched_gini,0.1119470999983605
adult,18,57.0,29.0,6.0,0.45347902377445143,0.42857142857142855,mags_fixed,0.11139360000379384
adult,18,59.0,30.0,6.0,0.30774880560726325,0.27586206896551724,mags_binary_excluded,0.11653710000246065
adult,18,59.0,30.0,6.0,0.27836990349010843,0.2413793103448276,matched_gini_unrestricted,0.13727719999587862
adult,18,59.0,30.0,6.0,0.474627446568321,0.4482758620689655,mags_fixed_unrestricted,0.11773489999904996
adult,18,59.0,30.0,6.0,,,cart_fixed,0.005400599999120459
adult,18,79.0,40.0,7.0,0.38916014206415706,0.0,mags_tuned,3.1886974000008195
adult,18,117.0,59.0,8.0,,,cart_tuned_depth,0.04416180000407621
adult,18,31.0,16.0,8.0,,,cart_pruned,0.0826459000018076
adult,18,67.0,34.0,6.0,,,noise_augmented_cart,0.07443090000015218
adult,18,,,,,,random_forest,0.09409020000020973
adult,18,,,,,,extra_trees,0.08447259999957168
adult,18,,,,,,linear_svm,0.0548071999946842
adult,18,,,,,,rbf_svm,0.0543452000056277
adult,22,51.0,26.0,6.0,0.21540114698980672,0.16,matched_gini,0.11993839999922784
adult,22,51.0,26.0,6.0,0.33731452935513095,0.28,mags_fixed,0.10989830000471557
adult,22,51.0,26.0,6.0,0.22272703350781176,0.16,mags_binary_excluded,0.10065619999659248
adult,22,47.0,24.0,6.0,0.16994991852869884,0.13043478260869565,matched_gini_unrestricted,0.11696269999811193
adult,22,47.0,24.0,6.0,0.4231304035640284,0.391304347826087,mags_fixed_unrestricted,0.09493269999802578
adult,22,47.0,24.0,6.0,,,cart_fixed,0.005119000001286622
adult,22,23.0,12.0,4.0,0.23113789822625153,0.0,mags_tuned,2.8132945999968797
adult,22,13.0,7.0,3.0,,,cart_tuned_depth,0.03961970000091242
adult,22,33.0,17.0,7.0,,,cart_pruned,0.09419930000149179
adult,22,49.0,25.0,6.0,,,noise_augmented_cart,0.07566680000309134
adult,22,,,,,,random_forest,0.07938640000065789
adult,22,,,,,,extra_trees,0.06653309999819612
adult,22,,,,,,linear_svm,0.04287299999850802
adult,22,,,,,,rbf_svm,0.03731049999623792
adult,23,49.0,25.0,6.0,0.2596217906121914,0.20833333333333334,matched_gini,0.11866880000161473
adult,23,51.0,26.0,6.0,0.4474055686358504,0.4,mags_fixed,0.0940372999975807
adult,23,49.0,25.0,6.0,0.1391868725210233,0.08333333333333333,mags_binary_excluded,0.10516700000152923
adult,23,51.0,26.0,6.0,0.19934152748264064,0.16,matched_gini_unrestricted,0.11560170000302605
adult,23,51.0,26.0,6.0,0.48310585665841443,0.44,mags_fixed_unrestricted,0.10961060000408906
adult,23,49.0,25.0,6.0,,,cart_fixed,0.004717600000731181
adult,23,33.0,17.0,5.0,0.17048834670091612,0.0,mags_tuned,2.9426729999977397
adult,23,21.0,11.0,4.0,,,cart_tuned_depth,0.042094200005522
adult,23,53.0,27.0,11.0,,,cart_pruned,0.07910460000130115
adult,23,49.0,25.0,6.0,,,noise_augmented_cart,0.0789747000017087
adult,23,,,,,,random_forest,0.11967949999962002
adult,23,,,,,,extra_trees,0.06681799999932991
adult,23,,,,,,linear_svm,0.046628399999463
adult,23,,,,,,rbf_svm,0.04811640000116313
adult,20,63.0,32.0,6.0,0.2194184488612568,0.16129032258064516,matched_gini,0.12269150000065565
adult,20,65.0,33.0,6.0,0.33833764424947954,0.3125,mags_fixed,0.1151599000004353
adult,20,63.0,32.0,6.0,0.22096931734760916,0.16129032258064516,mags_binary_excluded,0.12056229999870993
adult,20,65.0,33.0,6.0,0.20466849372139848,0.15625,matched_gini_unrestricted,0.15165690000139875
adult,20,65.0,33.0,6.0,0.28957189805797434,0.25,mags_fixed_unrestricted,0.1267571999997017
adult,20,67.0,34.0,6.0,,,cart_fixed,0.004709000000730157
adult,20,43.0,22.0,5.0,0.31484278859425474,0.0,mags_tuned,3.296227500002715
adult,20,219.0,110.0,17.0,,,cart_tuned_depth,0.08489220000046771
adult,20,63.0,32.0,12.0,,,cart_pruned,0.058071300001756754
adult,20,65.0,33.0,6.0,,,noise_augmented_cart,0.08233159999508644
adult,20,,,,,,random_forest,0.07222929999988992
adult,20,,,,,,extra_trees,0.0557769000006374
adult,20,,,,,,linear_svm,0.05076030000054743
adult,20,,,,,,rbf_svm,0.040629499999340624
adult,21,59.0,30.0,6.0,0.20385838363039271,0.13793103448275862,matched_gini,0.1394194000022253
adult,21,67.0,34.0,6.0,0.47768699267754466,0.42424242424242425,mags_fixed,0.11440170000423677
adult,21,63.0,32.0,6.0,0.22473504914260398,0.16129032258064516,mags_binary_excluded,0.11672060000273632
adult,21,55.0,28.0,6.0,0.1838579459687855,0.1111111111111111,matched_gini_unrestricted,0.12582950000069104
adult,21,67.0,34.0,6.0,0.4449637172209748,0.3939393939393939,mags_fixed_unrestricted,0.12709609999728855
adult,21,57.0,29.0,6.0,,,cart_fixed,0.005471299999044277
adult,21,85.0,43.0,7.0,0.3986895657093756,0.0,mags_tuned,3.3231739000038942
adult,21,221.0,111.0,19.0,,,cart_tuned_depth,0.09344379999674857
adult,21,59.0,30.0,11.0,,,cart_pruned,0.06577020000258926
adult,21,67.0,34.0,6.0,,,noise_augmented_cart,0.07858370000030845
adult,21,,,,,,random_forest,0.08840670000063255
adult,21,,,,,,extra_trees,0.07735889999457868
adult,21,,,,,,linear_svm,0.05792500000097789
adult,21,,,,,,rbf_svm,0.05827729999873554
adult,24,49.0,25.0,6.0,0.29653511545125183,0.25,matched_gini,0.10007179999956861
adult,24,57.0,29.0,6.0,0.538435829141985,0.5,mags_fixed,0.1137629000004381
adult,24,51.0,26.0,6.0,0.3145551870386425,0.24,mags_binary_excluded,0.09450949999882141
adult,24,49.0,25.0,6.0,0.2410075699664902,0.20833333333333334,matched_gini_unrestricted,0.12926599999627797
adult,24,55.0,28.0,6.0,0.4883108366220629,0.4444444444444444,mags_fixed_unrestricted,0.11834229999658419
adult,24,49.0,25.0,6.0,,,cart_fixed,0.005672699997376185
adult,24,21.0,11.0,4.0,0.36269932434202345,0.0,mags_tuned,3.062354600006074
adult,24,13.0,7.0,3.0,,,cart_tuned_depth,0.036271299999498297
adult,24,201.0,101.0,15.0,,,cart_pruned,0.07670460000372259
adult,24,55.0,28.0,6.0,,,noise_augmented_cart,0.07510920000640908
adult,24,,,,,,random_forest,0.08944240000710124
adult,24,,,,,,extra_trees,0.07259760000306414
adult,24,,,,,,linear_svm,0.044705799999064766
adult,24,,,,,,rbf_svm,0.04397129999415483
adult,25,55.0,28.0,6.0,0.3266302744379015,0.2962962962962963,matched_gini,0.11689779999869643
adult,25,49.0,25.0,6.0,0.49005340387007257,0.4583333333333333,mags_fixed,0.09970269999757875
adult,25,55.0,28.0,6.0,0.2917718866383372,0.25925925925925924,mags_binary_excluded,0.11398380000173347
adult,25,55.0,28.0,6.0,0.3293219151646657,0.2962962962962963,matched_gini_unrestricted,0.15809769999759737
adult,25,49.0,25.0,6.0,0.5298227491081677,0.5,mags_fixed_unrestricted,0.12773440000455594
adult,25,55.0,28.0,6.0,,,cart_fixed,0.005233200005022809
adult,25,49.0,25.0,6.0,0.5597252854336737,0.0,mags_tuned,3.3116271999970195
adult,25,207.0,104.0,19.0,,,cart_tuned_depth,0.04146129999571713
adult,25,91.0,46.0,19.0,,,cart_pruned,0.08423230000335025
adult,25,65.0,33.0,6.0,,,noise_augmented_cart,0.07842910000181291
adult,25,,,,,,random_forest,0.11622319999878528
adult,25,,,,,,extra_trees,0.07493609999801265
adult,25,,,,,,linear_svm,0.045499500003643334
adult,25,,,,,,rbf_svm,0.06278380000003381
adult,26,53.0,27.0,6.0,0.15197554034850377,0.11538461538461539,matched_gini,0.10936389999551466
adult,26,53.0,27.0,6.0,0.5070625916015838,0.46153846153846156,mags_fixed,0.1141390999982832
adult,26,53.0,27.0,6.0,0.15197554034850377,0.11538461538461539,mags_binary_excluded,0.13176389999716775
adult,26,59.0,30.0,6.0,0.1837898749994272,0.13793103448275862,matched_gini_unrestricted,0.1644490000035148
adult,26,53.0,27.0,6.0,0.5118339957686107,0.46153846153846156,mags_fixed_unrestricted,0.09691659999953117
adult,26,57.0,29.0,6.0,,,cart_fixed,0.004672899995057378
adult,26,73.0,37.0,7.0,0.22337789830707871,0.0,mags_tuned,3.3950986999989254
adult,26,99.0,50.0,8.0,,,cart_tuned_depth,0.04633210000611143
adult,26,19.0,10.0,6.0,,,cart_pruned,0.09026319999975385
adult,26,61.0,31.0,6.0,,,noise_augmented_cart,0.08593090000067605
adult,26,,,,,,random_forest,0.1017238999993424
adult,26,,,,,,extra_trees,0.08575459999701707
adult,26,,,,,,linear_svm,0.06512520000251243
adult,26,,,,,,rbf_svm,0.06961759999830974
adult,27,57.0,29.0,6.0,0.27977672365595707,0.25,matched_gini,0.11965939999936381
adult,27,55.0,28.0,6.0,0.42140008790109645,0.37037037037037035,mags_fixed,0.11158699999941746
adult,27,55.0,28.0,6.0,0.31681661282635837,0.25925925925925924,mags_binary_excluded,0.09694610000588
adult,27,57.0,29.0,6.0,0.24646818809018292,0.21428571428571427,matched_gini_unrestricted,0.1810105000040494
adult,27,55.0,28.0,6.0,0.42044963413607317,0.37037037037037035,mags_fixed_unrestricted,0.14145889999781502
adult,27,57.0,29.0,6.0,,,cart_fixed,0.005883400001039263
adult,27,35.0,18.0,5.0,0.36793744676275747,0.0,mags_tuned,3.2198350000035134
adult,27,35.0,18.0,5.0,,,cart_tuned_depth,0.04476789999898756
adult,27,47.0,24.0,13.0,,,cart_pruned,0.09023460000025807
adult,27,63.0,32.0,6.0,,,noise_augmented_cart,0.08576300000277115
adult,27,,,,,,random_forest,0.10371309999754885
adult,27,,,,,,extra_trees,0.08208349999767961
adult,27,,,,,,linear_svm,0.05985839999630116
adult,27,,,,,,rbf_svm,0.06193409999832511
balance_scale,0,31.0,16.0,4.0,0.3722222222222222,0.0,matched_gini,0.003388400000403635
balance_scale,0,31.0,16.0,4.0,0.4222222222222222,0.0,mags_fixed,0.0034537000028649345
balance_scale,0,31.0,16.0,4.0,0.4222222222222222,0.0,mags_binary_excluded,0.0033121000014944
balance_scale,0,31.0,16.0,4.0,0.3722222222222222,0.0,matched_gini_unrestricted,0.0033653999998932704
balance_scale,0,31.0,16.0,4.0,0.4222222222222222,0.0,mags_fixed_unrestricted,0.003356000001076609
balance_scale,0,31.0,16.0,4.0,,,cart_fixed,0.0009833000003709458
balance_scale,0,77.0,39.0,7.0,0.5526315789473685,0.0,mags_tuned,0.11640729999635369
balance_scale,0,51.0,26.0,5.0,,,cart_tuned_depth,0.009112600004300475
balance_scale,0,81.0,41.0,8.0,,,cart_pruned,0.013044599996646866
balance_scale,0,31.0,16.0,4.0,,,noise_augmented_cart,0.0009915999980876222
balance_scale,0,,,,,,random_forest,0.06475379999756115
balance_scale,0,,,,,,extra_trees,0.044038499996531755
balance_scale,0,,,,,,linear_svm,0.00127269999939017
balance_scale,0,,,,,,rbf_svm,0.001782600003934931
balance_scale,1,29.0,15.0,4.0,0.32142857142857145,0.0,matched_gini,0.0034094000002369285
balance_scale,1,31.0,16.0,4.0,0.4166666666666667,0.0,mags_fixed,0.0032637000040267594
balance_scale,1,31.0,16.0,4.0,0.4166666666666667,0.0,mags_binary_excluded,0.0032366000014008023
balance_scale,1,29.0,15.0,4.0,0.32142857142857145,0.0,matched_gini_unrestricted,0.0032502999965799972
balance_scale,1,31.0,16.0,4.0,0.4166666666666667,0.0,mags_fixed_unrestricted,0.0033215000003110617
balance_scale,1,29.0,15.0,4.0,,,cart_fixed,0.0007641000047442503
balance_scale,1,79.0,40.0,7.0,0.4508547008547008,0.0,mags_tuned,0.12519460000476101
balance_scale,1,51.0,26.0,5.0,,,cart_tuned_depth,0.009454099999857135
balance_scale,1,85.0,43.0,8.0,,,cart_pruned,0.013397000002441928
balance_scale,1,29.0,15.0,4.0,,,noise_augmented_cart,0.0009389999977429397
balance_scale,1,,,,,,random_forest,0.06546130000060657
balance_scale,1,,,,,,extra_trees,0.04753109999728622
balance_scale,1,,,,,,linear_svm,0.0013870999973732978
balance_scale,1,,,,,,rbf_svm,0.001931200000399258
balance_scale,2,29.0,15.0,4.0,0.2619047619047619,0.0,matched_gini,0.0034435999987181276
balance_scale,2,29.0,15.0,4.0,0.3154761904761904,0.0,mags_fixed,0.004048900002089795
balance_scale,2,29.0,15.0,4.0,0.3154761904761904,0.0,mags_binary_excluded,0.0033237999959965236
balance_scale,2,29.0,15.0,4.0,0.2619047619047619,0.0,matched_gini_unrestricted,0.0032866999972611666
balance_scale,2,29.0,15.0,4.0,0.3154761904761904,0.0,mags_fixed_unrestricted,0.0032591999988653697
balance_scale,2,29.0,15.0,4.0,,,cart_fixed,0.0008742999998503365
balance_scale,2,45.0,23.0,5.0,0.3484848484848484,0.0,mags_tuned,0.12433810000220546
balance_scale,2,63.0,32.0,6.0,,,cart_tuned_depth,0.009318399999756366
balance_scale,2,25.0,13.0,6.0,,,cart_pruned,0.014230900000256952
balance_scale,2,31.0,16.0,4.0,,,noise_augmented_cart,0.0009502999964752235
balance_scale,2,,,,,,random_forest,0.06606309999915538
balance_scale,2,,,,,,extra_trees,0.04844510000111768
balance_scale,2,,,,,,linear_svm,0.0012858999980380759
balance_scale,2,,,,,,rbf_svm,0.0016832999972393736
balance_scale,3,31.0,16.0,4.0,0.2555555555555556,0.0,matched_gini,0.0034010999952442944
balance_scale,3,31.0,16.0,4.0,0.3555555555555555,0.0,mags_fixed,0.0032685999976820312
balance_scale,3,31.0,16.0,4.0,0.3555555555555555,0.0,mags_binary_excluded,0.0032828999974299222
balance_scale,3,31.0,16.0,4.0,0.2555555555555556,0.0,matched_gini_unrestricted,0.003375899999809917
balance_scale,3,31.0,16.0,4.0,0.3555555555555555,0.0,mags_fixed_unrestricted,0.003402599999390077
balance_scale,3,31.0,16.0,4.0,,,cart_fixed,0.0007909999985713512
balance_scale,3,79.0,40.0,7.0,0.5427350427350427,0.0,mags_tuned,0.13182450000022072
balance_scale,3,61.0,31.0,5.0,,,cart_tuned_depth,0.010637300001690164
balance_scale,3,39.0,20.0,5.0,,,cart_pruned,0.013384300000325311
balance_scale,3,31.0,16.0,4.0,,,noise_augmented_cart,0.0009585000007064082
balance_scale,3,,,,,,random_forest,0.06894800000009127
balance_scale,3,,,,,,extra_trees,0.048877000001084525
balance_scale,3,,,,,,linear_svm,0.0010567999997874722
balance_scale,3,,,,,,rbf_svm,0.0014921999973012134
balance_scale,4,29.0,15.0,4.0,0.35714285714285715,0.0,matched_gini,0.0032740000024205074
balance_scale,4,29.0,15.0,4.0,0.35714285714285715,0.0,mags_fixed,0.0031506000013905577
balance_scale,4,29.0,15.0,4.0,0.35714285714285715,0.0,mags_binary_excluded,0.0031390999938594177
balance_scale,4,29.0,15.0,4.0,0.35714285714285715,0.0,matched_gini_unrestricted,0.004453599998669233
balance_scale,4,29.0,15.0,4.0,0.35714285714285715,0.0,mags_fixed_unrestricted,0.0035547000006772578
balance_scale,4,29.0,15.0,4.0,,,cart_fixed,0.0008761999997659586
balance_scale,4,53.0,27.0,5.0,0.47756410256410253,0.0,mags_tuned,0.1343747000064468
balance_scale,4,85.0,43.0,8.0,,,cart_tuned_depth,0.008789599996816833
balance_scale,4,41.0,21.0,6.0,,,cart_pruned,0.013904200000979472
balance_scale,4,29.0,15.0,4.0,,,noise_augmented_cart,0.0009395999950356781
balance_scale,4,,,,,,random_forest,0.06710899999598041
balance_scale,4,,,,,,extra_trees,0.05888060000143014
balance_scale,4,,,,,,linear_svm,0.0016986999980872497
balance_scale,4,,,,,,rbf_svm,0.0019810999947367236
balance_scale,5,31.0,16.0,4.0,0.2833333333333333,0.0,matched_gini,0.0058719000007840805
balance_scale,5,31.0,16.0,4.0,0.2833333333333333,0.0,mags_fixed,0.003314500005217269
balance_scale,5,31.0,16.0,4.0,0.2833333333333333,0.0,mags_binary_excluded,0.0033142999964184128
balance_scale,5,31.0,16.0,4.0,0.2833333333333333,0.0,matched_gini_unrestricted,0.003344900003867224
balance_scale,5,31.0,16.0,4.0,0.2833333333333333,0.0,mags_fixed_unrestricted,0.003340700000990182
balance_scale,5,31.0,16.0,4.0,,,cart_fixed,0.0008299999972223304
balance_scale,5,31.0,16.0,4.0,0.31666666666666665,0.0,mags_tuned,0.12452930000290507
balance_scale,5,51.0,26.0,5.0,,,cart_tuned_depth,0.009404700002050959
balance_scale,5,25.0,13.0,5.0,,,cart_pruned,0.014201199999661185
balance_scale,5,31.0,16.0,4.0,,,noise_augmented_cart,0.0010547999991104007
balance_scale,5,,,,,,random_forest,0.06529150000278605
balance_scale,5,,,,,,extra_trees,0.050991999996767845
balance_scale,5,,,,,,linear_svm,0.0013245000009192154
balance_scale,5,,,,,,rbf_svm,0.0017816000035963953
balance_scale,6,31.0,16.0,4.0,0.2722222222222222,0.0,matched_gini,0.003510199996526353
balance_scale,6,31.0,16.0,4.0,0.28888888888888886,0.0,mags_fixed,0.003432299999985844
balance_scale,6,31.0,16.0,4.0,0.28888888888888886,0.0,mags_binary_excluded,0.003590499996789731
balance_scale,6,31.0,16.0,4.0,0.2722222222222222,0.0,matched_gini_unrestricted,0.003674499996122904
balance_scale,6,31.0,16.0,4.0,0.28888888888888886,0.0,mags_fixed_unrestricted,0.002591199998278171
balance_scale,6,31.0,16.0,4.0,,,cart_fixed,0.0008798999988357536
balance_scale,6,83.0,42.0,7.0,0.5528455284552846,0.0,mags_tuned,0.12459870000020601
balance_scale,6,77.0,39.0,6.0,,,cart_tuned_depth,0.012841900002968032
balance_scale,6,25.0,13.0,4.0,,,cart_pruned,0.014162500003294554
balance_scale,6,31.0,16.0,4.0,,,noise_augmented_cart,0.0009162000060314313
balance_scale,6,,,,,,random_forest,0.07240639999508858
balance_scale,6,,,,,,extra_trees,0.04896260000532493
balance_scale,6,,,,,,linear_svm,0.0013810000018565916
balance_scale,6,,,,,,rbf_svm,0.0018001999997068197
balance_scale,7,31.0,16.0,4.0,0.31666666666666665,0.0,matched_gini,0.0035825999948428944
balance_scale,7,31.0,16.0,4.0,0.4222222222222223,0.0,mags_fixed,0.0036356999989948235
balance_scale,7,31.0,16.0,4.0,0.4222222222222223,0.0,mags_binary_excluded,0.00345730000117328
balance_scale,7,31.0,16.0,4.0,0.31666666666666665,0.0,matched_gini_unrestricted,0.0036269999982323498
balance_scale,7,31.0,16.0,4.0,0.4222222222222223,0.0,mags_fixed_unrestricted,0.0035788000022876076
balance_scale,7,31.0,16.0,4.0,,,cart_fixed,0.0008019999950192869
balance_scale,7,91.0,46.0,7.0,0.5518518518518518,0.0,mags_tuned,0.1369667000035406
balance_scale,7,31.0,16.0,4.0,,,cart_tuned_depth,0.009266600005503278
balance_scale,7,27.0,14.0,6.0,,,cart_pruned,0.018128600000636652
balance_scale,7,31.0,16.0,4.0,,,noise_augmented_cart,0.0009721999958856031
balance_scale,7,,,,,,random_forest,0.06835799999680603
balance_scale,7,,,,,,extra_trees,0.04826180000236491
balance_scale,7,,,,,,linear_svm,0.0013086000035400502
balance_scale,7,,,,,,rbf_svm,0.001965299998119008
balance_scale,8,29.0,15.0,4.0,0.3095238095238095,0.0,matched_gini,0.0034286999944015406
balance_scale,8,29.0,15.0,4.0,0.3154761904761904,0.0,mags_fixed,0.0033245999948121607
balance_scale,8,29.0,15.0,4.0,0.3154761904761904,0.0,mags_binary_excluded,0.0065700999984983355
balance_scale,8,29.0,15.0,4.0,0.3095238095238095,0.0,matched_gini_unrestricted,0.003488000002107583
balance_scale,8,29.0,15.0,4.0,0.3154761904761904,0.0,mags_fixed_unrestricted,0.0033605999997234903
balance_scale,8,29.0,15.0,4.0,,,cart_fixed,0.0008549999984097667
balance_scale,8,29.0,15.0,4.0,0.3154761904761904,0.0,mags_tuned,0.12131760000193026
balance_scale,8,29.0,15.0,4.0,,,cart_tuned_depth,0.009244699998816941
balance_scale,8,27.0,14.0,7.0,,,cart_pruned,0.013926600004197098
balance_scale,8,31.0,16.0,4.0,,,noise_augmented_cart,0.0009333000052720308
balance_scale,8,,,,,,random_forest,0.06554509999841684
balance_scale,8,,,,,,extra_trees,0.05037050000100862
balance_scale,8,,,,,,linear_svm,0.0015570000032312237
balance_scale,8,,,,,,rbf_svm,0.0020332999993115664
balance_scale,9,31.0,16.0,4.0,0.3055555555555556,0.0,matched_gini,0.0034544000009191222
balance_scale,9,31.0,16.0,4.0,0.35555555555555557,0.0,mags_fixed,0.0035523000042303465
balance_scale,9,31.0,16.0,4.0,0.35555555555555557,0.0,mags_binary_excluded,0.0035645000025397167
balance_scale,9,31.0,16.0,4.0,0.3055555555555556,0.0,matched_gini_unrestricted,0.0037354000014602207
balance_scale,9,31.0,16.0,4.0,0.35555555555555557,0.0,mags_fixed_unrestricted,0.0035505000050761737
balance_scale,9,31.0,16.0,4.0,,,cart_fixed,0.0007998000000952743
balance_scale,9,53.0,27.0,5.0,0.42948717948717946,0.0,mags_tuned,0.13937129999976605
balance_scale,9,31.0,16.0,4.0,,,cart_tuned_depth,0.009451399993849918
balance_scale,9,17.0,9.0,4.0,,,cart_pruned,0.017254400001547765
balance_scale,9,31.0,16.0,4.0,,,noise_augmented_cart,0.0010092999946209602
balance_scale,9,,,,,,random_forest,0.06966399999510031
balance_scale,9,,,,,,extra_trees,0.049363400001311675
balance_scale,9,,,,,,linear_svm,0.0013882999992347322
balance_scale,9,,,,,,rbf_svm,0.001757400001224596
balance_scale,10,31.0,16.0,4.0,0.3277777777777778,0.0,matched_gini,0.003484799999569077
balance_scale,10,31.0,16.0,4.0,0.40555555555555556,0.0,mags_fixed,0.003315200003271457
balance_scale,10,31.0,16.0,4.0,0.40555555555555556,0.0,mags_binary_excluded,0.0033634999999776483
balance_scale,10,31.0,16.0,4.0,0.3111111111111111,0.0,matched_gini_unrestricted,0.003443500005232636
balance_scale,10,31.0,16.0,4.0,0.3555555555555555,0.0,mags_fixed_unrestricted,0.0034549999982118607
balance_scale,10,31.0,16.0,4.0,,,cart_fixed,0.0008780999996815808
balance_scale,10,31.0,16.0,4.0,0.40555555555555556,0.0,mags_tuned,0.13290970000525704
balance_scale,10,31.0,16.0,4.0,,,cart_tuned_depth,0.008689499998581596
balance_scale,10,39.0,20.0,6.0,,,cart_pruned,0.015718100003141444
balance_scale,10,31.0,16.0,4.0,,,noise_augmented_cart,0.0018476000041118823
balance_scale,10,,,,,,random_forest,0.06689129999722354
balance_scale,10,,,,,,extra_trees,0.04927119999774732
balance_scale,10,,,,,,linear_svm,0.00134529999922961
balance_scale,10,,,,,,rbf_svm,0.0018376999942120165
balance_scale,11,29.0,15.0,4.0,0.25,0.0,matched_gini,0.00335839999752352
balance_scale,11,29.0,15.0,4.0,0.25,0.0,mags_fixed,0.0040536000014981255
balance_scale,11,29.0,15.0,4.0,0.25,0.0,mags_binary_excluded,0.0047770000019227155
balance_scale,11,29.0,15.0,4.0,0.25,0.0,matched_gini_unrestricted,0.0025665999928605743
balance_scale,11,29.0,15.0,4.0,0.25,0.0,mags_fixed_unrestricted,0.0023626999973203056
balance_scale,11,29.0,15.0,4.0,,,cart_fixed,0.0007354999979725108
balance_scale,11,89.0,45.0,7.0,0.5113636363636364,0.0,mags_tuned,0.11656159999984084
balance_scale,11,75.0,38.0,6.0,,,cart_tuned_depth,0.007172600002377294
balance_scale,11,83.0,42.0,9.0,,,cart_pruned,0.010086200003570411
balance_scale,11,31.0,16.0,4.0,,,noise_augmented_cart,0.000745099998312071
balance_scale,11,,,,,,random_forest,0.044933899996976834
balance_scale,11,,,,,,extra_trees,0.04071790000307374
balance_scale,11,,,,,,linear_svm,0.0011230999953113496
balance_scale,11,,,,,,rbf_svm,0.0015087000065250322
balance_scale,12,31.0,16.0,4.0,0.2555555555555556,0.0,matched_gini,0.00262020000081975
balance_scale,12,31.0,16.0,4.0,0.3,0.0,mags_fixed,0.002252099999168422
balance_scale,12,31.0,16.0,4.0,0.3,0.0,mags_binary_excluded,0.0023842000009608455
balance_scale,12,31.0,16.0,4.0,0.2555555555555556,0.0,matched_gini_unrestricted,0.0025584999966667965
balance_scale,12,31.0,16.0,4.0,0.3,0.0,mags_fixed_unrestricted,0.002449999999953434
balance_scale,12,31.0,16.0,4.0,,,cart_fixed,0.0007785000052535906
balance_scale,12,31.0,16.0,4.0,0.3,0.0,mags_tuned,0.08098289999907138
balance_scale,12,81.0,41.0,6.0,,,cart_tuned_depth,0.008289500001410488
balance_scale,12,91.0,46.0,8.0,,,cart_pruned,0.01388069999666186
balance_scale,12,31.0,16.0,4.0,,,noise_augmented_cart,0.0009252000018022954
balance_scale,12,,,,,,random_forest,0.06598120000126073
balance_scale,12,,,,,,extra_trees,0.04586619999463437
balance_scale,12,,,,,,linear_svm,0.0012841999996453524
balance_scale,12,,,,,,rbf_svm,0.0017997000031755306
balance_scale,13,31.0,16.0,4.0,0.26666666666666666,0.0,matched_gini,0.002355199998419266
balance_scale,13,31.0,16.0,4.0,0.31666666666666665,0.0,mags_fixed,0.00232759999926202
balance_scale,13,31.0,16.0,4.0,0.31666666666666665,0.0,mags_binary_excluded,0.0024025000020628795
balance_scale,13,31.0,16.0,4.0,0.26666666666666666,0.0,matched_gini_unrestricted,0.0024608000021544285
balance_scale,13,31.0,16.0,4.0,0.31666666666666665,0.0,mags_fixed_unrestricted,0.0023655999975744635
balance_scale,13,31.0,16.0,4.0,,,cart_fixed,0.0008214000044972636
balance_scale,13,79.0,40.0,7.0,0.5192307692307693,0.0,mags_tuned,0.0954764999987674
balance_scale,13,31.0,16.0,4.0,,,cart_tuned_depth,0.007668899997952394
balance_scale,13,25.0,13.0,5.0,,,cart_pruned,0.01344999999855645
balance_scale,13,31.0,16.0,4.0,,,noise_augmented_cart,0.000884300003235694
balance_scale,13,,,,,,random_forest,0.06211559999792371
balance_scale,13,,,,,,extra_trees,0.043865700004971586
balance_scale,13,,,,,,linear_svm,0.0010613999984343536
balance_scale,13,,,,,,rbf_svm,0.0017360999991069548
balance_scale,14,31.0,16.0,4.0,0.2611111111111111,0.0,matched_gini,0.0026698000001488253
balance_scale,14,31.0,16.0,4.0,0.2611111111111111,0.0,mags_fixed,0.002301100001204759
balance_scale,14,31.0,16.0,4.0,0.2611111111111111,0.0,mags_binary_excluded,0.0023013999962131493
balance_scale,14,31.0,16.0,4.0,0.2611111111111111,0.0,matched_gini_unrestricted,0.0023837000044295564
balance_scale,14,31.0,16.0,4.0,0.2611111111111111,0.0,mags_fixed_unrestricted,0.002437600000121165
balance_scale,14,31.0,16.0,4.0,,,cart_fixed,0.0006945999994059093
balance_scale,14,75.0,38.0,7.0,0.509009009009009,0.0,mags_tuned,0.09525970000686357
balance_scale,14,71.0,36.0,6.0,,,cart_tuned_depth,0.008657999998831656
balance_scale,14,49.0,25.0,8.0,,,cart_pruned,0.013799300002574455
balance_scale,14,31.0,16.0,4.0,,,noise_augmented_cart,0.0011423999967519194
balance_scale,14,,,,,,random_forest,0.05840940000052797
balance_scale,14,,,,,,extra_trees,0.042666300003475044
balance_scale,14,,,,,,linear_svm,0.0012167000022600405
balance_scale,14,,,,,,rbf_svm,0.0016934000013861805
balance_scale,15,29.0,15.0,4.0,0.32142857142857145,0.0,matched_gini,0.002580200001830235
balance_scale,15,29.0,15.0,4.0,0.32142857142857145,0.0,mags_fixed,0.002461099997162819
balance_scale,15,29.0,15.0,4.0,0.32142857142857145,0.0,mags_binary_excluded,0.002375900003244169
balance_scale,15,29.0,15.0,4.0,0.32142857142857145,0.0,matched_gini_unrestricted,0.0025884999995469116
balance_scale,15,29.0,15.0,4.0,0.32142857142857145,0.0,mags_fixed_unrestricted,0.0024139999950421043
balance_scale,15,29.0,15.0,4.0,,,cart_fixed,0.0007475000020349398
balance_scale,15,75.0,38.0,7.0,0.48198198198198205,0.0,mags_tuned,0.09572940000361996
balance_scale,15,53.0,27.0,5.0,,,cart_tuned_depth,0.007648400001926348
balance_scale,15,41.0,21.0,6.0,,,cart_pruned,0.011551099996722769
balance_scale,15,31.0,16.0,4.0,,,noise_augmented_cart,0.0008898000014596619
balance_scale,15,,,,,,random_forest,0.05979710000246996
balance_scale,15,,,,,,extra_trees,0.04357819999859203
balance_scale,15,,,,,,linear_svm,0.0011654000045382418
balance_scale,15,,,,,,rbf_svm,0.0018030999999609776
balance_scale,16,31.0,16.0,4.0,0.27222222222222225,0.0,matched_gini,0.0027812000043923035
balance_scale,16,31.0,16.0,4.0,0.27222222222222225,0.0,mags_fixed,0.002793999999994412
balance_scale,16,31.0,16.0,4.0,0.27222222222222225,0.0,mags_binary_excluded,0.002729899999394547
balance_scale,16,31.0,16.0,4.0,0.27222222222222225,0.0,matched_gini_unrestricted,0.0025330999997095205
balance_scale,16,31.0,16.0,4.0,0.27222222222222225,0.0,mags_fixed_unrestricted,0.0025682999985292554
balance_scale,16,31.0,16.0,4.0,,,cart_fixed,0.000818799999251496
balance_scale,16,93.0,47.0,7.0,0.5797101449275363,0.0,mags_tuned,0.10627670000394573
balance_scale,16,97.0,49.0,7.0,,,cart_tuned_depth,0.007991200000105891
balance_scale,16,41.0,21.0,6.0,,,cart_pruned,0.015683500001614448
balance_scale,16,31.0,16.0,4.0,,,noise_augmented_cart,0.0009310000023106113
balance_scale,16,,,,,,random_forest,0.06326930000068387
balance_scale,16,,,,,,extra_trees,0.04329950000101235
balance_scale,16,,,,,,linear_svm,0.001433600002201274
balance_scale,16,,,,,,rbf_svm,0.002714000002015382
balance_scale,17,31.0,16.0,4.0,0.3055555555555556,0.0,matched_gini,0.0025289000041084364
balance_scale,17,31.0,16.0,4.0,0.3055555555555556,0.0,mags_fixed,0.0023683000035816804
balance_scale,17,31.0,16.0,4.0,0.3055555555555556,0.0,mags_binary_excluded,0.0026953000051435083
balance_scale,17,31.0,16.0,4.0,0.3055555555555556,0.0,matched_gini_unrestricted,0.0024389999962295406
balance_scale,17,31.0,16.0,4.0,0.3055555555555556,0.0,mags_fixed_unrestricted,0.0024118000001180917
balance_scale,17,31.0,16.0,4.0,,,cart_fixed,0.000717100003384985
balance_scale,17,85.0,43.0,7.0,0.4920634920634921,0.0,mags_tuned,0.09548380000342149
balance_scale,17,57.0,29.0,5.0,,,cart_tuned_depth,0.007946799996716436
balance_scale,17,87.0,44.0,8.0,,,cart_pruned,0.014913300001353491
balance_scale,17,31.0,16.0,4.0,,,noise_augmented_cart,0.0011945000005653128
balance_scale,17,,,,,,random_forest,0.060246000000915956
balance_scale,17,,,,,,extra_trees,0.043885899998713285
balance_scale,17,,,,,,linear_svm,0.001145800000813324
balance_scale,17,,,,,,rbf_svm,0.0017585999958100729
balance_scale,18,31.0,16.0,4.0,0.2611111111111111,0.0,matched_gini,0.002834699997038115
balance_scale,18,31.0,16.0,4.0,0.3055555555555555,0.0,mags_fixed,0.002449699997669086
balance_scale,18,31.0,16.0,4.0,0.3055555555555555,0.0,mags_binary_excluded,0.0025782000011531636
balance_scale,18,31.0,16.0,4.0,0.2611111111111111,0.0,matched_gini_unrestricted,0.0025229999955627136
balance_scale,18,31.0,16.0,4.0,0.3055555555555555,0.0,mags_fixed_unrestricted,0.0025389000002178364
balance_scale,18,31.0,16.0,4.0,,,cart_fixed,0.0007977999994182028
balance_scale,18,53.0,27.0,5.0,0.47756410256410253,0.0,mags_tuned,0.09786349999922095
balance_scale,18,31.0,16.0,4.0,,,cart_tuned_depth,0.00835920000099577
balance_scale,18,33.0,17.0,7.0,,,cart_pruned,0.014324000003398396
balance_scale,18,31.0,16.0,4.0,,,noise_augmented_cart,0.001064700001734309
balance_scale,18,,,,,,random_forest,0.06832489999942482
balance_scale,18,,,,,,extra_trees,0.06354589999682503
balance_scale,18,,,,,,linear_svm,0.0016166999994311482
balance_scale,18,,,,,,rbf_svm,0.002353600000787992
adult,28,55.0,28.0,6.0,0.3166958764493732,0.25925925925925924,matched_gini,0.12906269999803044
adult,28,53.0,27.0,6.0,0.5619119663322825,0.5384615384615384,mags_fixed,0.10883289999765111
adult,28,55.0,28.0,6.0,0.28169384144733817,0.2222222222222222,mags_binary_excluded,0.1265071999951033
adult,28,53.0,27.0,6.0,0.301178036231036,0.23076923076923078,matched_gini_unrestricted,0.14458819999708794
adult,28,53.0,27.0,6.0,0.5619119663322825,0.5384615384615384,mags_fixed_unrestricted,0.13603049999801442
adult,28,55.0,28.0,6.0,,,cart_fixed,0.005350500003260095
adult,28,55.0,28.0,6.0,0.35095513570863246,0.0,mags_tuned,3.5137612000035006
adult,28,215.0,108.0,17.0,,,cart_tuned_depth,0.04076319999876432
adult,28,85.0,43.0,14.0,,,cart_pruned,0.0724393999989843
adult,28,55.0,28.0,6.0,,,noise_augmented_cart,0.08580159999837633
adult,28,,,,,,random_forest,0.09106549999705749
adult,28,,,,,,extra_trees,0.06392990000313148
adult,28,,,,,,linear_svm,0.05803159999777563
adult,28,,,,,,rbf_svm,0.047766600000613835
balance_scale,19,31.0,16.0,4.0,0.3222222222222222,0.0,matched_gini,0.0026152999998885207
balance_scale,19,31.0,16.0,4.0,0.3722222222222222,0.0,mags_fixed,0.0024494000026606955
balance_scale,19,31.0,16.0,4.0,0.3722222222222222,0.0,mags_binary_excluded,0.0024008999971556477
balance_scale,19,31.0,16.0,4.0,0.3222222222222222,0.0,matched_gini_unrestricted,0.002460299998347182
balance_scale,19,31.0,16.0,4.0,0.3722222222222222,0.0,mags_fixed_unrestricted,0.002482600000803359
balance_scale,19,31.0,16.0,4.0,,,cart_fixed,0.0007075999965309165
balance_scale,19,31.0,16.0,4.0,0.3722222222222222,0.0,mags_tuned,0.11292959999991581
balance_scale,19,73.0,37.0,6.0,,,cart_tuned_depth,0.00863250000111293
balance_scale,19,21.0,11.0,4.0,,,cart_pruned,0.01621529999829363
balance_scale,19,31.0,16.0,4.0,,,noise_augmented_cart,0.0010081000000354834
balance_scale,19,,,,,,random_forest,0.061768200001097284
balance_scale,19,,,,,,extra_trees,0.04733539999870118
balance_scale,19,,,,,,linear_svm,0.0011889000015798956
balance_scale,19,,,,,,rbf_svm,0.0018276999981026165
adult,29,45.0,23.0,6.0,0.21777658989020268,0.18181818181818182,matched_gini,0.11967630000435747
adult,29,47.0,24.0,6.0,0.37143386522861194,0.34782608695652173,mags_fixed,0.11277770000015153
adult,29,45.0,23.0,6.0,0.2186409596797266,0.18181818181818182,mags_binary_excluded,0.11833710000064457
adult,29,47.0,24.0,6.0,0.25209344286878205,0.21739130434782608,matched_gini_unrestricted,0.13563779999822145
adult,29,49.0,25.0,6.0,0.4421718844096514,0.4166666666666667,mags_fixed_unrestricted,0.12549030000081984
adult,29,47.0,24.0,6.0,,,cart_fixed,0.00523560000146972
adult,29,75.0,38.0,7.0,0.5392379993154056,0.0,mags_tuned,3.2342531999966013
adult,29,31.0,16.0,5.0,,,cart_tuned_depth,0.03723380000155885
adult,29,107.0,54.0,16.0,,,cart_pruned,0.0781189000044833
adult,29,51.0,26.0,6.0,,,noise_augmented_cart,0.08290169999963837
adult,29,,,,,,random_forest,0.08543259999714792
adult,29,,,,,,extra_trees,0.06889270000101533
adult,29,,,,,,linear_svm,0.04865819999395171
adult,29,,,,,,rbf_svm,0.04472679999889806
balance_scale,20,31.0,16.0,4.0,0.3333333333333333,0.0,matched_gini,0.005486499998369254
balance_scale,20,31.0,16.0,4.0,0.38333333333333336,0.0,mags_fixed,0.00254020000284072
balance_scale,20,31.0,16.0,4.0,0.38333333333333336,0.0,mags_binary_excluded,0.0025507999962428585
balance_scale,20,31.0,16.0,4.0,0.3333333333333333,0.0,matched_gini_unrestricted,0.002474900000379421
balance_scale,20,31.0,16.0,4.0,0.38333333333333336,0.0,mags_fixed_unrestricted,0.002588100003777072
balance_scale,20,31.0,16.0,4.0,,,cart_fixed,0.000807399999757763
balance_scale,20,31.0,16.0,4.0,0.4166666666666667,0.0,mags_tuned,0.097901200002525
balance_scale,20,15.0,8.0,3.0,,,cart_tuned_depth,0.008321299996168818
balance_scale,20,39.0,20.0,7.0,,,cart_pruned,0.01740109999809647
balance_scale,20,31.0,16.0,4.0,,,noise_augmented_cart,0.0011757999964174815
balance_scale,20,,,,,,random_forest,0.07554119999986142
balance_scale,20,,,,,,extra_trees,0.04473219999636058
balance_scale,20,,,,,,linear_svm,0.001628900005016476
balance_scale,20,,,,,,rbf_svm,0.002380099998845253
balance_scale,21,31.0,16.0,4.0,0.27222222222222225,0.0,matched_gini,0.002786299999570474
balance_scale,21,31.0,16.0,4.0,0.38888888888888895,0.0,mags_fixed,0.0026543999993009493
balance_scale,21,31.0,16.0,4.0,0.38888888888888895,0.0,mags_binary_excluded,0.0025088999973377213
balance_scale,21,31.0,16.0,4.0,0.27222222222222225,0.0,matched_gini_unrestricted,0.00261060000048019
balance_scale,21,31.0,16.0,4.0,0.38888888888888895,0.0,mags_fixed_unrestricted,0.00267580000218004
balance_scale,21,31.0,16.0,4.0,,,cart_fixed,0.0007677999965380877
balance_scale,21,85.0,43.0,7.0,0.5714285714285714,0.0,mags_tuned,0.11665079999511363
balance_scale,21,31.0,16.0,4.0,,,cart_tuned_depth,0.010654700003215112
balance_scale,21,45.0,23.0,7.0,,,cart_pruned,0.014306099998066202
balance_scale,21,31.0,16.0,4.0,,,noise_augmented_cart,0.0010559000002103858
balance_scale,21,,,,,,random_forest,0.06167480000294745
balance_scale,21,,,,,,extra_trees,0.044120400001702365
balance_scale,21,,,,,,linear_svm,0.0014121000058366917
balance_scale,21,,,,,,rbf_svm,0.0017347000029985793
balance_scale,22,31.0,16.0,4.0,0.25,0.0,matched_gini,0.0025668000016594306
balance_scale,22,31.0,16.0,4.0,0.3,0.0,mags_fixed,0.002885399997467175
balance_scale,22,31.0,16.0,4.0,0.3,0.0,mags_binary_excluded,0.0025048000024980865
balance_scale,22,31.0,16.0,4.0,0.25,0.0,matched_gini_unrestricted,0.003009800006111618
balance_scale,22,31.0,16.0,4.0,0.3,0.0,mags_fixed_unrestricted,0.0027069999996456318
balance_scale,22,31.0,16.0,4.0,,,cart_fixed,0.0009139000030700117
balance_scale,22,89.0,45.0,7.0,0.5397727272727273,0.0,mags_tuned,0.11437990000558784
balance_scale,22,31.0,16.0,4.0,,,cart_tuned_depth,0.009261499995773192
balance_scale,22,37.0,19.0,7.0,,,cart_pruned,0.013112300002831034
balance_scale,22,31.0,16.0,4.0,,,noise_augmented_cart,0.0010271999999531545
balance_scale,22,,,,,,random_forest,0.06398579999950016
balance_scale,22,,,,,,extra_trees,0.04484500000398839
balance_scale,22,,,,,,linear_svm,0.0012937999999849126
balance_scale,22,,,,,,rbf_svm,0.0018502000020816922
balance_scale,23,31.0,16.0,4.0,0.27222222222222225,0.0,matched_gini,0.002706199993554037
balance_scale,23,31.0,16.0,4.0,0.3722222222222222,0.0,mags_fixed,0.0025764000019989908
balance_scale,23,31.0,16.0,4.0,0.3722222222222222,0.0,mags_binary_excluded,0.002580699998361524
balance_scale,23,31.0,16.0,4.0,0.27222222222222225,0.0,matched_gini_unrestricted,0.002536699998017866
balance_scale,23,31.0,16.0,4.0,0.3722222222222222,0.0,mags_fixed_unrestricted,0.0026746000003186055
balance_scale,23,31.0,16.0,4.0,,,cart_fixed,0.000727700004063081
balance_scale,23,15.0,8.0,3.0,0.35714285714285715,0.0,mags_tuned,0.09767380000266712
balance_scale,23,31.0,16.0,4.0,,,cart_tuned_depth,0.007800999999744818
balance_scale,23,63.0,32.0,7.0,,,cart_pruned,0.013726000004680827
balance_scale,23,31.0,16.0,4.0,,,noise_augmented_cart,0.0012452000009943731
balance_scale,23,,,,,,random_forest,0.061044800000672694
balance_scale,23,,,,,,extra_trees,0.04806119999557268
balance_scale,23,,,,,,linear_svm,0.0011901999969268218
balance_scale,23,,,,,,rbf_svm,0.0017993000001297332
balance_scale,24,29.0,15.0,4.0,0.25,0.0,matched_gini,0.0025454000060562976
balance_scale,24,29.0,15.0,4.0,0.25,0.0,mags_fixed,0.002381599995715078
balance_scale,24,29.0,15.0,4.0,0.25,0.0,mags_binary_excluded,0.0023832000006223097
balance_scale,24,29.0,15.0,4.0,0.25,0.0,matched_gini_unrestricted,0.002377200005867053
balance_scale,24,29.0,15.0,4.0,0.25,0.0,mags_fixed_unrestricted,0.002386200001637917
balance_scale,24,29.0,15.0,4.0,,,cart_fixed,0.0007075999965309165
balance_scale,24,29.0,15.0,4.0,0.25,0.0,mags_tuned,0.09568109999963781
balance_scale,24,79.0,40.0,6.0,,,cart_tuned_depth,0.00796740000077989
balance_scale,24,43.0,22.0,6.0,,,cart_pruned,0.01617380000243429
balance_scale,24,31.0,16.0,4.0,,,noise_augmented_cart,0.0013319999998202547
balance_scale,24,,,,,,random_forest,0.059534899999562185
balance_scale,24,,,,,,extra_trees,0.04388189999735914
balance_scale,24,,,,,,linear_svm,0.0011797000042861328
balance_scale,24,,,,,,rbf_svm,0.0018702999950619414
balance_scale,25,31.0,16.0,4.0,0.3555555555555555,0.0,matched_gini,0.0025397999997949228
balance_scale,25,31.0,16.0,4.0,0.4,0.0,mags_fixed,0.002425899998343084
balance_scale,25,31.0,16.0,4.0,0.4,0.0,mags_binary_excluded,0.002403299993602559
balance_scale,25,31.0,16.0,4.0,0.3055555555555555,0.0,matched_gini_unrestricted,0.0024590999964857474
balance_scale,25,31.0,16.0,4.0,0.35,0.0,mags_fixed_unrestricted,0.0024421999987680465
balance_scale,25,31.0,16.0,4.0,,,cart_fixed,0.0007112000021152198
balance_scale,25,95.0,48.0,7.0,0.5124113475177304,0.0,mags_tuned,0.10365679999813437
balance_scale,25,85.0,43.0,6.0,,,cart_tuned_depth,0.008004700001038145
balance_scale,25,97.0,49.0,7.0,,,cart_pruned,0.013700199997401796
balance_scale,25,31.0,16.0,4.0,,,noise_augmented_cart,0.0010413999989395961
balance_scale,25,,,,,,random_forest,0.060071899999456946
balance_scale,25,,,,,,extra_trees,0.04543060000287369
balance_scale,25,,,,,,linear_svm,0.0013270999988890253
balance_scale,25,,,,,,rbf_svm,0.0016452000054414384
balance_scale,26,31.0,16.0,4.0,0.32222222222222224,0.0,matched_gini,0.0026118000023416243
balance_scale,26,31.0,16.0,4.0,0.32222222222222224,0.0,mags_fixed,0.002684799997950904
balance_scale,26,31.0,16.0,4.0,0.32222222222222224,0.0,mags_binary_excluded,0.002442200006044004
balance_scale,26,31.0,16.0,4.0,0.32222222222222224,0.0,matched_gini_unrestricted,0.002506199998606462
balance_scale,26,31.0,16.0,4.0,0.32222222222222224,0.0,mags_fixed_unrestricted,0.002487099998688791
balance_scale,26,31.0,16.0,4.0,,,cart_fixed,0.0007397999943350442
balance_scale,26,77.0,39.0,7.0,0.5285087719298245,0.0,mags_tuned,0.08942219999880763
balance_scale,26,71.0,36.0,6.0,,,cart_tuned_depth,0.008386099994822871
balance_scale,26,43.0,22.0,6.0,,,cart_pruned,0.012993299998925067
balance_scale,26,31.0,16.0,4.0,,,noise_augmented_cart,0.0009114999993471429
balance_scale,26,,,,,,random_forest,0.0630234999989625
balance_scale,26,,,,,,extra_trees,0.04333259999839356
balance_scale,26,,,,,,linear_svm,0.0012047999989590608
balance_scale,26,,,,,,rbf_svm,0.0017340999984298833
balance_scale,27,31.0,16.0,4.0,0.27222222222222225,0.0,matched_gini,0.0025610999946366064
balance_scale,27,31.0,16.0,4.0,0.32222222222222224,0.0,mags_fixed,0.002428900006634649
balance_scale,27,31.0,16.0,4.0,0.32222222222222224,0.0,mags_binary_excluded,0.002437799994368106
balance_scale,27,31.0,16.0,4.0,0.27222222222222225,0.0,matched_gini_unrestricted,0.0024451999997836538
balance_scale,27,31.0,16.0,4.0,0.32222222222222224,0.0,mags_fixed_unrestricted,0.002467800004524179
balance_scale,27,31.0,16.0,4.0,,,cart_fixed,0.0006863000016892329
balance_scale,27,57.0,29.0,5.0,0.4970238095238096,0.0,mags_tuned,0.09747110000171233
balance_scale,27,31.0,16.0,4.0,,,cart_tuned_depth,0.007718900000327267
balance_scale,27,35.0,18.0,6.0,,,cart_pruned,0.0136144999996759
balance_scale,27,31.0,16.0,4.0,,,noise_augmented_cart,0.0010059999985969625
balance_scale,27,,,,,,random_forest,0.0606709999992745
balance_scale,27,,,,,,extra_trees,0.043353799999749754
balance_scale,27,,,,,,linear_svm,0.0011837999991257675
balance_scale,27,,,,,,rbf_svm,0.0017575000019860454
balance_scale,28,31.0,16.0,4.0,0.3055555555555555,0.0,matched_gini,0.0024095999979181215
balance_scale,28,31.0,16.0,4.0,0.3055555555555555,0.0,mags_fixed,0.0023508000012952834
balance_scale,28,31.0,16.0,4.0,0.3055555555555555,0.0,mags_binary_excluded,0.0023386000029859133
balance_scale,28,31.0,16.0,4.0,0.25555555555555554,0.0,matched_gini_unrestricted,0.0023722999976598658
balance_scale,28,31.0,16.0,4.0,0.3055555555555555,0.0,mags_fixed_unrestricted,0.0023740999968140386
balance_scale,28,31.0,16.0,4.0,,,cart_fixed,0.000665299994579982
balance_scale,28,55.0,28.0,5.0,0.42592592592592593,0.0,mags_tuned,0.08644560000539059
balance_scale,28,55.0,28.0,5.0,,,cart_tuned_depth,0.007578999997349456
balance_scale,28,25.0,13.0,5.0,,,cart_pruned,0.011674900000798516
balance_scale,28,31.0,16.0,4.0,,,noise_augmented_cart,0.0008919999963836744
balance_scale,28,,,,,,random_forest,0.05955050000193296
balance_scale,28,,,,,,extra_trees,0.049198400003660936
balance_scale,28,,,,,,linear_svm,0.0011817000049632043
balance_scale,28,,,,,,rbf_svm,0.0019476999950711615
balance_scale,29,31.0,16.0,4.0,0.31666666666666665,0.0,matched_gini,0.00274389999685809
balance_scale,29,31.0,16.0,4.0,0.3333333333333333,0.0,mags_fixed,0.002398600001470186
balance_scale,29,31.0,16.0,4.0,0.3333333333333333,0.0,mags_binary_excluded,0.002532699996663723
balance_scale,29,31.0,16.0,4.0,0.31666666666666665,0.0,matched_gini_unrestricted,0.00256430000445107
balance_scale,29,31.0,16.0,4.0,0.3333333333333333,0.0,mags_fixed_unrestricted,0.002435200003674254
balance_scale,29,31.0,16.0,4.0,,,cart_fixed,0.000720000003639143
balance_scale,29,61.0,31.0,5.0,0.5222222222222223,0.0,mags_tuned,0.0967508000030648
balance_scale,29,91.0,46.0,7.0,,,cart_tuned_depth,0.008161600002495106
balance_scale,29,91.0,46.0,7.0,,,cart_pruned,0.01539269999921089
balance_scale,29,31.0,16.0,4.0,,,noise_augmented_cart,0.0009190999990096316
balance_scale,29,,,,,,random_forest,0.061813899999833666
balance_scale,29,,,,,,extra_trees,0.045225800000480376
balance_scale,29,,,,,,linear_svm,0.0012854000015067868
balance_scale,29,,,,,,rbf_svm,0.0018130000025848858
bank_marketing,0,73.0,37.0,6.0,0.3595827600469665,0.3333333333333333,matched_gini,0.1149437999993097
bank_marketing,0,73.0,37.0,6.0,0.4101870796248123,0.3888888888888889,mags_fixed,0.11226449999958277
bank_marketing,0,73.0,37.0,6.0,0.33208099115027,0.3055555555555556,mags_binary_excluded,0.11373219999950379
bank_marketing,0,73.0,37.0,6.0,0.3191322536272572,0.2777777777777778,matched_gini_unrestricted,0.12516909999976633
bank_marketing,0,69.0,35.0,6.0,0.3436074356205051,0.3235294117647059,mags_fixed_unrestricted,0.12089820000255713
bank_marketing,0,77.0,39.0,6.0,,,cart_fixed,0.007649200000741985
bank_marketing,0,111.0,56.0,9.0,0.4187396401811054,0.0,mags_tuned,3.873467299999902
bank_marketing,0,225.0,113.0,19.0,,,cart_tuned_depth,0.09304390000033891
bank_marketing,0,11.0,6.0,5.0,,,cart_pruned,0.15743559999827994
bank_marketing,0,85.0,43.0,6.0,,,noise_augmented_cart,0.07608500000060303
bank_marketing,0,,,,,,random_forest,0.13848950000101468
bank_marketing,0,,,,,,extra_trees,0.10021699999924749
bank_marketing,0,,,,,,linear_svm,0.0965245000043069
bank_marketing,0,,,,,,rbf_svm,0.09253650000027847
bank_marketing,1,71.0,36.0,6.0,0.31088000349086425,0.2857142857142857,matched_gini,0.11877079999976559
bank_marketing,1,69.0,35.0,6.0,0.542627178045977,0.5294117647058824,mags_fixed,0.11306389999663224
bank_marketing,1,71.0,36.0,6.0,0.31126154131082573,0.2857142857142857,mags_binary_excluded,0.11511440000322182
bank_marketing,1,67.0,34.0,6.0,0.3036821840824842,0.2727272727272727,matched_gini_unrestricted,0.12072279999847524
bank_marketing,1,63.0,32.0,6.0,0.47789335761152435,0.45161290322580644,mags_fixed_unrestricted,0.12277270000049612
bank_marketing,1,69.0,35.0,6.0,,,cart_fixed,0.007598299998790026
bank_marketing,1,125.0,63.0,9.0,0.5928716359053299,0.0,mags_tuned,4.2307115999938105
bank_marketing,1,7.0,4.0,2.0,,,cart_tuned_depth,0.059894800004258286
bank_marketing,1,7.0,4.0,3.0,,,cart_pruned,0.12928970000211848
bank_marketing,1,85.0,43.0,6.0,,,noise_augmented_cart,0.07698250000248663
bank_marketing,1,,,,,,random_forest,0.14938229999825126
bank_marketing,1,,,,,,extra_trees,0.10680760000104783
bank_marketing,1,,,,,,linear_svm,0.09855110000353307
bank_marketing,1,,,,,,rbf_svm,0.06628169999748934
bank_marketing,2,67.0,34.0,6.0,0.32404225353744237,0.30303030303030304,matched_gini,0.11071190000075148
bank_marketing,2,69.0,35.0,6.0,0.3720348884427394,0.35294117647058826,mags_fixed,0.11246889999893028
bank_marketing,2,67.0,34.0,6.0,0.32404225353744237,0.30303030303030304,mags_binary_excluded,0.11332580000453163
bank_marketing,2,67.0,34.0,6.0,0.35936376216006527,0.3333333333333333,matched_gini_unrestricted,0.128096699998423
bank_marketing,2,67.0,34.0,6.0,0.4094545285531806,0.3939393939393939,mags_fixed_unrestricted,0.1268229000052088
bank_marketing,2,67.0,34.0,6.0,,,cart_fixed,0.007560299993201625
bank_marketing,2,107.0,54.0,9.0,0.3058987794471326,0.0,mags_tuned,3.990600600001926
bank_marketing,2,211.0,106.0,17.0,,,cart_tuned_depth,0.07051309999951627
bank_marketing,2,7.0,4.0,3.0,,,cart_pruned,0.14819919999717968
bank_marketing,2,73.0,37.0,6.0,,,noise_augmented_cart,0.07513580000522779
bank_marketing,2,,,,,,random_forest,0.1546717000019271
bank_marketing,2,,,,,,extra_trees,0.11036260000400944
bank_marketing,2,,,,,,linear_svm,0.10075910000159638
bank_marketing,2,,,,,,rbf_svm,0.06580959999701008
bank_marketing,3,73.0,37.0,6.0,0.40374641894483876,0.3888888888888889,matched_gini,0.11347249999380438
bank_marketing,3,59.0,30.0,6.0,0.5335813188146921,0.5172413793103449,mags_fixed,0.10638420000032056
bank_marketing,3,73.0,37.0,6.0,0.40383621779541345,0.3888888888888889,mags_binary_excluded,0.11950499999511521
bank_marketing,3,71.0,36.0,6.0,0.3059012037825371,0.2857142857142857,matched_gini_unrestricted,0.12970119999954477
bank_marketing,3,71.0,36.0,6.0,0.3577887559210442,0.34285714285714286,mags_fixed_unrestricted,0.1304939999972703
bank_marketing,3,69.0,35.0,6.0,,,cart_fixed,0.007310699998924974
bank_marketing,3,23.0,12.0,4.0,0.5662727443985377,0.0,mags_tuned,4.369793899997603
bank_marketing,3,7.0,4.0,2.0,,,cart_tuned_depth,0.0604933000067831
bank_marketing,3,7.0,4.0,3.0,,,cart_pruned,0.15534939999633934
bank_marketing,3,85.0,43.0,6.0,,,noise_augmented_cart,0.0834296999964863
bank_marketing,3,,,,,,random_forest,0.14263390000269283
bank_marketing,3,,,,,,extra_trees,0.11438620000262745
bank_marketing,3,,,,,,linear_svm,0.11554880000039702
bank_marketing,3,,,,,,rbf_svm,0.06774399999994785
bank_marketing,4,73.0,37.0,6.0,0.3090596158696435,0.2777777777777778,matched_gini,0.15563989999645855
bank_marketing,4,63.0,32.0,6.0,0.5343234425206365,0.5161290322580645,mags_fixed,0.14352019999932963
bank_marketing,4,73.0,37.0,6.0,0.31071082532136446,0.2777777777777778,mags_binary_excluded,0.15417109999543754
bank_marketing,4,71.0,36.0,6.0,0.3050616261317319,0.2857142857142857,matched_gini_unrestricted,0.19436529999802588
bank_marketing,4,65.0,33.0,6.0,0.4541885839398463,0.4375,mags_fixed_unrestricted,0.12879680000332883
bank_marketing,4,73.0,37.0,6.0,,,cart_fixed,0.008188899999368005
bank_marketing,4,29.0,15.0,4.0,0.29557870097187594,0.0,mags_tuned,3.8985590000011143
bank_marketing,4,7.0,4.0,2.0,,,cart_tuned_depth,0.05426479999732692
bank_marketing,4,231.0,116.0,19.0,,,cart_pruned,0.1454295000003185
bank_marketing,4,91.0,46.0,6.0,,,noise_augmented_cart,0.07874889999948209
bank_marketing,4,,,,,,random_forest,0.1549391000007745
bank_marketing,4,,,,,,extra_trees,0.10782990000006976
bank_marketing,4,,,,,,linear_svm,0.08561840000038501
bank_marketing,4,,,,,,rbf_svm,0.06639269999868702
bank_marketing,6,57.0,29.0,6.0,0.4150442951767016,0.39285714285714285,matched_gini,0.15124289999948815
bank_marketing,6,63.0,32.0,6.0,0.4662449225843377,0.45161290322580644,mags_fixed,0.1605474999960279
bank_marketing,6,57.0,29.0,6.0,0.4150442951767016,0.39285714285714285,mags_binary_excluded,0.14368080000713235
bank_marketing,6,57.0,29.0,6.0,0.40684343879385276,0.39285714285714285,matched_gini_unrestricted,0.15945690000080504
bank_marketing,6,49.0,25.0,6.0,0.5147592629674741,0.5,mags_fixed_unrestricted,0.11561300000175834
bank_marketing,6,53.0,27.0,6.0,,,cart_fixed,0.008581299996876623
bank_marketing,6,81.0,41.0,7.0,0.540862098275145,0.0,mags_tuned,4.1473819999955595
bank_marketing,6,7.0,4.0,2.0,,,cart_tuned_depth,0.061579300003359094
bank_marketing,6,17.0,9.0,6.0,,,cart_pruned,0.17219539999496192
bank_marketing,6,71.0,36.0,6.0,,,noise_augmented_cart,0.09855640000023413
bank_marketing,6,,,,,,random_forest,0.14100319999852218
bank_marketing,6,,,,,,extra_trees,0.0918013999980758
bank_marketing,6,,,,,,linear_svm,0.08608090000052471
bank_marketing,6,,,,,,rbf_svm,0.06885460000194144
bank_marketing,5,65.0,33.0,6.0,0.4835264272382058,0.46875,matched_gini,0.20429580000200076
bank_marketing,5,71.0,36.0,6.0,0.38917928184662887,0.37142857142857144,mags_fixed,0.13347820000490174
bank_marketing,5,65.0,33.0,6.0,0.4679014272382058,0.4375,mags_binary_excluded,0.13720589999866206
bank_marketing,5,73.0,37.0,6.0,0.28143969469051916,0.25,matched_gini_unrestricted,0.16026160000183154
bank_marketing,5,79.0,40.0,6.0,0.3915626320389137,0.358974358974359,mags_fixed_unrestricted,0.16277309999713907
bank_marketing,5,65.0,33.0,6.0,,,cart_fixed,0.007997499997145496
bank_marketing,5,103.0,52.0,9.0,0.469164482086366,0.0,mags_tuned,4.255776099998911
bank_marketing,5,205.0,103.0,21.0,,,cart_tuned_depth,0.07829810000112047
bank_marketing,5,5.0,3.0,2.0,,,cart_pruned,0.18141589999868302
bank_marketing,5,85.0,43.0,6.0,,,noise_augmented_cart,0.06858529999590246
bank_marketing,5,,,,,,random_forest,0.14864249999664025
bank_marketing,5,,,,,,extra_trees,0.10195409999869298
bank_marketing,5,,,,,,linear_svm,0.12127070000133244
bank_marketing,5,,,,,,rbf_svm,0.09420440000394592
bank_marketing,7,69.0,35.0,6.0,0.40170979090350867,0.38235294117647056,matched_gini,0.16167040000436828
bank_marketing,7,75.0,38.0,6.0,0.5803146800194297,0.5675675675675675,mags_fixed,0.15421649999916553
bank_marketing,7,69.0,35.0,6.0,0.37243294254948817,0.35294117647058826,mags_binary_excluded,0.14681240000209073
bank_marketing,7,77.0,39.0,6.0,0.31363863122949404,0.2894736842105263,matched_gini_unrestricted,0.14450159999978496
bank_marketing,7,73.0,37.0,6.0,0.4367629250802755,0.4166666666666667,mags_fixed_unrestricted,0.14772179999999935
bank_marketing,7,67.0,34.0,6.0,,,cart_fixed,0.007128100005502347
bank_marketing,7,31.0,16.0,4.0,0.4739730949960383,0.0,mags_tuned,4.196838000003481
bank_marketing,7,7.0,4.0,2.0,,,cart_tuned_depth,0.05566910000197822
bank_marketing,7,217.0,109.0,19.0,,,cart_pruned,0.16345230000297306
bank_marketing,7,91.0,46.0,6.0,,,noise_augmented_cart,0.10360670000227401
bank_marketing,7,,,,,,random_forest,0.14720439999655355
bank_marketing,7,,,,,,extra_trees,0.10011020000092685
bank_marketing,7,,,,,,linear_svm,0.09663449999789009
bank_marketing,7,,,,,,rbf_svm,0.07155680000141729
bank_marketing,8,67.0,34.0,6.0,0.3015440649892092,0.2727272727272727,matched_gini,0.15683229999558534
bank_marketing,8,61.0,31.0,6.0,0.38120825940326925,0.36666666666666664,mags_fixed,0.16047849999449681
bank_marketing,8,67.0,34.0,6.0,0.3015440649892092,0.2727272727272727,mags_binary_excluded,0.16608399999677204
bank_marketing,8,71.0,36.0,6.0,0.2610843935445498,0.22857142857142856,matched_gini_unrestricted,0.19400229999882868
bank_marketing,8,65.0,33.0,6.0,0.45427739081239815,0.4375,mags_fixed_unrestricted,0.15828579999651993
bank_marketing,8,77.0,39.0,6.0,,,cart_fixed,0.008471699999063276
bank_marketing,8,107.0,54.0,9.0,0.3826953078918115,0.0,mags_tuned,4.072065300002578
bank_marketing,8,7.0,4.0,2.0,,,cart_tuned_depth,0.057906699999875855
bank_marketing,8,15.0,8.0,5.0,,,cart_pruned,0.16131009999662638
bank_marketing,8,83.0,42.0,6.0,,,noise_augmented_cart,0.09063459999742918
bank_marketing,8,,,,,,random_forest,0.13932869999553077
bank_marketing,8,,,,,,extra_trees,0.10308850000001257
bank_marketing,8,,,,,,linear_svm,0.0980998000013642
bank_marketing,8,,,,,,rbf_svm,0.0618112999945879
bank_marketing,9,67.0,34.0,6.0,0.32792604050068735,0.30303030303030304,matched_gini,0.16574759999639355
bank_marketing,9,59.0,30.0,6.0,0.5043575680772632,0.4827586206896552,mags_fixed,0.1497250000029453
bank_marketing,9,67.0,34.0,6.0,0.32792604050068735,0.30303030303030304,mags_binary_excluded,0.16572379999706754
bank_marketing,9,67.0,34.0,6.0,0.26671372490630396,0.24242424242424243,matched_gini_unrestricted,0.16545429999678163
bank_marketing,9,61.0,31.0,6.0,0.4821803622221755,0.4666666666666667,mags_fixed_unrestricted,0.1667336999962572
bank_marketing,9,71.0,36.0,6.0,,,cart_fixed,0.007620700002007652
bank_marketing,9,29.0,15.0,4.0,0.4375260950990178,0.0,mags_tuned,4.168532600000617
bank_marketing,9,15.0,8.0,3.0,,,cart_tuned_depth,0.05448690000048373
bank_marketing,9,43.0,22.0,10.0,,,cart_pruned,0.15380710000317777
bank_marketing,9,69.0,35.0,6.0,,,noise_augmented_cart,0.07516670000040904
bank_marketing,9,,,,,,random_forest,0.14580530000239378
bank_marketing,9,,,,,,extra_trees,0.1017571999982465
bank_marketing,9,,,,,,linear_svm,0.11932270000397693
bank_marketing,9,,,,,,rbf_svm,0.06778099999792175
bank_marketing,10,71.0,36.0,6.0,0.39116700967761936,0.37142857142857144,matched_gini,0.1655213999983971
bank_marketing,10,69.0,35.0,6.0,0.45796268596317885,0.4411764705882353,mags_fixed,0.17823930000304244
bank_marketing,10,71.0,36.0,6.0,0.39116700967761936,0.37142857142857144,mags_binary_excluded,0.16825289999542292
bank_marketing,10,69.0,35.0,6.0,0.31799966776273647,0.29411764705882354,matched_gini_unrestricted,0.17276590000255965
bank_marketing,10,67.0,34.0,6.0,0.46822585647526604,0.45454545454545453,mags_fixed_unrestricted,0.1721352000022307
bank_marketing,10,67.0,34.0,6.0,,,cart_fixed,0.008681999999680556
bank_marketing,10,59.0,30.0,6.0,0.42569347862396667,0.0,mags_tuned,3.8500033000018448
bank_marketing,10,31.0,16.0,4.0,,,cart_tuned_depth,0.061946800000441726
bank_marketing,10,17.0,9.0,6.0,,,cart_pruned,0.1596821000057389
bank_marketing,10,75.0,38.0,6.0,,,noise_augmented_cart,0.07966219999798341
bank_marketing,10,,,,,,random_forest,0.14440379999723518
bank_marketing,10,,,,,,extra_trees,0.10699750000640051
bank_marketing,10,,,,,,linear_svm,0.13324200000351993
bank_marketing,10,,,,,,rbf_svm,0.06963019999966491
bank_marketing,11,69.0,35.0,6.0,0.37153776195906835,0.35294117647058826,matched_gini,0.18395430000236956
bank_marketing,11,55.0,28.0,6.0,0.5691598608481166,0.5555555555555556,mags_fixed,0.16222600000037346
bank_marketing,11,69.0,35.0,6.0,0.3542625280018491,0.3235294117647059,mags_binary_excluded,0.1825154999969527
bank_marketing,11,71.0,36.0,6.0,0.31189833793134236,0.2857142857142857,matched_gini_unrestricted,0.16116029999830062
bank_marketing,11,69.0,35.0,6.0,0.4032721141619356,0.38235294117647056,mags_fixed_unrestricted,0.1980870999977924
bank_marketing,11,69.0,35.0,6.0,,,cart_fixed,0.015564000001177192
bank_marketing,11,111.0,56.0,9.0,0.36158947517111206,0.0,mags_tuned,4.15807119999954
bank_marketing,11,113.0,57.0,10.0,,,cart_tuned_depth,0.07475659999909112
bank_marketing,11,29.0,15.0,8.0,,,cart_pruned,0.17548259999603033
bank_marketing,11,87.0,44.0,6.0,,,noise_augmented_cart,0.08404049999808194
bank_marketing,11,,,,,,random_forest,0.1600040999983321
bank_marketing,11,,,,,,extra_trees,0.10763430000224616
bank_marketing,11,,,,,,linear_svm,0.08857529999659164
bank_marketing,11,,,,,,rbf_svm,0.06789560000470374
bank_marketing,12,65.0,33.0,6.0,0.28313759918405085,0.25,matched_gini,0.1736804000029224
bank_marketing,12,63.0,32.0,6.0,0.4443864246779018,0.41935483870967744,mags_fixed,0.13727350000408478
bank_marketing,12,65.0,33.0,6.0,0.28313759918405085,0.25,mags_binary_excluded,0.1571260999990045
bank_marketing,12,73.0,37.0,6.0,0.3245976373515779,0.3055555555555556,matched_gini_unrestricted,0.2171472000045469
bank_marketing,12,61.0,31.0,6.0,0.390936991706946,0.36666666666666664,mags_fixed_unrestricted,0.19203900000138674
bank_marketing,12,69.0,35.0,6.0,,,cart_fixed,0.007764199996017851
bank_marketing,12,25.0,13.0,4.0,0.4262013157539224,0.0,mags_tuned,3.9351897000015015
bank_marketing,12,49.0,25.0,5.0,,,cart_tuned_depth,0.06552679999731481
bank_marketing,12,43.0,22.0,12.0,,,cart_pruned,0.17786010000418173
bank_marketing,12,85.0,43.0,6.0,,,noise_augmented_cart,0.08289009999862174
bank_marketing,12,,,,,,random_forest,0.13205540000490146
bank_marketing,12,,,,,,extra_trees,0.10366179999982705
bank_marketing,12,,,,,,linear_svm,0.10757159999775467
bank_marketing,12,,,,,,rbf_svm,0.08227930000430206
bank_marketing,13,61.0,31.0,6.0,0.3898971826912733,0.36666666666666664,matched_gini,0.1924010000002454
bank_marketing,13,65.0,33.0,6.0,0.4842031991317611,0.46875,mags_fixed,0.14656240000476828
bank_marketing,13,61.0,31.0,6.0,0.3941706869647776,0.36666666666666664,mags_binary_excluded,0.15516930000012508
bank_marketing,13,59.0,30.0,6.0,0.2693622881910132,0.2413793103448276,matched_gini_unrestricted,0.140048499997647
bank_marketing,13,65.0,33.0,6.0,0.45530290709441346,0.4375,mags_fixed_unrestricted,0.15104580000479473
bank_marketing,13,61.0,31.0,6.0,,,cart_fixed,0.007336700000450946
bank_marketing,13,123.0,62.0,9.0,0.45089734877104626,0.0,mags_tuned,4.194624499999918
bank_marketing,13,209.0,105.0,23.0,,,cart_tuned_depth,0.06419129999994766
bank_marketing,13,7.0,4.0,3.0,,,cart_pruned,0.15254030000505736
bank_marketing,13,67.0,34.0,6.0,,,noise_augmented_cart,0.07196790000307374
bank_marketing,13,,,,,,random_forest,0.14747350000106962
bank_marketing,13,,,,,,extra_trees,0.10473980000097072
bank_marketing,13,,,,,,linear_svm,0.10703959999955259
bank_marketing,13,,,,,,rbf_svm,0.06918639999639709
bank_marketing,14,73.0,37.0,6.0,0.3855436066682626,0.3611111111111111,matched_gini,0.21025229999941075
bank_marketing,14,67.0,34.0,6.0,0.5318536509771384,0.5151515151515151,mags_fixed,0.13809599999513011
bank_marketing,14,73.0,37.0,6.0,0.39413326991503667,0.3611111111111111,mags_binary_excluded,0.1663300000000163
bank_marketing,14,67.0,34.0,6.0,0.4198484658641576,0.3939393939393939,matched_gini_unrestricted,0.1544477999996161
bank_marketing,14,71.0,36.0,6.0,0.5331368375802679,0.5142857142857142,mags_fixed_unrestricted,0.18159670000022743
bank_marketing,14,73.0,37.0,6.0,,,cart_fixed,0.007267000000865664
bank_marketing,14,139.0,70.0,9.0,0.4340905993089643,0.0,mags_tuned,4.441683799996099
bank_marketing,14,53.0,27.0,5.0,,,cart_tuned_depth,0.06092979999812087
bank_marketing,14,215.0,108.0,15.0,,,cart_pruned,0.13443350000306964
bank_marketing,14,83.0,42.0,6.0,,,noise_augmented_cart,0.09915020000335062
bank_marketing,14,,,,,,random_forest,0.1567912000027718
bank_marketing,14,,,,,,extra_trees,0.09903889999986859
bank_marketing,14,,,,,,linear_svm,0.08800930000143126
bank_marketing,14,,,,,,rbf_svm,0.06731420000141952
bank_marketing,15,59.0,30.0,6.0,0.3297207527665409,0.3103448275862069,matched_gini,0.14965610000217566
bank_marketing,15,61.0,31.0,6.0,0.4826007192687707,0.4666666666666667,mags_fixed,0.17024440000386676
bank_marketing,15,59.0,30.0,6.0,0.3303448750945172,0.3103448275862069,mags_binary_excluded,0.17721390000224346
bank_marketing,15,63.0,32.0,6.0,0.34261316813984094,0.3225806451612903,matched_gini_unrestricted,0.17846219999773894
bank_marketing,15,67.0,34.0,6.0,0.39228317953793157,0.36363636363636365,mags_fixed_unrestricted,0.18014250000123866
bank_marketing,15,61.0,31.0,6.0,,,cart_fixed,0.008216100002755411
bank_marketing,15,125.0,63.0,9.0,0.4269254231741351,0.0,mags_tuned,4.437898500000301
bank_marketing,15,149.0,75.0,10.0,,,cart_tuned_depth,0.0690586999990046
bank_marketing,15,71.0,36.0,12.0,,,cart_pruned,0.1438025999959791
bank_marketing,15,83.0,42.0,6.0,,,noise_augmented_cart,0.07393789999332512
bank_marketing,15,,,,,,random_forest,0.14795669999875827
bank_marketing,15,,,,,,extra_trees,0.11031670000375016
bank_marketing,15,,,,,,linear_svm,0.09270420000393642
bank_marketing,15,,,,,,rbf_svm,0.06186339999840129
bank_marketing,16,63.0,32.0,6.0,0.2720087414976766,0.25806451612903225,matched_gini,0.1544519999952172
bank_marketing,16,61.0,31.0,6.0,0.44153789165298324,0.43333333333333335,mags_fixed,0.1536564999987604
bank_marketing,16,63.0,32.0,6.0,0.2724705496310829,0.25806451612903225,mags_binary_excluded,0.18321429999923566
bank_marketing,16,65.0,33.0,6.0,0.2653740290123228,0.25,matched_gini_unrestricted,0.17139740000129677
bank_marketing,16,59.0,30.0,6.0,0.3925677793961203,0.3793103448275862,mags_fixed_unrestricted,0.18975199999840697
bank_marketing,16,71.0,36.0,6.0,,,cart_fixed,0.008004999996046536
bank_marketing,16,29.0,15.0,4.0,0.3634290364194334,0.0,mags_tuned,4.316033999995852
bank_marketing,16,7.0,4.0,2.0,,,cart_tuned_depth,0.08857340000395197
bank_marketing,16,7.0,4.0,3.0,,,cart_pruned,0.1521945999993477
bank_marketing,16,75.0,38.0,6.0,,,noise_augmented_cart,0.07101700000202982
bank_marketing,16,,,,,,random_forest,0.18908689999807393
bank_marketing,16,,,,,,extra_trees,0.12736320000112755
bank_marketing,16,,,,,,linear_svm,0.12184820000402397
bank_marketing,16,,,,,,rbf_svm,0.06520540000201436
bank_marketing,17,67.0,34.0,6.0,0.4134739562360628,0.3939393939393939,matched_gini,0.14051389999804087
bank_marketing,17,61.0,31.0,6.0,0.5747613897797018,0.5666666666666667,mags_fixed,0.1772869999986142
bank_marketing,17,69.0,35.0,6.0,0.3488822700589036,0.3235294117647059,mags_binary_excluded,0.16549640000448562
bank_marketing,17,61.0,31.0,6.0,0.3516314543913016,0.3333333333333333,matched_gini_unrestricted,0.17839290000119945
bank_marketing,17,61.0,31.0,6.0,0.5484148650861495,0.5333333333333333,mags_fixed_unrestricted,0.19681360000686254
bank_marketing,17,61.0,31.0,6.0,,,cart_fixed,0.00862559999950463
bank_marketing,17,25.0,13.0,4.0,0.5990656632697102,0.0,mags_tuned,4.5299779000051785
bank_marketing,17,43.0,22.0,5.0,,,cart_tuned_depth,0.06027950000134297
bank_marketing,17,19.0,10.0,7.0,,,cart_pruned,0.1724956000034581
bank_marketing,17,81.0,41.0,6.0,,,noise_augmented_cart,0.0716896000012639
bank_marketing,17,,,,,,random_forest,0.1616899000000558
bank_marketing,17,,,,,,extra_trees,0.10101939999731258
bank_marketing,17,,,,,,linear_svm,0.1353503999998793
bank_marketing,17,,,,,,rbf_svm,0.0805051999996067
bank_marketing,18,71.0,36.0,6.0,0.31583524249451905,0.2857142857142857,matched_gini,0.1436041999986628
bank_marketing,18,67.0,34.0,6.0,0.4704994775120827,0.45454545454545453,mags_fixed,0.14943869999842718
bank_marketing,18,71.0,36.0,6.0,0.31873268603235666,0.2857142857142857,mags_binary_excluded,0.15627939999831142
bank_marketing,18,77.0,39.0,6.0,0.3651995670693625,0.34210526315789475,matched_gini_unrestricted,0.19592899999406654
bank_marketing,18,69.0,35.0,6.0,0.4867602798389219,0.47058823529411764,mags_fixed_unrestricted,0.17674410000472562
bank_marketing,18,77.0,39.0,6.0,,,cart_fixed,0.007797600002959371
bank_marketing,18,125.0,63.0,9.0,0.28312514255159504,0.0,mags_tuned,4.601372999997693
bank_marketing,18,127.0,64.0,10.0,,,cart_tuned_depth,0.058231999995769
bank_marketing,18,77.0,39.0,15.0,,,cart_pruned,0.18418999999994412
bank_marketing,18,87.0,44.0,6.0,,,noise_augmented_cart,0.08008590000099503
bank_marketing,18,,,,,,random_forest,0.1496530000003986
bank_marketing,18,,,,,,extra_trees,0.09763889999885578
bank_marketing,18,,,,,,linear_svm,0.12757039999996778
bank_marketing,18,,,,,,rbf_svm,0.05514809999294812
bank_marketing,19,59.0,30.0,6.0,0.35951349341026995,0.3448275862068966,matched_gini,0.1602398000031826
bank_marketing,19,59.0,30.0,6.0,0.43149039904779124,0.41379310344827586,mags_fixed,0.19756849999976112
bank_marketing,19,59.0,30.0,6.0,0.3598478812934132,0.3448275862068966,mags_binary_excluded,0.16172329999972135
bank_marketing,19,61.0,31.0,6.0,0.35047261454930767,0.3333333333333333,matched_gini_unrestricted,0.23352650000015274
bank_marketing,19,57.0,29.0,6.0,0.445311368011897,0.42857142857142855,mags_fixed_unrestricted,0.18940940000175033
bank_marketing,19,59.0,30.0,6.0,,,cart_fixed,0.007381399998848792
bank_marketing,19,111.0,56.0,9.0,0.3315565462966057,0.0,mags_tuned,4.3538165999998455
bank_marketing,19,7.0,4.0,2.0,,,cart_tuned_depth,0.06125220000103582
bank_marketing,19,15.0,8.0,5.0,,,cart_pruned,0.1751700000022538
bank_marketing,19,71.0,36.0,6.0,,,noise_augmented_cart,0.07313019999855896
bank_marketing,19,,,,,,random_forest,0.16450549999717623
bank_marketing,19,,,,,,extra_trees,0.11480450000090059
bank_marketing,19,,,,,,linear_svm,0.1114813000021968
bank_marketing,19,,,,,,rbf_svm,0.06849299999885261
bank_marketing,20,59.0,30.0,6.0,0.36943299410646757,0.3448275862068966,matched_gini,0.14932380000391277
bank_marketing,20,59.0,30.0,6.0,0.5020622256795435,0.4827586206896552,mags_fixed,0.18695179999485845
bank_marketing,20,65.0,33.0,6.0,0.3066735583793979,0.28125,mags_binary_excluded,0.2806353999985731
bank_marketing,20,65.0,33.0,6.0,0.32544077280377404,0.3125,matched_gini_unrestricted,0.17737879999913275
bank_marketing,20,61.0,31.0,6.0,0.5817195221448854,0.5666666666666667,mags_fixed_unrestricted,0.1495308000012301
bank_marketing,20,57.0,29.0,6.0,,,cart_fixed,0.006969199996092357
bank_marketing,20,111.0,56.0,9.0,0.45051556880035987,0.0,mags_tuned,4.008725700005016
bank_marketing,20,57.0,29.0,6.0,,,cart_tuned_depth,0.058337299997219816
bank_marketing,20,17.0,9.0,5.0,,,cart_pruned,0.15467939999507507
bank_marketing,20,75.0,38.0,6.0,,,noise_augmented_cart,0.06877330000133952
bank_marketing,20,,,,,,random_forest,0.13248849999945378
bank_marketing,20,,,,,,extra_trees,0.12942370000382653
bank_marketing,20,,,,,,linear_svm,0.07194460000027902
bank_marketing,20,,,,,,rbf_svm,0.0705658999941079
bank_marketing,21,61.0,31.0,6.0,0.4102390635974428,0.4,matched_gini,0.14218229999823961
bank_marketing,21,67.0,34.0,6.0,0.4652074086047179,0.45454545454545453,mags_fixed,0.19276410000020405
bank_marketing,21,59.0,30.0,6.0,0.4234789605738356,0.41379310344827586,mags_binary_excluded,0.151923599994916
bank_marketing,21,67.0,34.0,6.0,0.3495682063353194,0.3333333333333333,matched_gini_unrestricted,0.16848700000264216
bank_marketing,21,69.0,35.0,6.0,0.45459941023041217,0.4411764705882353,mags_fixed_unrestricted,0.1483243999973638
bank_marketing,21,59.0,30.0,6.0,,,cart_fixed,0.007275600000866689
bank_marketing,21,67.0,34.0,6.0,0.4652074086047179,0.0,mags_tuned,3.645064000003913
bank_marketing,21,15.0,8.0,3.0,,,cart_tuned_depth,0.062208200004533865
bank_marketing,21,23.0,12.0,5.0,,,cart_pruned,0.1625172999993083
bank_marketing,21,85.0,43.0,6.0,,,noise_augmented_cart,0.0688092000054894
bank_marketing,21,,,,,,random_forest,0.13172479999775533
bank_marketing,21,,,,,,extra_trees,0.09589340000093216
bank_marketing,21,,,,,,linear_svm,0.09465130000171484
bank_marketing,21,,,,,,rbf_svm,0.060180799999216106
bank_marketing,22,63.0,32.0,6.0,0.33609332725723506,0.3225806451612903,matched_gini,0.20882849999907194
bank_marketing,22,67.0,34.0,6.0,0.444392201608415,0.42424242424242425,mags_fixed,0.14568180000060238
bank_marketing,22,63.0,32.0,6.0,0.3110845048303108,0.2903225806451613,mags_binary_excluded,0.17355780000070808
bank_marketing,22,75.0,38.0,6.0,0.3081565057765262,0.2972972972972973,matched_gini_unrestricted,0.17516340000292985
bank_marketing,22,77.0,39.0,6.0,0.5167003168103436,0.5,mags_fixed_unrestricted,0.1767632000046433
bank_marketing,22,69.0,35.0,6.0,,,cart_fixed,0.00723429999925429
bank_marketing,22,29.0,15.0,4.0,0.44501765557869943,0.0,mags_tuned,3.6628450999996858
bank_marketing,22,219.0,110.0,19.0,,,cart_tuned_depth,0.06859370000165654
bank_marketing,22,219.0,110.0,19.0,,,cart_pruned,0.1480509000029997
bank_marketing,22,77.0,39.0,6.0,,,noise_augmented_cart,0.07512890000361949
bank_marketing,22,,,,,,random_forest,0.12398299999767914
bank_marketing,22,,,,,,extra_trees,0.09576669999660226
bank_marketing,22,,,,,,linear_svm,0.11920719999761786
bank_marketing,22,,,,,,rbf_svm,0.06931859999895096
bank_marketing,23,71.0,36.0,6.0,0.41489879231229304,0.4,matched_gini,0.1159683000005316
bank_marketing,23,57.0,29.0,6.0,0.44376052455785997,0.42857142857142855,mags_fixed,0.13706420000380604
bank_marketing,23,71.0,36.0,6.0,0.4144997528321304,0.4,mags_binary_excluded,0.23637719999533147
bank_marketing,23,63.0,32.0,6.0,0.3124826119349444,0.2903225806451613,matched_gini_unrestricted,0.1514242999983253
bank_marketing,23,55.0,28.0,6.0,0.4571986775617471,0.4444444444444444,mags_fixed_unrestricted,0.14104370000131894
bank_marketing,23,69.0,35.0,6.0,,,cart_fixed,0.007550700000138022
bank_marketing,23,71.0,36.0,6.0,0.41489879231229304,0.0,mags_tuned,3.9253449000025284
bank_marketing,23,29.0,15.0,4.0,,,cart_tuned_depth,0.059477099996001925
bank_marketing,23,19.0,10.0,8.0,,,cart_pruned,0.16427520000434015
bank_marketing,23,77.0,39.0,6.0,,,noise_augmented_cart,0.1160500999976648
bank_marketing,23,,,,,,random_forest,0.13234989999909885
bank_marketing,23,,,,,,extra_trees,0.10313329999917187
bank_marketing,23,,,,,,linear_svm,0.07440399999904912
bank_marketing,23,,,,,,rbf_svm,0.09101440000085859
bank_marketing,25,71.0,36.0,6.0,0.40064287746409705,0.37142857142857144,matched_gini,0.14777390000381274
bank_marketing,25,63.0,32.0,6.0,0.36889407184843825,0.3548387096774194,mags_fixed,0.15327460000116844
bank_marketing,25,71.0,36.0,6.0,0.40064287746409705,0.37142857142857144,mags_binary_excluded,0.1598535000011907
bank_marketing,25,65.0,33.0,6.0,0.3326543278158306,0.3125,matched_gini_unrestricted,0.15369970000028843
bank_marketing,25,63.0,32.0,6.0,0.4492510456282652,0.41935483870967744,mags_fixed_unrestricted,0.1891821000026539
bank_marketing,25,71.0,36.0,6.0,,,cart_fixed,0.007572999995318241
bank_marketing,25,25.0,13.0,4.0,0.5889989556729972,0.0,mags_tuned,4.475715000000491
bank_marketing,25,51.0,26.0,5.0,,,cart_tuned_depth,0.07070019999810029
bank_marketing,25,21.0,11.0,7.0,,,cart_pruned,0.1778100000010454
bank_marketing,25,79.0,40.0,6.0,,,noise_augmented_cart,0.08573759999853792
bank_marketing,25,,,,,,random_forest,0.1847146000000066
bank_marketing,25,,,,,,extra_trees,0.08984529999725055
bank_marketing,25,,,,,,linear_svm,0.09944039999390952
bank_marketing,25,,,,,,rbf_svm,0.11016620000009425
bank_marketing,26,69.0,35.0,6.0,0.40024827820204995,0.38235294117647056,matched_gini,0.14550259999668924
bank_marketing,26,57.0,29.0,6.0,0.5151338119535843,0.5,mags_fixed,0.1785695999933523
bank_marketing,26,69.0,35.0,6.0,0.37284762814310546,0.35294117647058826,mags_binary_excluded,0.20505839999532327
bank_marketing,26,67.0,34.0,6.0,0.40623015382923144,0.3939393939393939,matched_gini_unrestricted,0.2515140999967116
bank_marketing,26,57.0,29.0,6.0,0.5093596435116526,0.5,mags_fixed_unrestricted,0.17070479999529198
bank_marketing,26,67.0,34.0,6.0,,,cart_fixed,0.011135799999465235
bank_marketing,26,37.0,19.0,5.0,0.5683276943933862,0.0,mags_tuned,4.391825200000312
bank_marketing,26,29.0,15.0,4.0,,,cart_tuned_depth,0.04930169999715872
bank_marketing,26,213.0,107.0,22.0,,,cart_pruned,0.12162019999959739
bank_marketing,26,89.0,45.0,6.0,,,noise_augmented_cart,0.07418360000156099
bank_marketing,26,,,,,,random_forest,0.15437830000155373
bank_marketing,26,,,,,,extra_trees,0.09249039999849629
bank_marketing,26,,,,,,linear_svm,0.12526909999724012
bank_marketing,26,,,,,,rbf_svm,0.05328100000042468
bank_marketing,24,71.0,36.0,6.0,0.3343494585788149,0.3142857142857143,matched_gini,0.15660660000139615
bank_marketing,24,71.0,36.0,6.0,0.4440692730099106,0.42857142857142855,mags_fixed,0.20695949999935692
bank_marketing,24,71.0,36.0,6.0,0.3346713758089376,0.3142857142857143,mags_binary_excluded,0.14686059999803547
bank_marketing,24,69.0,35.0,6.0,0.3718861158214619,0.35294117647058826,matched_gini_unrestricted,0.16014649999851827
bank_marketing,24,73.0,37.0,6.0,0.48412592606961563,0.4722222222222222,mags_fixed_unrestricted,0.15308420000656042
bank_marketing,24,69.0,35.0,6.0,,,cart_fixed,0.006993999995756894
bank_marketing,24,133.0,67.0,9.0,0.41236844993803556,0.0,mags_tuned,5.2172769000026165
bank_marketing,24,119.0,60.0,10.0,,,cart_tuned_depth,0.09803259999898728
bank_marketing,24,133.0,67.0,19.0,,,cart_pruned,0.2069000999981654
bank_marketing,24,71.0,36.0,6.0,,,noise_augmented_cart,0.08945070000481792
bank_marketing,24,,,,,,random_forest,0.22360070000286214
bank_marketing,24,,,,,,extra_trees,0.19370060000073863
bank_marketing,24,,,,,,linear_svm,0.15832409999711672
bank_marketing,24,,,,,,rbf_svm,0.060907800005225
bank_marketing,27,63.0,32.0,6.0,0.3681687745071363,0.3548387096774194,matched_gini,0.13711509999848204
bank_marketing,27,69.0,35.0,6.0,0.40838345133101867,0.38235294117647056,mags_fixed,0.19907139999850187
bank_marketing,27,63.0,32.0,6.0,0.36979735669818004,0.3548387096774194,mags_binary_excluded,0.27472799999668496
bank_marketing,27,69.0,35.0,6.0,0.2926251507238243,0.2647058823529412,matched_gini_unrestricted,0.15282610000576824
bank_marketing,27,71.0,36.0,6.0,0.3358806404197828,0.3142857142857143,mags_fixed_unrestricted,0.13796839999849908
bank_marketing,27,73.0,37.0,6.0,,,cart_fixed,0.009188299998641014
bank_marketing,27,87.0,44.0,7.0,0.3150197546081586,0.0,mags_tuned,4.758699999998498
bank_marketing,27,7.0,4.0,2.0,,,cart_tuned_depth,0.05062819999875501
bank_marketing,27,19.0,10.0,8.0,,,cart_pruned,0.13124570000218228
bank_marketing,27,73.0,37.0,6.0,,,noise_augmented_cart,0.09182800000417046
bank_marketing,27,,,,,,random_forest,0.15481549999822164
bank_marketing,27,,,,,,extra_trees,0.09567709999828367
bank_marketing,27,,,,,,linear_svm,0.09667030000127852
bank_marketing,27,,,,,,rbf_svm,0.11144179999973858
breast_cancer,0,21.0,11.0,4.0,0.035250324914585796,0.0,matched_gini,0.1562841999984812
breast_cancer,0,21.0,11.0,4.0,0.10407878028333584,0.0,mags_fixed,0.1216543000045931
breast_cancer,0,21.0,11.0,4.0,0.10407878028333584,0.0,mags_binary_excluded,0.13069410000025528
breast_cancer,0,25.0,13.0,4.0,0.04855193458006568,0.0,matched_gini_unrestricted,0.19224920000124257
breast_cancer,0,25.0,13.0,4.0,0.13164192656667525,0.0,mags_fixed_unrestricted,0.22514349999983096
breast_cancer,0,21.0,11.0,4.0,,,cart_fixed,0.0028142000010120682
breast_cancer,0,7.0,4.0,2.0,0.008334457696312692,0.0,mags_tuned,3.2981658999997308
breast_cancer,0,13.0,7.0,3.0,,,cart_tuned_depth,0.02238719999877503
breast_cancer,0,23.0,12.0,5.0,,,cart_pruned,0.022685700001602527
breast_cancer,0,23.0,12.0,4.0,,,noise_augmented_cart,0.005165500006114598
breast_cancer,0,,,,,,random_forest,0.09367960000236053
breast_cancer,0,,,,,,extra_trees,0.04533200000150828
breast_cancer,0,,,,,,linear_svm,0.0013999999937368557
breast_cancer,0,,,,,,rbf_svm,0.0015303999971365556
breast_cancer,1,17.0,9.0,4.0,0.016295493362055383,0.0,matched_gini,0.11726519999501761
breast_cancer,1,17.0,9.0,4.0,0.031041624001690308,0.0,mags_fixed,0.1590336999943247
breast_cancer,1,17.0,9.0,4.0,0.031041624001690308,0.0,mags_binary_excluded,0.15215499999612803
breast_cancer,1,15.0,8.0,4.0,0.009144000606355505,0.0,matched_gini_unrestricted,0.2031317000000854
breast_cancer,1,15.0,8.0,4.0,0.03386473190249934,0.0,mags_fixed_unrestricted,0.21939439999550814
breast_cancer,1,17.0,9.0,4.0,,,cart_fixed,0.005988700002490077
breast_cancer,1,13.0,7.0,3.0,0.04134317529027153,0.0,mags_tuned,3.0301229000033345
breast_cancer,1,7.0,4.0,2.0,,,cart_tuned_depth,0.022120399997220375
breast_cancer,1,21.0,11.0,5.0,,,cart_pruned,0.025726500003656838
breast_cancer,1,21.0,11.0,4.0,,,noise_augmented_cart,0.004859200002101716
breast_cancer,1,,,,,,random_forest,0.09066770000208635
breast_cancer,1,,,,,,extra_trees,0.042378500002087094
breast_cancer,1,,,,,,linear_svm,0.0014221000019460917
breast_cancer,1,,,,,,rbf_svm,0.00149529999907827
bank_marketing,28,71.0,36.0,6.0,0.3116952646828498,0.2857142857142857,matched_gini,0.14976629999728175
bank_marketing,28,57.0,29.0,6.0,0.37943904884743196,0.35714285714285715,mags_fixed,0.277140900005179
bank_marketing,28,71.0,36.0,6.0,0.3426832432035488,0.3142857142857143,mags_binary_excluded,0.1905075000031502
bank_marketing,28,67.0,34.0,6.0,0.26503283988176823,0.24242424242424243,matched_gini_unrestricted,0.21002480000606738
bank_marketing,28,59.0,30.0,6.0,0.5027056464656474,0.4827586206896552,mags_fixed_unrestricted,0.18549370000255294
bank_marketing,28,71.0,36.0,6.0,,,cart_fixed,0.007063999997626524
bank_marketing,28,29.0,15.0,4.0,0.45152140794148243,0.0,mags_tuned,4.374241500001517
bank_marketing,28,7.0,4.0,2.0,,,cart_tuned_depth,0.07256069999857573
bank_marketing,28,25.0,13.0,10.0,,,cart_pruned,0.196066399999836
bank_marketing,28,71.0,36.0,6.0,,,noise_augmented_cart,0.11167790000035893
bank_marketing,28,,,,,,random_forest,0.131460500000685
bank_marketing,28,,,,,,extra_trees,0.12860509999882197
bank_marketing,28,,,,,,linear_svm,0.09383879999950295
bank_marketing,28,,,,,,rbf_svm,0.05971799999679206
bank_marketing,29,69.0,35.0,6.0,0.4098547719011305,0.38235294117647056,matched_gini,0.14603490000445163
bank_marketing,29,63.0,32.0,6.0,0.5665682864483571,0.5483870967741935,mags_fixed,0.14009850000002189
bank_marketing,29,69.0,35.0,6.0,0.4098547719011305,0.38235294117647056,mags_binary_excluded,0.14845259999856353
bank_marketing,29,71.0,36.0,6.0,0.3934270488186906,0.37142857142857144,matched_gini_unrestricted,0.158297499998298
bank_marketing,29,71.0,36.0,6.0,0.55927246257865,0.5428571428571428,mags_fixed_unrestricted,0.1513212999998359
bank_marketing,29,69.0,35.0,6.0,,,cart_fixed,0.007725199997366872
bank_marketing,29,121.0,61.0,9.0,0.5929710030268003,0.0,mags_tuned,4.564003200001025
bank_marketing,29,7.0,4.0,2.0,,,cart_tuned_depth,0.08127550000062911
bank_marketing,29,209.0,105.0,19.0,,,cart_pruned,0.16621870000381023
bank_marketing,29,73.0,37.0,6.0,,,noise_augmented_cart,0.12154679999366635
bank_marketing,29,,,,,,random_forest,0.1552324999938719
bank_marketing,29,,,,,,extra_trees,0.13272180000058142
bank_marketing,29,,,,,,linear_svm,0.13204959999711718
bank_marketing,29,,,,,,rbf_svm,0.05970520000118995
breast_cancer,2,17.0,9.0,4.0,0.0418247586940138,0.0,matched_gini,0.23309229999722447
breast_cancer,2,17.0,9.0,4.0,0.0418247586940138,0.0,mags_fixed,0.20643229999404866
breast_cancer,2,17.0,9.0,4.0,0.0418247586940138,0.0,mags_binary_excluded,0.1702473999976064
breast_cancer,2,17.0,9.0,4.0,0.015977484957991884,0.0,matched_gini_unrestricted,0.24657509999815375
breast_cancer,2,17.0,9.0,4.0,0.01674547151819644,0.0,mags_fixed_unrestricted,0.20293710000260035
breast_cancer,2,17.0,9.0,4.0,,,cart_fixed,0.004846600000746548
breast_cancer,2,13.0,7.0,3.0,0.03400587867665939,0.0,mags_tuned,3.0658136999991257
breast_cancer,2,7.0,4.0,2.0,,,cart_tuned_depth,0.021086300002934877
breast_cancer,2,23.0,12.0,5.0,,,cart_pruned,0.023568900003738236
breast_cancer,2,23.0,12.0,4.0,,,noise_augmented_cart,0.008819900001981296
breast_cancer,2,,,,,,random_forest,0.12132910000218544
breast_cancer,2,,,,,,extra_trees,0.059808400001202244
breast_cancer,2,,,,,,linear_svm,0.001941499998793006
breast_cancer,2,,,,,,rbf_svm,0.00199129999964498
breast_cancer,3,15.0,8.0,4.0,0.004803178025222724,0.0,matched_gini,0.15843989999848418
breast_cancer,3,15.0,8.0,4.0,0.007870013203541934,0.0,mags_fixed,0.13846259999991162
breast_cancer,3,15.0,8.0,4.0,0.007870013203541934,0.0,mags_binary_excluded,0.22201119999954244
breast_cancer,3,17.0,9.0,4.0,0.01380303689434499,0.0,matched_gini_unrestricted,0.2668082999953185
breast_cancer,3,17.0,9.0,4.0,0.02183232619510064,0.0,mags_fixed_unrestricted,0.18100419999973383
breast_cancer,3,15.0,8.0,4.0,,,cart_fixed,0.002620800005388446
breast_cancer,3,7.0,4.0,2.0,0.002559597896325336,0.0,mags_tuned,3.0690847000005306
breast_cancer,3,19.0,10.0,5.0,,,cart_tuned_depth,0.02279360000102315
breast_cancer,3,19.0,10.0,5.0,,,cart_pruned,0.028691399995295797
breast_cancer,3,23.0,12.0,4.0,,,noise_augmented_cart,0.004919799997878727
breast_cancer,3,,,,,,random_forest,0.09101219999865862
breast_cancer,3,,,,,,extra_trees,0.05175070000404958
breast_cancer,3,,,,,,linear_svm,0.0012386000016704202
breast_cancer,3,,,,,,rbf_svm,0.0011214000041945837
breast_cancer,4,17.0,9.0,4.0,0.005260342839152621,0.0,matched_gini,0.11432549999881303
breast_cancer,4,17.0,9.0,4.0,0.010482699564441771,0.0,mags_fixed,0.1282513000041945
breast_cancer,4,17.0,9.0,4.0,0.010482699564441771,0.0,mags_binary_excluded,0.15918239999882644
breast_cancer,4,19.0,10.0,4.0,0.005913160798321025,0.0,matched_gini_unrestricted,0.21825140000146348
breast_cancer,4,19.0,10.0,4.0,0.022255209643051832,0.0,mags_fixed_unrestricted,0.21419060000334866
breast_cancer,4,17.0,9.0,4.0,,,cart_fixed,0.002769499995338265
breast_cancer,4,7.0,4.0,2.0,0.001804626034416045,0.0,mags_tuned,2.896358300000429
breast_cancer,4,13.0,7.0,3.0,,,cart_tuned_depth,0.01648879999993369
breast_cancer,4,5.0,3.0,2.0,,,cart_pruned,0.017094700000598095
breast_cancer,4,25.0,13.0,4.0,,,noise_augmented_cart,0.005122700000356417
breast_cancer,4,,,,,,random_forest,0.10785509999550413
breast_cancer,4,,,,,,extra_trees,0.04634599999553757
breast_cancer,4,,,,,,linear_svm,0.0012820000047213398
breast_cancer,4,,,,,,rbf_svm,0.0014964000001782551
breast_cancer,5,15.0,8.0,4.0,0.013818849993851011,0.0,matched_gini,0.13989199999923585
breast_cancer,5,15.0,8.0,4.0,0.018743408902619507,0.0,mags_fixed,0.13373109999520238
breast_cancer,5,15.0,8.0,4.0,0.018743408902619507,0.0,mags_binary_excluded,0.13662610000028508
breast_cancer,5,19.0,10.0,4.0,0.03931053328232796,0.0,matched_gini_unrestricted,0.25656420000450453
breast_cancer,5,19.0,10.0,4.0,0.10313414200541182,0.0,mags_fixed_unrestricted,0.20311319999746047
breast_cancer,5,15.0,8.0,4.0,,,cart_fixed,0.0029047999996691942
breast_cancer,5,11.0,6.0,3.0,0.004149452932706016,0.0,mags_tuned,3.342893000000913
breast_cancer,5,7.0,4.0,2.0,,,cart_tuned_depth,0.019398299999011215
breast_cancer,5,5.0,3.0,2.0,,,cart_pruned,0.01932939999824157
breast_cancer,5,23.0,12.0,4.0,,,noise_augmented_cart,0.005233500000031199
breast_cancer,5,,,,,,random_forest,0.09898840000096243
breast_cancer,5,,,,,,extra_trees,0.03995030000078259
breast_cancer,5,,,,,,linear_svm,0.0018621999988681637
breast_cancer,5,,,,,,rbf_svm,0.0013427000012598
breast_cancer,6,17.0,9.0,4.0,0.03138977298909462,0.0,matched_gini,0.13765939999575494
breast_cancer,6,17.0,9.0,4.0,0.05584892989702186,0.0,mags_fixed,0.1100841000006767
breast_cancer,6,17.0,9.0,4.0,0.05584892989702186,0.0,mags_binary_excluded,0.13948309999977937
breast_cancer,6,17.0,9.0,4.0,0.030628984121326197,0.0,matched_gini_unrestricted,0.19182500000169966
breast_cancer,6,17.0,9.0,4.0,0.015595515699382258,0.0,mags_fixed_unrestricted,0.1696213000032003
breast_cancer,6,17.0,9.0,4.0,,,cart_fixed,0.0033144999979413114
breast_cancer,6,13.0,7.0,3.0,0.07052924552916183,0.0,mags_tuned,2.6069191000060528
breast_cancer,6,13.0,7.0,3.0,,,cart_tuned_depth,0.020953700004611164
breast_cancer,6,7.0,4.0,3.0,,,cart_pruned,0.024536600001738407
breast_cancer,6,23.0,12.0,4.0,,,noise_augmented_cart,0.0052676999985123985
breast_cancer,6,,,,,,random_forest,0.09521099999983562
breast_cancer,6,,,,,,extra_trees,0.055264999995415565
breast_cancer,6,,,,,,linear_svm,0.0015395999944303185
breast_cancer,6,,,,,,rbf_svm,0.0015848999973968603
breast_cancer,7,19.0,10.0,4.0,0.037300183343976605,0.0,matched_gini,0.12318719999893801
breast_cancer,7,19.0,10.0,4.0,0.037300183343976605,0.0,mags_fixed,0.14084839999850374
breast_cancer,7,19.0,10.0,4.0,0.037300183343976605,0.0,mags_binary_excluded,0.1302575000008801
breast_cancer,7,19.0,10.0,4.0,0.031021453395478307,0.0,matched_gini_unrestricted,0.1822926999957417
breast_cancer,7,19.0,10.0,4.0,0.056779863263176966,0.0,mags_fixed_unrestricted,0.15536769999744138
breast_cancer,7,19.0,10.0,4.0,,,cart_fixed,0.002731399996264372
breast_cancer,7,19.0,10.0,4.0,0.037300183343976605,0.0,mags_tuned,3.1672925999955623
breast_cancer,7,13.0,7.0,3.0,,,cart_tuned_depth,0.020517999997537117
breast_cancer,7,9.0,5.0,3.0,,,cart_pruned,0.02615209999930812
breast_cancer,7,23.0,12.0,4.0,,,noise_augmented_cart,0.004867299998295493
breast_cancer,7,,,,,,random_forest,0.07708359999378445
breast_cancer,7,,,,,,extra_trees,0.04177939999499358
breast_cancer,7,,,,,,linear_svm,0.0013189000019337982
breast_cancer,7,,,,,,rbf_svm,0.0015004000015323982
breast_cancer,8,17.0,9.0,4.0,0.009606004530742658,0.0,matched_gini,0.17963330000202404
breast_cancer,8,17.0,9.0,4.0,0.016967180471364803,0.0,mags_fixed,0.15374190000147792
breast_cancer,8,17.0,9.0,4.0,0.016967180471364803,0.0,mags_binary_excluded,0.11085029999958351
breast_cancer,8,19.0,10.0,4.0,0.028725857455551854,0.0,matched_gini_unrestricted,0.17838769999798387
breast_cancer,8,19.0,10.0,4.0,0.03948445329244792,0.0,mags_fixed_unrestricted,0.18528910000168253
breast_cancer,8,17.0,9.0,4.0,,,cart_fixed,0.002558399995905347
breast_cancer,8,13.0,7.0,3.0,0.012347916374891216,0.0,mags_tuned,2.7542781999945873
breast_cancer,8,7.0,4.0,2.0,,,cart_tuned_depth,0.028062199999112636
breast_cancer,8,23.0,12.0,6.0,,,cart_pruned,0.013608299996121787
breast_cancer,8,19.0,10.0,4.0,,,noise_augmented_cart,0.004597599996486679
breast_cancer,8,,,,,,random_forest,0.08082809999905294
breast_cancer,8,,,,,,extra_trees,0.04564750000281492
breast_cancer,8,,,,,,linear_svm,0.001414199999999255
breast_cancer,8,,,,,,rbf_svm,0.0014395000034710392
breast_cancer,9,19.0,10.0,4.0,0.045078967645654014,0.0,matched_gini,0.1272495999946841
breast_cancer,9,19.0,10.0,4.0,0.08103571345711452,0.0,mags_fixed,0.14345830000092974
breast_cancer,9,19.0,10.0,4.0,0.08103571345711452,0.0,mags_binary_excluded,0.12110489999759011
breast_cancer,9,17.0,9.0,4.0,0.026245590670615573,0.0,matched_gini_unrestricted,0.185757500003092
breast_cancer,9,17.0,9.0,4.0,0.02736785452746129,0.0,mags_fixed_unrestricted,0.18918310000299243
breast_cancer,9,19.0,10.0,4.0,,,cart_fixed,0.0028782000008504838
breast_cancer,9,13.0,7.0,3.0,0.08047863775011194,0.0,mags_tuned,3.1082456999938586
breast_cancer,9,7.0,4.0,2.0,,,cart_tuned_depth,0.031051399993884843
breast_cancer,9,25.0,13.0,7.0,,,cart_pruned,0.0345519000038621
breast_cancer,9,19.0,10.0,4.0,,,noise_augmented_cart,0.004993199996533804
breast_cancer,9,,,,,,random_forest,0.12276569999812637
breast_cancer,9,,,,,,extra_trees,0.049341600002662744
breast_cancer,9,,,,,,linear_svm,0.001265799997781869
breast_cancer,9,,,,,,rbf_svm,0.0014852000022074208
breast_cancer,10,17.0,9.0,4.0,0.05133825218518103,0.0,matched_gini,0.15051749999838648
breast_cancer,10,17.0,9.0,4.0,0.07463457318487031,0.0,mags_fixed,0.14960430000064662
breast_cancer,10,17.0,9.0,4.0,0.07463457318487031,0.0,mags_binary_excluded,0.1319173999945633
breast_cancer,10,21.0,11.0,4.0,0.04472788048221531,0.0,matched_gini_unrestricted,0.22763259999919683
breast_cancer,10,21.0,11.0,4.0,0.0500523838009639,0.0,mags_fixed_unrestricted,0.17065709999587853
breast_cancer,10,17.0,9.0,4.0,,,cart_fixed,0.0027765999984694645
breast_cancer,10,17.0,9.0,4.0,0.07463457318487031,0.0,mags_tuned,2.976855200002319
breast_cancer,10,17.0,9.0,4.0,,,cart_tuned_depth,0.019617700003436767
breast_cancer,10,11.0,6.0,4.0,,,cart_pruned,0.023900799998955335
breast_cancer,10,21.0,11.0,4.0,,,noise_augmented_cart,0.004879400003119372
breast_cancer,10,,,,,,random_forest,0.11159110000153305
breast_cancer,10,,,,,,extra_trees,0.03754759999719681
breast_cancer,10,,,,,,linear_svm,0.0012314999985392205
breast_cancer,10,,,,,,rbf_svm,0.0014650999946752563
breast_cancer,11,21.0,11.0,4.0,0.036931734198939234,0.0,matched_gini,0.0968332000047667
breast_cancer,11,21.0,11.0,4.0,0.08362572216344698,0.0,mags_fixed,0.0998799999943003
breast_cancer,11,21.0,11.0,4.0,0.08362572216344698,0.0,mags_binary_excluded,0.09760130000358913
breast_cancer,11,21.0,11.0,4.0,0.03148941133624358,0.0,matched_gini_unrestricted,0.1608898999984376
breast_cancer,11,21.0,11.0,4.0,0.04611178263850974,0.0,mags_fixed_unrestricted,0.20236339999974007
breast_cancer,11,21.0,11.0,4.0,,,cart_fixed,0.0021613999997498468
breast_cancer,11,23.0,12.0,5.0,0.04294007802061765,0.0,mags_tuned,2.6582273000021814
breast_cancer,11,21.0,11.0,4.0,,,cart_tuned_depth,0.023036300000967458
breast_cancer,11,15.0,8.0,4.0,,,cart_pruned,0.017666599997028243
breast_cancer,11,21.0,11.0,4.0,,,noise_augmented_cart,0.004869999997026753
breast_cancer,11,,,,,,random_forest,0.08167509999475442
breast_cancer,11,,,,,,extra_trees,0.0503584000034607
breast_cancer,11,,,,,,linear_svm,0.0010304999959771521
breast_cancer,11,,,,,,rbf_svm,0.001418699997884687
breast_cancer,12,19.0,10.0,4.0,0.019704384780395694,0.0,matched_gini,0.10657609999907436
breast_cancer,12,19.0,10.0,4.0,0.03968401913750351,0.0,mags_fixed,0.14906360000168206
breast_cancer,12,19.0,10.0,4.0,0.03968401913750351,0.0,mags_binary_excluded,0.11415570000099251
breast_cancer,12,19.0,10.0,4.0,0.04982387019317188,0.0,matched_gini_unrestricted,0.21380330000101821
breast_cancer,12,19.0,10.0,4.0,0.05411066053428084,0.0,mags_fixed_unrestricted,0.2214317999969353
breast_cancer,12,19.0,10.0,4.0,,,cart_fixed,0.0023176999966381118
breast_cancer,12,19.0,10.0,4.0,0.019704384780395694,0.0,mags_tuned,2.7928730999992695
breast_cancer,12,7.0,4.0,2.0,,,cart_tuned_depth,0.023452900000847876
breast_cancer,12,19.0,10.0,4.0,,,cart_pruned,0.024081600000499748
breast_cancer,12,21.0,11.0,4.0,,,noise_augmented_cart,0.005271200003335252
breast_cancer,12,,,,,,random_forest,0.11770079999405425
breast_cancer,12,,,,,,extra_trees,0.042405200001667254
breast_cancer,12,,,,,,linear_svm,0.0014429000002564862
breast_cancer,12,,,,,,rbf_svm,0.0014792000001762062
breast_cancer,13,13.0,7.0,4.0,0.011790148867183499,0.0,matched_gini,0.12672449999809032
breast_cancer,13,15.0,8.0,4.0,0.0181375542380387,0.0,mags_fixed,0.16651520000596065
breast_cancer,13,15.0,8.0,4.0,0.0181375542380387,0.0,mags_binary_excluded,0.14323529999819584
breast_cancer,13,15.0,8.0,4.0,0.03505461946334188,0.0,matched_gini_unrestricted,0.18428609999682521
breast_cancer,13,15.0,8.0,4.0,0.037579988512909925,0.0,mags_fixed_unrestricted,0.1901845000029425
breast_cancer,13,13.0,7.0,4.0,,,cart_fixed,0.002893299999414012
breast_cancer,13,15.0,8.0,4.0,0.0181375542380387,0.0,mags_tuned,3.357176499994239
breast_cancer,13,7.0,4.0,2.0,,,cart_tuned_depth,0.05826380000507925
breast_cancer,13,21.0,11.0,7.0,,,cart_pruned,0.028671899999608286
breast_cancer,13,21.0,11.0,4.0,,,noise_augmented_cart,0.005925600002228748
breast_cancer,13,,,,,,random_forest,0.08545430000231136
breast_cancer,13,,,,,,extra_trees,0.04526330000226153
breast_cancer,13,,,,,,linear_svm,0.001582500000949949
breast_cancer,13,,,,,,rbf_svm,0.001091999998607207
breast_cancer,14,19.0,10.0,4.0,0.026621565924121057,0.0,matched_gini,0.14665539999987232
breast_cancer,14,19.0,10.0,4.0,0.036047383270888224,0.0,mags_fixed,0.1465704000002006
breast_cancer,14,19.0,10.0,4.0,0.036047383270888224,0.0,mags_binary_excluded,0.14558309999847552
breast_cancer,14,19.0,10.0,4.0,0.04280529525552047,0.0,matched_gini_unrestricted,0.20881740000186255
breast_cancer,14,19.0,10.0,4.0,0.04483283007035679,0.0,mags_fixed_unrestricted,0.2258315999933984
breast_cancer,14,19.0,10.0,4.0,,,cart_fixed,0.0027969999937340617
breast_cancer,14,7.0,4.0,2.0,0.007862374558968734,0.0,mags_tuned,3.4945178999987547
breast_cancer,14,7.0,4.0,2.0,,,cart_tuned_depth,0.021841699999640696
breast_cancer,14,7.0,4.0,2.0,,,cart_pruned,0.018553299996710848
breast_cancer,14,21.0,11.0,4.0,,,noise_augmented_cart,0.005275799994706176
breast_cancer,14,,,,,,random_forest,0.07816160000220407
breast_cancer,14,,,,,,extra_trees,0.041132400001515634
breast_cancer,14,,,,,,linear_svm,0.0013400000025285408
breast_cancer,14,,,,,,rbf_svm,0.001400099994498305
breast_cancer,15,15.0,8.0,4.0,0.04655893158059425,0.0,matched_gini,0.13853750000271248
breast_cancer,15,15.0,8.0,4.0,0.04655893158059425,0.0,mags_fixed,0.15933839999343036
breast_cancer,15,15.0,8.0,4.0,0.04655893158059425,0.0,mags_binary_excluded,0.15372880000359146
breast_cancer,15,15.0,8.0,4.0,0.026343513014681314,0.0,matched_gini_unrestricted,0.17953529999795137
breast_cancer,15,15.0,8.0,4.0,0.04678010690627487,0.0,mags_fixed_unrestricted,0.25239399999554735
breast_cancer,15,17.0,9.0,4.0,,,cart_fixed,0.0026251000017509796
breast_cancer,15,7.0,4.0,2.0,0.011891463500804368,0.0,mags_tuned,3.357639999994717
breast_cancer,15,13.0,7.0,3.0,,,cart_tuned_depth,0.020506499997281935
breast_cancer,15,7.0,4.0,2.0,,,cart_pruned,0.030380299998796545
breast_cancer,15,21.0,11.0,4.0,,,noise_augmented_cart,0.006317399995168671
breast_cancer,15,,,,,,random_forest,0.09825959999579936
breast_cancer,15,,,,,,extra_trees,0.05270089999976335
breast_cancer,15,,,,,,linear_svm,0.001450999996450264
breast_cancer,15,,,,,,rbf_svm,0.00143009999737842
breast_cancer,16,19.0,10.0,4.0,0.02678024986804632,0.0,matched_gini,0.13139280000177678
breast_cancer,16,19.0,10.0,4.0,0.054251964498709566,0.0,mags_fixed,0.13574230000085663
breast_cancer,16,19.0,10.0,4.0,0.054251964498709566,0.0,mags_binary_excluded,0.14652270000078715
breast_cancer,16,23.0,12.0,4.0,0.03702158063659245,0.0,matched_gini_unrestricted,0.2584209000051487
breast_cancer,16,23.0,12.0,4.0,0.048504529002919745,0.0,mags_fixed_unrestricted,0.27893999999650987
breast_cancer,16,19.0,10.0,4.0,,,cart_fixed,0.0024715999970794655
breast_cancer,16,7.0,4.0,2.0,0.008323814307579412,0.0,mags_tuned,3.187922199998866
breast_cancer,16,19.0,10.0,4.0,,,cart_tuned_depth,0.030460000001767185
breast_cancer,16,7.0,4.0,2.0,,,cart_pruned,0.027064800000516698
breast_cancer,16,21.0,11.0,4.0,,,noise_augmented_cart,0.003959299996495247
breast_cancer,16,,,,,,random_forest,0.09062559999438236
breast_cancer,16,,,,,,extra_trees,0.043331699998816475
breast_cancer,16,,,,,,linear_svm,0.001913200001581572
breast_cancer,16,,,,,,rbf_svm,0.0020913999978802167
breast_cancer,17,23.0,12.0,4.0,0.026214177400826346,0.0,matched_gini,0.2381119999990915
breast_cancer,17,23.0,12.0,4.0,0.03758918909752245,0.0,mags_fixed,0.14527400000224588
breast_cancer,17,23.0,12.0,4.0,0.03758918909752245,0.0,mags_binary_excluded,0.14423790000000736
breast_cancer,17,23.0,12.0,4.0,0.02533819442183355,0.0,matched_gini_unrestricted,0.258153200004017
breast_cancer,17,23.0,12.0,4.0,0.0910367048098767,0.0,mags_fixed_unrestricted,0.19848110000020824
breast_cancer,17,23.0,12.0,4.0,,,cart_fixed,0.0030258999977377243
breast_cancer,17,15.0,8.0,3.0,0.015779850433964574,0.0,mags_tuned,3.7875344999993104
breast_cancer,17,15.0,8.0,3.0,,,cart_tuned_depth,0.0205707999994047
breast_cancer,17,5.0,3.0,2.0,,,cart_pruned,0.020183799999358598
breast_cancer,17,27.0,14.0,4.0,,,noise_augmented_cart,0.004862099995079916
breast_cancer,17,,,,,,random_forest,0.07573150000098394
breast_cancer,17,,,,,,extra_trees,0.045407300000078976
breast_cancer,17,,,,,,linear_svm,0.0013172999970265664
breast_cancer,17,,,,,,rbf_svm,0.0014971999989938922
breast_cancer,18,15.0,8.0,4.0,0.008525912957804997,0.0,matched_gini,0.20621899999969173
breast_cancer,18,17.0,9.0,4.0,0.06935055542614085,0.0,mags_fixed,0.13159349999477854
breast_cancer,18,17.0,9.0,4.0,0.06935055542614085,0.0,mags_binary_excluded,0.14044799999828683
breast_cancer,18,17.0,9.0,4.0,0.028514383833110016,0.0,matched_gini_unrestricted,0.2128755000012461
breast_cancer,18,17.0,9.0,4.0,0.03399345948015737,0.0,mags_fixed_unrestricted,0.21629009999742266
breast_cancer,18,15.0,8.0,4.0,,,cart_fixed,0.0026569000037852675
breast_cancer,18,17.0,9.0,4.0,0.06935055542614085,0.0,mags_tuned,3.216269700002158
breast_cancer,18,15.0,8.0,4.0,,,cart_tuned_depth,0.020325699995737523
breast_cancer,18,11.0,6.0,4.0,,,cart_pruned,0.018339199996262323
breast_cancer,18,21.0,11.0,4.0,,,noise_augmented_cart,0.00488299999415176
breast_cancer,18,,,,,,random_forest,0.07737679999991087
breast_cancer,18,,,,,,extra_trees,0.04707570000027772
breast_cancer,18,,,,,,linear_svm,0.0013431000043055974
breast_cancer,18,,,,,,rbf_svm,0.0015382999990833923
breast_cancer,19,17.0,9.0,4.0,0.024508932197204823,0.0,matched_gini,0.13930220000474947
breast_cancer,19,17.0,9.0,4.0,0.024598140536910187,0.0,mags_fixed,0.14456960000097752
breast_cancer,19,17.0,9.0,4.0,0.024598140536910187,0.0,mags_binary_excluded,0.13680980000208365
breast_cancer,19,15.0,8.0,4.0,0.017197305019687196,0.0,matched_gini_unrestricted,0.1918766000017058
breast_cancer,19,15.0,8.0,4.0,0.028347896010478813,0.0,mags_fixed_unrestricted,0.1730953000005684
breast_cancer,19,17.0,9.0,4.0,,,cart_fixed,0.002260100001876708
breast_cancer,19,7.0,4.0,2.0,0.0034228624609829853,0.0,mags_tuned,3.714014400000451
breast_cancer,19,7.0,4.0,2.0,,,cart_tuned_depth,0.03850140000577085
breast_cancer,19,9.0,5.0,3.0,,,cart_pruned,0.025512599997455254
breast_cancer,19,21.0,11.0,4.0,,,noise_augmented_cart,0.005130399993504398
breast_cancer,19,,,,,,random_forest,0.0958124000026146
breast_cancer,19,,,,,,extra_trees,0.043004999999538995
breast_cancer,19,,,,,,linear_svm,0.001313300002948381
breast_cancer,19,,,,,,rbf_svm,0.0015177000022958964
breast_cancer,20,19.0,10.0,4.0,0.0444041529946057,0.0,matched_gini,0.1125642000042717
breast_cancer,20,19.0,10.0,4.0,0.08850833968068565,0.0,mags_fixed,0.09080489999905694
breast_cancer,20,19.0,10.0,4.0,0.08850833968068565,0.0,mags_binary_excluded,0.10787619999609888
breast_cancer,20,21.0,11.0,4.0,0.06634343792889758,0.0,matched_gini_unrestricted,0.19531649999407819
breast_cancer,20,21.0,11.0,4.0,0.071874366009312,0.0,mags_fixed_unrestricted,0.25048919999971986
breast_cancer,20,19.0,10.0,4.0,,,cart_fixed,0.002779899994493462
breast_cancer,20,19.0,10.0,4.0,0.08850833968068565,0.0,mags_tuned,3.336471499998879
breast_cancer,20,19.0,10.0,4.0,,,cart_tuned_depth,0.022967500000959262
breast_cancer,20,3.0,2.0,1.0,,,cart_pruned,0.019712599998456426
breast_cancer,20,23.0,12.0,4.0,,,noise_augmented_cart,0.018374200000835117
breast_cancer,20,,,,,,random_forest,0.09333339999284362
breast_cancer,20,,,,,,extra_trees,0.044780700001865625
breast_cancer,20,,,,,,linear_svm,0.001327600002696272
breast_cancer,20,,,,,,rbf_svm,0.001575100002810359
breast_cancer,21,17.0,9.0,4.0,0.02182388448827326,0.0,matched_gini,0.26490470000135247
breast_cancer,21,17.0,9.0,4.0,0.0495576902686972,0.0,mags_fixed,0.150037200000952
breast_cancer,21,17.0,9.0,4.0,0.0495576902686972,0.0,mags_binary_excluded,0.1755810999966343
breast_cancer,21,17.0,9.0,4.0,0.02814493370992379,0.0,matched_gini_unrestricted,0.2001663999981247
breast_cancer,21,17.0,9.0,4.0,0.07085139523225735,0.0,mags_fixed_unrestricted,0.22592040000017732
breast_cancer,21,17.0,9.0,4.0,,,cart_fixed,0.01029720000224188
breast_cancer,21,7.0,4.0,2.0,0.020527465732579974,0.0,mags_tuned,3.390177900000708
breast_cancer,21,17.0,9.0,4.0,,,cart_tuned_depth,0.025431699999899138
breast_cancer,21,7.0,4.0,2.0,,,cart_pruned,0.029468799999449402
breast_cancer,21,21.0,11.0,4.0,,,noise_augmented_cart,0.00538819999928819
breast_cancer,21,,,,,,random_forest,0.09032529999967664
breast_cancer,21,,,,,,extra_trees,0.06050910000340082
breast_cancer,21,,,,,,linear_svm,0.0014349000048241578
breast_cancer,21,,,,,,rbf_svm,0.0015706999984104186
breast_cancer,22,17.0,9.0,4.0,0.03009307147700016,0.0,matched_gini,0.1749379000029876
breast_cancer,22,17.0,9.0,4.0,0.04628225020696312,0.0,mags_fixed,0.13434699999925215
breast_cancer,22,17.0,9.0,4.0,0.04628225020696312,0.0,mags_binary_excluded,0.12662480000290088
breast_cancer,22,19.0,10.0,4.0,0.027436743172195837,0.0,matched_gini_unrestricted,0.18926359999750275
breast_cancer,22,19.0,10.0,4.0,0.05873539044258057,0.0,mags_fixed_unrestricted,0.1850881999998819
breast_cancer,22,17.0,9.0,4.0,,,cart_fixed,0.002703799997107126
breast_cancer,22,7.0,4.0,2.0,0.009349547893708031,0.0,mags_tuned,3.0542935999983456
breast_cancer,22,17.0,9.0,4.0,,,cart_tuned_depth,0.020184599998174235
breast_cancer,22,5.0,3.0,2.0,,,cart_pruned,0.01944769999681739
breast_cancer,22,19.0,10.0,4.0,,,noise_augmented_cart,0.0056423999994876795
breast_cancer,22,,,,,,random_forest,0.08526730000448879
breast_cancer,22,,,,,,extra_trees,0.056970300000102725
breast_cancer,22,,,,,,linear_svm,0.001229800000146497
breast_cancer,22,,,,,,rbf_svm,0.002151900000171736
breast_cancer,23,17.0,9.0,4.0,0.011480864786901248,0.0,matched_gini,0.1288672000009683
breast_cancer,23,17.0,9.0,4.0,0.012263084052165637,0.0,mags_fixed,0.15223750000586733
breast_cancer,23,17.0,9.0,4.0,0.012263084052165637,0.0,mags_binary_excluded,0.13580569999612635
breast_cancer,23,23.0,12.0,4.0,0.04224336514889884,0.0,matched_gini_unrestricted,0.22832190000190167
breast_cancer,23,23.0,12.0,4.0,0.05666921383838974,0.0,mags_fixed_unrestricted,0.42008999999961816
breast_cancer,23,17.0,9.0,4.0,,,cart_fixed,0.0032176000022445805
breast_cancer,23,17.0,9.0,4.0,0.011480864786901248,0.0,mags_tuned,3.4646808999968925
breast_cancer,23,17.0,9.0,4.0,,,cart_tuned_depth,0.022408099997846875
breast_cancer,23,11.0,6.0,4.0,,,cart_pruned,0.03098380000301404
breast_cancer,23,27.0,14.0,4.0,,,noise_augmented_cart,0.005280099998344667
breast_cancer,23,,,,,,random_forest,0.09138890000031097
breast_cancer,23,,,,,,extra_trees,0.04663840000284836
breast_cancer,23,,,,,,linear_svm,0.0013866000008420087
breast_cancer,23,,,,,,rbf_svm,0.0014253000044845976
breast_cancer,24,19.0,10.0,4.0,0.026792011701056474,0.0,matched_gini,0.18354859999817563
breast_cancer,24,19.0,10.0,4.0,0.03528426800908504,0.0,mags_fixed,0.15410420000262093
breast_cancer,24,19.0,10.0,4.0,0.03528426800908504,0.0,mags_binary_excluded,0.32024359999923036
breast_cancer,24,19.0,10.0,4.0,0.005623308815849409,0.0,matched_gini_unrestricted,0.2535213000010117
breast_cancer,24,19.0,10.0,4.0,0.024458878162861533,0.0,mags_fixed_unrestricted,0.23321150000265334
breast_cancer,24,17.0,9.0,4.0,,,cart_fixed,0.0031784000020707026
breast_cancer,24,13.0,7.0,3.0,0.02390286818130838,0.0,mags_tuned,2.9622881000032066
breast_cancer,24,7.0,4.0,2.0,,,cart_tuned_depth,0.018556199996965006
breast_cancer,24,3.0,2.0,1.0,,,cart_pruned,0.03443159999733325
breast_cancer,24,23.0,12.0,4.0,,,noise_augmented_cart,0.007382999996480066
breast_cancer,24,,,,,,random_forest,0.13350580000405898
breast_cancer,24,,,,,,extra_trees,0.05051829999865731
breast_cancer,24,,,,,,linear_svm,0.0012802999990526587
breast_cancer,24,,,,,,rbf_svm,0.0015156000008573756
breast_cancer,26,19.0,10.0,4.0,0.036637752041353396,0.0,matched_gini,0.16391699999803677
breast_cancer,26,17.0,9.0,4.0,0.03942361553406963,0.0,mags_fixed,0.17614150000008522
breast_cancer,26,17.0,9.0,4.0,0.03942361553406963,0.0,mags_binary_excluded,0.12340060000133235
breast_cancer,26,21.0,11.0,4.0,0.03468693555570796,0.0,matched_gini_unrestricted,0.19060829999943962
breast_cancer,26,21.0,11.0,4.0,0.08087840417164496,0.0,mags_fixed_unrestricted,0.26522740000655176
breast_cancer,26,19.0,10.0,4.0,,,cart_fixed,0.004944000000250526
breast_cancer,26,7.0,4.0,2.0,0.011537149549008812,0.0,mags_tuned,3.063013500002853
breast_cancer,26,7.0,4.0,2.0,,,cart_tuned_depth,0.027243099997576792
breast_cancer,26,11.0,6.0,4.0,,,cart_pruned,0.01773729999695206
breast_cancer,26,23.0,12.0,4.0,,,noise_augmented_cart,0.005153999998583458
breast_cancer,26,,,,,,random_forest,0.12774419999914244
breast_cancer,26,,,,,,extra_trees,0.036972900001273956
breast_cancer,26,,,,,,linear_svm,0.0011214999976800755
breast_cancer,26,,,,,,rbf_svm,0.0011261999970884062
breast_cancer,25,21.0,11.0,4.0,0.03931507853624437,0.0,matched_gini,0.182793899999524
breast_cancer,25,21.0,11.0,4.0,0.05582361482446557,0.0,mags_fixed,0.1483187000048929
breast_cancer,25,21.0,11.0,4.0,0.05582361482446557,0.0,mags_binary_excluded,0.1368298999950639
breast_cancer,25,25.0,13.0,4.0,0.025390087166381234,0.0,matched_gini_unrestricted,0.2479139999995823
breast_cancer,25,25.0,13.0,4.0,0.06240824505139251,0.0,mags_fixed_unrestricted,0.23867489999975078
breast_cancer,25,21.0,11.0,4.0,,,cart_fixed,0.002912899995862972
breast_cancer,25,21.0,11.0,4.0,0.05582361482446557,0.0,mags_tuned,3.272320600000967
breast_cancer,25,7.0,4.0,2.0,,,cart_tuned_depth,0.01978919999965001
breast_cancer,25,3.0,2.0,1.0,,,cart_pruned,0.02096249999885913
breast_cancer,25,23.0,12.0,4.0,,,noise_augmented_cart,0.027449400004115887
breast_cancer,25,,,,,,random_forest,0.12787950000347337
breast_cancer,25,,,,,,extra_trees,0.042020599998068064
breast_cancer,25,,,,,,linear_svm,0.001302599994232878
breast_cancer,25,,,,,,rbf_svm,0.0012140000035287812
breast_cancer,27,15.0,8.0,4.0,0.012850636974305923,0.0,matched_gini,0.11167900000145892
breast_cancer,27,15.0,8.0,4.0,0.029150939061674656,0.0,mags_fixed,0.11209879999660188
breast_cancer,27,15.0,8.0,4.0,0.029150939061674656,0.0,mags_binary_excluded,0.09971780000341823
breast_cancer,27,15.0,8.0,4.0,0.026116854671015075,0.0,matched_gini_unrestricted,0.15541059999668505
breast_cancer,27,15.0,8.0,4.0,0.05475584237066058,0.0,mags_fixed_unrestricted,0.16726699999708217
breast_cancer,27,15.0,8.0,4.0,,,cart_fixed,0.0022915000008651987
breast_cancer,27,7.0,4.0,2.0,0.005957390609388616,0.0,mags_tuned,2.6327522000065073
breast_cancer,27,7.0,4.0,2.0,,,cart_tuned_depth,0.028802499997254927
breast_cancer,27,5.0,3.0,2.0,,,cart_pruned,0.017126200000348035
breast_cancer,27,19.0,10.0,4.0,,,noise_augmented_cart,0.004263399998308159
breast_cancer,27,,,,,,random_forest,0.107285399993998
breast_cancer,27,,,,,,extra_trees,0.04718029999639839
breast_cancer,27,,,,,,linear_svm,0.0011888000008184463
breast_cancer,27,,,,,,rbf_svm,0.0014056999934837222
car_evaluation,0,17.0,9.0,5.0,1.0,1.0,matched_gini,0.0033628000019234605
car_evaluation,0,17.0,9.0,5.0,1.0,1.0,mags_fixed,0.0031941999986884184
car_evaluation,0,17.0,9.0,5.0,1.0,1.0,mags_binary_excluded,0.005018700001528487
car_evaluation,0,17.0,9.0,5.0,1.0,1.0,matched_gini_unrestricted,0.005260300000372808
car_evaluation,0,17.0,9.0,5.0,1.0,1.0,mags_fixed_unrestricted,0.005279499993775971
car_evaluation,0,17.0,9.0,5.0,,,cart_fixed,0.001068400000804104
car_evaluation,0,63.0,32.0,8.0,1.0,0.0,mags_tuned,0.26042640000378015
car_evaluation,0,105.0,53.0,11.0,,,cart_tuned_depth,0.008878799999365583
car_evaluation,0,105.0,53.0,11.0,,,cart_pruned,0.014426800000364892
car_evaluation,0,17.0,9.0,5.0,,,noise_augmented_cart,0.008955699995567556
car_evaluation,0,,,,,,random_forest,0.10336190000089118
car_evaluation,0,,,,,,extra_trees,0.061245999997481704
car_evaluation,0,,,,,,linear_svm,0.007722499998635612
car_evaluation,0,,,,,,rbf_svm,0.019168200000422075
car_evaluation,1,19.0,10.0,5.0,1.0,1.0,matched_gini,0.0037163000015425496
car_evaluation,1,19.0,10.0,5.0,1.0,1.0,mags_fixed,0.0036878999962937087
car_evaluation,1,19.0,10.0,5.0,1.0,1.0,mags_binary_excluded,0.003685200004838407
car_evaluation,1,19.0,10.0,5.0,1.0,1.0,matched_gini_unrestricted,0.003743699999176897
car_evaluation,1,19.0,10.0,5.0,1.0,1.0,mags_fixed_unrestricted,0.003779000006034039
car_evaluation,1,19.0,10.0,5.0,,,cart_fixed,0.0009590999979991466
car_evaluation,1,69.0,35.0,8.0,1.0,0.0,mags_tuned,0.2916332000022521
car_evaluation,1,105.0,53.0,10.0,,,cart_tuned_depth,0.02036959999531973
car_evaluation,1,101.0,51.0,11.0,,,cart_pruned,0.016919900001084898
car_evaluation,1,21.0,11.0,5.0,,,noise_augmented_cart,0.00641909999831114
car_evaluation,1,,,,,,random_forest,0.11430129999644123
car_evaluation,1,,,,,,extra_trees,0.06461539999872912
car_evaluation,1,,,,,,linear_svm,0.010384700006397907
car_evaluation,1,,,,,,rbf_svm,0.0239988999965135
breast_cancer,28,25.0,13.0,4.0,0.06116875710125654,0.0,matched_gini,0.14879929999733577
breast_cancer,28,25.0,13.0,4.0,0.07481584639879751,0.0,mags_fixed,0.15603769999870565
breast_cancer,28,25.0,13.0,4.0,0.07481584639879751,0.0,mags_binary_excluded,0.16622479999932693
breast_cancer,28,21.0,11.0,4.0,0.049254274884781256,0.0,matched_gini_unrestricted,0.20316340000135824
breast_cancer,28,21.0,11.0,4.0,0.0613936798712801,0.0,mags_fixed_unrestricted,0.22416729999531526
breast_cancer,28,25.0,13.0,4.0,,,cart_fixed,0.003163900000799913
breast_cancer,28,7.0,4.0,2.0,0.006459343389757971,0.0,mags_tuned,3.256859600005555
breast_cancer,28,7.0,4.0,2.0,,,cart_tuned_depth,0.02163999999902444
breast_cancer,28,7.0,4.0,2.0,,,cart_pruned,0.03116539999609813
breast_cancer,28,25.0,13.0,4.0,,,noise_augmented_cart,0.005306799997924827
breast_cancer,28,,,,,,random_forest,0.0953462999968906
breast_cancer,28,,,,,,extra_trees,0.05455210000218358
breast_cancer,28,,,,,,linear_svm,0.003820999998424668
breast_cancer,28,,,,,,rbf_svm,0.0012514000045484863
car_evaluation,2,17.0,9.0,5.0,1.0,1.0,matched_gini,0.005625400001008529
car_evaluation,2,17.0,9.0,5.0,1.0,1.0,mags_fixed,0.005425499999546446
car_evaluation,2,17.0,9.0,5.0,1.0,1.0,mags_binary_excluded,0.005345199999283068
car_evaluation,2,17.0,9.0,5.0,1.0,1.0,matched_gini_unrestricted,0.005598800002189819
car_evaluation,2,17.0,9.0,5.0,1.0,1.0,mags_fixed_unrestricted,0.008354600002348889
car_evaluation,2,17.0,9.0,5.0,,,cart_fixed,0.0015964000049280003
car_evaluation,2,63.0,32.0,8.0,1.0,0.0,mags_tuned,0.2651733000020613
car_evaluation,2,99.0,50.0,10.0,,,cart_tuned_depth,0.012839100003475323
car_evaluation,2,47.0,24.0,9.0,,,cart_pruned,0.01781920000212267
car_evaluation,2,17.0,9.0,5.0,,,noise_augmented_cart,0.005619499999738764
car_evaluation,2,,,,,,random_forest,0.07728800000040792
car_evaluation,2,,,,,,extra_trees,0.05631869999342598
car_evaluation,2,,,,,,linear_svm,0.009097300004214048
car_evaluation,2,,,,,,rbf_svm,0.022511600000143517
car_evaluation,3,19.0,10.0,5.0,1.0,1.0,matched_gini,0.004495099994528573
car_evaluation,3,19.0,10.0,5.0,1.0,1.0,mags_fixed,0.0054132000004756264
car_evaluation,3,19.0,10.0,5.0,1.0,1.0,mags_binary_excluded,0.005734799997298978
car_evaluation,3,19.0,10.0,5.0,1.0,1.0,matched_gini_unrestricted,0.005715699997381307
car_evaluation,3,19.0,10.0,5.0,1.0,1.0,mags_fixed_unrestricted,0.00569089999771677
car_evaluation,3,19.0,10.0,5.0,,,cart_fixed,0.0011222000030102208
car_evaluation,3,73.0,37.0,8.0,1.0,0.0,mags_tuned,0.2564578999954392
car_evaluation,3,105.0,53.0,10.0,,,cart_tuned_depth,0.014167599998472724
car_evaluation,3,105.0,53.0,10.0,,,cart_pruned,0.014526899998600129
car_evaluation,3,19.0,10.0,5.0,,,noise_augmented_cart,0.004560499997751322
car_evaluation,3,,,,,,random_forest,0.0756037999963155
car_evaluation,3,,,,,,extra_trees,0.06648370000038994
car_evaluation,3,,,,,,linear_svm,0.00864920000458369
car_evaluation,3,,,,,,rbf_svm,0.01944809999986319
car_evaluation,4,19.0,10.0,5.0,1.0,1.0,matched_gini,0.003954400002839975
car_evaluation,4,19.0,10.0,5.0,1.0,1.0,mags_fixed,0.0039993000027607195
car_evaluation,4,19.0,10.0,5.0,1.0,1.0,mags_binary_excluded,0.003964499999710824
car_evaluation,4,19.0,10.0,5.0,1.0,1.0,matched_gini_unrestricted,0.004145500002778135
car_evaluation,4,19.0,10.0,5.0,1.0,1.0,mags_fixed_unrestricted,0.0040103999999701045
car_evaluation,4,19.0,10.0,5.0,,,cart_fixed,0.0010972000018227845
car_evaluation,4,75.0,38.0,8.0,1.0,0.0,mags_tuned,0.2841582000037306
car_evaluation,4,103.0,52.0,10.0,,,cart_tuned_depth,0.027229699997405987
car_evaluation,4,67.0,34.0,10.0,,,cart_pruned,0.018079299996315967
car_evaluation,4,21.0,11.0,5.0,,,noise_augmented_cart,0.006315899998298846
car_evaluation,4,,,,,,random_forest,0.06994870000198716
car_evaluation,4,,,,,,extra_trees,0.06697110000095563
car_evaluation,4,,,,,,linear_svm,0.017690399996354245
car_evaluation,4,,,,,,rbf_svm,0.05132840000442229
car_evaluation,5,19.0,10.0,5.0,1.0,1.0,matched_gini,0.006095100005040877
car_evaluation,5,19.0,10.0,5.0,1.0,1.0,mags_fixed,0.005858999997144565
car_evaluation,5,19.0,10.0,5.0,1.0,1.0,mags_binary_excluded,0.005674299995007459
car_evaluation,5,19.0,10.0,5.0,1.0,1.0,matched_gini_unrestricted,0.00573420000000624
car_evaluation,5,19.0,10.0,5.0,1.0,1.0,mags_fixed_unrestricted,0.0058312999972258694
car_evaluation,5,19.0,10.0,5.0,,,cart_fixed,0.0013180999958422035
car_evaluation,5,77.0,39.0,8.0,1.0,0.0,mags_tuned,0.348556799996004
car_evaluation,5,103.0,52.0,10.0,,,cart_tuned_depth,0.01998710000043502
car_evaluation,5,45.0,23.0,9.0,,,cart_pruned,0.030612400005338714
car_evaluation,5,19.0,10.0,5.0,,,noise_augmented_cart,0.006514399996376596
car_evaluation,5,,,,,,random_forest,0.0788888000024599
car_evaluation,5,,,,,,extra_trees,0.09546160000172677
car_evaluation,5,,,,,,linear_svm,0.007978999994520564
car_evaluation,5,,,,,,rbf_svm,0.022879600001033396
car_evaluation,6,19.0,10.0,5.0,1.0,1.0,matched_gini,0.005222200001298916
car_evaluation,6,19.0,10.0,5.0,1.0,1.0,mags_fixed,0.003562400001101196
car_evaluation,6,19.0,10.0,5.0,1.0,1.0,mags_binary_excluded,0.0035729000010178424
car_evaluation,6,19.0,10.0,5.0,1.0,1.0,matched_gini_unrestricted,0.0036162000033073127
car_evaluation,6,19.0,10.0,5.0,1.0,1.0,mags_fixed_unrestricted,0.005391300001065247
car_evaluation,6,19.0,10.0,5.0,,,cart_fixed,0.00108380000165198
car_evaluation,6,69.0,35.0,8.0,1.0,0.0,mags_tuned,0.24929189999966184
car_evaluation,6,103.0,52.0,10.0,,,cart_tuned_depth,0.013010299997404218
car_evaluation,6,53.0,27.0,10.0,,,cart_pruned,0.027934000005188864
car_evaluation,6,21.0,11.0,5.0,,,noise_augmented_cart,0.009884099999908358
car_evaluation,6,,,,,,random_forest,0.10468190000392497
car_evaluation,6,,,,,,extra_trees,0.07295899999735411
car_evaluation,6,,,,,,linear_svm,0.006955500000913162
car_evaluation,6,,,,,,rbf_svm,0.01924739999958547
car_evaluation,7,19.0,10.0,5.0,1.0,1.0,matched_gini,0.03401389999635285
car_evaluation,7,19.0,10.0,5.0,1.0,1.0,mags_fixed,0.010066499999084044
car_evaluation,7,19.0,10.0,5.0,1.0,1.0,mags_binary_excluded,0.009497800005192403
car_evaluation,7,19.0,10.0,5.0,1.0,1.0,matched_gini_unrestricted,0.009270700000342913
car_evaluation,7,19.0,10.0,5.0,1.0,1.0,mags_fixed_unrestricted,0.009366199999931268
car_evaluation,7,19.0,10.0,5.0,,,cart_fixed,0.0017227999996975996
car_evaluation,7,73.0,37.0,8.0,1.0,0.0,mags_tuned,0.26124369999888586
car_evaluation,7,73.0,37.0,8.0,,,cart_tuned_depth,0.011366499995347112
car_evaluation,7,43.0,22.0,9.0,,,cart_pruned,0.01841450000210898
car_evaluation,7,21.0,11.0,5.0,,,noise_augmented_cart,0.009022899997944478
car_evaluation,7,,,,,,random_forest,0.08497499999793945
car_evaluation,7,,,,,,extra_trees,0.061865099996794015
car_evaluation,7,,,,,,linear_svm,0.007046500002616085
car_evaluation,7,,,,,,rbf_svm,0.020055699998920318
car_evaluation,8,19.0,10.0,5.0,1.0,1.0,matched_gini,0.006022499997925479
car_evaluation,8,19.0,10.0,5.0,1.0,1.0,mags_fixed,0.005684300005668774
car_evaluation,8,19.0,10.0,5.0,1.0,1.0,mags_binary_excluded,0.006318299994745757
car_evaluation,8,19.0,10.0,5.0,1.0,1.0,matched_gini_unrestricted,0.005908400002226699
car_evaluation,8,19.0,10.0,5.0,1.0,1.0,mags_fixed_unrestricted,0.020082600000023376
car_evaluation,8,19.0,10.0,5.0,,,cart_fixed,0.007805299996107351
car_evaluation,8,71.0,36.0,8.0,1.0,0.0,mags_tuned,0.3382960000017192
car_evaluation,8,101.0,51.0,10.0,,,cart_tuned_depth,0.014228499996534083
car_evaluation,8,65.0,33.0,10.0,,,cart_pruned,0.021851299999980256
car_evaluation,8,19.0,10.0,5.0,,,noise_augmented_cart,0.007131399994250387
car_evaluation,8,,,,,,random_forest,0.09346969999751309
car_evaluation,8,,,,,,extra_trees,0.06539920000068378
car_evaluation,8,,,,,,linear_svm,0.009787200004211627
car_evaluation,8,,,,,,rbf_svm,0.02257870000175899
breast_cancer,29,21.0,11.0,4.0,0.06673500507617271,0.0,matched_gini,0.14386260000173934
breast_cancer,29,21.0,11.0,4.0,0.08659262927160805,0.0,mags_fixed,0.12807230000180425
breast_cancer,29,21.0,11.0,4.0,0.08659262927160805,0.0,mags_binary_excluded,0.12583699999959208
breast_cancer,29,21.0,11.0,4.0,0.06661034873388495,0.0,matched_gini_unrestricted,0.24243169999681413
breast_cancer,29,21.0,11.0,4.0,0.09609236940293223,0.0,mags_fixed_unrestricted,0.21573500000522472
breast_cancer,29,21.0,11.0,4.0,,,cart_fixed,0.0030434000000241213
breast_cancer,29,21.0,11.0,4.0,0.06673500507617271,0.0,mags_tuned,3.2237875000064378
breast_cancer,29,7.0,4.0,2.0,,,cart_tuned_depth,0.022784400003729388
breast_cancer,29,13.0,7.0,4.0,,,cart_pruned,0.0267593999960809
breast_cancer,29,19.0,10.0,4.0,,,noise_augmented_cart,0.004884300004050601
breast_cancer,29,,,,,,random_forest,0.06798690000141505
breast_cancer,29,,,,,,extra_trees,0.046430700000200886
breast_cancer,29,,,,,,linear_svm,0.0013638000018545426
breast_cancer,29,,,,,,rbf_svm,0.00142269999923883
car_evaluation,9,17.0,9.0,5.0,1.0,1.0,matched_gini,0.0055448999992222525
car_evaluation,9,17.0,9.0,5.0,1.0,1.0,mags_fixed,0.005350999999791384
car_evaluation,9,17.0,9.0,5.0,1.0,1.0,mags_binary_excluded,0.007488700000976678
car_evaluation,9,17.0,9.0,5.0,1.0,1.0,matched_gini_unrestricted,0.005539900004805531
car_evaluation,9,17.0,9.0,5.0,1.0,1.0,mags_fixed_unrestricted,0.006118400000559632
car_evaluation,9,17.0,9.0,5.0,,,cart_fixed,0.001288100000238046
car_evaluation,9,73.0,37.0,8.0,1.0,0.0,mags_tuned,0.2833639999953448
car_evaluation,9,103.0,52.0,10.0,,,cart_tuned_depth,0.012765600004058797
car_evaluation,9,67.0,34.0,11.0,,,cart_pruned,0.0202828999972553
car_evaluation,9,17.0,9.0,5.0,,,noise_augmented_cart,0.006349300005240366
car_evaluation,9,,,,,,random_forest,0.07690689999435563
car_evaluation,9,,,,,,extra_trees,0.0712236999970628
car_evaluation,9,,,,,,linear_svm,0.007841200000257231
car_evaluation,9,,,,,,rbf_svm,0.03341579999687383
car_evaluation,10,17.0,9.0,5.0,1.0,1.0,matched_gini,0.00677910000376869
car_evaluation,10,17.0,9.0,5.0,1.0,1.0,mags_fixed,0.005481400003191084
car_evaluation,10,17.0,9.0,5.0,1.0,1.0,mags_binary_excluded,0.005331899999873713
car_evaluation,10,17.0,9.0,5.0,1.0,1.0,matched_gini_unrestricted,0.004775300003529992
car_evaluation,10,17.0,9.0,5.0,1.0,1.0,mags_fixed_unrestricted,0.005410799996752758
car_evaluation,10,17.0,9.0,5.0,,,cart_fixed,0.0015802999987499788
car_evaluation,10,63.0,32.0,8.0,1.0,0.0,mags_tuned,0.2719278000004124
car_evaluation,10,101.0,51.0,10.0,,,cart_tuned_depth,0.012173700000857934
car_evaluation,10,63.0,32.0,10.0,,,cart_pruned,0.019736200003535487
car_evaluation,10,21.0,11.0,5.0,,,noise_augmented_cart,0.007012800000666175
car_evaluation,10,,,,,,random_forest,0.06849589999910677
car_evaluation,10,,,,,,extra_trees,0.04617090000101598
car_evaluation,10,,,,,,linear_svm,0.006362399995850865
car_evaluation,10,,,,,,rbf_svm,0.016208300003199838
car_evaluation,11,19.0,10.0,5.0,1.0,1.0,matched_gini,0.0059552999955485575
car_evaluation,11,19.0,10.0,5.0,1.0,1.0,mags_fixed,0.005782399995950982
car_evaluation,11,19.0,10.0,5.0,1.0,1.0,mags_binary_excluded,0.005743399997300003
car_evaluation,11,19.0,10.0,5.0,1.0,1.0,matched_gini_unrestricted,0.005746599999838509
car_evaluation,11,19.0,10.0,5.0,1.0,1.0,mags_fixed_unrestricted,0.005702800001017749
car_evaluation,11,19.0,10.0,5.0,,,cart_fixed,0.0011359000054653734
car_evaluation,11,75.0,38.0,8.0,1.0,0.0,mags_tuned,0.30350650000036694
car_evaluation,11,75.0,38.0,8.0,,,cart_tuned_depth,0.009366699996462557
car_evaluation,11,101.0,51.0,11.0,,,cart_pruned,0.017301299994869623
car_evaluation,11,19.0,10.0,5.0,,,noise_augmented_cart,0.0052063000039197505
car_evaluation,11,,,,,,random_forest,0.06597409999812953
car_evaluation,11,,,,,,extra_trees,0.05513220000284491
car_evaluation,11,,,,,,linear_svm,0.00822630000038771
car_evaluation,11,,,,,,rbf_svm,0.01935840000078315
car_evaluation,12,19.0,10.0,5.0,1.0,1.0,matched_gini,0.006103499996243045
car_evaluation,12,19.0,10.0,5.0,1.0,1.0,mags_fixed,0.01133059999847319
car_evaluation,12,19.0,10.0,5.0,1.0,1.0,mags_binary_excluded,0.0055590000047232024
car_evaluation,12,19.0,10.0,5.0,1.0,1.0,matched_gini_unrestricted,0.0075493000040296465
car_evaluation,12,19.0,10.0,5.0,1.0,1.0,mags_fixed_unrestricted,0.003600900003220886
car_evaluation,12,19.0,10.0,5.0,,,cart_fixed,0.0009270000009564683
car_evaluation,12,69.0,35.0,8.0,1.0,0.0,mags_tuned,0.2686293000006117
car_evaluation,12,97.0,49.0,10.0,,,cart_tuned_depth,0.011477200001536403
car_evaluation,12,49.0,25.0,9.0,,,cart_pruned,0.01804190000257222
car_evaluation,12,19.0,10.0,5.0,,,noise_augmented_cart,0.005805600005260203
car_evaluation,12,,,,,,random_forest,0.06766179999976885
car_evaluation,12,,,,,,extra_trees,0.049847000002046116
car_evaluation,12,,,,,,linear_svm,0.009158100001513958
car_evaluation,12,,,,,,rbf_svm,0.035434899997198954
car_evaluation,13,17.0,9.0,5.0,1.0,1.0,matched_gini,0.0035176999954273924
car_evaluation,13,17.0,9.0,5.0,1.0,1.0,mags_fixed,0.005044300000008661
car_evaluation,13,17.0,9.0,5.0,1.0,1.0,mags_binary_excluded,0.0062870999972801656
car_evaluation,13,17.0,9.0,5.0,1.0,1.0,matched_gini_unrestricted,0.006000399996992201
car_evaluation,13,17.0,9.0,5.0,1.0,1.0,mags_fixed_unrestricted,0.005339600000297651
car_evaluation,13,17.0,9.0,5.0,,,cart_fixed,0.001124100002925843
car_evaluation,13,65.0,33.0,8.0,1.0,0.0,mags_tuned,0.2436401000013575
car_evaluation,13,101.0,51.0,10.0,,,cart_tuned_depth,0.012745700005325489
car_evaluation,13,39.0,20.0,9.0,,,cart_pruned,0.02034579999599373
car_evaluation,13,17.0,9.0,5.0,,,noise_augmented_cart,0.00654009999561822
car_evaluation,13,,,,,,random_forest,0.07940229999803705
car_evaluation,13,,,,,,extra_trees,0.05616759999975329
car_evaluation,13,,,,,,linear_svm,0.007841499995265622
car_evaluation,13,,,,,,rbf_svm,0.017938900004082825
car_evaluation,14,17.0,9.0,5.0,1.0,1.0,matched_gini,0.005640900002617855
car_evaluation,14,17.0,9.0,5.0,1.0,1.0,mags_fixed,0.008509700004651677
car_evaluation,14,17.0,9.0,5.0,1.0,1.0,mags_binary_excluded,0.005478600003698375
car_evaluation,14,17.0,9.0,5.0,1.0,1.0,matched_gini_unrestricted,0.0053585999994538724
car_evaluation,14,17.0,9.0,5.0,1.0,1.0,mags_fixed_unrestricted,0.005360700000892393
car_evaluation,14,17.0,9.0,5.0,,,cart_fixed,0.001168299997516442
car_evaluation,14,65.0,33.0,8.0,1.0,0.0,mags_tuned,0.25468009999895
car_evaluation,14,97.0,49.0,10.0,,,cart_tuned_depth,0.023860599998442922
car_evaluation,14,37.0,19.0,9.0,,,cart_pruned,0.01561290000245208
car_evaluation,14,17.0,9.0,5.0,,,noise_augmented_cart,0.00553819999913685
car_evaluation,14,,,,,,random_forest,0.06330919999891194
car_evaluation,14,,,,,,extra_trees,0.048675800004275516
car_evaluation,14,,,,,,linear_svm,0.007291199995961506
car_evaluation,14,,,,,,rbf_svm,0.02045199999702163
car_evaluation,15,19.0,10.0,5.0,1.0,1.0,matched_gini,0.009716299995488953
car_evaluation,15,19.0,10.0,5.0,1.0,1.0,mags_fixed,0.005679599998984486
car_evaluation,15,19.0,10.0,5.0,1.0,1.0,mags_binary_excluded,0.004551400001219008
car_evaluation,15,19.0,10.0,5.0,1.0,1.0,matched_gini_unrestricted,0.0037529000037466176
car_evaluation,15,19.0,10.0,5.0,1.0,1.0,mags_fixed_unrestricted,0.0059154000045964494
car_evaluation,15,19.0,10.0,5.0,,,cart_fixed,0.001773699994373601
car_evaluation,15,63.0,32.0,8.0,1.0,0.0,mags_tuned,0.22185139999783132
car_evaluation,15,97.0,49.0,10.0,,,cart_tuned_depth,0.009734100000059698
car_evaluation,15,63.0,32.0,10.0,,,cart_pruned,0.020269699998607393
car_evaluation,15,25.0,13.0,5.0,,,noise_augmented_cart,0.006498599999758881
car_evaluation,15,,,,,,random_forest,0.07212520000030054
car_evaluation,15,,,,,,extra_trees,0.07768790000409354
car_evaluation,15,,,,,,linear_svm,0.007027600004221313
car_evaluation,15,,,,,,rbf_svm,0.019749200000660494
car_evaluation,16,17.0,9.0,5.0,1.0,1.0,matched_gini,0.020356199995148927
car_evaluation,16,17.0,9.0,5.0,1.0,1.0,mags_fixed,0.007026899998891167
car_evaluation,16,17.0,9.0,5.0,1.0,1.0,mags_binary_excluded,0.005397200002335012
car_evaluation,16,17.0,9.0,5.0,1.0,1.0,matched_gini_unrestricted,0.005378699999710079
car_evaluation,16,17.0,9.0,5.0,1.0,1.0,mags_fixed_unrestricted,0.007870000001275912
car_evaluation,16,17.0,9.0,5.0,,,cart_fixed,0.009145199997874442
car_evaluation,16,75.0,38.0,8.0,1.0,0.0,mags_tuned,0.24876860000222223
car_evaluation,16,107.0,54.0,10.0,,,cart_tuned_depth,0.00968760000250768
car_evaluation,16,45.0,23.0,9.0,,,cart_pruned,0.01956639999843901
car_evaluation,16,19.0,10.0,5.0,,,noise_augmented_cart,0.007186599999840837
car_evaluation,16,,,,,,random_forest,0.07300400000531226
car_evaluation,16,,,,,,extra_trees,0.05375840000488097
car_evaluation,16,,,,,,linear_svm,0.00779060000058962
car_evaluation,16,,,,,,rbf_svm,0.017353899995214306
car_evaluation,17,19.0,10.0,5.0,1.0,1.0,matched_gini,0.006044300003850367
car_evaluation,17,19.0,10.0,5.0,1.0,1.0,mags_fixed,0.00570789999619592
car_evaluation,17,19.0,10.0,5.0,1.0,1.0,mags_binary_excluded,0.005694699997548014
car_evaluation,17,19.0,10.0,5.0,1.0,1.0,matched_gini_unrestricted,0.005655000000842847
car_evaluation,17,19.0,10.0,5.0,1.0,1.0,mags_fixed_unrestricted,0.005674899999576155
car_evaluation,17,19.0,10.0,5.0,,,cart_fixed,0.0011187999989488162
car_evaluation,17,61.0,31.0,8.0,1.0,0.0,mags_tuned,0.25472930000250926
car_evaluation,17,95.0,48.0,11.0,,,cart_tuned_depth,0.01149029999942286
car_evaluation,17,65.0,33.0,11.0,,,cart_pruned,0.017764500000339467
car_evaluation,17,19.0,10.0,5.0,,,noise_augmented_cart,0.005444399997941218
car_evaluation,17,,,,,,random_forest,0.0890469999940251
car_evaluation,17,,,,,,extra_trees,0.052980699998443015
car_evaluation,17,,,,,,linear_svm,0.008233399996242952
car_evaluation,17,,,,,,rbf_svm,0.01976940000167815
car_evaluation,18,17.0,9.0,5.0,1.0,1.0,matched_gini,0.005627400001685601
car_evaluation,18,17.0,9.0,5.0,1.0,1.0,mags_fixed,0.00539779999962775
car_evaluation,18,17.0,9.0,5.0,1.0,1.0,mags_binary_excluded,0.05992880000121659
car_evaluation,18,17.0,9.0,5.0,1.0,1.0,matched_gini_unrestricted,0.01910679999855347
car_evaluation,18,17.0,9.0,5.0,1.0,1.0,mags_fixed_unrestricted,0.004203399999823887
car_evaluation,18,17.0,9.0,5.0,,,cart_fixed,0.0009702000024844892
car_evaluation,18,75.0,38.0,8.0,1.0,0.0,mags_tuned,0.20470139999815729
car_evaluation,18,101.0,51.0,10.0,,,cart_tuned_depth,0.011431200000515673
car_evaluation,18,81.0,41.0,11.0,,,cart_pruned,0.015969700005371124
car_evaluation,18,19.0,10.0,5.0,,,noise_augmented_cart,0.005077900001197122
car_evaluation,18,,,,,,random_forest,0.10374259999662172
car_evaluation,18,,,,,,extra_trees,0.0649864000006346
car_evaluation,18,,,,,,linear_svm,0.009111199993640184
car_evaluation,18,,,,,,rbf_svm,0.023373399999400135
car_evaluation,19,17.0,9.0,5.0,1.0,1.0,matched_gini,0.0036983000027248636
car_evaluation,19,17.0,9.0,5.0,1.0,1.0,mags_fixed,0.003570100001525134
car_evaluation,19,17.0,9.0,5.0,1.0,1.0,mags_binary_excluded,0.0035722000029636547
car_evaluation,19,17.0,9.0,5.0,1.0,1.0,matched_gini_unrestricted,0.003701000001456123
car_evaluation,19,17.0,9.0,5.0,1.0,1.0,mags_fixed_unrestricted,0.005165399998077191
car_evaluation,19,17.0,9.0,5.0,,,cart_fixed,0.001102299997000955
car_evaluation,19,67.0,34.0,8.0,1.0,0.0,mags_tuned,0.290260900001158
car_evaluation,19,67.0,34.0,8.0,,,cart_tuned_depth,0.01151430000027176
car_evaluation,19,85.0,43.0,11.0,,,cart_pruned,0.018444900000758935
car_evaluation,19,19.0,10.0,5.0,,,noise_augmented_cart,0.005732600002374966
car_evaluation,19,,,,,,random_forest,0.0735869999989518
car_evaluation,19,,,,,,extra_trees,0.08743170000525424
car_evaluation,19,,,,,,linear_svm,0.00831369999650633
car_evaluation,19,,,,,,rbf_svm,0.022112599996034987
car_evaluation,20,19.0,10.0,5.0,1.0,1.0,matched_gini,0.003973400001996197
car_evaluation,20,19.0,10.0,5.0,1.0,1.0,mags_fixed,0.003959800000302494
car_evaluation,20,19.0,10.0,5.0,1.0,1.0,mags_binary_excluded,0.0041841999991447665
car_evaluation,20,19.0,10.0,5.0,1.0,1.0,matched_gini_unrestricted,0.011629500004346482
car_evaluation,20,19.0,10.0,5.0,1.0,1.0,mags_fixed_unrestricted,0.003627799997047987
car_evaluation,20,19.0,10.0,5.0,,,cart_fixed,0.0009479000000283122
car_evaluation,20,73.0,37.0,8.0,1.0,0.0,mags_tuned,0.23387790000560926
car_evaluation,20,95.0,48.0,10.0,,,cart_tuned_depth,0.012037600004987326
car_evaluation,20,67.0,34.0,11.0,,,cart_pruned,0.01874419999512611
car_evaluation,20,21.0,11.0,5.0,,,noise_augmented_cart,0.006180899996252265
car_evaluation,20,,,,,,random_forest,0.07814099999814061
car_evaluation,20,,,,,,extra_trees,0.06081400000402937
car_evaluation,20,,,,,,linear_svm,0.015273400000296533
car_evaluation,20,,,,,,rbf_svm,0.03823230000125477
car_evaluation,21,19.0,10.0,5.0,1.0,1.0,matched_gini,0.006070900002669077
car_evaluation,21,19.0,10.0,5.0,1.0,1.0,mags_fixed,0.005776900005002972
car_evaluation,21,19.0,10.0,5.0,1.0,1.0,mags_binary_excluded,0.005824400002893526
car_evaluation,21,19.0,10.0,5.0,1.0,1.0,matched_gini_unrestricted,0.005734399994253181
car_evaluation,21,19.0,10.0,5.0,1.0,1.0,mags_fixed_unrestricted,0.006289799996011425
car_evaluation,21,19.0,10.0,5.0,,,cart_fixed,0.0011459000015747733
car_evaluation,21,71.0,36.0,8.0,1.0,0.0,mags_tuned,0.22915939999802504
car_evaluation,21,97.0,49.0,10.0,,,cart_tuned_depth,0.011671100000967272
car_evaluation,21,59.0,30.0,10.0,,,cart_pruned,0.01828419999947073
car_evaluation,21,19.0,10.0,5.0,,,noise_augmented_cart,0.0074767000041902065
car_evaluation,21,,,,,,random_forest,0.08762079999723937
car_evaluation,21,,,,,,extra_trees,0.06442899999819929
car_evaluation,21,,,,,,linear_svm,0.015491799997107591
car_evaluation,21,,,,,,rbf_svm,0.03949280000233557
car_evaluation,22,19.0,10.0,5.0,1.0,1.0,matched_gini,0.003717699997650925
car_evaluation,22,19.0,10.0,5.0,1.0,1.0,mags_fixed,0.003904500001226552
car_evaluation,22,19.0,10.0,5.0,1.0,1.0,mags_binary_excluded,0.006812399995396845
car_evaluation,22,19.0,10.0,5.0,1.0,1.0,matched_gini_unrestricted,0.006120999998529442
car_evaluation,22,19.0,10.0,5.0,1.0,1.0,mags_fixed_unrestricted,0.005960700000287034
car_evaluation,22,19.0,10.0,5.0,,,cart_fixed,0.0011766999959945679
car_evaluation,22,65.0,33.0,8.0,1.0,0.0,mags_tuned,0.31248819999746047
car_evaluation,22,65.0,33.0,8.0,,,cart_tuned_depth,0.021676999996998347
car_evaluation,22,49.0,25.0,10.0,,,cart_pruned,0.025829699996393174
car_evaluation,22,19.0,10.0,5.0,,,noise_augmented_cart,0.005659499998728279
car_evaluation,22,,,,,,random_forest,0.07728289999795379
car_evaluation,22,,,,,,extra_trees,0.060979100002441555
car_evaluation,22,,,,,,linear_svm,0.00784140000178013
car_evaluation,22,,,,,,rbf_svm,0.01981559999694582
car_evaluation,23,19.0,10.0,5.0,1.0,1.0,matched_gini,0.009362200005853083
car_evaluation,23,19.0,10.0,5.0,1.0,1.0,mags_fixed,0.005723200003558304
car_evaluation,23,19.0,10.0,5.0,1.0,1.0,mags_binary_excluded,0.005787099995359313
car_evaluation,23,19.0,10.0,5.0,1.0,1.0,matched_gini_unrestricted,0.005688600002031308
car_evaluation,23,19.0,10.0,5.0,1.0,1.0,mags_fixed_unrestricted,0.020539799996186048
car_evaluation,23,19.0,10.0,5.0,,,cart_fixed,0.0011415999979362823
car_evaluation,23,63.0,32.0,8.0,1.0,0.0,mags_tuned,0.26515549999749055
car_evaluation,23,103.0,52.0,11.0,,,cart_tuned_depth,0.009667899998021312
car_evaluation,23,103.0,52.0,11.0,,,cart_pruned,0.0220125999985612
car_evaluation,23,21.0,11.0,5.0,,,noise_augmented_cart,0.010732199996709824
car_evaluation,23,,,,,,random_forest,0.11926410000160104
car_evaluation,23,,,,,,extra_trees,0.08963770000264049
car_evaluation,23,,,,,,linear_svm,0.00835959999676561
car_evaluation,23,,,,,,rbf_svm,0.020426399998541456
car_evaluation,25,17.0,9.0,5.0,1.0,1.0,matched_gini,0.006090900002163835
car_evaluation,25,17.0,9.0,5.0,1.0,1.0,mags_fixed,0.0059478999974089675
car_evaluation,25,17.0,9.0,5.0,1.0,1.0,mags_binary_excluded,0.005879199998162221
car_evaluation,25,17.0,9.0,5.0,1.0,1.0,matched_gini_unrestricted,0.005989900004351512
car_evaluation,25,17.0,9.0,5.0,1.0,1.0,mags_fixed_unrestricted,0.005921600000874605
car_evaluation,25,17.0,9.0,5.0,,,cart_fixed,0.0012736999997287057
car_evaluation,25,77.0,39.0,8.0,1.0,0.0,mags_tuned,0.2749231999987387
car_evaluation,25,109.0,55.0,10.0,,,cart_tuned_depth,0.023322300003201235
car_evaluation,25,71.0,36.0,10.0,,,cart_pruned,0.037585799997032154
car_evaluation,25,17.0,9.0,5.0,,,noise_augmented_cart,0.006892299999890383
car_evaluation,25,,,,,,random_forest,0.07969289999891771
car_evaluation,25,,,,,,extra_trees,0.05440739999903599
car_evaluation,25,,,,,,linear_svm,0.008823399999528192
car_evaluation,25,,,,,,rbf_svm,0.03773879999789642
car_evaluation,24,19.0,10.0,5.0,1.0,1.0,matched_gini,0.013486600000760518
car_evaluation,24,19.0,10.0,5.0,1.0,1.0,mags_fixed,0.005975200001557823
car_evaluation,24,19.0,10.0,5.0,1.0,1.0,mags_binary_excluded,0.005014800000935793
car_evaluation,24,19.0,10.0,5.0,1.0,1.0,matched_gini_unrestricted,0.004344100001617335
car_evaluation,24,19.0,10.0,5.0,1.0,1.0,mags_fixed_unrestricted,0.005383899995649699
car_evaluation,24,19.0,10.0,5.0,,,cart_fixed,0.001160899999376852
car_evaluation,24,73.0,37.0,8.0,1.0,0.0,mags_tuned,0.28008129999943776
car_evaluation,24,73.0,37.0,8.0,,,cart_tuned_depth,0.023346599999058526
car_evaluation,24,71.0,36.0,10.0,,,cart_pruned,0.03771460000280058
car_evaluation,24,19.0,10.0,5.0,,,noise_augmented_cart,0.012127599999075755
car_evaluation,24,,,,,,random_forest,0.10457540000061272
car_evaluation,24,,,,,,extra_trees,0.051458300004014745
car_evaluation,24,,,,,,linear_svm,0.008021900001040194
car_evaluation,24,,,,,,rbf_svm,0.018720700005360413
car_evaluation,26,19.0,10.0,5.0,1.0,1.0,matched_gini,0.006233799998881295
car_evaluation,26,19.0,10.0,5.0,1.0,1.0,mags_fixed,0.006164200000057463
car_evaluation,26,19.0,10.0,5.0,1.0,1.0,mags_binary_excluded,0.0042935999954352155
car_evaluation,26,19.0,10.0,5.0,1.0,1.0,matched_gini_unrestricted,0.005815799995616544
car_evaluation,26,19.0,10.0,5.0,1.0,1.0,mags_fixed_unrestricted,0.00611120000394294
car_evaluation,26,19.0,10.0,5.0,,,cart_fixed,0.0011725000003934838
car_evaluation,26,67.0,34.0,8.0,1.0,0.0,mags_tuned,0.28015449999656994
car_evaluation,26,99.0,50.0,10.0,,,cart_tuned_depth,0.015233200007060077
car_evaluation,26,47.0,24.0,9.0,,,cart_pruned,0.01832270000159042
car_evaluation,26,19.0,10.0,5.0,,,noise_augmented_cart,0.005789299997559283
car_evaluation,26,,,,,,random_forest,0.0920643999997992
car_evaluation,26,,,,,,extra_trees,0.06297320000157924
car_evaluation,26,,,,,,linear_svm,0.007430700003169477
car_evaluation,26,,,,,,rbf_svm,0.02889839999988908
car_evaluation,27,19.0,10.0,5.0,1.0,1.0,matched_gini,0.005900000003748573
car_evaluation,27,19.0,10.0,5.0,1.0,1.0,mags_fixed,0.005844500003149733
car_evaluation,27,19.0,10.0,5.0,1.0,1.0,mags_binary_excluded,0.0056757999991532415
car_evaluation,27,19.0,10.0,5.0,1.0,1.0,matched_gini_unrestricted,0.006128900000476278
car_evaluation,27,19.0,10.0,5.0,1.0,1.0,mags_fixed_unrestricted,0.005665399999998044
car_evaluation,27,19.0,10.0,5.0,,,cart_fixed,0.0011239000014029443
car_evaluation,27,71.0,36.0,8.0,1.0,0.0,mags_tuned,0.2911210999955074
car_evaluation,27,71.0,36.0,8.0,,,cart_tuned_depth,0.015707899998233188
car_evaluation,27,107.0,54.0,12.0,,,cart_pruned,0.02461089999997057
car_evaluation,27,19.0,10.0,5.0,,,noise_augmented_cart,0.005809100002807099
car_evaluation,27,,,,,,random_forest,0.06582929999422049
car_evaluation,27,,,,,,extra_trees,0.052747600006114226
car_evaluation,27,,,,,,linear_svm,0.007236799996462651
car_evaluation,27,,,,,,rbf_svm,0.018837899995560292
car_evaluation,28,19.0,10.0,5.0,1.0,1.0,matched_gini,0.006099099999119062
car_evaluation,28,19.0,10.0,5.0,1.0,1.0,mags_fixed,0.005935599998338148
car_evaluation,28,19.0,10.0,5.0,1.0,1.0,mags_binary_excluded,0.005745900001784321
car_evaluation,28,19.0,10.0,5.0,1.0,1.0,matched_gini_unrestricted,0.005888199993933085
car_evaluation,28,19.0,10.0,5.0,1.0,1.0,mags_fixed_unrestricted,0.005757699997047894
car_evaluation,28,19.0,10.0,5.0,,,cart_fixed,0.0011293999996269122
car_evaluation,28,65.0,33.0,8.0,1.0,0.0,mags_tuned,0.32282560000021476
car_evaluation,28,99.0,50.0,10.0,,,cart_tuned_depth,0.021324300003470853
car_evaluation,28,103.0,52.0,11.0,,,cart_pruned,0.017822900001192465
car_evaluation,28,19.0,10.0,5.0,,,noise_augmented_cart,0.005655100001604296
car_evaluation,28,,,,,,random_forest,0.07098630000109551
car_evaluation,28,,,,,,extra_trees,0.06450239999685436
car_evaluation,28,,,,,,linear_svm,0.0077402999959304
car_evaluation,28,,,,,,rbf_svm,0.020128899996052496
car_evaluation,29,19.0,10.0,5.0,1.0,1.0,matched_gini,0.003861299999698531
car_evaluation,29,19.0,10.0,5.0,1.0,1.0,mags_fixed,0.0039143999965745024
car_evaluation,29,19.0,10.0,5.0,1.0,1.0,mags_binary_excluded,0.00384180000401102
car_evaluation,29,19.0,10.0,5.0,1.0,1.0,matched_gini_unrestricted,0.004782600000908133
car_evaluation,29,19.0,10.0,5.0,1.0,1.0,mags_fixed_unrestricted,0.005698900000425056
car_evaluation,29,19.0,10.0,5.0,,,cart_fixed,0.0011079999967478216
car_evaluation,29,71.0,36.0,8.0,1.0,0.0,mags_tuned,0.2535957000000053
car_evaluation,29,105.0,53.0,10.0,,,cart_tuned_depth,0.021164500001759734
car_evaluation,29,67.0,34.0,10.0,,,cart_pruned,0.031628500000806525
car_evaluation,29,19.0,10.0,5.0,,,noise_augmented_cart,0.0058030000000144355
car_evaluation,29,,,,,,random_forest,0.06236989999888465
car_evaluation,29,,,,,,extra_trees,0.06365379999624565
car_evaluation,29,,,,,,linear_svm,0.007972999999765307
car_evaluation,29,,,,,,rbf_svm,0.020273500005714595
cmc,0,35.0,18.0,5.0,0.506127154348217,0.47058823529411764,matched_gini,0.012527599996246863
cmc,0,35.0,18.0,5.0,0.506127154348217,0.47058823529411764,mags_fixed,0.010755200004496146
cmc,0,35.0,18.0,5.0,0.506127154348217,0.47058823529411764,mags_binary_excluded,0.01197659999888856
cmc,0,35.0,18.0,5.0,0.506127154348217,0.47058823529411764,matched_gini_unrestricted,0.017797100001189392
cmc,0,35.0,18.0,5.0,0.506127154348217,0.47058823529411764,mags_fixed_unrestricted,0.01220869999815477
cmc,0,35.0,18.0,5.0,,,cart_fixed,0.0012070999946445227
cmc,0,77.0,39.0,6.0,0.6539040406082003,0.0,mags_tuned,0.7372432000047411
cmc,0,19.0,10.0,4.0,,,cart_tuned_depth,0.03162309999606805
cmc,0,271.0,136.0,16.0,,,cart_pruned,0.044846199998573866
cmc,0,49.0,25.0,5.0,,,noise_augmented_cart,0.00837889999820618
cmc,0,,,,,,random_forest,0.11232269999891287
cmc,0,,,,,,extra_trees,0.08549489999859361
cmc,0,,,,,,linear_svm,0.02922450000187382
cmc,0,,,,,,rbf_svm,0.030044400002225302
cmc,1,37.0,19.0,5.0,0.5335307439474106,0.5,matched_gini,0.011905299994396046
cmc,1,35.0,18.0,5.0,0.5584812491430138,0.47058823529411764,mags_fixed,0.011135900000226684
cmc,1,37.0,19.0,5.0,0.5335307439474106,0.5,mags_binary_excluded,0.018173899996327236
cmc,1,37.0,19.0,5.0,0.4955190480409779,0.4444444444444444,matched_gini_unrestricted,0.016870699997525662
cmc,1,35.0,18.0,5.0,0.5182335711244379,0.4117647058823529,mags_fixed_unrestricted,0.012331999998423271
cmc,1,37.0,19.0,5.0,,,cart_fixed,0.0014023999974597245
cmc,1,73.0,37.0,6.0,0.6118028164574217,0.0,mags_tuned,0.6870525999984238
cmc,1,37.0,19.0,5.0,,,cart_tuned_depth,0.02143209999485407
cmc,1,19.0,10.0,5.0,,,cart_pruned,0.0396790000013425
cmc,1,37.0,19.0,5.0,,,noise_augmented_cart,0.012507899999036454
cmc,1,,,,,,random_forest,0.0875238000007812
cmc,1,,,,,,extra_trees,0.06525120000151219
cmc,1,,,,,,linear_svm,0.018679599997994956
cmc,1,,,,,,rbf_svm,0.020527599997876678
cmc,2,33.0,17.0,5.0,0.3927634865134865,0.3125,matched_gini,0.017119100004492793
cmc,2,33.0,17.0,5.0,0.5418706293706295,0.5,mags_fixed,0.017200400005094707
cmc,2,33.0,17.0,5.0,0.3927634865134865,0.3125,mags_binary_excluded,0.01884839999547694
cmc,2,33.0,17.0,5.0,0.3927634865134865,0.3125,matched_gini_unrestricted,0.01566129999991972
cmc,2,33.0,17.0,5.0,0.5418706293706295,0.5,mags_fixed_unrestricted,0.010739299999841023
cmc,2,33.0,17.0,5.0,,,cart_fixed,0.001291799999307841
cmc,2,157.0,79.0,8.0,0.6083052368983544,0.0,mags_tuned,0.8398488999955589
cmc,2,33.0,17.0,5.0,,,cart_tuned_depth,0.01815570000326261
cmc,2,65.0,33.0,11.0,,,cart_pruned,0.033705199995893054
cmc,2,35.0,18.0,5.0,,,noise_augmented_cart,0.010933999998087529
cmc,2,,,,,,random_forest,0.08577689999947324
cmc,2,,,,,,extra_trees,0.06771500000468222
cmc,2,,,,,,linear_svm,0.021400999998149928
cmc,2,,,,,,rbf_svm,0.019976200004748534
cmc,3,33.0,17.0,5.0,0.4261251467433532,0.375,matched_gini,0.016530200002307538
cmc,3,33.0,17.0,5.0,0.555041285488121,0.5,mags_fixed,0.011410899998736568
cmc,3,33.0,17.0,5.0,0.37063272250092894,0.3125,mags_binary_excluded,0.012378200000966899
cmc,3,33.0,17.0,5.0,0.4261251467433532,0.375,matched_gini_unrestricted,0.02050269999745069
cmc,3,33.0,17.0,5.0,0.555041285488121,0.5,mags_fixed_unrestricted,0.016325800002960023
cmc,3,33.0,17.0,5.0,,,cart_fixed,0.0024996000065584667
cmc,3,161.0,81.0,8.0,0.618287614253626,0.0,mags_tuned,0.9191999000031501
cmc,3,33.0,17.0,5.0,,,cart_tuned_depth,0.01401810000243131
cmc,3,9.0,5.0,3.0,,,cart_pruned,0.027095500001451
cmc,3,37.0,19.0,5.0,,,noise_augmented_cart,0.008489200001349673
cmc,3,,,,,,random_forest,0.06824419999611564
cmc,3,,,,,,extra_trees,0.04216249999444699
cmc,3,,,,,,linear_svm,0.017822900001192465
cmc,3,,,,,,rbf_svm,0.017673300004389603
cmc,4,37.0,19.0,5.0,0.5856797138047138,0.5555555555555556,matched_gini,0.01798879999842029
cmc,4,37.0,19.0,5.0,0.552636316872428,0.4444444444444444,mags_fixed,0.018321700001251884
cmc,4,37.0,19.0,5.0,0.5856797138047138,0.5555555555555556,mags_binary_excluded,0.01768909999373136
cmc,4,37.0,19.0,5.0,0.5497320013864132,0.5,matched_gini_unrestricted,0.03589249999640742
cmc,4,37.0,19.0,5.0,0.552636316872428,0.4444444444444444,mags_fixed_unrestricted,0.02661159999843221
cmc,4,37.0,19.0,5.0,,,cart_fixed,0.001850400003604591
cmc,4,25.0,13.0,4.0,0.532363566217733,0.0,mags_tuned,0.8341297000006307
cmc,4,21.0,11.0,4.0,,,cart_tuned_depth,0.01303619999816874
cmc,4,113.0,57.0,9.0,,,cart_pruned,0.026635000001988374
cmc,4,37.0,19.0,5.0,,,noise_augmented_cart,0.01083459999790648
cmc,4,,,,,,random_forest,0.07630580000113696
cmc,4,,,,,,extra_trees,0.055884299996250775
cmc,4,,,,,,linear_svm,0.019896300000254996
cmc,4,,,,,,rbf_svm,0.02030969999759691
cmc,5,33.0,17.0,5.0,0.4185599383255633,0.375,matched_gini,0.01698469999973895
cmc,5,41.0,21.0,5.0,0.6231661542480508,0.6,mags_fixed,0.015264399997249711
cmc,5,33.0,17.0,5.0,0.4741154938811189,0.375,mags_binary_excluded,0.01781440000195289
cmc,5,33.0,17.0,5.0,0.4185599383255633,0.375,matched_gini_unrestricted,0.017738800001097843
cmc,5,41.0,21.0,5.0,0.6231661542480508,0.6,mags_fixed_unrestricted,0.05872050000471063
cmc,5,33.0,17.0,5.0,,,cart_fixed,0.0018278000061400235
cmc,5,41.0,21.0,5.0,0.6231661542480508,0.0,mags_tuned,0.7154937000013888
cmc,5,19.0,10.0,4.0,,,cart_tuned_depth,0.016790499998023733
cmc,5,19.0,10.0,5.0,,,cart_pruned,0.02730139999766834
cmc,5,39.0,20.0,5.0,,,noise_augmented_cart,0.008750900000450201
cmc,5,,,,,,random_forest,0.08870209999440704
cmc,5,,,,,,extra_trees,0.05016750000504544
cmc,5,,,,,,linear_svm,0.020590500003891066
cmc,5,,,,,,rbf_svm,0.020381399997859262
cmc,6,37.0,19.0,5.0,0.5450907888407889,0.5,matched_gini,0.018086399999447167
cmc,6,35.0,18.0,5.0,0.4971549964197023,0.47058823529411764,mags_fixed,0.021722700003010686
cmc,6,37.0,19.0,5.0,0.5450907888407889,0.4444444444444444,mags_binary_excluded,0.019627400004537776
cmc,6,37.0,19.0,5.0,0.5100030695425433,0.4444444444444444,matched_gini_unrestricted,0.01771500000177184
cmc,6,35.0,18.0,5.0,0.4971549964197023,0.47058823529411764,mags_fixed_unrestricted,0.018505000000004657
cmc,6,37.0,19.0,5.0,,,cart_fixed,0.0014384999958565459
cmc,6,161.0,81.0,8.0,0.6942825114700115,0.0,mags_tuned,0.684878200001549
cmc,6,13.0,7.0,3.0,,,cart_tuned_depth,0.013431799998215865
cmc,6,15.0,8.0,5.0,,,cart_pruned,0.027972300005785655
cmc,6,39.0,20.0,5.0,,,noise_augmented_cart,0.008975099997769576
cmc,6,,,,,,random_forest,0.06599460000143154
cmc,6,,,,,,extra_trees,0.046948800001700874
cmc,6,,,,,,linear_svm,0.05552020000322955
cmc,6,,,,,,rbf_svm,0.02351729999645613
cmc,7,35.0,18.0,5.0,0.50937114356232,0.4117647058823529,matched_gini,0.01744170000165468
cmc,7,37.0,19.0,5.0,0.5374295843045842,0.4444444444444444,mags_fixed,0.018007500002568122
cmc,7,35.0,18.0,5.0,0.50937114356232,0.4117647058823529,mags_binary_excluded,0.020922899995639455
cmc,7,35.0,18.0,5.0,0.4523858494446729,0.35294117647058826,matched_gini_unrestricted,0.02115419999609003
cmc,7,37.0,19.0,5.0,0.5374295843045842,0.4444444444444444,mags_fixed_unrestricted,0.018906799996329937
cmc,7,35.0,18.0,5.0,,,cart_fixed,0.0014900000023772009
cmc,7,35.0,18.0,5.0,0.50937114356232,0.0,mags_tuned,0.7103383999929065
cmc,7,257.0,129.0,10.0,,,cart_tuned_depth,0.014334599996800534
cmc,7,53.0,27.0,8.0,,,cart_pruned,0.029066099996271078
cmc,7,35.0,18.0,5.0,,,noise_augmented_cart,0.00838320000184467
cmc,7,,,,,,random_forest,0.0662432999961311
cmc,7,,,,,,extra_trees,0.054025500001444016
cmc,7,,,,,,linear_svm,0.01695810000092024
cmc,7,,,,,,rbf_svm,0.017282900000282098
cmc,9,35.0,18.0,5.0,0.40580171462524406,0.35294117647058826,matched_gini,0.011710900005709846
cmc,9,33.0,17.0,5.0,0.5292730128667629,0.4375,mags_fixed,0.02393850000225939
cmc,9,35.0,18.0,5.0,0.4587428910958323,0.35294117647058826,mags_binary_excluded,0.02839059999678284
cmc,9,35.0,18.0,5.0,0.3490790255496138,0.29411764705882354,matched_gini_unrestricted,0.012146599998231977
cmc,9,33.0,17.0,5.0,0.5292730128667629,0.4375,mags_fixed_unrestricted,0.012552300002425909
cmc,9,35.0,18.0,5.0,,,cart_fixed,0.0013327999986358918
cmc,9,19.0,10.0,4.0,0.37261704345037683,0.0,mags_tuned,0.6578174000023864
cmc,9,35.0,18.0,5.0,,,cart_tuned_depth,0.014277800000854768
cmc,9,15.0,8.0,5.0,,,cart_pruned,0.027065999995102175
cmc,9,35.0,18.0,5.0,,,noise_augmented_cart,0.008398400001169648
cmc,9,,,,,,random_forest,0.07134700000460725
cmc,9,,,,,,extra_trees,0.07272300000477117
cmc,9,,,,,,linear_svm,0.01934869999968214
cmc,9,,,,,,rbf_svm,0.021715800001402386
cmc,8,35.0,18.0,5.0,0.40361917494270433,0.35294117647058826,matched_gini,0.013003600004594773
cmc,8,37.0,19.0,5.0,0.580771312021312,0.5,mags_fixed,0.01843150000058813
cmc,8,35.0,18.0,5.0,0.40361917494270433,0.35294117647058826,mags_binary_excluded,0.021387699998740572
cmc,8,35.0,18.0,5.0,0.3478916207631378,0.29411764705882354,matched_gini_unrestricted,0.02023170000029495
cmc,8,37.0,19.0,5.0,0.580771312021312,0.5,mags_fixed_unrestricted,0.018347400000493508
cmc,8,35.0,18.0,5.0,,,cart_fixed,0.0014026999997440726
cmc,8,61.0,31.0,6.0,0.6337153124653125,0.0,mags_tuned,0.7425849999999627
cmc,8,13.0,7.0,3.0,,,cart_tuned_depth,0.044977099998504855
cmc,8,41.0,21.0,9.0,,,cart_pruned,0.045124200005375315
cmc,8,37.0,19.0,5.0,,,noise_augmented_cart,0.008528099999239203
cmc,8,,,,,,random_forest,0.07826750000094762
cmc,8,,,,,,extra_trees,0.05405330000212416
cmc,8,,,,,,linear_svm,0.018130299999029376
cmc,8,,,,,,rbf_svm,0.02322709999862127
cmc,11,31.0,16.0,5.0,0.4953336940836941,0.4666666666666667,matched_gini,0.01675490000343416
cmc,11,41.0,21.0,5.0,0.5786647727272727,0.55,mags_fixed,0.019792999999481253
cmc,11,31.0,16.0,5.0,0.4953336940836941,0.4666666666666667,mags_binary_excluded,0.016102599998703226
cmc,11,31.0,16.0,5.0,0.4953336940836941,0.4666666666666667,matched_gini_unrestricted,0.016191300004720688
cmc,11,41.0,21.0,5.0,0.5786647727272727,0.55,mags_fixed_unrestricted,0.022576600000320468
cmc,11,31.0,16.0,5.0,,,cart_fixed,0.0028003000043099746
cmc,11,67.0,34.0,6.0,0.6367940771349863,0.0,mags_tuned,0.6614469999985886
cmc,11,227.0,114.0,10.0,,,cart_tuned_depth,0.015425599995069206
cmc,11,15.0,8.0,4.0,,,cart_pruned,0.026926399994408712
cmc,11,41.0,21.0,5.0,,,noise_augmented_cart,0.008519499999238178
cmc,11,,,,,,random_forest,0.07132269999419805
cmc,11,,,,,,extra_trees,0.05593280000175582
cmc,11,,,,,,linear_svm,0.02035960000648629
cmc,11,,,,,,rbf_svm,0.0208926999985124
cmc,10,35.0,18.0,5.0,0.5115344622697564,0.47058823529411764,matched_gini,0.020445300004212186
cmc,10,49.0,25.0,5.0,0.43527774690396503,0.375,mags_fixed,0.036542200003168546
cmc,10,35.0,18.0,5.0,0.5115344622697564,0.47058823529411764,mags_binary_excluded,0.01685649999853922
cmc,10,35.0,18.0,5.0,0.463406120023767,0.4117647058823529,matched_gini_unrestricted,0.017648200002440717
cmc,10,49.0,25.0,5.0,0.398240709866928,0.3333333333333333,mags_fixed_unrestricted,0.022228699999686796
cmc,10,35.0,18.0,5.0,,,cart_fixed,0.0014337000029627234
cmc,10,35.0,18.0,5.0,0.4498104292221939,0.0,mags_tuned,0.831145900003321
cmc,10,19.0,10.0,4.0,,,cart_tuned_depth,0.012138199999753851
cmc,10,31.0,16.0,8.0,,,cart_pruned,0.027482099998451304
cmc,10,33.0,17.0,5.0,,,noise_augmented_cart,0.008474799993564375
cmc,10,,,,,,random_forest,0.07286210000165738
cmc,10,,,,,,extra_trees,0.07668659999762895
cmc,10,,,,,,linear_svm,0.024188399998820387
cmc,10,,,,,,rbf_svm,0.028635800001211464
cmc,12,35.0,18.0,5.0,0.4560188014599779,0.4117647058823529,matched_gini,0.017899900005431846
cmc,12,37.0,19.0,5.0,0.5823661292411292,0.5,mags_fixed,0.01511939999909373
cmc,12,35.0,18.0,5.0,0.4560188014599779,0.4117647058823529,mags_binary_excluded,0.013942300000053365
cmc,12,35.0,18.0,5.0,0.4002912472804114,0.35294117647058826,matched_gini_unrestricted,0.018374200000835117
cmc,12,37.0,19.0,5.0,0.5297345502937608,0.4444444444444444,mags_fixed_unrestricted,0.019301500004075933
cmc,12,35.0,18.0,5.0,,,cart_fixed,0.0014411000011023134
cmc,12,21.0,11.0,4.0,0.43291812354312353,0.0,mags_tuned,0.6670272999981535
cmc,12,35.0,18.0,5.0,,,cart_tuned_depth,0.014061400004720781
cmc,12,9.0,5.0,4.0,,,cart_pruned,0.02709060000051977
cmc,12,37.0,19.0,5.0,,,noise_augmented_cart,0.008526600002369378
cmc,12,,,,,,random_forest,0.07119309999688994
cmc,12,,,,,,extra_trees,0.052665800001705065
cmc,12,,,,,,linear_svm,0.017489499994553626
cmc,12,,,,,,rbf_svm,0.019130200002109632
cmc,13,35.0,18.0,5.0,0.5554317686670628,0.5294117647058824,matched_gini,0.019235799998568837
cmc,13,49.0,25.0,5.0,0.5556011002886003,0.5,mags_fixed,0.02337690000422299
cmc,13,35.0,18.0,5.0,0.5554317686670628,0.47058823529411764,mags_binary_excluded,0.017757699999492615
cmc,13,35.0,18.0,5.0,0.5554317686670628,0.5294117647058824,matched_gini_unrestricted,0.018742100000963546
cmc,13,49.0,25.0,5.0,0.5160177669552669,0.4583333333333333,mags_fixed_unrestricted,0.020791200004168786
cmc,13,35.0,18.0,5.0,,,cart_fixed,0.0015316000062739477
cmc,13,65.0,33.0,6.0,0.5390698376306928,0.0,mags_tuned,0.8726427000001422
cmc,13,19.0,10.0,4.0,,,cart_tuned_depth,0.014046500000404194
cmc,13,9.0,5.0,4.0,,,cart_pruned,0.02951819999725558
cmc,13,37.0,19.0,5.0,,,noise_augmented_cart,0.008477600000333041
cmc,13,,,,,,random_forest,0.060933499997190665
cmc,13,,,,,,extra_trees,0.06747970000287751
cmc,13,,,,,,linear_svm,0.0548110000017914
cmc,13,,,,,,rbf_svm,0.03931879999436205
cmc,15,33.0,17.0,5.0,0.3704872384559884,0.3125,matched_gini,0.016358400003809948
cmc,15,43.0,22.0,5.0,0.480066543715969,0.42857142857142855,mags_fixed,0.019526700001733843
cmc,15,33.0,17.0,5.0,0.42673723845598843,0.3125,mags_binary_excluded,0.016183599997020792
cmc,15,33.0,17.0,5.0,0.3704872384559884,0.3125,matched_gini_unrestricted,0.016009200000553392
cmc,15,43.0,22.0,5.0,0.480066543715969,0.42857142857142855,mags_fixed_unrestricted,0.024977900000521913
cmc,15,33.0,17.0,5.0,,,cart_fixed,0.0016959999993559904
cmc,15,33.0,17.0,5.0,0.3704872384559884,0.0,mags_tuned,0.7642290000003413
cmc,15,17.0,9.0,4.0,,,cart_tuned_depth,0.014677799998025876
cmc,15,25.0,13.0,6.0,,,cart_pruned,0.026167200005147606
cmc,15,33.0,17.0,5.0,,,noise_augmented_cart,0.008700600003066938
cmc,15,,,,,,random_forest,0.11497729999973672
cmc,15,,,,,,extra_trees,0.05280550000315998
cmc,15,,,,,,linear_svm,0.020039700000779703
cmc,15,,,,,,rbf_svm,0.025264800002332777
cmc,14,37.0,19.0,5.0,0.4918516668516668,0.4444444444444444,matched_gini,0.01795210000273073
cmc,14,35.0,18.0,5.0,0.5035841065252831,0.47058823529411764,mags_fixed,0.018094899998686742
cmc,14,37.0,19.0,5.0,0.4918516668516668,0.4444444444444444,mags_binary_excluded,0.024660799994308036
cmc,14,37.0,19.0,5.0,0.4177775927775928,0.3333333333333333,matched_gini_unrestricted,0.027655899997625966
cmc,14,35.0,18.0,5.0,0.46436842025077313,0.4117647058823529,mags_fixed_unrestricted,0.017818699998315424
cmc,14,37.0,19.0,5.0,,,cart_fixed,0.0014168999987305142
cmc,14,139.0,70.0,8.0,0.6227708609315601,0.0,mags_tuned,0.7785633000021335
cmc,14,63.0,32.0,6.0,,,cart_tuned_depth,0.024752400000579655
cmc,14,51.0,26.0,8.0,,,cart_pruned,0.045950199993967544
cmc,14,37.0,19.0,5.0,,,noise_augmented_cart,0.013935100003436673
cmc,14,,,,,,random_forest,0.10998329999711132
cmc,14,,,,,,extra_trees,0.08344360000046436
cmc,14,,,,,,linear_svm,0.032690600004571024
cmc,14,,,,,,rbf_svm,0.03344319999450818
cmc,16,35.0,18.0,5.0,0.45852921588215706,0.4117647058823529,matched_gini,0.01064349999796832
cmc,16,33.0,17.0,5.0,0.4719950044168794,0.4375,mags_fixed,0.010235000001557637
cmc,16,35.0,18.0,5.0,0.45852921588215706,0.4117647058823529,mags_binary_excluded,0.012090899996110238
cmc,16,35.0,18.0,5.0,0.3534155795185207,0.29411764705882354,matched_gini_unrestricted,0.013657399998919573
cmc,16,33.0,17.0,5.0,0.4719950044168794,0.4375,mags_fixed_unrestricted,0.011858500001835637
cmc,16,35.0,18.0,5.0,,,cart_fixed,0.00138159999914933
cmc,16,25.0,13.0,4.0,0.45414629737546397,0.0,mags_tuned,0.6791584000020521
cmc,16,63.0,32.0,6.0,,,cart_tuned_depth,0.013886699998693075
cmc,16,9.0,5.0,4.0,,,cart_pruned,0.025918499995896127
cmc,16,43.0,22.0,5.0,,,noise_augmented_cart,0.008496499998727813
cmc,16,,,,,,random_forest,0.06781670000054874
cmc,16,,,,,,extra_trees,0.05189100000279723
cmc,16,,,,,,linear_svm,0.019971499998064246
cmc,16,,,,,,rbf_svm,0.0209305000025779
cmc,17,37.0,19.0,5.0,0.6892185746352413,0.6666666666666666,matched_gini,0.017090200002712663
cmc,17,37.0,19.0,5.0,0.5848431942741978,0.5555555555555556,mags_fixed,0.018029599996225443
cmc,17,37.0,19.0,5.0,0.6892185746352413,0.6666666666666666,mags_binary_excluded,0.03745570000319276
cmc,17,37.0,19.0,5.0,0.6067624342843639,0.5555555555555556,matched_gini_unrestricted,0.017467600002419204
cmc,17,37.0,19.0,5.0,0.5468314983677651,0.5,mags_fixed_unrestricted,0.018352899998717476
cmc,17,37.0,19.0,5.0,,,cart_fixed,0.001167000002169516
cmc,17,149.0,75.0,8.0,0.5704406141906142,0.0,mags_tuned,0.747030900005484
cmc,17,21.0,11.0,4.0,,,cart_tuned_depth,0.02290999999968335
cmc,17,63.0,32.0,11.0,,,cart_pruned,0.027113100004498847
cmc,17,39.0,20.0,5.0,,,noise_augmented_cart,0.008556100001442246
cmc,17,,,,,,random_forest,0.07539130000077421
cmc,17,,,,,,extra_trees,0.04918899999756832
cmc,17,,,,,,linear_svm,0.020009400002891198
cmc,17,,,,,,rbf_svm,0.019957099997554906
cmc,18,35.0,18.0,5.0,0.4562034207622443,0.4117647058823529,matched_gini,0.017042200001014862
cmc,18,45.0,23.0,5.0,0.6344494520630884,0.5909090909090909,mags_fixed,0.021220299997366965
cmc,18,35.0,18.0,5.0,0.4562034207622443,0.4117647058823529,mags_binary_excluded,0.01586210000095889
cmc,18,35.0,18.0,5.0,0.40105636193871486,0.35294117647058826,matched_gini_unrestricted,0.03888150000420865
cmc,18,45.0,23.0,5.0,0.6344494520630884,0.5909090909090909,mags_fixed_unrestricted,0.022207899994100444
cmc,18,35.0,18.0,5.0,,,cart_fixed,0.0014128999973763712
cmc,18,21.0,11.0,4.0,0.5384469696969697,0.0,mags_tuned,0.8250485000025947
cmc,18,333.0,167.0,14.0,,,cart_tuned_depth,0.014657899999292567
cmc,18,15.0,8.0,5.0,,,cart_pruned,0.025952200005121995
cmc,18,37.0,19.0,5.0,,,noise_augmented_cart,0.008486400001856964
cmc,18,,,,,,random_forest,0.07051369999680901
cmc,18,,,,,,extra_trees,0.05578409999725409
cmc,18,,,,,,linear_svm,0.02011530000163475
cmc,18,,,,,,rbf_svm,0.02085100000113016
cmc,19,33.0,17.0,5.0,0.5273672363516113,0.5,matched_gini,0.03332319999753963
cmc,19,45.0,23.0,5.0,0.5341264375355284,0.5,mags_fixed,0.020656100001360755
cmc,19,33.0,17.0,5.0,0.5273672363516113,0.5,mags_binary_excluded,0.027716999997210223
cmc,19,33.0,17.0,5.0,0.4669505696849447,0.4375,matched_gini_unrestricted,0.012840099996537901
cmc,19,45.0,23.0,5.0,0.5341264375355284,0.5,mags_fixed_unrestricted,0.012737800003378652
cmc,19,33.0,17.0,5.0,,,cart_fixed,0.0016365000046789646
cmc,19,33.0,17.0,5.0,0.5273672363516113,0.0,mags_tuned,0.9209742000020924
cmc,19,19.0,10.0,4.0,,,cart_tuned_depth,0.014472599999862723
cmc,19,21.0,11.0,5.0,,,cart_pruned,0.02847749999637017
cmc,19,37.0,19.0,5.0,,,noise_augmented_cart,0.008558399997127708
cmc,19,,,,,,random_forest,0.1314490000004298
cmc,19,,,,,,extra_trees,0.07464850000542356
cmc,19,,,,,,linear_svm,0.02246960000047693
cmc,19,,,,,,rbf_svm,0.02103509999869857
cmc,20,35.0,18.0,5.0,0.41431653739837887,0.35294117647058826,matched_gini,0.0171418999962043
cmc,20,35.0,18.0,5.0,0.42491575681329,0.35294117647058826,mags_fixed,0.019476299996313173
cmc,20,35.0,18.0,5.0,0.41431653739837887,0.35294117647058826,mags_binary_excluded,0.016993799996271264
cmc,20,35.0,18.0,5.0,0.3573312432807318,0.29411764705882354,matched_gini_unrestricted,0.01668920000520302
cmc,20,35.0,18.0,5.0,0.42491575681329,0.35294117647058826,mags_fixed_unrestricted,0.020569000000250526
cmc,20,35.0,18.0,5.0,,,cart_fixed,0.0011812000011559576
cmc,20,131.0,66.0,8.0,0.5539091303152226,0.0,mags_tuned,0.6513344000049983
cmc,20,19.0,10.0,4.0,,,cart_tuned_depth,0.015914599993266165
cmc,20,193.0,97.0,16.0,,,cart_pruned,0.026298900003894232
cmc,20,39.0,20.0,5.0,,,noise_augmented_cart,0.008471900000586174
cmc,20,,,,,,random_forest,0.07709429999522399
cmc,20,,,,,,extra_trees,0.05845630000112578
cmc,20,,,,,,linear_svm,0.022435200000472832
cmc,20,,,,,,rbf_svm,0.016833299996505957
cmc,21,37.0,19.0,5.0,0.5303578171154799,0.4444444444444444,matched_gini,0.018078799999784678
cmc,21,47.0,24.0,5.0,0.5704644840139592,0.4782608695652174,mags_fixed,0.01987889999873005
cmc,21,37.0,19.0,5.0,0.5303578171154799,0.4444444444444444,mags_binary_excluded,0.013176299995393492
cmc,21,37.0,19.0,5.0,0.47772623816811155,0.3888888888888889,matched_gini_unrestricted,0.018358100001933053
cmc,21,47.0,24.0,5.0,0.5704644840139592,0.4782608695652174,mags_fixed_unrestricted,0.014711300005728845
cmc,21,37.0,19.0,5.0,,,cart_fixed,0.0011612000016612
cmc,21,25.0,13.0,4.0,0.5654051288749564,0.0,mags_tuned,0.8519795000029262
cmc,21,65.0,33.0,6.0,,,cart_tuned_depth,0.017079100005503278
cmc,21,45.0,23.0,8.0,,,cart_pruned,0.03961909999634372
cmc,21,41.0,21.0,5.0,,,noise_augmented_cart,0.009535899996990338
cmc,21,,,,,,random_forest,0.08753989999968326
cmc,21,,,,,,extra_trees,0.0635995999982697
cmc,21,,,,,,linear_svm,0.027624100002867635
cmc,21,,,,,,rbf_svm,0.0322703999991063
cmc,22,35.0,18.0,5.0,0.5171098535107823,0.47058823529411764,matched_gini,0.01516569999512285
cmc,22,35.0,18.0,5.0,0.4508528916617151,0.4117647058823529,mags_fixed,0.014937399995687883
cmc,22,35.0,18.0,5.0,0.5171098535107823,0.47058823529411764,mags_binary_excluded,0.016929899997194298
cmc,22,35.0,18.0,5.0,0.47686217549220655,0.4117647058823529,matched_gini_unrestricted,0.017276099999435246
cmc,22,35.0,18.0,5.0,0.4508528916617151,0.4117647058823529,mags_fixed_unrestricted,0.01832519999879878
cmc,22,35.0,18.0,5.0,,,cart_fixed,0.0017330999980913475
cmc,22,151.0,76.0,8.0,0.6556979217987989,0.0,mags_tuned,0.8865185000031488
cmc,22,55.0,28.0,6.0,,,cart_tuned_depth,0.02028740000241669
cmc,22,119.0,60.0,15.0,,,cart_pruned,0.032903400002396666
cmc,22,39.0,20.0,5.0,,,noise_augmented_cart,0.009664100005466025
cmc,22,,,,,,random_forest,0.0814743000009912
cmc,22,,,,,,extra_trees,0.09000889999879291
cmc,22,,,,,,linear_svm,0.028040600001986604
cmc,22,,,,,,rbf_svm,0.024134899998898618
cmc,23,35.0,18.0,5.0,0.4450384278671476,0.35294117647058826,matched_gini,0.01898730000539217
cmc,23,45.0,23.0,5.0,0.6776913953050316,0.5454545454545454,mags_fixed,0.023467999999411404
cmc,23,35.0,18.0,5.0,0.4450384278671476,0.35294117647058826,mags_binary_excluded,0.02791579999757232
cmc,23,35.0,18.0,5.0,0.4450384278671476,0.35294117647058826,matched_gini_unrestricted,0.026613599999109283
cmc,23,45.0,23.0,5.0,0.6776913953050316,0.5454545454545454,mags_fixed_unrestricted,0.032209500001044944
cmc,23,35.0,18.0,5.0,,,cart_fixed,0.0013936999966972508
cmc,23,59.0,30.0,6.0,0.46757962475508114,0.0,mags_tuned,0.9021147999956156
cmc,23,13.0,7.0,3.0,,,cart_tuned_depth,0.015026900000520982
cmc,23,33.0,17.0,9.0,,,cart_pruned,0.03347059999941848
cmc,23,37.0,19.0,5.0,,,noise_augmented_cart,0.011266200002864935
cmc,23,,,,,,random_forest,0.09656209999957355
cmc,23,,,,,,extra_trees,0.08083890000125393
cmc,23,,,,,,linear_svm,0.024248900001111906
cmc,23,,,,,,rbf_svm,0.02222050000273157
cmc,24,37.0,19.0,5.0,0.4439363876863876,0.3888888888888889,matched_gini,0.019929099995351862
cmc,24,37.0,19.0,5.0,0.5385028062671432,0.5,mags_fixed,0.019780000002356246
cmc,24,37.0,19.0,5.0,0.5415554353054354,0.3888888888888889,mags_binary_excluded,0.026688899997679982
cmc,24,35.0,18.0,5.0,0.3542414693149988,0.29411764705882354,matched_gini_unrestricted,0.019969199995102827
cmc,24,35.0,18.0,5.0,0.4053510105573673,0.35294117647058826,mags_fixed_unrestricted,0.019743900003959425
cmc,24,35.0,18.0,5.0,,,cart_fixed,0.0015404000005219132
cmc,24,145.0,73.0,8.0,0.6041819804367902,0.0,mags_tuned,0.8278418999980204
cmc,24,341.0,171.0,16.0,,,cart_tuned_depth,0.016221600002609193
cmc,24,19.0,10.0,5.0,,,cart_pruned,0.029346200004511047
cmc,24,37.0,19.0,5.0,,,noise_augmented_cart,0.009044300000823569
cmc,24,,,,,,random_forest,0.1121837000027881
cmc,24,,,,,,extra_trees,0.061499999996158294
cmc,24,,,,,,linear_svm,0.019924299995182082
cmc,24,,,,,,rbf_svm,0.02099360000283923
cmc,25,35.0,18.0,5.0,0.5126273236567355,0.4117647058823529,matched_gini,0.026264899999659974
cmc,25,49.0,25.0,5.0,0.5109252706155117,0.4166666666666667,mags_fixed,0.025039500003913417
cmc,25,35.0,18.0,5.0,0.5126273236567355,0.4117647058823529,mags_binary_excluded,0.01929769999696873
cmc,25,35.0,18.0,5.0,0.45564202953908833,0.35294117647058826,matched_gini_unrestricted,0.019047299996600486
cmc,25,49.0,25.0,5.0,0.5109252706155117,0.4166666666666667,mags_fixed_unrestricted,0.02191339999990305
cmc,25,35.0,18.0,5.0,,,cart_fixed,0.0018712000019149855
cmc,25,49.0,25.0,5.0,0.5863040584942997,0.0,mags_tuned,0.8754468999977689
cmc,25,19.0,10.0,4.0,,,cart_tuned_depth,0.014523999998345971
cmc,25,25.0,13.0,6.0,,,cart_pruned,0.02807580000080634
cmc,25,41.0,21.0,5.0,,,noise_augmented_cart,0.00920810000388883
cmc,25,,,,,,random_forest,0.06299919999582926
cmc,25,,,,,,extra_trees,0.05643399999826215
cmc,25,,,,,,linear_svm,0.01823069999954896
cmc,25,,,,,,rbf_svm,0.020012799999676645
cmc,26,37.0,19.0,5.0,0.5399116315782984,0.5,matched_gini,0.02227380000113044
cmc,26,35.0,18.0,5.0,0.476718814954109,0.4117647058823529,mags_fixed,0.019946400003391318
cmc,26,37.0,19.0,5.0,0.5121338538005206,0.4444444444444444,mags_binary_excluded,0.021093900002597366
cmc,26,37.0,19.0,5.0,0.4616140357368428,0.3888888888888889,matched_gini_unrestricted,0.035054899999522604
cmc,26,35.0,18.0,5.0,0.476718814954109,0.4117647058823529,mags_fixed_unrestricted,0.03038640000158921
cmc,26,37.0,19.0,5.0,,,cart_fixed,0.0017425999976694584
cmc,26,37.0,19.0,5.0,0.5399116315782984,0.0,mags_tuned,0.6327233000047272
cmc,26,235.0,118.0,10.0,,,cart_tuned_depth,0.015141100004257169
cmc,26,197.0,99.0,15.0,,,cart_pruned,0.02722179999545915
cmc,26,41.0,21.0,5.0,,,noise_augmented_cart,0.010046499999589287
cmc,26,,,,,,random_forest,0.06900509999832138
cmc,26,,,,,,extra_trees,0.050510499997471925
cmc,26,,,,,,linear_svm,0.018101100002240855
cmc,26,,,,,,rbf_svm,0.018236799995065667
cmc,27,37.0,19.0,5.0,0.5850739538239539,0.5555555555555556,matched_gini,0.013564799999585375
cmc,27,37.0,19.0,5.0,0.5532616174977286,0.5,mags_fixed,0.01807600000029197
cmc,27,37.0,19.0,5.0,0.5850739538239539,0.5555555555555556,mags_binary_excluded,0.02041099999769358
cmc,27,35.0,18.0,5.0,0.4558155080213903,0.4117647058823529,matched_gini_unrestricted,0.020743199995195027
cmc,27,35.0,18.0,5.0,0.47026020003961183,0.4117647058823529,mags_fixed_unrestricted,0.01662140000553336
cmc,27,35.0,18.0,5.0,,,cart_fixed,0.0017226999989361502
cmc,27,165.0,83.0,8.0,0.6748722991101039,0.0,mags_tuned,0.5252073000010569
cmc,27,19.0,10.0,4.0,,,cart_tuned_depth,0.01320119999581948
cmc,27,21.0,11.0,6.0,,,cart_pruned,0.029140100006770808
cmc,27,49.0,25.0,5.0,,,noise_augmented_cart,0.008982200000900775
cmc,27,,,,,,random_forest,0.06182030000491068
cmc,27,,,,,,extra_trees,0.04823719999694731
cmc,27,,,,,,linear_svm,0.017274099998758174
cmc,27,,,,,,rbf_svm,0.0180294000019785
cmc,28,35.0,18.0,5.0,0.504013701440172,0.47058823529411764,matched_gini,0.01240700000198558
cmc,28,35.0,18.0,5.0,0.6104562784709844,0.5882352941176471,mags_fixed,0.012165899999672547
cmc,28,35.0,18.0,5.0,0.450537765611295,0.4117647058823529,mags_binary_excluded,0.012327500000537839
cmc,28,33.0,17.0,5.0,0.41246768278018275,0.375,matched_gini_unrestricted,0.012377799997921102
cmc,28,33.0,17.0,5.0,0.5255629208754209,0.5,mags_fixed_unrestricted,0.012395699995977338
cmc,28,33.0,17.0,5.0,,,cart_fixed,0.0013639999961014837
cmc,28,21.0,11.0,4.0,0.43277567340067347,0.0,mags_tuned,0.48976300000504125
cmc,28,55.0,28.0,6.0,,,cart_tuned_depth,0.012710499999229796
cmc,28,19.0,10.0,5.0,,,cart_pruned,0.02669150000292575
cmc,28,41.0,21.0,5.0,,,noise_augmented_cart,0.008101700004772283
cmc,28,,,,,,random_forest,0.06289219999598572
cmc,28,,,,,,extra_trees,0.04903339999873424
cmc,28,,,,,,linear_svm,0.016811100002087187
cmc,28,,,,,,rbf_svm,0.017660799996519927
cmc,29,33.0,17.0,5.0,0.4249375624375625,0.375,matched_gini,0.011243000000831671
cmc,29,33.0,17.0,5.0,0.4749249448468199,0.375,mags_fixed,0.011508900002809241
cmc,29,33.0,17.0,5.0,0.48175574425574424,0.375,mags_binary_excluded,0.010945900001388509
cmc,29,33.0,17.0,5.0,0.4249375624375625,0.375,matched_gini_unrestricted,0.011068699997849762
cmc,29,33.0,17.0,5.0,0.4749249448468199,0.375,mags_fixed_unrestricted,0.011509800002386328
cmc,29,33.0,17.0,5.0,,,cart_fixed,0.0012911000012536533
cmc,29,33.0,17.0,5.0,0.4172326371545122,0.0,mags_tuned,0.495706000001519
cmc,29,33.0,17.0,5.0,,,cart_tuned_depth,0.01442739999765763
cmc,29,85.0,43.0,11.0,,,cart_pruned,0.029703100000915583
cmc,29,33.0,17.0,5.0,,,noise_augmented_cart,0.008002000002306886
cmc,29,,,,,,random_forest,0.06647819999489002
cmc,29,,,,,,extra_trees,0.0529240000032587
cmc,29,,,,,,linear_svm,0.01626150000083726
cmc,29,,,,,,rbf_svm,0.019044699998630676
compas,0,61.0,31.0,5.0,0.33532634582165954,0.16666666666666666,matched_gini,0.02570440000272356
compas,0,63.0,32.0,5.0,0.4998241570382494,0.3548387096774194,mags_fixed,0.025780899995879736
compas,0,61.0,31.0,5.0,0.33532634582165954,0.16666666666666666,mags_binary_excluded,0.026276999997207895
compas,0,63.0,32.0,5.0,0.4067638113891261,0.1935483870967742,matched_gini_unrestricted,0.028086199999961536
compas,0,63.0,32.0,5.0,0.4998241570382494,0.3548387096774194,mags_fixed_unrestricted,0.027366299997083843
compas,0,63.0,32.0,5.0,,,cart_fixed,0.003323400000226684
compas,0,31.0,16.0,4.0,0.49040285007390266,0.0,mags_tuned,1.0051276000012876
compas,0,7.0,4.0,2.0,,,cart_tuned_depth,0.029238999995868653
compas,0,71.0,36.0,8.0,,,cart_pruned,0.07058099999994738
compas,0,63.0,32.0,5.0,,,noise_augmented_cart,0.03349760000128299
compas,0,,,,,,random_forest,0.10397530000045663
compas,0,,,,,,extra_trees,0.07700009999825852
compas,0,,,,,,linear_svm,0.3819006999983685
compas,0,,,,,,rbf_svm,0.5209069000047748
compas,1,63.0,32.0,5.0,0.31474289815227846,0.16129032258064516,matched_gini,0.02959220000047935
compas,1,63.0,32.0,5.0,0.4495925331663872,0.3225806451612903,mags_fixed,0.026985000004060566
compas,1,63.0,32.0,5.0,0.35022676912002043,0.12903225806451613,mags_binary_excluded,0.0256703999984893
compas,1,63.0,32.0,5.0,0.33743846393149657,0.16129032258064516,matched_gini_unrestricted,0.02764739999838639
compas,1,63.0,32.0,5.0,0.4707551377755113,0.3548387096774194,mags_fixed_unrestricted,0.026801499996508937
compas,1,63.0,32.0,5.0,,,cart_fixed,0.003485100001853425
compas,1,115.0,58.0,6.0,0.5389271224664468,0.0,mags_tuned,1.0209776000046986
compas,1,7.0,4.0,2.0,,,cart_tuned_depth,0.029288000005180947
compas,1,33.0,17.0,6.0,,,cart_pruned,0.06906900000467431
compas,1,61.0,31.0,5.0,,,noise_augmented_cart,0.03235379999387078
compas,1,,,,,,random_forest,0.1031689000010374
compas,1,,,,,,extra_trees,0.07923260000097798
compas,1,,,,,,linear_svm,0.38932950000162236
compas,1,,,,,,rbf_svm,0.540530199999921
compas,2,61.0,31.0,5.0,0.32689518486833063,0.23333333333333334,matched_gini,0.03047540000261506
compas,2,63.0,32.0,5.0,0.5607875918015129,0.4838709677419355,mags_fixed,0.027890899997146334
compas,2,61.0,31.0,5.0,0.32689518486833063,0.2,mags_binary_excluded,0.03126219999830937
compas,2,63.0,32.0,5.0,0.3456189778155572,0.22580645161290322,matched_gini_unrestricted,0.027459799995995127
compas,2,63.0,32.0,5.0,0.5291620383543276,0.45161290322580644,mags_fixed_unrestricted,0.02617129999998724
compas,2,61.0,31.0,5.0,,,cart_fixed,0.003241499995056074
compas,2,31.0,16.0,4.0,0.3949941907681846,0.0,mags_tuned,0.9617055999988224
compas,2,7.0,4.0,2.0,,,cart_tuned_depth,0.028753500002494548
compas,2,27.0,14.0,5.0,,,cart_pruned,0.07390969999687513
compas,2,63.0,32.0,5.0,,,noise_augmented_cart,0.035988000003271736
compas,2,,,,,,random_forest,0.10416750000149477
compas,2,,,,,,extra_trees,0.07768070000020089
compas,2,,,,,,linear_svm,0.5078808999969624
compas,2,,,,,,rbf_svm,0.38375749999977415
compas,3,61.0,31.0,5.0,0.34066843821515574,0.23333333333333334,matched_gini,0.027127500005008187
compas,3,61.0,31.0,5.0,0.36810934564804537,0.23333333333333334,mags_fixed,0.024969999998575076
compas,3,61.0,31.0,5.0,0.34066843821515574,0.2,mags_binary_excluded,0.025601299996196758
compas,3,61.0,31.0,5.0,0.3233560522737376,0.2,matched_gini_unrestricted,0.02828109999973094
compas,3,61.0,31.0,5.0,0.3952799114599971,0.26666666666666666,mags_fixed_unrestricted,0.024994400002469774
compas,3,61.0,31.0,5.0,,,cart_fixed,0.0032259999934467487
compas,3,61.0,31.0,5.0,0.38810934564804533,0.0,mags_tuned,0.9803727999969851
compas,3,61.0,31.0,5.0,,,cart_tuned_depth,0.14120269999693846
compas,3,37.0,19.0,7.0,,,cart_pruned,0.0815197000047192
compas,3,61.0,31.0,5.0,,,noise_augmented_cart,0.03386090000276454
compas,3,,,,,,random_forest,0.11222730000008596
compas,3,,,,,,extra_trees,0.07821569999941858
compas,3,,,,,,linear_svm,0.4082620000044699
compas,3,,,,,,rbf_svm,0.3578990000023623
compas,5,63.0,32.0,5.0,0.4176816951883046,0.25806451612903225,matched_gini,0.02739060000021709
compas,5,63.0,32.0,5.0,0.4933273197179169,0.3870967741935484,mags_fixed,0.02897399999346817
compas,5,63.0,32.0,5.0,0.3918752435754013,0.22580645161290322,mags_binary_excluded,0.027858499997819308
compas,5,63.0,32.0,5.0,0.44540044253807265,0.2903225806451613,matched_gini_unrestricted,0.02700609999737935
compas,5,63.0,32.0,5.0,0.4933273197179169,0.3870967741935484,mags_fixed_unrestricted,0.02645920000213664
compas,5,63.0,32.0,5.0,,,cart_fixed,0.0031037000007927418
compas,5,121.0,61.0,6.0,0.5193824270096357,0.0,mags_tuned,1.0525932999953511
compas,5,15.0,8.0,3.0,,,cart_tuned_depth,0.02718779999850085
compas,5,25.0,13.0,4.0,,,cart_pruned,0.0794908999960171
compas,5,63.0,32.0,5.0,,,noise_augmented_cart,0.0355621999988216
compas,5,,,,,,random_forest,0.10306729999865638
compas,5,,,,,,extra_trees,0.07264800000120886
compas,5,,,,,,linear_svm,0.6909372999944026
compas,5,,,,,,rbf_svm,0.6090877000024193
compas,4,59.0,30.0,5.0,0.28534210039002866,0.13793103448275862,matched_gini,0.026678399997763336
compas,4,63.0,32.0,5.0,0.4132130537572818,0.25806451612903225,mags_fixed,0.02718960000493098
compas,4,63.0,32.0,5.0,0.34161455943693403,0.12903225806451613,mags_binary_excluded,0.027440099998784717
compas,4,63.0,32.0,5.0,0.30561106383728537,0.16129032258064516,matched_gini_unrestricted,0.027577799999562558
compas,4,63.0,32.0,5.0,0.4132130537572818,0.25806451612903225,mags_fixed_unrestricted,0.027192099994863383
compas,4,59.0,30.0,5.0,,,cart_fixed,0.003192199998011347
compas,4,121.0,61.0,6.0,0.49766651366578646,0.0,mags_tuned,1.1694021000002977
compas,4,107.0,54.0,6.0,,,cart_tuned_depth,0.029332699996302836
compas,4,31.0,16.0,5.0,,,cart_pruned,0.0755252000017208
compas,4,63.0,32.0,5.0,,,noise_augmented_cart,0.03621950000524521
compas,4,,,,,,random_forest,0.10622940000030212
compas,4,,,,,,extra_trees,0.07199569999647792
compas,4,,,,,,linear_svm,0.6782896000004257
compas,4,,,,,,rbf_svm,0.6215156999969622
compas,6,61.0,31.0,5.0,0.3285300872280274,0.16666666666666666,matched_gini,0.02624179999838816
compas,6,61.0,31.0,5.0,0.48304268455729854,0.3333333333333333,mags_fixed,0.024659400005475618
compas,6,59.0,30.0,5.0,0.29944637740976376,0.13793103448275862,mags_binary_excluded,0.024621800002933014
compas,6,59.0,30.0,5.0,0.28428474749485855,0.13793103448275862,matched_gini_unrestricted,0.02443700000003446
compas,6,63.0,32.0,5.0,0.4561296942762287,0.3225806451612903,mags_fixed_unrestricted,0.02551559999847086
compas,6,61.0,31.0,5.0,,,cart_fixed,0.003164200003084261
compas,6,15.0,8.0,3.0,0.7233766233766233,0.0,mags_tuned,1.065411600000516
compas,6,31.0,16.0,4.0,,,cart_tuned_depth,0.03069569999934174
compas,6,33.0,17.0,6.0,,,cart_pruned,0.07958830000279704
compas,6,63.0,32.0,5.0,,,noise_augmented_cart,0.029978500002471264
compas,6,,,,,,random_forest,0.09442990000388818
compas,6,,,,,,extra_trees,0.07137249999505002
compas,6,,,,,,linear_svm,0.7129507999998168
compas,6,,,,,,rbf_svm,0.665199199997005
compas,7,61.0,31.0,5.0,0.29562000636007346,0.2,matched_gini,0.03974649999872781
compas,7,61.0,31.0,5.0,0.5335826331437665,0.43333333333333335,mags_fixed,0.04600349999964237
compas,7,61.0,31.0,5.0,0.3138129205627916,0.2,mags_binary_excluded,0.04380650000530295
compas,7,61.0,31.0,5.0,0.28901136160453605,0.16666666666666666,matched_gini_unrestricted,0.045119100002921186
compas,7,61.0,31.0,5.0,0.5335826331437665,0.43333333333333335,mags_fixed_unrestricted,0.044352899996738415
compas,7,61.0,31.0,5.0,,,cart_fixed,0.0037654999978258274
compas,7,117.0,59.0,6.0,0.44559527787462294,0.0,mags_tuned,1.5936632000011741
compas,7,31.0,16.0,4.0,,,cart_tuned_depth,0.07210929999564542
compas,7,65.0,33.0,8.0,,,cart_pruned,0.07557419999648118
compas,7,63.0,32.0,5.0,,,noise_augmented_cart,0.07745170000271173
compas,7,,,,,,random_forest,0.17462050000176532
compas,7,,,,,,extra_trees,0.12858090000372613
compas,7,,,,,,linear_svm,0.49320369999622926
compas,7,,,,,,rbf_svm,0.5108863999994355
compas,9,61.0,31.0,5.0,0.44866094242992544,0.3,matched_gini,0.04305699999531498
compas,9,61.0,31.0,5.0,0.5336304320190268,0.4,mags_fixed,0.05368610000004992
compas,9,61.0,31.0,5.0,0.44866094242992544,0.3,mags_binary_excluded,0.029559900001913775
compas,9,61.0,31.0,5.0,0.39383543074290916,0.23333333333333334,matched_gini_unrestricted,0.03249060000234749
compas,9,61.0,31.0,5.0,0.5336304320190268,0.4,mags_fixed_unrestricted,0.04323819999990519
compas,9,61.0,31.0,5.0,,,cart_fixed,0.0034804000024450943
compas,9,31.0,16.0,4.0,0.2100168166337297,0.0,mags_tuned,1.4024770000032731
compas,9,15.0,8.0,3.0,,,cart_tuned_depth,0.04162699999869801
compas,9,25.0,13.0,5.0,,,cart_pruned,0.08283449999726145
compas,9,63.0,32.0,5.0,,,noise_augmented_cart,0.036373299997649156
compas,9,,,,,,random_forest,0.19248209999932442
compas,9,,,,,,extra_trees,0.10254789999453351
compas,9,,,,,,linear_svm,0.4852266000016243
compas,9,,,,,,rbf_svm,0.5913198999987799
compas,10,61.0,31.0,5.0,0.349865789489435,0.16666666666666666,matched_gini,0.054352400002244394
compas,10,61.0,31.0,5.0,0.4662081064227806,0.36666666666666664,mags_fixed,0.038439600000856444
compas,10,61.0,31.0,5.0,0.349865789489435,0.16666666666666666,mags_binary_excluded,0.03858149999723537
compas,10,61.0,31.0,5.0,0.3078919329800367,0.13333333333333333,matched_gini_unrestricted,0.039588500003446825
compas,10,61.0,31.0,5.0,0.4662081064227806,0.36666666666666664,mags_fixed_unrestricted,0.03681870000582421
compas,10,61.0,31.0,5.0,,,cart_fixed,0.003574200003640726
compas,10,339.0,170.0,8.0,0.5231928370603132,0.0,mags_tuned,1.4318236999970395
compas,10,111.0,56.0,6.0,,,cart_tuned_depth,0.033815700000559445
compas,10,33.0,17.0,6.0,,,cart_pruned,0.0829094000000623
compas,10,63.0,32.0,5.0,,,noise_augmented_cart,0.03475040000193985
compas,10,,,,,,random_forest,0.1449194999950123
compas,10,,,,,,extra_trees,0.08133629999792902
compas,10,,,,,,linear_svm,0.5764914000028512
compas,10,,,,,,rbf_svm,0.4301061000005575
compas,8,63.0,32.0,5.0,0.3641401839807964,0.25806451612903225,matched_gini,0.04611029999796301
compas,8,63.0,32.0,5.0,0.548049535305506,0.45161290322580644,mags_fixed,0.0417648000002373
compas,8,59.0,30.0,5.0,0.3087935300024605,0.1724137931034483,mags_binary_excluded,0.05285359999834327
compas,8,63.0,32.0,5.0,0.3016262116396572,0.1935483870967742,matched_gini_unrestricted,0.040527500001189765
compas,8,63.0,32.0,5.0,0.5183099705941915,0.41935483870967744,mags_fixed_unrestricted,0.03920759999891743
compas,8,63.0,32.0,5.0,,,cart_fixed,0.0035855999958585016
compas,8,119.0,60.0,6.0,0.5545237731181999,0.0,mags_tuned,1.4897339999952237
compas,8,7.0,4.0,2.0,,,cart_tuned_depth,0.03262169999652542
compas,8,31.0,16.0,6.0,,,cart_pruned,0.08243299999594456
compas,8,63.0,32.0,5.0,,,noise_augmented_cart,0.05317540000396548
compas,8,,,,,,random_forest,0.17908380000153556
compas,8,,,,,,extra_trees,0.10477240000182064
compas,8,,,,,,linear_svm,0.5184536000015214
compas,8,,,,,,rbf_svm,0.485985500003153
compas,11,61.0,31.0,5.0,0.3239338849677196,0.2,matched_gini,0.03217389999917941
compas,11,61.0,31.0,5.0,0.4793370984672896,0.36666666666666664,mags_fixed,0.03201439999975264
compas,11,61.0,31.0,5.0,0.36694975798359264,0.2,mags_binary_excluded,0.0303764999989653
compas,11,61.0,31.0,5.0,0.2621152064069102,0.1,matched_gini_unrestricted,0.03502669999579666
compas,11,61.0,31.0,5.0,0.4793370984672896,0.36666666666666664,mags_fixed_unrestricted,0.035741500003496185
compas,11,61.0,31.0,5.0,,,cart_fixed,0.0034710999971139245
compas,11,61.0,31.0,5.0,0.3239338849677196,0.0,mags_tuned,1.536834500002442
compas,11,31.0,16.0,4.0,,,cart_tuned_depth,0.054477999998198356
compas,11,25.0,13.0,5.0,,,cart_pruned,0.08089319999999134
compas,11,63.0,32.0,5.0,,,noise_augmented_cart,0.033748899993952364
compas,11,,,,,,random_forest,0.12389619999885326
compas,11,,,,,,extra_trees,0.09604309999849647
compas,11,,,,,,linear_svm,0.484928799996851
compas,11,,,,,,rbf_svm,0.4464988999970956
compas,14,63.0,32.0,5.0,0.3650519266424315,0.1935483870967742,matched_gini,0.03743669999676058
compas,14,61.0,31.0,5.0,0.4427222328633945,0.36666666666666664,mags_fixed,0.03646160000062082
compas,14,63.0,32.0,5.0,0.3650519266424315,0.1935483870967742,mags_binary_excluded,0.03804330000275513
compas,14,63.0,32.0,5.0,0.3169358546046386,0.1935483870967742,matched_gini_unrestricted,0.03896240000176476
compas,14,61.0,31.0,5.0,0.4427222328633945,0.36666666666666664,mags_fixed_unrestricted,0.025978699995903298
compas,14,63.0,32.0,5.0,,,cart_fixed,0.0030776999992667697
compas,14,63.0,32.0,5.0,0.3650519266424315,0.0,mags_tuned,1.4673009999969508
compas,14,115.0,58.0,6.0,,,cart_tuned_depth,0.03450869999505812
compas,14,31.0,16.0,7.0,,,cart_pruned,0.08019749999948544
compas,14,63.0,32.0,5.0,,,noise_augmented_cart,0.03457190000335686
compas,14,,,,,,random_forest,0.1226851000028546
compas,14,,,,,,extra_trees,0.09678680000070017
compas,14,,,,,,linear_svm,0.4520353000043542
compas,14,,,,,,rbf_svm,0.48151879999932135
compas,13,63.0,32.0,5.0,0.3993262167630601,0.25806451612903225,matched_gini,0.03977930000110064
compas,13,61.0,31.0,5.0,0.40769827185662044,0.3,mags_fixed,0.03607240000565071
compas,13,63.0,32.0,5.0,0.3993262167630601,0.22580645161290322,mags_binary_excluded,0.03589530000317609
compas,13,63.0,32.0,5.0,0.2922202979090575,0.1935483870967742,matched_gini_unrestricted,0.03859369999554474
compas,13,61.0,31.0,5.0,0.40291212408308485,0.3,mags_fixed_unrestricted,0.04857669999910286
compas,13,63.0,32.0,5.0,,,cart_fixed,0.0036888000031467527
compas,13,119.0,60.0,6.0,0.5386029447302864,0.0,mags_tuned,1.4330227000027662
compas,13,123.0,62.0,6.0,,,cart_tuned_depth,0.03956869999819901
compas,13,23.0,12.0,6.0,,,cart_pruned,0.08799670000007609
compas,13,61.0,31.0,5.0,,,noise_augmented_cart,0.037123399997653905
compas,13,,,,,,random_forest,0.12296800000331132
compas,13,,,,,,extra_trees,0.09574630000133766
compas,13,,,,,,linear_svm,0.4591251999954693
compas,13,,,,,,rbf_svm,0.43448260000150185
compas,12,57.0,29.0,5.0,0.278048239561743,0.14285714285714285,matched_gini,0.0353495999952429
compas,12,63.0,32.0,5.0,0.4343848315413406,0.2903225806451613,mags_fixed,0.03850640000018757
compas,12,57.0,29.0,5.0,0.29352443003793344,0.14285714285714285,mags_binary_excluded,0.046012500002689194
compas,12,57.0,29.0,5.0,0.31621525827239394,0.17857142857142858,matched_gini_unrestricted,0.03767750000406522
compas,12,63.0,32.0,5.0,0.510676861692354,0.3548387096774194,mags_fixed_unrestricted,0.056798600002366584
compas,12,57.0,29.0,5.0,,,cart_fixed,0.003658299996459391
compas,12,15.0,8.0,3.0,0.3731684121016827,0.0,mags_tuned,1.4590027999947779
compas,12,7.0,4.0,2.0,,,cart_tuned_depth,0.034814899998309556
compas,12,33.0,17.0,6.0,,,cart_pruned,0.07995690000097966
compas,12,61.0,31.0,5.0,,,noise_augmented_cart,0.036372800001117866
compas,12,,,,,,random_forest,0.13156750000052853
compas,12,,,,,,extra_trees,0.09405979999428382
compas,12,,,,,,linear_svm,0.48015870000381256
compas,12,,,,,,rbf_svm,0.4669779000032577
compas,15,63.0,32.0,5.0,0.37236278468020706,0.16129032258064516,matched_gini,0.03663189999497263
compas,15,63.0,32.0,5.0,0.5721196749656363,0.41935483870967744,mags_fixed,0.036591199997928925
compas,15,63.0,32.0,5.0,0.37236278468020706,0.16129032258064516,mags_binary_excluded,0.03638009999849601
compas,15,63.0,32.0,5.0,0.3708934025041546,0.1935483870967742,matched_gini_unrestricted,0.037195899996731896
compas,15,63.0,32.0,5.0,0.5721196749656363,0.41935483870967744,mags_fixed_unrestricted,0.03772469999967143
compas,15,63.0,32.0,5.0,,,cart_fixed,0.003419100001337938
compas,15,63.0,32.0,5.0,0.4574640881582093,0.0,mags_tuned,1.4175746999972034
compas,15,31.0,16.0,4.0,,,cart_tuned_depth,0.03846770000382094
compas,15,25.0,13.0,5.0,,,cart_pruned,0.08101150000584312
compas,15,63.0,32.0,5.0,,,noise_augmented_cart,0.03476360000058776
compas,15,,,,,,random_forest,0.11870940000517294
compas,15,,,,,,extra_trees,0.10658259999763686
compas,15,,,,,,linear_svm,0.4772217999998247
compas,15,,,,,,rbf_svm,0.4287408000018331
compas,18,61.0,31.0,5.0,0.2997533911776199,0.16666666666666666,matched_gini,0.03756309999880614
compas,18,63.0,32.0,5.0,0.5026474490681797,0.3870967741935484,mags_fixed,0.030765499999688473
compas,18,63.0,32.0,5.0,0.3277183355482342,0.0967741935483871,mags_binary_excluded,0.04303920000529615
compas,18,63.0,32.0,5.0,0.2942580768651763,0.16129032258064516,matched_gini_unrestricted,0.039745900001435075
compas,18,63.0,32.0,5.0,0.5026474490681797,0.3870967741935484,mags_fixed_unrestricted,0.04819629999838071
compas,18,63.0,32.0,5.0,,,cart_fixed,0.0036639000027207658
compas,18,15.0,8.0,3.0,0.584983888292159,0.0,mags_tuned,1.2917833000028622
compas,18,7.0,4.0,2.0,,,cart_tuned_depth,0.038161299999046605
compas,18,31.0,16.0,6.0,,,cart_pruned,0.07815280000068014
compas,18,63.0,32.0,5.0,,,noise_augmented_cart,0.03256880000117235
compas,18,,,,,,random_forest,0.12490660000185017
compas,18,,,,,,extra_trees,0.09616469999309629
compas,18,,,,,,linear_svm,0.439427400000568
compas,18,,,,,,rbf_svm,0.4315968000009889
compas,16,63.0,32.0,5.0,0.3696919840129473,0.25806451612903225,matched_gini,0.040152200002921745
compas,16,63.0,32.0,5.0,0.4776058443461625,0.3548387096774194,mags_fixed,0.03888359999837121
compas,16,63.0,32.0,5.0,0.3677895853363551,0.1935483870967742,mags_binary_excluded,0.0383808999977191
compas,16,63.0,32.0,5.0,0.36970051337955645,0.25806451612903225,matched_gini_unrestricted,0.03728599999885773
compas,16,63.0,32.0,5.0,0.4776143737127717,0.3548387096774194,mags_fixed_unrestricted,0.0399053000001004
compas,16,63.0,32.0,5.0,,,cart_fixed,0.0036323999956948683
compas,16,31.0,16.0,4.0,0.13413693790026207,0.0,mags_tuned,1.3647015999958967
compas,16,31.0,16.0,4.0,,,cart_tuned_depth,0.03565659999730997
compas,16,29.0,15.0,6.0,,,cart_pruned,0.08234890000312589
compas,16,63.0,32.0,5.0,,,noise_augmented_cart,0.033965800001169555
compas,16,,,,,,random_forest,0.12448549999680836
compas,16,,,,,,extra_trees,0.09457299999485258
compas,16,,,,,,linear_svm,0.4496339999968768
compas,16,,,,,,rbf_svm,0.45052790000045206
compas,17,63.0,32.0,5.0,0.2503587616772915,0.0967741935483871,matched_gini,0.03833100000338163
compas,17,63.0,32.0,5.0,0.45646892182407894,0.2903225806451613,mags_fixed,0.04430860000138637
compas,17,63.0,32.0,5.0,0.30840931327623017,0.06451612903225806,mags_binary_excluded,0.03897549999965122
compas,17,63.0,32.0,5.0,0.2811145735802614,0.12903225806451613,matched_gini_unrestricted,0.04310309999709716
compas,17,63.0,32.0,5.0,0.45646892182407894,0.2903225806451613,mags_fixed_unrestricted,0.03833019999729004
compas,17,63.0,32.0,5.0,,,cart_fixed,0.003262000005634036
compas,17,31.0,16.0,4.0,0.3058306966991778,0.0,mags_tuned,1.3788463000018965
compas,17,119.0,60.0,6.0,,,cart_tuned_depth,0.03424570000061067
compas,17,35.0,18.0,6.0,,,cart_pruned,0.07274679999682121
compas,17,63.0,32.0,5.0,,,noise_augmented_cart,0.035618699999758974
compas,17,,,,,,random_forest,0.13881319999927655
compas,17,,,,,,extra_trees,0.10871599999518367
compas,17,,,,,,linear_svm,0.45539190000272356
compas,17,,,,,,rbf_svm,0.4497393000056036
compas,19,63.0,32.0,5.0,0.2990078426629485,0.0967741935483871,matched_gini,0.04250329999922542
compas,19,63.0,32.0,5.0,0.4366776113904553,0.2903225806451613,mags_fixed,0.04794120000588009
compas,19,63.0,32.0,5.0,0.3146080541912404,0.06451612903225806,mags_binary_excluded,0.04806499999540392
compas,19,63.0,32.0,5.0,0.27618895560411444,0.12903225806451613,matched_gini_unrestricted,0.051932700000179466
compas,19,63.0,32.0,5.0,0.43666389622697055,0.2903225806451613,mags_fixed_unrestricted,0.04357549999986077
compas,19,63.0,32.0,5.0,,,cart_fixed,0.003133000005618669
compas,19,31.0,16.0,4.0,0.20502416795687053,0.0,mags_tuned,1.4198414999991655
compas,19,63.0,32.0,5.0,,,cart_tuned_depth,0.04122310000093421
compas,19,27.0,14.0,6.0,,,cart_pruned,0.08812309999484569
compas,19,63.0,32.0,5.0,,,noise_augmented_cart,0.031147000001510605
compas,19,,,,,,random_forest,0.1403130000035162
compas,19,,,,,,extra_trees,0.1032063000020571
compas,19,,,,,,linear_svm,0.45500889999675564
compas,19,,,,,,rbf_svm,0.4599067000017385
compas,21,63.0,32.0,5.0,0.2827303079355124,0.16129032258064516,matched_gini,0.035473899995849933
compas,21,63.0,32.0,5.0,0.45156234399711426,0.3548387096774194,mags_fixed,0.03607460000057472
compas,21,63.0,32.0,5.0,0.24079482406454455,0.06451612903225806,mags_binary_excluded,0.04515399999945657
compas,21,57.0,29.0,5.0,0.2938307967763553,0.21428571428571427,matched_gini_unrestricted,0.03384379999624798
compas,21,63.0,32.0,5.0,0.4219862734611063,0.3225806451612903,mags_fixed_unrestricted,0.03514089999953285
compas,21,63.0,32.0,5.0,,,cart_fixed,0.0031972000069799833
compas,21,15.0,8.0,3.0,0.5847641080723787,0.0,mags_tuned,1.3663195000044652
compas,21,15.0,8.0,3.0,,,cart_tuned_depth,0.030668699997477233
compas,21,31.0,16.0,5.0,,,cart_pruned,0.07084600000234786
compas,21,63.0,32.0,5.0,,,noise_augmented_cart,0.03482020000228658
compas,21,,,,,,random_forest,0.1273153000001912
compas,21,,,,,,extra_trees,0.09897820000333013
compas,21,,,,,,linear_svm,0.45466250000026776
compas,21,,,,,,rbf_svm,0.43067969999538036
compas,20,63.0,32.0,5.0,0.3169214114890914,0.16129032258064516,matched_gini,0.03816419999930076
compas,20,63.0,32.0,5.0,0.5128887268424979,0.3548387096774194,mags_fixed,0.034411199994792696
compas,20,63.0,32.0,5.0,0.331855700616929,0.0967741935483871,mags_binary_excluded,0.034612199997354764
compas,20,63.0,32.0,5.0,0.31446979737239805,0.16129032258064516,matched_gini_unrestricted,0.04585629999928642
compas,20,63.0,32.0,5.0,0.5128887268424979,0.3548387096774194,mags_fixed_unrestricted,0.0349151000045822
compas,20,63.0,32.0,5.0,,,cart_fixed,0.003284500002337154
compas,20,31.0,16.0,4.0,0.3051298743474283,0.0,mags_tuned,1.427502499995171
compas,20,113.0,57.0,6.0,,,cart_tuned_depth,0.0341511000005994
compas,20,27.0,14.0,5.0,,,cart_pruned,0.07670549999602372
compas,20,61.0,31.0,5.0,,,noise_augmented_cart,0.031696899997768924
compas,20,,,,,,random_forest,0.13467559999844525
compas,20,,,,,,extra_trees,0.08428209999692626
compas,20,,,,,,linear_svm,0.4669140999976662
compas,20,,,,,,rbf_svm,0.4368587999997544
compas,22,63.0,32.0,5.0,0.35516023226169835,0.16129032258064516,matched_gini,0.03056279999873368
compas,22,63.0,32.0,5.0,0.4096972895791822,0.25806451612903225,mags_fixed,0.03645749999850523
compas,22,63.0,32.0,5.0,0.35516023226169835,0.12903225806451613,mags_binary_excluded,0.04433740000240505
compas,22,63.0,32.0,5.0,0.2737953305945583,0.0967741935483871,matched_gini_unrestricted,0.0364149000015459
compas,22,63.0,32.0,5.0,0.37346344120112135,0.22580645161290322,mags_fixed_unrestricted,0.04127460000017891
compas,22,63.0,32.0,5.0,,,cart_fixed,0.003310699998110067
compas,22,15.0,8.0,3.0,0.46571648902475965,0.0,mags_tuned,1.3956402000039816
compas,22,7.0,4.0,2.0,,,cart_tuned_depth,0.032112100001540966
compas,22,39.0,20.0,7.0,,,cart_pruned,0.07201280000299448
compas,22,63.0,32.0,5.0,,,noise_augmented_cart,0.03948559999844292
compas,22,,,,,,random_forest,0.13327980000030948
compas,22,,,,,,extra_trees,0.09227090000058524
compas,22,,,,,,linear_svm,0.4243175999945379
compas,22,,,,,,rbf_svm,0.4419135999996797
compas,23,63.0,32.0,5.0,0.2908780722297257,0.12903225806451613,matched_gini,0.03539420000015525
compas,23,63.0,32.0,5.0,0.49904026737955126,0.3870967741935484,mags_fixed,0.03306180000072345
compas,23,63.0,32.0,5.0,0.27031408956896885,0.12903225806451613,mags_binary_excluded,0.02998450000450248
compas,23,63.0,32.0,5.0,0.2910151347244732,0.12903225806451613,matched_gini_unrestricted,0.040980599995236844
compas,23,63.0,32.0,5.0,0.49904026737955126,0.3870967741935484,mags_fixed_unrestricted,0.03575209999689832
compas,23,63.0,32.0,5.0,,,cart_fixed,0.003371899998455774
compas,23,63.0,32.0,5.0,0.49904026737955126,0.0,mags_tuned,1.2883181999932276
compas,23,15.0,8.0,3.0,,,cart_tuned_depth,0.04166399999667192
compas,23,33.0,17.0,6.0,,,cart_pruned,0.09686789999977918
compas,23,63.0,32.0,5.0,,,noise_augmented_cart,0.033204299994395114
compas,23,,,,,,random_forest,0.13361019999865675
compas,23,,,,,,extra_trees,0.08963389999553328
compas,23,,,,,,linear_svm,0.476726900000358
compas,23,,,,,,rbf_svm,0.43101250000472646
compas,24,63.0,32.0,5.0,0.41300640670474315,0.22580645161290322,matched_gini,0.038342300002113916
compas,24,61.0,31.0,5.0,0.4516751165515727,0.3,mags_fixed,0.0515326999957324
compas,24,63.0,32.0,5.0,0.38504166959314684,0.12903225806451613,mags_binary_excluded,0.035127100003592204
compas,24,63.0,32.0,5.0,0.41300640670474315,0.22580645161290322,matched_gini_unrestricted,0.037212300005194265
compas,24,61.0,31.0,5.0,0.44849529199016924,0.3,mags_fixed_unrestricted,0.04365920000418555
compas,24,61.0,31.0,5.0,,,cart_fixed,0.0032836000027600676
compas,24,31.0,16.0,4.0,0.29791517694576775,0.0,mags_tuned,1.2273978000011994
compas,24,61.0,31.0,5.0,,,cart_tuned_depth,0.05230209999717772
compas,24,25.0,13.0,5.0,,,cart_pruned,0.08035999999992782
compas,24,63.0,32.0,5.0,,,noise_augmented_cart,0.03382870000496041
compas,24,,,,,,random_forest,0.11900460000470048
compas,24,,,,,,extra_trees,0.08664950000093086
compas,24,,,,,,linear_svm,0.43001730000105454
compas,24,,,,,,rbf_svm,0.4441480000023148
compas,26,61.0,31.0,5.0,0.3439637341674979,0.13333333333333333,matched_gini,0.027611600002273917
compas,26,61.0,31.0,5.0,0.4241982465745636,0.26666666666666666,mags_fixed,0.03822769999533193
compas,26,61.0,31.0,5.0,0.2790360015568385,0.06666666666666667,mags_binary_excluded,0.03478420000465121
compas,26,61.0,31.0,5.0,0.31111019881396257,0.1,matched_gini_unrestricted,0.028214500001922715
compas,26,61.0,31.0,5.0,0.45673501858807974,0.26666666666666666,mags_fixed_unrestricted,0.03363510000053793
compas,26,61.0,31.0,5.0,,,cart_fixed,0.0044573999985004775
compas,26,61.0,31.0,5.0,0.3439637341674979,0.0,mags_tuned,1.3018057000008412
compas,26,61.0,31.0,5.0,,,cart_tuned_depth,0.03454739999870071
compas,26,25.0,13.0,5.0,,,cart_pruned,0.0871536999984528
compas,26,61.0,31.0,5.0,,,noise_augmented_cart,0.03155400000105146
compas,26,,,,,,random_forest,0.1225992000036058
compas,26,,,,,,extra_trees,0.09857639999972889
compas,26,,,,,,linear_svm,0.40558640000381274
compas,26,,,,,,rbf_svm,0.4296357999992324
compas,25,61.0,31.0,5.0,0.29408847847953673,0.13333333333333333,matched_gini,0.044789900006435346
compas,25,63.0,32.0,5.0,0.4090962678448303,0.2903225806451613,mags_fixed,0.04106840000167722
compas,25,63.0,32.0,5.0,0.3433114307866486,0.22580645161290322,mags_binary_excluded,0.034311700001126155
compas,25,63.0,32.0,5.0,0.3535843836402466,0.22580645161290322,matched_gini_unrestricted,0.02899230000184616
compas,25,63.0,32.0,5.0,0.4090962678448303,0.2903225806451613,mags_fixed_unrestricted,0.032632400005240925
compas,25,61.0,31.0,5.0,,,cart_fixed,0.0033046999960788526
compas,25,63.0,32.0,5.0,0.4090962678448303,0.0,mags_tuned,1.313785899998038
compas,25,7.0,4.0,2.0,,,cart_tuned_depth,0.034597400001075584
compas,25,29.0,15.0,5.0,,,cart_pruned,0.08341590000054566
compas,25,63.0,32.0,5.0,,,noise_augmented_cart,0.03349490000255173
compas,25,,,,,,random_forest,0.11707490000117105
compas,25,,,,,,extra_trees,0.09533259999443544
compas,25,,,,,,linear_svm,0.4012185000028694
compas,25,,,,,,rbf_svm,0.41176370000175666
compas,27,63.0,32.0,5.0,0.3149697763481565,0.16129032258064516,matched_gini,0.03774079999857349
compas,27,63.0,32.0,5.0,0.4613296944741067,0.3225806451612903,mags_fixed,0.031009700003778562
compas,27,63.0,32.0,5.0,0.2979886796647449,0.16129032258064516,mags_binary_excluded,0.039557199997943826
compas,27,63.0,32.0,5.0,0.3090479707025329,0.16129032258064516,matched_gini_unrestricted,0.03692360000422923
compas,27,63.0,32.0,5.0,0.4613296944741067,0.3225806451612903,mags_fixed_unrestricted,0.042676099998061545
compas,27,63.0,32.0,5.0,,,cart_fixed,0.00365139999485109
compas,27,15.0,8.0,3.0,0.055036073549823636,0.0,mags_tuned,1.2780878000048688
compas,27,15.0,8.0,3.0,,,cart_tuned_depth,0.03445829999691341
compas,27,31.0,16.0,6.0,,,cart_pruned,0.07702900000003865
compas,27,63.0,32.0,5.0,,,noise_augmented_cart,0.03473259999736911
compas,27,,,,,,random_forest,0.11890890000358922
compas,27,,,,,,extra_trees,0.10759060000418685
compas,27,,,,,,linear_svm,0.4358621999999741
compas,27,,,,,,rbf_svm,0.4036086999985855
compas,28,63.0,32.0,5.0,0.3613525294552037,0.1935483870967742,matched_gini,0.04280379999545403
compas,28,63.0,32.0,5.0,0.5426534466922304,0.45161290322580644,mags_fixed,0.03710490000230493
compas,28,63.0,32.0,5.0,0.3318950976208619,0.12903225806451613,mags_binary_excluded,0.04132479999680072
compas,28,61.0,31.0,5.0,0.340789109716047,0.2,matched_gini_unrestricted,0.0408778999990318
compas,28,61.0,31.0,5.0,0.4956282514037802,0.4,mags_fixed_unrestricted,0.03779120000399416
compas,28,61.0,31.0,5.0,,,cart_fixed,0.0031603000024915673
compas,28,63.0,32.0,5.0,0.3613525294552037,0.0,mags_tuned,1.332498800002213
compas,28,61.0,31.0,5.0,,,cart_tuned_depth,0.030160399997839704
compas,28,29.0,15.0,5.0,,,cart_pruned,0.07356389999767998
compas,28,63.0,32.0,5.0,,,noise_augmented_cart,0.03616909999982454
compas,28,,,,,,random_forest,0.14732359999470646
compas,28,,,,,,extra_trees,0.093209200000274
compas,28,,,,,,linear_svm,0.4736459999985527
compas,28,,,,,,rbf_svm,0.41776479999680305
compas,29,63.0,32.0,5.0,0.3721212810543166,0.1935483870967742,matched_gini,0.044995800002652686
compas,29,63.0,32.0,5.0,0.4861852156299375,0.3548387096774194,mags_fixed,0.0380321000047843
compas,29,63.0,32.0,5.0,0.3936266573984026,0.1935483870967742,mags_binary_excluded,0.04043739999906393
compas,29,63.0,32.0,5.0,0.3152157900426761,0.1935483870967742,matched_gini_unrestricted,0.03961169999820413
compas,29,63.0,32.0,5.0,0.41268291148247205,0.2903225806451613,mags_fixed_unrestricted,0.042354299999715295
compas,29,63.0,32.0,5.0,,,cart_fixed,0.0035934000043198466
compas,29,15.0,8.0,3.0,0.2542065004139308,0.0,mags_tuned,1.377721400000155
compas,29,7.0,4.0,2.0,,,cart_tuned_depth,0.05370440000115195
compas,29,119.0,60.0,12.0,,,cart_pruned,0.07865619999938644
compas,29,63.0,32.0,5.0,,,noise_augmented_cart,0.03147539999918081
compas,29,,,,,,random_forest,0.12264509999658912
compas,29,,,,,,extra_trees,0.08704910000233212
compas,29,,,,,,linear_svm,0.4500964999970165
compas,29,,,,,,rbf_svm,0.42193979999865405
covertype_3000,0,77.0,39.0,6.0,0.19716976139502265,0.18421052631578946,matched_gini,0.24689930000022287
covertype_3000,0,71.0,36.0,6.0,0.3276266267060003,0.3142857142857143,mags_fixed,0.3314276000019163
covertype_3000,0,77.0,39.0,6.0,0.19716976139502265,0.18421052631578946,mags_binary_excluded,0.2292846999989706
covertype_3000,0,77.0,39.0,6.0,0.22908617015079974,0.21052631578947367,matched_gini_unrestricted,0.2763284000029671
covertype_3000,0,81.0,41.0,6.0,0.31763597332017585,0.3,mags_fixed_unrestricted,0.26040529999590944
covertype_3000,0,71.0,36.0,6.0,,,cart_fixed,0.006938099999388214
covertype_3000,0,125.0,63.0,9.0,0.37415558838773627,0.0,mags_tuned,7.0802968999996665
covertype_3000,0,171.0,86.0,10.0,,,cart_tuned_depth,0.05853179999394342
covertype_3000,0,169.0,85.0,15.0,,,cart_pruned,0.16512320000038017
covertype_3000,0,93.0,47.0,6.0,,,noise_augmented_cart,0.0625307999944198
covertype_3000,0,,,,,,random_forest,0.14233529999910388
covertype_3000,0,,,,,,extra_trees,0.06681949999619974
covertype_3000,0,,,,,,linear_svm,0.11634950000006938
covertype_3000,0,,,,,,rbf_svm,0.10717730000033043
covertype_3000,1,93.0,47.0,6.0,0.12276746049946825,0.10869565217391304,matched_gini,0.25901259999955073
covertype_3000,1,79.0,40.0,6.0,0.31983089902840733,0.3076923076923077,mags_fixed,0.21200279999902705
covertype_3000,1,93.0,47.0,6.0,0.12400604910817034,0.10869565217391304,mags_binary_excluded,0.28258220000134315
covertype_3000,1,93.0,47.0,6.0,0.14327556789712076,0.13043478260869565,matched_gini_unrestricted,0.29894729999796255
covertype_3000,1,85.0,43.0,6.0,0.2529924957969072,0.23809523809523808,mags_fixed_unrestricted,0.2772828000015579
covertype_3000,1,91.0,46.0,6.0,,,cart_fixed,0.008029299999179784
covertype_3000,1,215.0,108.0,9.0,0.13049173946208165,0.0,mags_tuned,7.9457451999987825
covertype_3000,1,15.0,8.0,3.0,,,cart_tuned_depth,0.08033630000136327
covertype_3000,1,23.0,12.0,5.0,,,cart_pruned,0.11244869999791263
covertype_3000,1,109.0,55.0,6.0,,,noise_augmented_cart,0.05073429999902146
covertype_3000,1,,,,,,random_forest,0.1599279999936698
covertype_3000,1,,,,,,extra_trees,0.09147450000455137
covertype_3000,1,,,,,,linear_svm,0.10733590000018012
covertype_3000,1,,,,,,rbf_svm,0.07344430000375723
covertype_3000,3,77.0,39.0,6.0,0.17680353307527952,0.15789473684210525,matched_gini,0.235636199999135
covertype_3000,3,71.0,36.0,6.0,0.2802112116044083,0.2571428571428571,mags_fixed,0.23824949999834644
covertype_3000,3,77.0,39.0,6.0,0.1579529237994168,0.13157894736842105,mags_binary_excluded,0.24227560000144877
covertype_3000,3,89.0,45.0,6.0,0.1296341807639025,0.11363636363636363,matched_gini_unrestricted,0.4714285000009113
covertype_3000,3,81.0,41.0,6.0,0.3174024554753239,0.3,mags_fixed_unrestricted,0.30196820000128355
covertype_3000,3,79.0,40.0,6.0,,,cart_fixed,0.006978600002184976
covertype_3000,3,67.0,34.0,6.0,0.2030143486896569,0.0,mags_tuned,6.995603800001845
covertype_3000,3,145.0,73.0,8.0,,,cart_tuned_depth,0.0628322000047774
covertype_3000,3,127.0,64.0,12.0,,,cart_pruned,0.13727330000256188
covertype_3000,3,101.0,51.0,6.0,,,noise_augmented_cart,0.05422759999783011
covertype_3000,3,,,,,,random_forest,0.14061650000076042
covertype_3000,3,,,,,,extra_trees,0.09153089999745134
covertype_3000,3,,,,,,linear_svm,0.1100635999973747
covertype_3000,3,,,,,,rbf_svm,0.08104810000077123
covertype_3000,2,75.0,38.0,6.0,0.17548070849465947,0.16216216216216217,matched_gini,0.21788670000387356
covertype_3000,2,89.0,45.0,6.0,0.2750632389990049,0.25,mags_fixed,0.2143532000045525
covertype_3000,2,73.0,37.0,6.0,0.18393599205319755,0.16666666666666666,mags_binary_excluded,0.29336890000558924
covertype_3000,2,95.0,48.0,6.0,0.16521256218584507,0.14893617021276595,matched_gini_unrestricted,0.4295540999955847
covertype_3000,2,91.0,46.0,6.0,0.24556400369066395,0.2222222222222222,mags_fixed_unrestricted,0.3724027999996906
covertype_3000,2,85.0,43.0,6.0,,,cart_fixed,0.007163299997046124
covertype_3000,2,129.0,65.0,9.0,0.3644578642848595,0.0,mags_tuned,7.453318499996385
covertype_3000,2,225.0,113.0,10.0,,,cart_tuned_depth,0.05628889999934472
covertype_3000,2,299.0,150.0,16.0,,,cart_pruned,0.15098379999835743
covertype_3000,2,83.0,42.0,6.0,,,noise_augmented_cart,0.06636509999952978
covertype_3000,2,,,,,,random_forest,0.13666599999851314
covertype_3000,2,,,,,,extra_trees,0.07945459999609739
covertype_3000,2,,,,,,linear_svm,0.10789910000312375
covertype_3000,2,,,,,,rbf_svm,0.08459420000144746
covertype_3000,4,85.0,43.0,6.0,0.18505299223431,0.16666666666666666,matched_gini,0.3236468999966746
covertype_3000,4,91.0,46.0,6.0,0.260074639412206,0.24444444444444444,mags_fixed,0.2993150999973295
covertype_3000,4,85.0,43.0,6.0,0.18547993532180354,0.16666666666666666,mags_binary_excluded,0.2763582999978098
covertype_3000,4,93.0,47.0,6.0,0.132892449949402,0.10869565217391304,matched_gini_unrestricted,0.31061700000282144
covertype_3000,4,91.0,46.0,6.0,0.25946463559883753,0.24444444444444444,mags_fixed_unrestricted,0.2485043000051519
covertype_3000,4,93.0,47.0,6.0,,,cart_fixed,0.005983800001558848
covertype_3000,4,187.0,94.0,9.0,0.1969841233494455,0.0,mags_tuned,7.9121814999962226
covertype_3000,4,93.0,47.0,6.0,,,cart_tuned_depth,0.06918649999715853
covertype_3000,4,77.0,39.0,9.0,,,cart_pruned,0.12799210000230232
covertype_3000,4,103.0,52.0,6.0,,,noise_augmented_cart,0.05187640000076499
covertype_3000,4,,,,,,random_forest,0.14516630000434816
covertype_3000,4,,,,,,extra_trees,0.08355620000656927
covertype_3000,4,,,,,,linear_svm,0.14711170000373386
covertype_3000,4,,,,,,rbf_svm,0.09142740000243066
covertype_3000,5,99.0,50.0,6.0,0.1368315915792509,0.12244897959183673,matched_gini,0.4402282000010018
covertype_3000,5,85.0,43.0,6.0,0.2304702127675499,0.21428571428571427,mags_fixed,0.295075199996063
covertype_3000,5,97.0,49.0,6.0,0.11812109568657496,0.10416666666666667,mags_binary_excluded,0.23786570000083884
covertype_3000,5,97.0,49.0,6.0,0.13805126255116779,0.125,matched_gini_unrestricted,0.32264610000129323
covertype_3000,5,83.0,42.0,6.0,0.33518786533566436,0.3170731707317073,mags_fixed_unrestricted,0.2764688999959617
covertype_3000,5,83.0,42.0,6.0,,,cart_fixed,0.006705200001306366
covertype_3000,5,85.0,43.0,6.0,0.2304702127675499,0.0,mags_tuned,7.343279199994868
covertype_3000,5,147.0,74.0,8.0,,,cart_tuned_depth,0.059994399998686276
covertype_3000,5,47.0,24.0,8.0,,,cart_pruned,0.14383280000038212
covertype_3000,5,101.0,51.0,6.0,,,noise_augmented_cart,0.05995759999495931
covertype_3000,5,,,,,,random_forest,0.16916520000086166
covertype_3000,5,,,,,,extra_trees,0.07045080000534654
covertype_3000,5,,,,,,linear_svm,0.126424499998393
covertype_3000,5,,,,,,rbf_svm,0.09537279999494785
covertype_3000,6,83.0,42.0,6.0,0.2588737296183692,0.24390243902439024,matched_gini,0.2562056000024313
covertype_3000,6,71.0,36.0,6.0,0.3009074455178664,0.2857142857142857,mags_fixed,0.252381799997238
covertype_3000,6,83.0,42.0,6.0,0.23528205431937677,0.21951219512195122,mags_binary_excluded,0.27007310000044527
covertype_3000,6,87.0,44.0,6.0,0.15396831992652127,0.13953488372093023,matched_gini_unrestricted,0.34935690000565955
covertype_3000,6,73.0,37.0,6.0,0.32485713367371816,0.3055555555555556,mags_fixed_unrestricted,0.26888899999903515
covertype_3000,6,81.0,41.0,6.0,,,cart_fixed,0.008010599995031953
covertype_3000,6,81.0,41.0,7.0,0.4402004521997032,0.0,mags_tuned,7.07958409999992
covertype_3000,6,81.0,41.0,6.0,,,cart_tuned_depth,0.05885439999838127
covertype_3000,6,111.0,56.0,9.0,,,cart_pruned,0.11818179999681888
covertype_3000,6,93.0,47.0,6.0,,,noise_augmented_cart,0.055160899995826185
covertype_3000,6,,,,,,random_forest,0.1305283000037889
covertype_3000,6,,,,,,extra_trees,0.07705880000139587
covertype_3000,6,,,,,,linear_svm,0.15686299999651965
covertype_3000,6,,,,,,rbf_svm,0.12318640000012238
covertype_3000,7,87.0,44.0,6.0,0.1123311638342833,0.09302325581395349,matched_gini,0.258686499997566
covertype_3000,7,79.0,40.0,6.0,0.27600629392427894,0.2564102564102564,mags_fixed,0.27777680000144755
covertype_3000,7,87.0,44.0,6.0,0.1123311638342833,0.09302325581395349,mags_binary_excluded,0.26957579999725567
covertype_3000,7,79.0,40.0,6.0,0.14465712248105678,0.1282051282051282,matched_gini_unrestricted,0.26834930000040913
covertype_3000,7,79.0,40.0,6.0,0.2982769435661252,0.28205128205128205,mags_fixed_unrestricted,0.3238139000022784
covertype_3000,7,85.0,43.0,6.0,,,cart_fixed,0.008001099995453842
covertype_3000,7,81.0,41.0,6.0,0.3148873043963355,0.0,mags_tuned,7.276162599999225
covertype_3000,7,157.0,79.0,8.0,,,cart_tuned_depth,0.0721237999969162
covertype_3000,7,95.0,48.0,12.0,,,cart_pruned,0.1728780999983428
covertype_3000,7,101.0,51.0,6.0,,,noise_augmented_cart,0.05662360000133049
covertype_3000,7,,,,,,random_forest,0.13698099999601254
covertype_3000,7,,,,,,extra_trees,0.07628529999783495
covertype_3000,7,,,,,,linear_svm,0.10124999999970896
covertype_3000,7,,,,,,rbf_svm,0.08694459999969695
covertype_3000,8,93.0,47.0,6.0,0.10280914845756596,0.08695652173913043,matched_gini,0.2861549000008381
covertype_3000,8,77.0,39.0,6.0,0.358765633172099,0.34210526315789475,mags_fixed,0.250015199999325
covertype_3000,8,93.0,47.0,6.0,0.10804416797658177,0.08695652173913043,mags_binary_excluded,0.26139819999661995
covertype_3000,8,103.0,52.0,6.0,0.15916577295576048,0.13725490196078433,matched_gini_unrestricted,0.3375556000028155
covertype_3000,8,81.0,41.0,6.0,0.3504769902609136,0.325,mags_fixed_unrestricted,0.2422839999999269
covertype_3000,8,97.0,49.0,6.0,,,cart_fixed,0.006983899998886045
covertype_3000,8,135.0,68.0,9.0,0.2748566904901713,0.0,mags_tuned,7.264602200004447
covertype_3000,8,175.0,88.0,8.0,,,cart_tuned_depth,0.0660483999963617
covertype_3000,8,13.0,7.0,4.0,,,cart_pruned,0.12400729999353644
covertype_3000,8,105.0,53.0,6.0,,,noise_augmented_cart,0.06531359999644337
covertype_3000,8,,,,,,random_forest,0.16297019999910844
covertype_3000,8,,,,,,extra_trees,0.06408709999959683
covertype_3000,8,,,,,,linear_svm,0.10743679999723099
covertype_3000,8,,,,,,rbf_svm,0.12291900000127498
covertype_3000,9,83.0,42.0,6.0,0.18437888747682007,0.17073170731707318,matched_gini,0.2842109999983222
covertype_3000,9,73.0,37.0,6.0,0.24127285602010812,0.2222222222222222,mags_fixed,0.2579362000033143
covertype_3000,9,83.0,42.0,6.0,0.18932524648223514,0.17073170731707318,mags_binary_excluded,0.25771370000438765
covertype_3000,9,85.0,43.0,6.0,0.13717756962743677,0.11904761904761904,matched_gini_unrestricted,0.29465930000151275
covertype_3000,9,73.0,37.0,6.0,0.23820383880270668,0.2222222222222222,mags_fixed_unrestricted,0.2925399000014295
covertype_3000,9,85.0,43.0,6.0,,,cart_fixed,0.008522500000253785
covertype_3000,9,101.0,51.0,7.0,0.1805280520580935,0.0,mags_tuned,6.796714299998712
covertype_3000,9,85.0,43.0,6.0,,,cart_tuned_depth,0.060122700000647455
covertype_3000,9,69.0,35.0,10.0,,,cart_pruned,0.13448909999715397
covertype_3000,9,99.0,50.0,6.0,,,noise_augmented_cart,0.060638199996901676
covertype_3000,9,,,,,,random_forest,0.12345280000590719
covertype_3000,9,,,,,,extra_trees,0.07253209999907995
covertype_3000,9,,,,,,linear_svm,0.1272675000000163
covertype_3000,9,,,,,,rbf_svm,0.07270430000062333
covertype_3000,10,75.0,38.0,6.0,0.25976188273638534,0.24324324324324326,matched_gini,0.2585402999975486
covertype_3000,10,73.0,37.0,6.0,0.352742173326037,0.3333333333333333,mags_fixed,0.29665669999667443
covertype_3000,10,75.0,38.0,6.0,0.2603986984365348,0.24324324324324326,mags_binary_excluded,0.2838990999953239
covertype_3000,10,69.0,35.0,6.0,0.22183789416820238,0.20588235294117646,matched_gini_unrestricted,0.27898510000522947
covertype_3000,10,69.0,35.0,6.0,0.36638658568532056,0.35294117647058826,mags_fixed_unrestricted,0.2392117999988841
covertype_3000,10,73.0,37.0,6.0,,,cart_fixed,0.006660799997916911
covertype_3000,10,51.0,26.0,5.0,0.29230571214207574,0.0,mags_tuned,5.962381099998311
covertype_3000,10,73.0,37.0,6.0,,,cart_tuned_depth,0.06332960000145249
covertype_3000,10,81.0,41.0,14.0,,,cart_pruned,0.13938539999799104
covertype_3000,10,89.0,45.0,6.0,,,noise_augmented_cart,0.06452870000066468
covertype_3000,10,,,,,,random_forest,0.12472189999971306
covertype_3000,10,,,,,,extra_trees,0.06234070000209613
covertype_3000,10,,,,,,linear_svm,0.1250607999972999
covertype_3000,10,,,,,,rbf_svm,0.0750966999985394
covertype_3000,11,81.0,41.0,6.0,0.2699156713232847,0.25,matched_gini,0.26187970000319183
covertype_3000,11,83.0,42.0,6.0,0.2649872943896444,0.24390243902439024,mags_fixed,0.2931578999996418
covertype_3000,11,81.0,41.0,6.0,0.27565477909152863,0.25,mags_binary_excluded,0.2658210999943549
covertype_3000,11,81.0,41.0,6.0,0.25652356003124777,0.225,matched_gini_unrestricted,0.24487789999693632
covertype_3000,11,79.0,40.0,6.0,0.33205080759357725,0.3076923076923077,mags_fixed_unrestricted,0.23854969999956666
covertype_3000,11,81.0,41.0,6.0,,,cart_fixed,0.009390999999595806
covertype_3000,11,147.0,74.0,9.0,0.26653687402605714,0.0,mags_tuned,6.286910899994837
covertype_3000,11,129.0,65.0,8.0,,,cart_tuned_depth,0.05779640000400832
covertype_3000,11,99.0,50.0,13.0,,,cart_pruned,0.15066179999848828
covertype_3000,11,97.0,49.0,6.0,,,noise_augmented_cart,0.0764326999997138
covertype_3000,11,,,,,,random_forest,0.1342711000033887
covertype_3000,11,,,,,,extra_trees,0.08463749999646097
covertype_3000,11,,,,,,linear_svm,0.11470209999970393
covertype_3000,11,,,,,,rbf_svm,0.091242800001055
covertype_3000,12,81.0,41.0,6.0,0.21445062601710915,0.2,matched_gini,0.2352415999994264
covertype_3000,12,69.0,35.0,6.0,0.2596493837857168,0.23529411764705882,mags_fixed,0.2310070999956224
covertype_3000,12,81.0,41.0,6.0,0.2157069074241443,0.2,mags_binary_excluded,0.2458727000048384
covertype_3000,12,85.0,43.0,6.0,0.18025504156129657,0.16666666666666666,matched_gini_unrestricted,0.2725983999989694
covertype_3000,12,71.0,36.0,6.0,0.3671100273959941,0.34285714285714286,mags_fixed_unrestricted,0.24386719999893103
covertype_3000,12,91.0,46.0,6.0,,,cart_fixed,0.007550700000138022
covertype_3000,12,173.0,87.0,9.0,0.2897397468226845,0.0,mags_tuned,7.061207999999169
covertype_3000,12,147.0,74.0,8.0,,,cart_tuned_depth,0.05774530000053346
covertype_3000,12,65.0,33.0,8.0,,,cart_pruned,0.13186770000174874
covertype_3000,12,105.0,53.0,6.0,,,noise_augmented_cart,0.05427079999935813
covertype_3000,12,,,,,,random_forest,0.14505160000408068
covertype_3000,12,,,,,,extra_trees,0.077796199999284
covertype_3000,12,,,,,,linear_svm,0.0869477999949595
covertype_3000,12,,,,,,rbf_svm,0.08420740000292426
covertype_3000,13,81.0,41.0,6.0,0.17466937769932445,0.15,matched_gini,0.2228188000008231
covertype_3000,13,65.0,33.0,6.0,0.414153422026155,0.40625,mags_fixed,0.2571927000026335
covertype_3000,13,85.0,43.0,6.0,0.15861750413322281,0.14285714285714285,mags_binary_excluded,0.22878359999594977
covertype_3000,13,77.0,39.0,6.0,0.12285734547704155,0.10526315789473684,matched_gini_unrestricted,0.24228869999933522
covertype_3000,13,71.0,36.0,6.0,0.24535489055382237,0.22857142857142856,mags_fixed_unrestricted,0.2361008000007132
covertype_3000,13,85.0,43.0,6.0,,,cart_fixed,0.021638099999108817
covertype_3000,13,113.0,57.0,7.0,0.1867212028695315,0.0,mags_tuned,7.101102000000537
covertype_3000,13,313.0,157.0,18.0,,,cart_tuned_depth,0.0662268000014592
covertype_3000,13,107.0,54.0,13.0,,,cart_pruned,0.13452030000189552
covertype_3000,13,93.0,47.0,6.0,,,noise_augmented_cart,0.07349469999462599
covertype_3000,13,,,,,,random_forest,0.13827029999811202
covertype_3000,13,,,,,,extra_trees,0.0827657999980147
covertype_3000,13,,,,,,linear_svm,0.09968759999901522
covertype_3000,13,,,,,,rbf_svm,0.08606480000162264
covertype_3000,14,87.0,44.0,6.0,0.20034507486596353,0.18604651162790697,matched_gini,0.23640319999685744
covertype_3000,14,75.0,38.0,6.0,0.28507683411851,0.2702702702702703,mags_fixed,0.25414269999600947
covertype_3000,14,87.0,44.0,6.0,0.20034507486596353,0.18604651162790697,mags_binary_excluded,0.27432520000002114
covertype_3000,14,83.0,42.0,6.0,0.1187806297600757,0.0975609756097561,matched_gini_unrestricted,0.2950810999973328
covertype_3000,14,73.0,37.0,6.0,0.30053917322613843,0.2777777777777778,mags_fixed_unrestricted,0.24542900000233203
covertype_3000,14,81.0,41.0,6.0,,,cart_fixed,0.008203299999877345
covertype_3000,14,173.0,87.0,9.0,0.16804468242348236,0.0,mags_tuned,7.683346400001028
covertype_3000,14,153.0,77.0,8.0,,,cart_tuned_depth,0.057018699997570366
covertype_3000,14,95.0,48.0,11.0,,,cart_pruned,0.12205330000142567
covertype_3000,14,85.0,43.0,6.0,,,noise_augmented_cart,0.060185900001670234
covertype_3000,14,,,,,,random_forest,0.12624510000023292
covertype_3000,14,,,,,,extra_trees,0.07875369999965187
covertype_3000,14,,,,,,linear_svm,0.11519270000280812
covertype_3000,14,,,,,,rbf_svm,0.08748079999350011
covertype_3000,15,101.0,51.0,6.0,0.137488682987597,0.12,matched_gini,0.2900025999988429
covertype_3000,15,93.0,47.0,6.0,0.27843312740911125,0.2608695652173913,mags_fixed,0.2963872000036645
covertype_3000,15,103.0,52.0,6.0,0.1351864308053347,0.11764705882352941,mags_binary_excluded,0.2775141000020085
covertype_3000,15,97.0,49.0,6.0,0.11908705794005241,0.10416666666666667,matched_gini_unrestricted,0.31633549999969546
covertype_3000,15,81.0,41.0,6.0,0.23922195285409115,0.225,mags_fixed_unrestricted,0.26245660000131465
covertype_3000,15,97.0,49.0,6.0,,,cart_fixed,0.007220400002552196
covertype_3000,15,193.0,97.0,9.0,0.25373512960747324,0.0,mags_tuned,7.657367500003602
covertype_3000,15,243.0,122.0,10.0,,,cart_tuned_depth,0.06508749999920838
covertype_3000,15,39.0,20.0,7.0,,,cart_pruned,0.11918249999871477
covertype_3000,15,103.0,52.0,6.0,,,noise_augmented_cart,0.059310299999197014
covertype_3000,15,,,,,,random_forest,0.13702130000456236
covertype_3000,15,,,,,,extra_trees,0.07615410000289558
covertype_3000,15,,,,,,linear_svm,0.10634539999591652
covertype_3000,15,,,,,,rbf_svm,0.09378709999873536
covertype_3000,17,81.0,41.0,6.0,0.16580870667042807,0.15,matched_gini,0.26720059999934165
covertype_3000,17,77.0,39.0,6.0,0.2945981213243734,0.2631578947368421,mags_fixed,0.2587370000037481
covertype_3000,17,81.0,41.0,6.0,0.1659973804807749,0.15,mags_binary_excluded,0.27253200000268407
covertype_3000,17,83.0,42.0,6.0,0.18743060095204678,0.17073170731707318,matched_gini_unrestricted,0.2844684000010602
covertype_3000,17,77.0,39.0,6.0,0.35516297802772334,0.3157894736842105,mags_fixed_unrestricted,0.2593720999939251
covertype_3000,17,85.0,43.0,6.0,,,cart_fixed,0.007562700004200451
covertype_3000,17,81.0,41.0,6.0,0.1903723804807749,0.0,mags_tuned,6.50830870000209
covertype_3000,17,57.0,29.0,5.0,,,cart_tuned_depth,0.06324190000304952
covertype_3000,17,79.0,40.0,11.0,,,cart_pruned,0.14739859999826876
covertype_3000,17,93.0,47.0,6.0,,,noise_augmented_cart,0.06553469999926165
covertype_3000,17,,,,,,random_forest,0.145004499994684
covertype_3000,17,,,,,,extra_trees,0.07168190000083996
covertype_3000,17,,,,,,linear_svm,0.13954350000130944
covertype_3000,17,,,,,,rbf_svm,0.07566170000063721
covertype_3000,16,77.0,39.0,6.0,0.12228102539395759,0.10526315789473684,matched_gini,0.278343699996185
covertype_3000,16,71.0,36.0,6.0,0.3584765178199848,0.34285714285714286,mags_fixed,0.2638509999960661
covertype_3000,16,77.0,39.0,6.0,0.12284391863168734,0.10526315789473684,mags_binary_excluded,0.2585084999955143
covertype_3000,16,83.0,42.0,6.0,0.1417525098218488,0.12195121951219512,matched_gini_unrestricted,0.28286399999342393
covertype_3000,16,79.0,40.0,6.0,0.3109972326101359,0.28205128205128205,mags_fixed_unrestricted,0.2554955000014161
covertype_3000,16,83.0,42.0,6.0,,,cart_fixed,0.007798599996021949
covertype_3000,16,151.0,76.0,9.0,0.18642650727842805,0.0,mags_tuned,6.931692199999816
covertype_3000,16,83.0,42.0,6.0,,,cart_tuned_depth,0.06479140000010375
covertype_3000,16,115.0,58.0,13.0,,,cart_pruned,0.14323819999845
covertype_3000,16,105.0,53.0,6.0,,,noise_augmented_cart,0.07723409999744035
covertype_3000,16,,,,,,random_forest,0.15093020000495017
covertype_3000,16,,,,,,extra_trees,0.07685449999553384
covertype_3000,16,,,,,,linear_svm,0.09350750000157859
covertype_3000,16,,,,,,rbf_svm,0.0772212000010768
covertype_3000,18,93.0,47.0,6.0,0.21991417064043134,0.1956521739130435,matched_gini,0.2540819000059855
covertype_3000,18,85.0,43.0,6.0,0.30932921952312603,0.2857142857142857,mags_fixed,0.263268100003188
covertype_3000,18,91.0,46.0,6.0,0.22395275388586683,0.2,mags_binary_excluded,0.258927599999879
covertype_3000,18,83.0,42.0,6.0,0.23400383277700143,0.21951219512195122,matched_gini_unrestricted,0.3104213999977219
covertype_3000,18,85.0,43.0,6.0,0.2826598909197397,0.2619047619047619,mags_fixed_unrestricted,0.25393849999818485
covertype_3000,18,91.0,46.0,6.0,,,cart_fixed,0.007433699996909127
covertype_3000,18,31.0,16.0,4.0,0.5381199579108635,0.0,mags_tuned,6.830156399999396
covertype_3000,18,55.0,28.0,5.0,,,cart_tuned_depth,0.05389339999965159
covertype_3000,18,307.0,154.0,16.0,,,cart_pruned,0.21619639999698848
covertype_3000,18,99.0,50.0,6.0,,,noise_augmented_cart,0.06426359999750275
covertype_3000,18,,,,,,random_forest,0.1348202000008314
covertype_3000,18,,,,,,extra_trees,0.07176529999560444
covertype_3000,18,,,,,,linear_svm,0.09625619999860646
covertype_3000,18,,,,,,rbf_svm,0.08085050000227056
covertype_3000,19,93.0,47.0,6.0,0.14090266860368303,0.13043478260869565,matched_gini,0.26389939999353373
covertype_3000,19,91.0,46.0,6.0,0.32048824225168515,0.3111111111111111,mags_fixed,0.27888160000293283
covertype_3000,19,93.0,47.0,6.0,0.14090266860368303,0.13043478260869565,mags_binary_excluded,0.2862736999959452
covertype_3000,19,93.0,47.0,6.0,0.1734330080726417,0.15217391304347827,matched_gini_unrestricted,0.30858070000249427
covertype_3000,19,79.0,40.0,6.0,0.27662847391875484,0.2564102564102564,mags_fixed_unrestricted,0.2444554000030621
covertype_3000,19,81.0,41.0,6.0,,,cart_fixed,0.0065811999957077205
covertype_3000,19,221.0,111.0,9.0,0.1815563019061186,0.0,mags_tuned,6.948011000000406
covertype_3000,19,81.0,41.0,6.0,,,cart_tuned_depth,0.06660600000031991
covertype_3000,19,117.0,59.0,12.0,,,cart_pruned,0.1309456000017235
covertype_3000,19,97.0,49.0,6.0,,,noise_augmented_cart,0.056111899997631554
covertype_3000,19,,,,,,random_forest,0.13696010000421666
covertype_3000,19,,,,,,extra_trees,0.07623140000214335
covertype_3000,19,,,,,,linear_svm,0.09403459999884944
covertype_3000,19,,,,,,rbf_svm,0.07696340000256896
covertype_3000,21,79.0,40.0,6.0,0.16683220786865646,0.15384615384615385,matched_gini,0.24488620000192896
covertype_3000,21,79.0,40.0,6.0,0.24800312947266534,0.23076923076923078,mags_fixed,0.24737650000315625
covertype_3000,21,79.0,40.0,6.0,0.16683220786865646,0.15384615384615385,mags_binary_excluded,0.3872616999942693
covertype_3000,21,77.0,39.0,6.0,0.15024934798599512,0.13157894736842105,matched_gini_unrestricted,0.23708970000006957
covertype_3000,21,81.0,41.0,6.0,0.2966907942445713,0.275,mags_fixed_unrestricted,0.2701135000024806
covertype_3000,21,67.0,34.0,6.0,,,cart_fixed,0.00737499999377178
covertype_3000,21,159.0,80.0,9.0,0.2840101656120629,0.0,mags_tuned,7.145685199997388
covertype_3000,21,45.0,23.0,5.0,,,cart_tuned_depth,0.05667209999955958
covertype_3000,21,133.0,67.0,19.0,,,cart_pruned,0.13475109999853885
covertype_3000,21,89.0,45.0,6.0,,,noise_augmented_cart,0.05425810000451747
covertype_3000,21,,,,,,random_forest,0.14087799999833805
covertype_3000,21,,,,,,extra_trees,0.07197180000366643
covertype_3000,21,,,,,,linear_svm,0.08996659999684198
covertype_3000,21,,,,,,rbf_svm,0.07905229999596486
covertype_3000,20,89.0,45.0,6.0,0.12985843870622235,0.11363636363636363,matched_gini,0.33647179999388754
covertype_3000,20,85.0,43.0,6.0,0.27852350375812723,0.2619047619047619,mags_fixed,0.21934289999626344
covertype_3000,20,89.0,45.0,6.0,0.13262741455909138,0.11363636363636363,mags_binary_excluded,0.28597609999997076
covertype_3000,20,95.0,48.0,6.0,0.15674445641362975,0.1276595744680851,matched_gini_unrestricted,0.287755900004413
covertype_3000,20,85.0,43.0,6.0,0.26766547287067766,0.23809523809523808,mags_fixed_unrestricted,0.30379000000539236
covertype_3000,20,85.0,43.0,6.0,,,cart_fixed,0.02719499999511754
covertype_3000,20,85.0,43.0,6.0,0.3242646160827939,0.0,mags_tuned,7.391543899997487
covertype_3000,20,55.0,28.0,5.0,,,cart_tuned_depth,0.05875740000192309
covertype_3000,20,119.0,60.0,14.0,,,cart_pruned,0.18232829999760725
covertype_3000,20,107.0,54.0,6.0,,,noise_augmented_cart,0.057490599996526726
covertype_3000,20,,,,,,random_forest,0.22230169999966165
covertype_3000,20,,,,,,extra_trees,0.08041909999883501
covertype_3000,20,,,,,,linear_svm,0.10830250000435626
covertype_3000,20,,,,,,rbf_svm,0.07939359999727458
covertype_3000,22,77.0,39.0,6.0,0.22532831335969142,0.21052631578947367,matched_gini,0.2958883999963291
covertype_3000,22,77.0,39.0,6.0,0.3477066648112908,0.3157894736842105,mags_fixed,0.2688949000003049
covertype_3000,22,77.0,39.0,6.0,0.23108623755606653,0.21052631578947367,mags_binary_excluded,0.300476799995522
covertype_3000,22,71.0,36.0,6.0,0.2404696408650006,0.22857142857142856,matched_gini_unrestricted,0.3266494999988936
covertype_3000,22,77.0,39.0,6.0,0.350758000597949,0.3157894736842105,mags_fixed_unrestricted,0.2885124999957043
covertype_3000,22,67.0,34.0,6.0,,,cart_fixed,0.008111900002404582
covertype_3000,22,107.0,54.0,7.0,0.3332711481731898,0.0,mags_tuned,6.92946590000065
covertype_3000,22,217.0,109.0,10.0,,,cart_tuned_depth,0.05788619999657385
covertype_3000,22,53.0,27.0,9.0,,,cart_pruned,0.12783820000186097
covertype_3000,22,85.0,43.0,6.0,,,noise_augmented_cart,0.08394290000433102
covertype_3000,22,,,,,,random_forest,0.12821450000046752
covertype_3000,22,,,,,,extra_trees,0.06752360000245972
covertype_3000,22,,,,,,linear_svm,0.08653190000040922
covertype_3000,22,,,,,,rbf_svm,0.09455229999730363
covertype_3000,23,85.0,43.0,6.0,0.23247335588045395,0.21428571428571427,matched_gini,0.280379299998458
covertype_3000,23,75.0,38.0,6.0,0.26549356951407244,0.24324324324324326,mags_fixed,0.24022779999359045
covertype_3000,23,87.0,44.0,6.0,0.22843881200436336,0.20930232558139536,mags_binary_excluded,0.25225390000559855
covertype_3000,23,89.0,45.0,6.0,0.22005055694413203,0.20454545454545456,matched_gini_unrestricted,0.2879685000007157
covertype_3000,23,85.0,43.0,6.0,0.2852359121096028,0.2619047619047619,mags_fixed_unrestricted,0.280498300002364
covertype_3000,23,79.0,40.0,6.0,,,cart_fixed,0.007520799998019356
covertype_3000,23,137.0,69.0,9.0,0.25715835873166154,0.0,mags_tuned,6.9092156999977306
covertype_3000,23,207.0,104.0,10.0,,,cart_tuned_depth,0.06407490000128746
covertype_3000,23,149.0,75.0,14.0,,,cart_pruned,0.13868290000391426
covertype_3000,23,93.0,47.0,6.0,,,noise_augmented_cart,0.05279290000180481
covertype_3000,23,,,,,,random_forest,0.14333500000066124
covertype_3000,23,,,,,,extra_trees,0.06909059999452438
covertype_3000,23,,,,,,linear_svm,0.13388259999919683
covertype_3000,23,,,,,,rbf_svm,0.09228570000414038
covertype_3000,24,79.0,40.0,6.0,0.19026065170390596,0.1794871794871795,matched_gini,0.3009555999960867
covertype_3000,24,79.0,40.0,6.0,0.35583231746392496,0.3333333333333333,mags_fixed,0.2907871999996132
covertype_3000,24,79.0,40.0,6.0,0.1918666042463342,0.1794871794871795,mags_binary_excluded,0.3000486000019009
covertype_3000,24,77.0,39.0,6.0,0.24700729076302075,0.23684210526315788,matched_gini_unrestricted,0.2893065999960527
covertype_3000,24,81.0,41.0,6.0,0.3405901823306005,0.325,mags_fixed_unrestricted,0.32883870000659954
covertype_3000,24,73.0,37.0,6.0,,,cart_fixed,0.013694300003407989
covertype_3000,24,177.0,89.0,9.0,0.242127467316159,0.0,mags_tuned,7.965196099998138
covertype_3000,24,141.0,71.0,8.0,,,cart_tuned_depth,0.06433749999996508
covertype_3000,24,221.0,111.0,16.0,,,cart_pruned,0.12530250000418164
covertype_3000,24,87.0,44.0,6.0,,,noise_augmented_cart,0.054652200000418816
covertype_3000,24,,,,,,random_forest,0.13621010000497336
covertype_3000,24,,,,,,extra_trees,0.07170510000287322
covertype_3000,24,,,,,,linear_svm,0.1498857000042335
covertype_3000,24,,,,,,rbf_svm,0.08579819999431493
covertype_3000,25,89.0,45.0,6.0,0.1959036110937322,0.18181818181818182,matched_gini,0.2683469000039622
covertype_3000,25,83.0,42.0,6.0,0.2832736141085415,0.2682926829268293,mags_fixed,0.2891864999983227
covertype_3000,25,89.0,45.0,6.0,0.1978017574716052,0.18181818181818182,mags_binary_excluded,0.28154849999555154
covertype_3000,25,85.0,43.0,6.0,0.27379530720902256,0.2619047619047619,matched_gini_unrestricted,0.3494544999994105
covertype_3000,25,81.0,41.0,6.0,0.3387782102802684,0.325,mags_fixed_unrestricted,0.40332959999796003
covertype_3000,25,75.0,38.0,6.0,,,cart_fixed,0.0073745999980019405
covertype_3000,25,141.0,71.0,9.0,0.2532886420521653,0.0,mags_tuned,7.963758100006089
covertype_3000,25,75.0,38.0,6.0,,,cart_tuned_depth,0.0827722999965772
covertype_3000,25,51.0,26.0,9.0,,,cart_pruned,0.14083820000087144
covertype_3000,25,97.0,49.0,6.0,,,noise_augmented_cart,0.06650000000081491
covertype_3000,25,,,,,,random_forest,0.19113249999645632
covertype_3000,25,,,,,,extra_trees,0.07901480000145966
covertype_3000,25,,,,,,linear_svm,0.10535189999791328
covertype_3000,25,,,,,,rbf_svm,0.08814829999755602
covertype_3000,26,93.0,47.0,6.0,0.17326520085509461,0.15217391304347827,matched_gini,0.24769470000319416
covertype_3000,26,83.0,42.0,6.0,0.28254709227967667,0.2682926829268293,mags_fixed,0.32704659999581054
covertype_3000,26,93.0,47.0,6.0,0.17378942720328477,0.15217391304347827,mags_binary_excluded,0.3114131000038469
covertype_3000,26,85.0,43.0,6.0,0.1594232870981936,0.14285714285714285,matched_gini_unrestricted,0.46880619999865303
covertype_3000,26,81.0,41.0,6.0,0.2950769094620892,0.275,mags_fixed_unrestricted,0.27441060000273865
covertype_3000,26,91.0,46.0,6.0,,,cart_fixed,0.007241899998916779
covertype_3000,26,83.0,42.0,6.0,0.28254709227967667,0.0,mags_tuned,7.503668299999845
covertype_3000,26,269.0,135.0,10.0,,,cart_tuned_depth,0.05505569999513682
covertype_3000,26,109.0,55.0,9.0,,,cart_pruned,0.12483749999955762
covertype_3000,26,101.0,51.0,6.0,,,noise_augmented_cart,0.05843489999824669
covertype_3000,26,,,,,,random_forest,0.13105029999860562
covertype_3000,26,,,,,,extra_trees,0.06945199999609031
covertype_3000,26,,,,,,linear_svm,0.09597710000525694
covertype_3000,26,,,,,,rbf_svm,0.07854349999979604
covertype_3000,27,83.0,42.0,6.0,0.2088716476117288,0.1951219512195122,matched_gini,0.2613636000023689
covertype_3000,27,65.0,33.0,6.0,0.3334663760541048,0.3125,mags_fixed,0.2828276000000187
covertype_3000,27,83.0,42.0,6.0,0.217015068400564,0.1951219512195122,mags_binary_excluded,0.329322300000058
covertype_3000,27,75.0,38.0,6.0,0.228718144920946,0.21621621621621623,matched_gini_unrestricted,0.27658250000240514
covertype_3000,27,73.0,37.0,6.0,0.32262594272425366,0.3055555555555556,mags_fixed_unrestricted,0.2554091999991215
covertype_3000,27,93.0,47.0,6.0,,,cart_fixed,0.007329600004595704
covertype_3000,27,175.0,88.0,9.0,0.19062554652027444,0.0,mags_tuned,7.423595399995975
covertype_3000,27,57.0,29.0,5.0,,,cart_tuned_depth,0.06230359999608481
covertype_3000,27,125.0,63.0,16.0,,,cart_pruned,0.16574499999842374
covertype_3000,27,97.0,49.0,6.0,,,noise_augmented_cart,0.07104020000406308
covertype_3000,27,,,,,,random_forest,0.13781519999611191
covertype_3000,27,,,,,,extra_trees,0.06851909999386407
covertype_3000,27,,,,,,linear_svm,0.1333883999977843
covertype_3000,27,,,,,,rbf_svm,0.078104499996698
credit_approval,0,31.0,16.0,5.0,0.29596446214709765,0.26666666666666666,matched_gini,0.04487009999866132
credit_approval,0,39.0,20.0,5.0,0.4396063367700157,0.42105263157894735,mags_fixed,0.047578199999406934
credit_approval,0,31.0,16.0,5.0,0.29596446214709765,0.26666666666666666,mags_binary_excluded,0.05242029999499209
credit_approval,0,35.0,18.0,5.0,0.15226632404272136,0.11764705882352941,matched_gini_unrestricted,0.06807499999558786
credit_approval,0,41.0,21.0,5.0,0.46758700402862985,0.45,mags_fixed_unrestricted,0.11599649999698158
credit_approval,0,31.0,16.0,5.0,,,cart_fixed,0.003009699998074211
credit_approval,0,39.0,20.0,5.0,0.49188519091831134,0.0,mags_tuned,1.3532268999988446
credit_approval,0,7.0,4.0,2.0,,,cart_tuned_depth,0.012833799999498297
credit_approval,0,3.0,2.0,1.0,,,cart_pruned,0.01971080000657821
credit_approval,0,39.0,20.0,5.0,,,noise_augmented_cart,0.00981869999668561
credit_approval,0,,,,,,random_forest,0.09723930000473047
credit_approval,0,,,,,,extra_trees,0.08529160000034608
credit_approval,0,,,,,,linear_svm,0.008877599997504149
credit_approval,0,,,,,,rbf_svm,0.007320200005779043
credit_approval,1,39.0,20.0,5.0,0.34013956873559736,0.3157894736842105,matched_gini,0.043929100000241306
credit_approval,1,39.0,20.0,5.0,0.5932256495041193,0.5789473684210527,mags_fixed,0.035262400000647176
credit_approval,1,39.0,20.0,5.0,0.293232743623814,0.2631578947368421,mags_binary_excluded,0.03584480000426993
credit_approval,1,43.0,22.0,5.0,0.30194963614762943,0.2857142857142857,matched_gini_unrestricted,0.05073090000223601
credit_approval,1,39.0,20.0,5.0,0.6541773746156307,0.631578947368421,mags_fixed_unrestricted,0.06369299999641953
credit_approval,1,39.0,20.0,5.0,,,cart_fixed,0.0017169999991892837
credit_approval,1,39.0,20.0,5.0,0.6447823394689353,0.0,mags_tuned,1.2738360999937868
credit_approval,1,7.0,4.0,2.0,,,cart_tuned_depth,0.013480900001013651
credit_approval,1,3.0,2.0,1.0,,,cart_pruned,0.02062560000194935
credit_approval,1,45.0,23.0,5.0,,,noise_augmented_cart,0.006461999997554813
credit_approval,1,,,,,,random_forest,0.058213300006173085
credit_approval,1,,,,,,extra_trees,0.043114100000821054
credit_approval,1,,,,,,linear_svm,0.004165799997281283
credit_approval,1,,,,,,rbf_svm,0.0031366999974125065
credit_approval,2,37.0,19.0,5.0,0.07159468623582553,0.05555555555555555,matched_gini,0.04590729999472387
credit_approval,2,37.0,19.0,5.0,0.4737469519135169,0.4444444444444444,mags_fixed,0.05286000000342028
credit_approval,2,37.0,19.0,5.0,0.07159468623582553,0.05555555555555555,mags_binary_excluded,0.04735400000208756
credit_approval,2,37.0,19.0,5.0,0.13889837753838824,0.1111111111111111,matched_gini_unrestricted,0.05737629999930505
credit_approval,2,37.0,19.0,5.0,0.5237664546520752,0.5,mags_fixed_unrestricted,0.06232420000014827
credit_approval,2,37.0,19.0,5.0,,,cart_fixed,0.0014947000017855316
credit_approval,2,69.0,35.0,8.0,0.4109800556841736,0.0,mags_tuned,1.2232485999993514
credit_approval,2,25.0,13.0,4.0,,,cart_tuned_depth,0.015795100000104867
credit_approval,2,7.0,4.0,3.0,,,cart_pruned,0.03276950000145007
credit_approval,2,33.0,17.0,5.0,,,noise_augmented_cart,0.006434099996113218
credit_approval,2,,,,,,random_forest,0.05737990000488935
credit_approval,2,,,,,,extra_trees,0.052963800000725314
credit_approval,2,,,,,,linear_svm,0.004583299996738788
credit_approval,2,,,,,,rbf_svm,0.0035858999981428497
credit_approval,3,37.0,19.0,5.0,0.40545062251997693,0.3888888888888889,matched_gini,0.05271189999621129
credit_approval,3,37.0,19.0,5.0,0.6747646805352885,0.6666666666666666,mags_fixed,0.04193890000169631
credit_approval,3,37.0,19.0,5.0,0.41015236669734884,0.3888888888888889,mags_binary_excluded,0.03217009999934817
credit_approval,3,39.0,20.0,5.0,0.3344882965288405,0.3157894736842105,matched_gini_unrestricted,0.04519189999700757
credit_approval,3,37.0,19.0,5.0,0.6747646805352885,0.6666666666666666,mags_fixed_unrestricted,0.04718089999369113
credit_approval,3,37.0,19.0,5.0,,,cart_fixed,0.0018209000045317225
credit_approval,3,23.0,12.0,4.0,0.7275869164688249,0.0,mags_tuned,1.2898493000029703
credit_approval,3,7.0,4.0,2.0,,,cart_tuned_depth,0.014157400000840425
credit_approval,3,3.0,2.0,1.0,,,cart_pruned,0.022971700003836304
credit_approval,3,43.0,22.0,5.0,,,noise_augmented_cart,0.007033800000499468
credit_approval,3,,,,,,random_forest,0.06502159999945434
credit_approval,3,,,,,,extra_trees,0.049852099997224286
credit_approval,3,,,,,,linear_svm,0.0032378999967477284
credit_approval,3,,,,,,rbf_svm,0.002979999997478444
credit_approval,4,49.0,25.0,5.0,0.1952879297490092,0.16666666666666666,matched_gini,0.053510400000959635
credit_approval,4,43.0,22.0,5.0,0.5005619961732888,0.47619047619047616,mags_fixed,0.0411487000019406
credit_approval,4,49.0,25.0,5.0,0.1952879297490092,0.16666666666666666,mags_binary_excluded,0.048346900002798066
credit_approval,4,49.0,25.0,5.0,0.11058709434548464,0.08333333333333333,matched_gini_unrestricted,0.05003520000173012
credit_approval,4,45.0,23.0,5.0,0.47309074194778655,0.45454545454545453,mags_fixed_unrestricted,0.0517522000009194
credit_approval,4,49.0,25.0,5.0,,,cart_fixed,0.0014206000050762668
credit_approval,4,25.0,13.0,4.0,0.5893910363382797,0.0,mags_tuned,1.1073367999997572
credit_approval,4,49.0,25.0,5.0,,,cart_tuned_depth,0.015062000005855225
credit_approval,4,5.0,3.0,2.0,,,cart_pruned,0.02034970000386238
credit_approval,4,51.0,26.0,5.0,,,noise_augmented_cart,0.007162500005506445
credit_approval,4,,,,,,random_forest,0.06297110000014072
credit_approval,4,,,,,,extra_trees,0.043115600004966836
credit_approval,4,,,,,,linear_svm,0.00376220000180183
credit_approval,4,,,,,,rbf_svm,0.0031034000057843514
credit_approval,5,41.0,21.0,5.0,0.24021124785408624,0.2,matched_gini,0.04782530000375118
credit_approval,5,39.0,20.0,5.0,0.5373497334041516,0.5263157894736842,mags_fixed,0.051531099998101126
credit_approval,5,41.0,21.0,5.0,0.24021124785408624,0.2,mags_binary_excluded,0.04776359999959823
credit_approval,5,41.0,21.0,5.0,0.24252315701623228,0.2,matched_gini_unrestricted,0.06160999999701744
credit_approval,5,39.0,20.0,5.0,0.5373497334041516,0.5263157894736842,mags_fixed_unrestricted,0.06771000000298955
credit_approval,5,41.0,21.0,5.0,,,cart_fixed,0.001647599994612392
credit_approval,5,13.0,7.0,3.0,0.8333771929824562,0.0,mags_tuned,1.0775992999988375
credit_approval,5,15.0,8.0,3.0,,,cart_tuned_depth,0.015538300001935568
credit_approval,5,3.0,2.0,1.0,,,cart_pruned,0.022064400000090245
credit_approval,5,47.0,24.0,5.0,,,noise_augmented_cart,0.007031200002529658
credit_approval,5,,,,,,random_forest,0.07029160000092816
credit_approval,5,,,,,,extra_trees,0.048589799996989314
credit_approval,5,,,,,,linear_svm,0.01061860000481829
credit_approval,5,,,,,,rbf_svm,0.0044928999996045604
covertype_3000,28,85.0,43.0,6.0,0.1355806174944838,0.11904761904761904,matched_gini,0.27038360000005923
covertype_3000,28,95.0,48.0,6.0,0.28456346606440275,0.2553191489361702,mags_fixed,0.28322189999744296
covertype_3000,28,85.0,43.0,6.0,0.13645191428327236,0.11904761904761904,mags_binary_excluded,0.2855532999965362
covertype_3000,28,73.0,37.0,6.0,0.13314146007688182,0.1111111111111111,matched_gini_unrestricted,0.23901889999979176
covertype_3000,28,83.0,42.0,6.0,0.21463714094406375,0.17073170731707318,mags_fixed_unrestricted,0.2558895999973174
covertype_3000,28,81.0,41.0,6.0,,,cart_fixed,0.0074254999999538995
covertype_3000,28,211.0,106.0,9.0,0.13529763140945655,0.0,mags_tuned,7.3948357999979635
covertype_3000,28,81.0,41.0,6.0,,,cart_tuned_depth,0.0566162000031909
covertype_3000,28,183.0,92.0,13.0,,,cart_pruned,0.1166254999989178
covertype_3000,28,93.0,47.0,6.0,,,noise_augmented_cart,0.05551460000424413
covertype_3000,28,,,,,,random_forest,0.13435399999434594
covertype_3000,28,,,,,,extra_trees,0.07631790000596084
covertype_3000,28,,,,,,linear_svm,0.1145671999984188
covertype_3000,28,,,,,,rbf_svm,0.0887014000036288
covertype_3000,29,87.0,44.0,6.0,0.15209247076788415,0.13953488372093023,matched_gini,0.2817261999953189
covertype_3000,29,89.0,45.0,6.0,0.2944549481914065,0.2727272727272727,mags_fixed,0.2591327000045567
covertype_3000,29,87.0,44.0,6.0,0.15209247076788415,0.13953488372093023,mags_binary_excluded,0.26901689999795053
covertype_3000,29,85.0,43.0,6.0,0.10994330206162688,0.09523809523809523,matched_gini_unrestricted,0.3170572000017273
covertype_3000,29,79.0,40.0,6.0,0.2214010295500202,0.20512820512820512,mags_fixed_unrestricted,0.3175747000059346
covertype_3000,29,87.0,44.0,6.0,,,cart_fixed,0.006377099998644553
covertype_3000,29,83.0,42.0,6.0,0.2371110225921098,0.0,mags_tuned,7.527073299999756
covertype_3000,29,15.0,8.0,3.0,,,cart_tuned_depth,0.056131099998310674
covertype_3000,29,103.0,52.0,11.0,,,cart_pruned,0.12615600000572158
covertype_3000,29,101.0,51.0,6.0,,,noise_augmented_cart,0.054645500000333413
covertype_3000,29,,,,,,random_forest,0.13873400000011316
covertype_3000,29,,,,,,extra_trees,0.06657540000014706
covertype_3000,29,,,,,,linear_svm,0.09773000000132015
covertype_3000,29,,,,,,rbf_svm,0.0834474000002956
credit_approval,6,41.0,21.0,5.0,0.5133339238983475,0.5,matched_gini,0.0417479000025196
credit_approval,6,35.0,18.0,5.0,0.7887655608847306,0.7647058823529411,mags_fixed,0.05201870000018971
credit_approval,6,41.0,21.0,5.0,0.5197962175288875,0.5,mags_binary_excluded,0.0443989000050351
credit_approval,6,43.0,22.0,5.0,0.44198101489626473,0.42857142857142855,matched_gini_unrestricted,0.05184230000304524
credit_approval,6,33.0,17.0,5.0,0.6528660400189735,0.625,mags_fixed_unrestricted,0.05550480000238167
credit_approval,6,41.0,21.0,5.0,,,cart_fixed,0.0017074999996111728
credit_approval,6,21.0,11.0,4.0,0.8103711433756807,0.0,mags_tuned,1.2281453000032343
credit_approval,6,7.0,4.0,2.0,,,cart_tuned_depth,0.015771899998071603
credit_approval,6,15.0,8.0,5.0,,,cart_pruned,0.02391189999616472
credit_approval,6,37.0,19.0,5.0,,,noise_augmented_cart,0.007749900003545918
credit_approval,6,,,,,,random_forest,0.07191729999613017
credit_approval,6,,,,,,extra_trees,0.055112200003350154
credit_approval,6,,,,,,linear_svm,0.0041841999991447665
credit_approval,6,,,,,,rbf_svm,0.004252600003383122
credit_approval,7,41.0,21.0,5.0,0.3898294035677567,0.35,matched_gini,0.04904209999949671
credit_approval,7,37.0,19.0,5.0,0.6210420400765819,0.6111111111111112,mags_fixed,0.048494700000446755
credit_approval,7,41.0,21.0,5.0,0.34247507278850337,0.3,mags_binary_excluded,0.05185640000127023
credit_approval,7,35.0,18.0,5.0,0.3831039106171308,0.35294117647058826,matched_gini_unrestricted,0.06345979999605333
credit_approval,7,35.0,18.0,5.0,0.489331277144271,0.47058823529411764,mags_fixed_unrestricted,0.05748230000608601
credit_approval,7,41.0,21.0,5.0,,,cart_fixed,0.0015606000015395693
credit_approval,7,13.0,7.0,3.0,0.8334996738421396,0.0,mags_tuned,1.2273582999987411
credit_approval,7,7.0,4.0,2.0,,,cart_tuned_depth,0.013804500005790032
credit_approval,7,25.0,13.0,7.0,,,cart_pruned,0.026917900002445094
credit_approval,7,45.0,23.0,5.0,,,noise_augmented_cart,0.0071447000009357
credit_approval,7,,,,,,random_forest,0.0687162000031094
credit_approval,7,,,,,,extra_trees,0.05370309999852907
credit_approval,7,,,,,,linear_svm,0.0048027000011643395
credit_approval,7,,,,,,rbf_svm,0.003948199999285862
credit_approval,8,43.0,22.0,5.0,0.26786051399032373,0.23809523809523808,matched_gini,0.0403089999963413
credit_approval,8,49.0,25.0,5.0,0.4370172988717746,0.4166666666666667,mags_fixed,0.0408339000059641
credit_approval,8,43.0,22.0,5.0,0.26786051399032373,0.23809523809523808,mags_binary_excluded,0.04165439999633236
credit_approval,8,43.0,22.0,5.0,0.26271930116142245,0.23809523809523808,matched_gini_unrestricted,0.05821239999932004
credit_approval,8,45.0,23.0,5.0,0.47047383040573065,0.45454545454545453,mags_fixed_unrestricted,0.05358669999986887
credit_approval,8,43.0,22.0,5.0,,,cart_fixed,0.0018908000056399032
credit_approval,8,25.0,13.0,4.0,0.5851971327828157,0.0,mags_tuned,1.231100700002571
credit_approval,8,43.0,22.0,5.0,,,cart_tuned_depth,0.013594599993666634
credit_approval,8,3.0,2.0,1.0,,,cart_pruned,0.03615420000278391
credit_approval,8,47.0,24.0,5.0,,,noise_augmented_cart,0.0065050000048358925
credit_approval,8,,,,,,random_forest,0.06473009999899659
credit_approval,8,,,,,,extra_trees,0.050720899998850655
credit_approval,8,,,,,,linear_svm,0.006051399999705609
credit_approval,8,,,,,,rbf_svm,0.004273900005500764
credit_approval,9,35.0,18.0,5.0,0.2631351919715828,0.23529411764705882,matched_gini,0.05159719999937806
credit_approval,9,35.0,18.0,5.0,0.44316969018207325,0.4117647058823529,mags_fixed,0.049793999998655636
credit_approval,9,35.0,18.0,5.0,0.2641098903808921,0.23529411764705882,mags_binary_excluded,0.04376339999726042
credit_approval,9,35.0,18.0,5.0,0.2613341842604375,0.23529411764705882,matched_gini_unrestricted,0.05115250000380911
credit_approval,9,35.0,18.0,5.0,0.44195570581744575,0.4117647058823529,mags_fixed_unrestricted,0.07395270000415621
credit_approval,9,35.0,18.0,5.0,,,cart_fixed,0.001430399999662768
credit_approval,9,53.0,27.0,6.0,0.3459328812709631,0.0,mags_tuned,1.171853599997121
credit_approval,9,13.0,7.0,3.0,,,cart_tuned_depth,0.013792999998258892
credit_approval,9,5.0,3.0,2.0,,,cart_pruned,0.023803100004442967
credit_approval,9,43.0,22.0,5.0,,,noise_augmented_cart,0.007455999999365304
credit_approval,9,,,,,,random_forest,0.06812569999601692
credit_approval,9,,,,,,extra_trees,0.058119999994232785
credit_approval,9,,,,,,linear_svm,0.01376630000595469
credit_approval,9,,,,,,rbf_svm,0.003006500002811663
credit_approval,10,41.0,21.0,5.0,0.4227808471538327,0.4,matched_gini,0.0356372999958694
credit_approval,10,37.0,19.0,5.0,0.5320850768842098,0.5,mags_fixed,0.043419199995696545
credit_approval,10,45.0,23.0,5.0,0.3121522889008221,0.2727272727272727,mags_binary_excluded,0.049776600004406646
credit_approval,10,41.0,21.0,5.0,0.2818019707138806,0.25,matched_gini_unrestricted,0.0659453999978723
credit_approval,10,39.0,20.0,5.0,0.45269054937223635,0.42105263157894735,mags_fixed_unrestricted,0.05526880000252277
credit_approval,10,41.0,21.0,5.0,,,cart_fixed,0.0018024000019067898
credit_approval,10,25.0,13.0,4.0,0.42784633114565174,0.0,mags_tuned,1.1887745000058203
credit_approval,10,7.0,4.0,2.0,,,cart_tuned_depth,0.014585400000214577
credit_approval,10,15.0,8.0,5.0,,,cart_pruned,0.024960899994766805
credit_approval,10,39.0,20.0,5.0,,,noise_augmented_cart,0.0066619000062928535
credit_approval,10,,,,,,random_forest,0.06010210000385996
credit_approval,10,,,,,,extra_trees,0.056082999995851424
credit_approval,10,,,,,,linear_svm,0.004156299997703172
credit_approval,10,,,,,,rbf_svm,0.0040692000038689
credit_approval,11,37.0,19.0,5.0,0.3581136403802247,0.3333333333333333,matched_gini,0.03449969999928726
credit_approval,11,35.0,18.0,5.0,0.44253334071689693,0.4117647058823529,mags_fixed,0.03798660000029486
credit_approval,11,37.0,19.0,5.0,0.3581136403802247,0.3333333333333333,mags_binary_excluded,0.04861450000316836
credit_approval,11,37.0,19.0,5.0,0.2977036333986394,0.2777777777777778,matched_gini_unrestricted,0.05026949999592034
credit_approval,11,35.0,18.0,5.0,0.4473798793164228,0.4117647058823529,mags_fixed_unrestricted,0.047720300004584715
credit_approval,11,37.0,19.0,5.0,,,cart_fixed,0.0014058000015211292
credit_approval,11,67.0,34.0,8.0,0.4922426047387882,0.0,mags_tuned,1.2225459999972372
credit_approval,11,7.0,4.0,2.0,,,cart_tuned_depth,0.012019799993140623
credit_approval,11,3.0,2.0,1.0,,,cart_pruned,0.02351720000297064
credit_approval,11,45.0,23.0,5.0,,,noise_augmented_cart,0.007496800004446413
credit_approval,11,,,,,,random_forest,0.09600050000153715
credit_approval,11,,,,,,extra_trees,0.04982939999899827
credit_approval,11,,,,,,linear_svm,0.006858499997179024
credit_approval,11,,,,,,rbf_svm,0.0044037000043317676
credit_approval,12,39.0,20.0,5.0,0.24475233086125295,0.21052631578947367,matched_gini,0.0373706000027596
credit_approval,12,39.0,20.0,5.0,0.3506536698810603,0.3157894736842105,mags_fixed,0.03996890000416897
credit_approval,12,39.0,20.0,5.0,0.2476303423199199,0.21052631578947367,mags_binary_excluded,0.043958599999314174
credit_approval,12,39.0,20.0,5.0,0.24367832337990836,0.21052631578947367,matched_gini_unrestricted,0.05681660000118427
credit_approval,12,39.0,20.0,5.0,0.3484629529701681,0.3157894736842105,mags_fixed_unrestricted,0.05700510000315262
credit_approval,12,39.0,20.0,5.0,,,cart_fixed,0.0014874999978928827
credit_approval,12,13.0,7.0,3.0,0.5009194912258919,0.0,mags_tuned,1.1948755999983405
credit_approval,12,7.0,4.0,2.0,,,cart_tuned_depth,0.015607199995429255
credit_approval,12,3.0,2.0,1.0,,,cart_pruned,0.05046730000321986
credit_approval,12,43.0,22.0,5.0,,,noise_augmented_cart,0.0064497999992454425
credit_approval,12,,,,,,random_forest,0.07340389999444596
credit_approval,12,,,,,,extra_trees,0.057626000001619104
credit_approval,12,,,,,,linear_svm,0.0044535000051837415
credit_approval,12,,,,,,rbf_svm,0.004102999999304302
credit_approval,13,37.0,19.0,5.0,0.07841667163141418,0.05555555555555555,matched_gini,0.042238299996824935
credit_approval,13,35.0,18.0,5.0,0.4950367645301802,0.47058823529411764,mags_fixed,0.04641999999876134
credit_approval,13,37.0,19.0,5.0,0.07841667163141418,0.05555555555555555,mags_binary_excluded,0.04262580000067828
credit_approval,13,43.0,22.0,5.0,0.17308134497350866,0.14285714285714285,matched_gini_unrestricted,0.05741219999617897
credit_approval,13,37.0,19.0,5.0,0.5205274469240062,0.5,mags_fixed_unrestricted,0.06013919999531936
credit_approval,13,37.0,19.0,5.0,,,cart_fixed,0.0016424999994342215
credit_approval,13,23.0,12.0,4.0,0.8290945165945165,0.0,mags_tuned,1.3596636000002036
credit_approval,13,65.0,33.0,8.0,,,cart_tuned_depth,0.01825500000268221
credit_approval,13,3.0,2.0,1.0,,,cart_pruned,0.021328499999071937
credit_approval,13,43.0,22.0,5.0,,,noise_augmented_cart,0.006411000002117362
credit_approval,13,,,,,,random_forest,0.06437770000047749
credit_approval,13,,,,,,extra_trees,0.05643269999563927
credit_approval,13,,,,,,linear_svm,0.003613599998061545
credit_approval,13,,,,,,rbf_svm,0.0034365000028628856
credit_approval,14,45.0,23.0,5.0,0.37101079697162215,0.36363636363636365,matched_gini,0.05974730000161799
credit_approval,14,41.0,21.0,5.0,0.4675556208396537,0.45,mags_fixed,0.03834659999847645
credit_approval,14,45.0,23.0,5.0,0.37101079697162215,0.36363636363636365,mags_binary_excluded,0.05411659999663243
credit_approval,14,43.0,22.0,5.0,0.2484762119745842,0.23809523809523808,matched_gini_unrestricted,0.06406029999925522
credit_approval,14,41.0,21.0,5.0,0.47413556007292745,0.45,mags_fixed_unrestricted,0.054620999995677266
credit_approval,14,45.0,23.0,5.0,,,cart_fixed,0.0017215999978361651
credit_approval,14,29.0,15.0,4.0,0.5128990482547418,0.0,mags_tuned,1.0741463999947882
credit_approval,14,7.0,4.0,2.0,,,cart_tuned_depth,0.017287999995460268
credit_approval,14,7.0,4.0,3.0,,,cart_pruned,0.020134099999268074
credit_approval,14,39.0,20.0,5.0,,,noise_augmented_cart,0.009305400002631359
credit_approval,14,,,,,,random_forest,0.061698199999227654
credit_approval,14,,,,,,extra_trees,0.047744999996211845
credit_approval,14,,,,,,linear_svm,0.003583700003218837
credit_approval,14,,,,,,rbf_svm,0.003964600000472274
credit_approval,15,39.0,20.0,5.0,0.38174207432181817,0.3684210526315789,matched_gini,0.05935690000478644
credit_approval,15,43.0,22.0,5.0,0.5273617313563915,0.5238095238095238,mags_fixed,0.048540499999944586
credit_approval,15,39.0,20.0,5.0,0.38174207432181817,0.3684210526315789,mags_binary_excluded,0.05260460000135936
credit_approval,15,43.0,22.0,5.0,0.21631847723172828,0.19047619047619047,matched_gini_unrestricted,0.05335439999907976
credit_approval,15,43.0,22.0,5.0,0.5281659217953832,0.5238095238095238,mags_fixed_unrestricted,0.05890910000016447
credit_approval,15,41.0,21.0,5.0,,,cart_fixed,0.0016747999979997985
credit_approval,15,29.0,15.0,4.0,0.5019753433388506,0.0,mags_tuned,1.1977857000019867
credit_approval,15,7.0,4.0,2.0,,,cart_tuned_depth,0.011795899998105597
credit_approval,15,3.0,2.0,1.0,,,cart_pruned,0.023249700003361795
credit_approval,15,49.0,25.0,5.0,,,noise_augmented_cart,0.00759729999845149
credit_approval,15,,,,,,random_forest,0.06593250000150874
credit_approval,15,,,,,,extra_trees,0.04362159999436699
credit_approval,15,,,,,,linear_svm,0.004204999997455161
credit_approval,15,,,,,,rbf_svm,0.0031564000018988736
credit_approval,16,45.0,23.0,5.0,0.11530715846676975,0.09090909090909091,matched_gini,0.04206999999587424
credit_approval,16,43.0,22.0,5.0,0.4887752331172384,0.47619047619047616,mags_fixed,0.05075260000012349
credit_approval,16,45.0,23.0,5.0,0.12967357366461751,0.09090909090909091,mags_binary_excluded,0.04347150000103284
credit_approval,16,45.0,23.0,5.0,0.11805708372151202,0.09090909090909091,matched_gini_unrestricted,0.06031399999483256
credit_approval,16,45.0,23.0,5.0,0.44483590897846104,0.4090909090909091,mags_fixed_unrestricted,0.05533789999753935
credit_approval,16,45.0,23.0,5.0,,,cart_fixed,0.0013732000006712042
credit_approval,16,61.0,31.0,6.0,0.5061983382236162,0.0,mags_tuned,1.2461445000008098
credit_approval,16,73.0,37.0,10.0,,,cart_tuned_depth,0.012136500001361128
credit_approval,16,11.0,6.0,4.0,,,cart_pruned,0.0209233999994467
credit_approval,16,37.0,19.0,5.0,,,noise_augmented_cart,0.007583600003272295
credit_approval,16,,,,,,random_forest,0.0728330999991158
credit_approval,16,,,,,,extra_trees,0.052320099995995406
credit_approval,16,,,,,,linear_svm,0.0032224000024143606
credit_approval,16,,,,,,rbf_svm,0.004310099997383077
credit_approval,17,35.0,18.0,5.0,0.47926151196351213,0.47058823529411764,matched_gini,0.04973959999915678
credit_approval,17,35.0,18.0,5.0,0.485276898478694,0.47058823529411764,mags_fixed,0.04916649999358924
credit_approval,17,35.0,18.0,5.0,0.47926151196351213,0.47058823529411764,mags_binary_excluded,0.0487518000009004
credit_approval,17,31.0,16.0,5.0,0.41347193194514165,0.4,matched_gini_unrestricted,0.05331580000347458
credit_approval,17,37.0,19.0,5.0,0.40339834908042493,0.3888888888888889,mags_fixed_unrestricted,0.05099789999803761
credit_approval,17,35.0,18.0,5.0,,,cart_fixed,0.0013369000007514842
credit_approval,17,23.0,12.0,4.0,0.5485953309466823,0.0,mags_tuned,1.1264028000005055
credit_approval,17,7.0,4.0,2.0,,,cart_tuned_depth,0.01413450000109151
credit_approval,17,21.0,11.0,7.0,,,cart_pruned,0.021681899997929577
credit_approval,17,45.0,23.0,5.0,,,noise_augmented_cart,0.007430499994370621
credit_approval,17,,,,,,random_forest,0.06769329999951879
credit_approval,17,,,,,,extra_trees,0.06517609999718843
credit_approval,17,,,,,,linear_svm,0.0066764000002876855
credit_approval,17,,,,,,rbf_svm,0.002991699999256525
credit_approval,18,45.0,23.0,5.0,0.3351400409360595,0.3181818181818182,matched_gini,0.04318839999905322
credit_approval,18,43.0,22.0,5.0,0.4388564792858029,0.42857142857142855,mags_fixed,0.04913469999883091
credit_approval,18,45.0,23.0,5.0,0.3341363435166497,0.3181818181818182,mags_binary_excluded,0.06039930000406457
credit_approval,18,43.0,22.0,5.0,0.11650305660771645,0.09523809523809523,matched_gini_unrestricted,0.06594719999702647
credit_approval,18,39.0,20.0,5.0,0.39624662804588073,0.3684210526315789,mags_fixed_unrestricted,0.05193680000229506
credit_approval,18,45.0,23.0,5.0,,,cart_fixed,0.0016749999995226972
credit_approval,18,75.0,38.0,8.0,0.22716385037022682,0.0,mags_tuned,1.2244280999948387
credit_approval,18,57.0,29.0,6.0,,,cart_tuned_depth,0.017561600005137734
credit_approval,18,3.0,2.0,1.0,,,cart_pruned,0.01922989999729907
credit_approval,18,41.0,21.0,5.0,,,noise_augmented_cart,0.006007799995131791
credit_approval,18,,,,,,random_forest,0.06730429999879561
credit_approval,18,,,,,,extra_trees,0.052608199999667704
credit_approval,18,,,,,,linear_svm,0.004117399999813642
credit_approval,18,,,,,,rbf_svm,0.004072900002938695
credit_approval,19,37.0,19.0,5.0,0.3000602330213249,0.2777777777777778,matched_gini,0.037822199999936856
credit_approval,19,35.0,18.0,5.0,0.5362697345089875,0.5294117647058824,mags_fixed,0.03562699999747565
credit_approval,19,37.0,19.0,5.0,0.3000602330213249,0.2777777777777778,mags_binary_excluded,0.04274769999756245
credit_approval,19,37.0,19.0,5.0,0.3498304858605628,0.3333333333333333,matched_gini_unrestricted,0.06042180000076769
credit_approval,19,35.0,18.0,5.0,0.5436481658815365,0.5294117647058824,mags_fixed_unrestricted,0.0640002000000095
credit_approval,19,37.0,19.0,5.0,,,cart_fixed,0.0016180999955395237
credit_approval,19,23.0,12.0,4.0,0.5481314934629348,0.0,mags_tuned,1.1669607000003452
credit_approval,19,23.0,12.0,4.0,,,cart_tuned_depth,0.014694999998027924
credit_approval,19,3.0,2.0,1.0,,,cart_pruned,0.020997499996155966
credit_approval,19,41.0,21.0,5.0,,,noise_augmented_cart,0.006178299998282455
credit_approval,19,,,,,,random_forest,0.06192600000213133
credit_approval,19,,,,,,extra_trees,0.04849409999587806
credit_approval,19,,,,,,linear_svm,0.009718399996927474
credit_approval,19,,,,,,rbf_svm,0.004122099999221973
credit_approval,20,43.0,22.0,5.0,0.4067465967703819,0.38095238095238093,matched_gini,0.0511015000010957
credit_approval,20,43.0,22.0,5.0,0.5013089128960441,0.47619047619047616,mags_fixed,0.06787939999776427
credit_approval,20,43.0,22.0,5.0,0.4854381401142908,0.47619047619047616,mags_binary_excluded,0.04761000000144122
credit_approval,20,41.0,21.0,5.0,0.3236424138503297,0.3,matched_gini_unrestricted,0.05039309999847319
credit_approval,20,41.0,21.0,5.0,0.5173062085542951,0.5,mags_fixed_unrestricted,0.06789969999954337
credit_approval,20,43.0,22.0,5.0,,,cart_fixed,0.0015841999993426725
credit_approval,20,75.0,38.0,8.0,0.6157889959266608,0.0,mags_tuned,1.1161812999998801
credit_approval,20,29.0,15.0,4.0,,,cart_tuned_depth,0.015277200000127777
credit_approval,20,3.0,2.0,1.0,,,cart_pruned,0.02410049999889452
credit_approval,20,33.0,17.0,5.0,,,noise_augmented_cart,0.007066400001349393
credit_approval,20,,,,,,random_forest,0.06606870000541676
credit_approval,20,,,,,,extra_trees,0.04720590000215452
credit_approval,20,,,,,,linear_svm,0.004529400001047179
credit_approval,20,,,,,,rbf_svm,0.0039029000035952777
credit_approval,21,45.0,23.0,5.0,0.3519913128278481,0.3181818181818182,matched_gini,0.043890799999644514
credit_approval,21,45.0,23.0,5.0,0.5629550993402885,0.5454545454545454,mags_fixed,0.03397749999567168
credit_approval,21,45.0,23.0,5.0,0.3525105312820841,0.3181818181818182,mags_binary_excluded,0.03590450000046985
credit_approval,21,45.0,23.0,5.0,0.2810146840531692,0.22727272727272727,matched_gini_unrestricted,0.05545469999924535
credit_approval,21,45.0,23.0,5.0,0.48071968864453757,0.45454545454545453,mags_fixed_unrestricted,0.06813849999889499
credit_approval,21,45.0,23.0,5.0,,,cart_fixed,0.003335599998536054
credit_approval,21,35.0,18.0,5.0,0.5964069619137602,0.0,mags_tuned,1.3718556000021636
credit_approval,21,57.0,29.0,6.0,,,cart_tuned_depth,0.01174140000512125
credit_approval,21,9.0,5.0,4.0,,,cart_pruned,0.022803699997894
credit_approval,21,49.0,25.0,5.0,,,noise_augmented_cart,0.007322199999180157
credit_approval,21,,,,,,random_forest,0.06989510000130394
credit_approval,21,,,,,,extra_trees,0.04506530000071507
credit_approval,21,,,,,,linear_svm,0.005561799996939953
credit_approval,21,,,,,,rbf_svm,0.004091000002517831
credit_approval,22,37.0,19.0,5.0,0.30099471004252637,0.2777777777777778,matched_gini,0.05893919999653008
credit_approval,22,39.0,20.0,5.0,0.5966026450980427,0.5789473684210527,mags_fixed,0.056831600006262306
credit_approval,22,31.0,16.0,5.0,0.2940079975239095,0.26666666666666666,mags_binary_excluded,0.042982800005120225
credit_approval,22,39.0,20.0,5.0,0.2735439066629171,0.2631578947368421,matched_gini_unrestricted,0.09599439999874448
credit_approval,22,39.0,20.0,5.0,0.5907251993222198,0.5789473684210527,mags_fixed_unrestricted,0.10395930000231601
credit_approval,22,37.0,19.0,5.0,,,cart_fixed,0.00164789999689674
credit_approval,22,41.0,21.0,5.0,0.6666791421615346,0.0,mags_tuned,1.1775011999998242
credit_approval,22,7.0,4.0,2.0,,,cart_tuned_depth,0.014666299997770693
credit_approval,22,5.0,3.0,2.0,,,cart_pruned,0.025267600001825485
credit_approval,22,37.0,19.0,5.0,,,noise_augmented_cart,0.006163300000480376
credit_approval,22,,,,,,random_forest,0.08369949999905657
credit_approval,22,,,,,,extra_trees,0.051782900001853704
credit_approval,22,,,,,,linear_svm,0.004759200004627928
credit_approval,22,,,,,,rbf_svm,0.003007900006195996
credit_approval,23,45.0,23.0,5.0,0.2837797908451928,0.2727272727272727,matched_gini,0.04819770000176504
credit_approval,23,39.0,20.0,5.0,0.6369505566481877,0.631578947368421,mags_fixed,0.04543600000033621
credit_approval,23,45.0,23.0,5.0,0.2839220539838458,0.2727272727272727,mags_binary_excluded,0.03983880000305362
credit_approval,23,41.0,21.0,5.0,0.22215566600601527,0.2,matched_gini_unrestricted,0.0613286000007065
credit_approval,23,35.0,18.0,5.0,0.7128166251126083,0.7058823529411765,mags_fixed_unrestricted,0.06416349999926751
credit_approval,23,45.0,23.0,5.0,,,cart_fixed,0.002104300001519732
credit_approval,23,35.0,18.0,5.0,0.7688609974399521,0.0,mags_tuned,1.3549195999949006
credit_approval,23,7.0,4.0,2.0,,,cart_tuned_depth,0.013688400002138223
credit_approval,23,3.0,2.0,1.0,,,cart_pruned,0.023013799996988382
credit_approval,23,47.0,24.0,5.0,,,noise_augmented_cart,0.006751200002327096
credit_approval,23,,,,,,random_forest,0.07241870000143535
credit_approval,23,,,,,,extra_trees,0.04951009999786038
credit_approval,23,,,,,,linear_svm,0.005388700003095437
credit_approval,23,,,,,,rbf_svm,0.004943300002196338
credit_approval,24,47.0,24.0,5.0,0.3198902672401918,0.30434782608695654,matched_gini,0.04915600000094855
credit_approval,24,47.0,24.0,5.0,0.48905394849276396,0.4782608695652174,mags_fixed,0.05684320000000298
credit_approval,24,47.0,24.0,5.0,0.3356295924264229,0.30434782608695654,mags_binary_excluded,0.04098169999633683
credit_approval,24,47.0,24.0,5.0,0.40436572955574,0.391304347826087,matched_gini_unrestricted,0.060660399998596404
credit_approval,24,47.0,24.0,5.0,0.5361723990533842,0.5217391304347826,mags_fixed_unrestricted,0.06825299999763956
credit_approval,24,47.0,24.0,5.0,,,cart_fixed,0.001554200003738515
credit_approval,24,77.0,39.0,8.0,0.3925569056270001,0.0,mags_tuned,1.246217500003695
credit_approval,24,7.0,4.0,2.0,,,cart_tuned_depth,0.014584000004106201
credit_approval,24,15.0,8.0,4.0,,,cart_pruned,0.022110300000349525
credit_approval,24,49.0,25.0,5.0,,,noise_augmented_cart,0.007162400004744995
credit_approval,24,,,,,,random_forest,0.07622570000239648
credit_approval,24,,,,,,extra_trees,0.05179360000329325
credit_approval,24,,,,,,linear_svm,0.0041702000016812235
credit_approval,24,,,,,,rbf_svm,0.003466800000751391
credit_approval,25,37.0,19.0,5.0,0.3583899936288338,0.3333333333333333,matched_gini,0.04171920000226237
credit_approval,25,35.0,18.0,5.0,0.5637886598027717,0.5294117647058824,mags_fixed,0.04318999999668449
credit_approval,25,37.0,19.0,5.0,0.3583899936288338,0.3333333333333333,mags_binary_excluded,0.0546295000021928
credit_approval,25,37.0,19.0,5.0,0.3586630373681743,0.3333333333333333,matched_gini_unrestricted,0.06328880000364734
credit_approval,25,37.0,19.0,5.0,0.5881939517741055,0.5555555555555556,mags_fixed_unrestricted,0.06336230000306387
credit_approval,25,37.0,19.0,5.0,,,cart_fixed,0.0016399000014644116
credit_approval,25,13.0,7.0,3.0,1.0,0.0,mags_tuned,1.163567299998249
credit_approval,25,71.0,36.0,8.0,,,cart_tuned_depth,0.020704200003820006
credit_approval,25,5.0,3.0,2.0,,,cart_pruned,0.023735900002066046
credit_approval,25,39.0,20.0,5.0,,,noise_augmented_cart,0.00640679999924032
credit_approval,25,,,,,,random_forest,0.06657160000031581
credit_approval,25,,,,,,extra_trees,0.041889500003890134
credit_approval,25,,,,,,linear_svm,0.004918700004054699
credit_approval,25,,,,,,rbf_svm,0.003120500005024951
credit_approval,26,37.0,19.0,5.0,0.23519153506056106,0.2222222222222222,matched_gini,0.050508000000263564
credit_approval,26,39.0,20.0,5.0,0.4298389958051948,0.42105263157894735,mags_fixed,0.05224959999759449
credit_approval,26,37.0,19.0,5.0,0.2374115282340995,0.2222222222222222,mags_binary_excluded,0.04475570000067819
credit_approval,26,39.0,20.0,5.0,0.1726608260700492,0.15789473684210525,matched_gini_unrestricted,0.04977859999780776
credit_approval,26,39.0,20.0,5.0,0.5481922899595538,0.5263157894736842,mags_fixed_unrestricted,0.05690199999662582
credit_approval,26,37.0,19.0,5.0,,,cart_fixed,0.0013656999944942072
credit_approval,26,75.0,38.0,8.0,0.34396642366648805,0.0,mags_tuned,1.239537500005099
credit_approval,26,7.0,4.0,2.0,,,cart_tuned_depth,0.01279439999780152
credit_approval,26,5.0,3.0,2.0,,,cart_pruned,0.020839600001636427
credit_approval,26,39.0,20.0,5.0,,,noise_augmented_cart,0.006286800002271775
credit_approval,26,,,,,,random_forest,0.08328520000213757
credit_approval,26,,,,,,extra_trees,0.093198399998073
credit_approval,26,,,,,,linear_svm,0.013514799997210503
credit_approval,26,,,,,,rbf_svm,0.0070976999995764345
credit_approval,27,45.0,23.0,5.0,0.2855998784278886,0.2727272727272727,matched_gini,0.05667320000065956
credit_approval,27,39.0,20.0,5.0,0.5326398563360802,0.5263157894736842,mags_fixed,0.060508099995786324
credit_approval,27,45.0,23.0,5.0,0.2855998784278886,0.2727272727272727,mags_binary_excluded,0.05425490000197897
credit_approval,27,43.0,22.0,5.0,0.25702768862939884,0.23809523809523808,matched_gini_unrestricted,0.10180860000400571
credit_approval,27,39.0,20.0,5.0,0.4942545101914777,0.47368421052631576,mags_fixed_unrestricted,0.05095679999794811
credit_approval,27,45.0,23.0,5.0,,,cart_fixed,0.0025432000038563274
credit_approval,27,13.0,7.0,3.0,0.8347216712944597,0.0,mags_tuned,1.4251233000031789
credit_approval,27,45.0,23.0,5.0,,,cart_tuned_depth,0.014106900001934264
credit_approval,27,5.0,3.0,2.0,,,cart_pruned,0.0231978000010713
credit_approval,27,41.0,21.0,5.0,,,noise_augmented_cart,0.0070625000007567
credit_approval,27,,,,,,random_forest,0.06639720000384841
credit_approval,27,,,,,,extra_trees,0.05383869999786839
credit_approval,27,,,,,,linear_svm,0.004225099997711368
credit_approval,27,,,,,,rbf_svm,0.003635999994003214
credit_approval,28,35.0,18.0,5.0,0.37859311353059305,0.35294117647058826,matched_gini,0.050629099998332094
credit_approval,28,35.0,18.0,5.0,0.4821749302253224,0.47058823529411764,mags_fixed,0.0358806000003824
credit_approval,28,35.0,18.0,5.0,0.3794879120724504,0.35294117647058826,mags_binary_excluded,0.038514300002134405
credit_approval,28,35.0,18.0,5.0,0.4826479912972723,0.47058823529411764,matched_gini_unrestricted,0.06561520000104792
credit_approval,28,33.0,17.0,5.0,0.4556225048330934,0.4375,mags_fixed_unrestricted,0.04513790000055451
credit_approval,28,33.0,17.0,5.0,,,cart_fixed,0.0013336999982129782
credit_approval,28,13.0,7.0,3.0,0.835034013605442,0.0,mags_tuned,1.4384141999980784
credit_approval,28,23.0,12.0,4.0,,,cart_tuned_depth,0.013039800003753044
credit_approval,28,19.0,10.0,8.0,,,cart_pruned,0.019310399999085348
credit_approval,28,39.0,20.0,5.0,,,noise_augmented_cart,0.006788599996070843
credit_approval,28,,,,,,random_forest,0.06746130000101402
credit_approval,28,,,,,,extra_trees,0.060568100001546554
credit_approval,28,,,,,,linear_svm,0.004603499997756444
credit_approval,28,,,,,,rbf_svm,0.0031275999936042354
credit_approval,29,33.0,17.0,5.0,0.40584678637557364,0.375,matched_gini,0.05530649999855086
credit_approval,29,29.0,15.0,5.0,0.7158433094410919,0.7142857142857143,mags_fixed,0.04245259999879636
credit_approval,29,33.0,17.0,5.0,0.40584678637557364,0.375,mags_binary_excluded,0.043612499997834675
credit_approval,29,33.0,17.0,5.0,0.39050124260156904,0.375,matched_gini_unrestricted,0.04538139999931445
credit_approval,29,31.0,16.0,5.0,0.6105178775941987,0.6,mags_fixed_unrestricted,0.048405899993667845
credit_approval,29,33.0,17.0,5.0,,,cart_fixed,0.0013271999996504746
credit_approval,29,31.0,16.0,5.0,0.6728222997047234,0.0,mags_tuned,1.1683027999970363
credit_approval,29,7.0,4.0,2.0,,,cart_tuned_depth,0.014638900000136346
credit_approval,29,27.0,14.0,8.0,,,cart_pruned,0.027096899997559376
credit_approval,29,37.0,19.0,5.0,,,noise_augmented_cart,0.006958500001928769
credit_approval,29,,,,,,random_forest,0.08253350000450155
credit_approval,29,,,,,,extra_trees,0.047340100005385466
credit_approval,29,,,,,,linear_svm,0.006673899995803367
credit_approval,29,,,,,,rbf_svm,0.003599499999836553
credit_g_openml,0,39.0,20.0,5.0,0.4279615735408619,0.3684210526315789,matched_gini,0.06570629999623634
credit_g_openml,0,51.0,26.0,5.0,0.7907992075100032,0.76,mags_fixed,0.06419529999402585
credit_g_openml,0,39.0,20.0,5.0,0.44359155759189856,0.3684210526315789,mags_binary_excluded,0.04583769999590004
credit_g_openml,0,43.0,22.0,5.0,0.5403884599140945,0.47619047619047616,matched_gini_unrestricted,0.04162029999861261
credit_g_openml,0,51.0,26.0,5.0,0.7505945663588262,0.72,mags_fixed_unrestricted,0.06285170000046492
credit_g_openml,0,39.0,20.0,5.0,,,cart_fixed,0.0016875000001164153
credit_g_openml,0,51.0,26.0,5.0,0.8174658741766697,0.0,mags_tuned,1.8902634999976726
credit_g_openml,0,23.0,12.0,4.0,,,cart_tuned_depth,0.022823400002380367
credit_g_openml,0,163.0,82.0,14.0,,,cart_pruned,0.0404218999974546
credit_g_openml,0,49.0,25.0,5.0,,,noise_augmented_cart,0.01431849999789847
credit_g_openml,0,,,,,,random_forest,0.07378959999914514
credit_g_openml,0,,,,,,extra_trees,0.07093150000582682
credit_g_openml,0,,,,,,linear_svm,0.018575800000689924
credit_g_openml,0,,,,,,rbf_svm,0.00991789999534376
credit_g_openml,2,45.0,23.0,5.0,0.6076032509023667,0.5454545454545454,matched_gini,0.0752589000039734
credit_g_openml,2,45.0,23.0,5.0,0.8053724474179019,0.7727272727272727,mags_fixed,0.061412600000039674
credit_g_openml,2,45.0,23.0,5.0,0.5912862345853505,0.5,mags_binary_excluded,0.053849100004299544
credit_g_openml,2,43.0,22.0,5.0,0.5282594849878007,0.47619047619047616,matched_gini_unrestricted,0.06425060000037774
credit_g_openml,2,43.0,22.0,5.0,0.7537382690946289,0.7142857142857143,mags_fixed_unrestricted,0.10551030000351602
credit_g_openml,2,45.0,23.0,5.0,,,cart_fixed,0.002205000004323665
credit_g_openml,2,105.0,53.0,8.0,0.716064927602582,0.0,mags_tuned,1.81593630000134
credit_g_openml,2,31.0,16.0,4.0,,,cart_tuned_depth,0.02926179999485612
credit_g_openml,2,71.0,36.0,12.0,,,cart_pruned,0.051808900003379676
credit_g_openml,2,53.0,27.0,5.0,,,noise_augmented_cart,0.012715799995930865
credit_g_openml,2,,,,,,random_forest,0.0714250999953947
credit_g_openml,2,,,,,,extra_trees,0.053341499995440245
credit_g_openml,2,,,,,,linear_svm,0.016204800005652942
credit_g_openml,2,,,,,,rbf_svm,0.00943859999824781
credit_g_openml,1,43.0,22.0,5.0,0.4627418836954317,0.42857142857142855,matched_gini,0.11501370000041788
credit_g_openml,1,45.0,23.0,5.0,0.6702873846177807,0.6363636363636364,mags_fixed,0.06116190000466304
credit_g_openml,1,43.0,22.0,5.0,0.5117224629333338,0.42857142857142855,mags_binary_excluded,0.04976949999399949
credit_g_openml,1,43.0,22.0,5.0,0.6383178118852102,0.5714285714285714,matched_gini_unrestricted,0.05674480000016047
credit_g_openml,1,49.0,25.0,5.0,0.6946766487582968,0.625,mags_fixed_unrestricted,0.060931100000743754
credit_g_openml,1,43.0,22.0,5.0,,,cart_fixed,0.0020102999988012016
credit_g_openml,1,15.0,8.0,3.0,0.8634453781512604,0.0,mags_tuned,1.8848043000034522
credit_g_openml,1,63.0,32.0,6.0,,,cart_tuned_depth,0.019458299997495487
credit_g_openml,1,81.0,41.0,14.0,,,cart_pruned,0.0339795999971102
credit_g_openml,1,47.0,24.0,5.0,,,noise_augmented_cart,0.012612599995918572
credit_g_openml,1,,,,,,random_forest,0.07987040000443812
credit_g_openml,1,,,,,,extra_trees,0.0554374999992433
credit_g_openml,1,,,,,,linear_svm,0.016459200000099372
credit_g_openml,1,,,,,,rbf_svm,0.009295299998484552
credit_g_openml,3,43.0,22.0,5.0,0.6517009780092994,0.6190476190476191,matched_gini,0.06212919999961741
credit_g_openml,3,55.0,28.0,5.0,0.6275105643866005,0.5555555555555556,mags_fixed,0.06399940000119386
credit_g_openml,3,45.0,23.0,5.0,0.6240585417979119,0.5909090909090909,mags_binary_excluded,0.07870239999465412
credit_g_openml,3,43.0,22.0,5.0,0.5512713990058559,0.5238095238095238,matched_gini_unrestricted,0.05884019999939483
credit_g_openml,3,53.0,27.0,5.0,0.6421896650225289,0.5769230769230769,mags_fixed_unrestricted,0.0657917999997153
credit_g_openml,3,41.0,21.0,5.0,,,cart_fixed,0.0020065999997314066
credit_g_openml,3,117.0,59.0,8.0,0.7732147191994562,0.0,mags_tuned,1.937741300003836
credit_g_openml,3,161.0,81.0,17.0,,,cart_tuned_depth,0.016746699999202974
credit_g_openml,3,55.0,28.0,13.0,,,cart_pruned,0.038567899995541666
credit_g_openml,3,53.0,27.0,5.0,,,noise_augmented_cart,0.013354999995499384
credit_g_openml,3,,,,,,random_forest,0.06581059999734862
credit_g_openml,3,,,,,,extra_trees,0.054734100005589426
credit_g_openml,3,,,,,,linear_svm,0.01381509999919217
credit_g_openml,3,,,,,,rbf_svm,0.0073962999958894216
credit_g_openml,4,49.0,25.0,5.0,0.5710280370933812,0.5,matched_gini,0.07860420000361046
credit_g_openml,4,55.0,28.0,5.0,0.7768196433286133,0.7407407407407407,mags_fixed,0.08466220000264002
credit_g_openml,4,51.0,26.0,5.0,0.5677814629707085,0.48,mags_binary_excluded,0.06703159999597119
credit_g_openml,4,49.0,25.0,5.0,0.5710280370933812,0.5,matched_gini_unrestricted,0.053628699999535456
credit_g_openml,4,55.0,28.0,5.0,0.7768196433286133,0.7407407407407407,mags_fixed_unrestricted,0.06355310000071768
credit_g_openml,4,47.0,24.0,5.0,,,cart_fixed,0.0021788000012747943
credit_g_openml,4,105.0,53.0,8.0,0.5155762484852541,0.0,mags_tuned,1.7892628000045079
credit_g_openml,4,15.0,8.0,3.0,,,cart_tuned_depth,0.018650999998499174
credit_g_openml,4,7.0,4.0,3.0,,,cart_pruned,0.04975410000042757
credit_g_openml,4,53.0,27.0,5.0,,,noise_augmented_cart,0.03162069999962114
credit_g_openml,4,,,,,,random_forest,0.07249400000000605
credit_g_openml,4,,,,,,extra_trees,0.05997360000037588
credit_g_openml,4,,,,,,linear_svm,0.012999200000194833
credit_g_openml,4,,,,,,rbf_svm,0.008796499998425134
credit_g_openml,5,49.0,25.0,5.0,0.5476096686803741,0.5,matched_gini,0.04681140000320738
credit_g_openml,5,49.0,25.0,5.0,0.7976435788223449,0.75,mags_fixed,0.07430689999455353
credit_g_openml,5,47.0,24.0,5.0,0.6078915401532895,0.5652173913043478,mags_binary_excluded,0.04730570000538137
credit_g_openml,5,51.0,26.0,5.0,0.5495267860792216,0.48,matched_gini_unrestricted,0.05580519999784883
credit_g_openml,5,51.0,26.0,5.0,0.7795396668780981,0.72,mags_fixed_unrestricted,0.0804102000038256
credit_g_openml,5,49.0,25.0,5.0,,,cart_fixed,0.0018265000035171397
credit_g_openml,5,67.0,34.0,6.0,0.5242689136227865,0.0,mags_tuned,1.8946188000045368
credit_g_openml,5,145.0,73.0,10.0,,,cart_tuned_depth,0.021134700000402518
credit_g_openml,5,31.0,16.0,7.0,,,cart_pruned,0.04044150000117952
credit_g_openml,5,51.0,26.0,5.0,,,noise_augmented_cart,0.013083300000289455
credit_g_openml,5,,,,,,random_forest,0.07397630000195932
credit_g_openml,5,,,,,,extra_trees,0.05388160000438802
credit_g_openml,5,,,,,,linear_svm,0.015519200002017897
credit_g_openml,5,,,,,,rbf_svm,0.009139100002357736
credit_g_openml,6,57.0,29.0,5.0,0.6045237048982672,0.5357142857142857,matched_gini,0.056585899998026434
credit_g_openml,6,53.0,27.0,5.0,0.8589786785541503,0.8076923076923077,mags_fixed,0.06994779999513412
credit_g_openml,6,57.0,29.0,5.0,0.6045237048982672,0.5357142857142857,mags_binary_excluded,0.05334659999789437
credit_g_openml,6,57.0,29.0,5.0,0.6113143140941227,0.5357142857142857,matched_gini_unrestricted,0.07167959999787854
credit_g_openml,6,53.0,27.0,5.0,0.8589786785541503,0.8076923076923077,mags_fixed_unrestricted,0.06508200000098441
credit_g_openml,6,57.0,29.0,5.0,,,cart_fixed,0.0017585000023245811
credit_g_openml,6,53.0,27.0,5.0,0.8589786785541503,0.0,mags_tuned,1.9853199999997742
credit_g_openml,6,15.0,8.0,3.0,,,cart_tuned_depth,0.018136700004106387
credit_g_openml,6,145.0,73.0,13.0,,,cart_pruned,0.0412480000013602
credit_g_openml,6,61.0,31.0,5.0,,,noise_augmented_cart,0.01269499999762047
credit_g_openml,6,,,,,,random_forest,0.07220209999650251
credit_g_openml,6,,,,,,extra_trees,0.05500469999969937
credit_g_openml,6,,,,,,linear_svm,0.010757300005934667
credit_g_openml,6,,,,,,rbf_svm,0.0077531000060844235
credit_g_openml,7,53.0,27.0,5.0,0.481699780870747,0.4230769230769231,matched_gini,0.07100340000033611
credit_g_openml,7,55.0,28.0,5.0,0.7138688472021806,0.6666666666666666,mags_fixed,0.06094709999888437
credit_g_openml,7,53.0,27.0,5.0,0.4784641276350937,0.4230769230769231,mags_binary_excluded,0.06987469999876339
credit_g_openml,7,53.0,27.0,5.0,0.5555383034592695,0.5,matched_gini_unrestricted,0.0840087999968091
credit_g_openml,7,55.0,28.0,5.0,0.75002405002405,0.7037037037037037,mags_fixed_unrestricted,0.07243230000312906
credit_g_openml,7,53.0,27.0,5.0,,,cart_fixed,0.0017822000008891337
credit_g_openml,7,51.0,26.0,5.0,0.8769177489177489,0.0,mags_tuned,1.9431356999994023
credit_g_openml,7,81.0,41.0,6.0,,,cart_tuned_depth,0.022018600000592414
credit_g_openml,7,155.0,78.0,10.0,,,cart_pruned,0.035352499995497055
credit_g_openml,7,51.0,26.0,5.0,,,noise_augmented_cart,0.012941100001626182
credit_g_openml,7,,,,,,random_forest,0.10650530000566505
credit_g_openml,7,,,,,,extra_trees,0.05708839999715565
credit_g_openml,7,,,,,,linear_svm,0.012482699996326119
credit_g_openml,7,,,,,,rbf_svm,0.018079400004353374
credit_g_openml,8,51.0,26.0,5.0,0.5582214559189841,0.52,matched_gini,0.06684230000246316
credit_g_openml,8,49.0,25.0,5.0,0.7723492728847452,0.7083333333333334,mags_fixed,0.06748640000296291
credit_g_openml,8,51.0,26.0,5.0,0.6162451044996757,0.56,mags_binary_excluded,0.06735810000100173
credit_g_openml,8,45.0,23.0,5.0,0.6539153199470733,0.5909090909090909,matched_gini_unrestricted,0.0715074999970966
credit_g_openml,8,49.0,25.0,5.0,0.7723492728847452,0.7083333333333334,mags_fixed_unrestricted,0.07586290000472218
credit_g_openml,8,49.0,25.0,5.0,,,cart_fixed,0.0020218999998178333
credit_g_openml,8,71.0,36.0,6.0,0.74722105685637,0.0,mags_tuned,1.8830986999964807
credit_g_openml,8,141.0,71.0,8.0,,,cart_tuned_depth,0.020188300004519988
credit_g_openml,8,71.0,36.0,10.0,,,cart_pruned,0.03916089999984251
credit_g_openml,8,43.0,22.0,5.0,,,noise_augmented_cart,0.013884599997254554
credit_g_openml,8,,,,,,random_forest,0.07852739999361802
credit_g_openml,8,,,,,,extra_trees,0.05574400000477908
credit_g_openml,8,,,,,,linear_svm,0.01815809999970952
credit_g_openml,8,,,,,,rbf_svm,0.013878799996746238
credit_g_openml,9,43.0,22.0,5.0,0.6804691551039963,0.5714285714285714,matched_gini,0.0585200999994413
credit_g_openml,9,45.0,23.0,5.0,0.8133915555828214,0.7727272727272727,mags_fixed,0.052763399995455984
credit_g_openml,9,41.0,21.0,5.0,0.664492612859196,0.55,mags_binary_excluded,0.05791060000046855
credit_g_openml,9,43.0,22.0,5.0,0.6594462598571416,0.5714285714285714,matched_gini_unrestricted,0.07234530000278028
credit_g_openml,9,45.0,23.0,5.0,0.7705969737562782,0.7272727272727273,mags_fixed_unrestricted,0.0839713000023039
credit_g_openml,9,43.0,22.0,5.0,,,cart_fixed,0.009718499997688923
credit_g_openml,9,87.0,44.0,8.0,0.7840197650835073,0.0,mags_tuned,1.691065200000594
credit_g_openml,9,109.0,55.0,10.0,,,cart_tuned_depth,0.01879229999758536
credit_g_openml,9,17.0,9.0,5.0,,,cart_pruned,0.04515349999564933
credit_g_openml,9,43.0,22.0,5.0,,,noise_augmented_cart,0.01405930000328226
credit_g_openml,9,,,,,,random_forest,0.06247299999813549
credit_g_openml,9,,,,,,extra_trees,0.05262840000068536
credit_g_openml,9,,,,,,linear_svm,0.013354100003198255
credit_g_openml,9,,,,,,rbf_svm,0.00896919999649981
credit_g_openml,10,47.0,24.0,5.0,0.6576764052805543,0.6521739130434783,matched_gini,0.04754349999711849
credit_g_openml,10,51.0,26.0,5.0,0.7636121861485913,0.72,mags_fixed,0.06752609999966808
credit_g_openml,10,47.0,24.0,5.0,0.7000398389483358,0.6521739130434783,mags_binary_excluded,0.0606954000031692
credit_g_openml,10,47.0,24.0,5.0,0.6581099820431562,0.6521739130434783,matched_gini_unrestricted,0.06972430000314489
credit_g_openml,10,51.0,26.0,5.0,0.6976950288488194,0.68,mags_fixed_unrestricted,0.06347449999884702
credit_g_openml,10,47.0,24.0,5.0,,,cart_fixed,0.0019417000003159046
credit_g_openml,10,29.0,15.0,4.0,0.7186628588854206,0.0,mags_tuned,1.7474959999963176
credit_g_openml,10,15.0,8.0,3.0,,,cart_tuned_depth,0.018124800000805408
credit_g_openml,10,85.0,43.0,14.0,,,cart_pruned,0.03154340000037337
credit_g_openml,10,53.0,27.0,5.0,,,noise_augmented_cart,0.01227669999934733
credit_g_openml,10,,,,,,random_forest,0.09985430000233464
credit_g_openml,10,,,,,,extra_trees,0.052307500001916196
credit_g_openml,10,,,,,,linear_svm,0.0203622000044561
credit_g_openml,10,,,,,,rbf_svm,0.009809499999391846
credit_g_openml,11,43.0,22.0,5.0,0.6749765307743084,0.5714285714285714,matched_gini,0.061595999999553896
credit_g_openml,11,43.0,22.0,5.0,0.8819788064964003,0.8095238095238095,mags_fixed,0.05905050000001211
credit_g_openml,11,39.0,20.0,5.0,0.6652907685063847,0.5789473684210527,mags_binary_excluded,0.04877480000141077
credit_g_openml,11,43.0,22.0,5.0,0.6274532575873185,0.5238095238095238,matched_gini_unrestricted,0.06365670000377577
credit_g_openml,11,43.0,22.0,5.0,0.8344555333094102,0.7619047619047619,mags_fixed_unrestricted,0.05934770000021672
credit_g_openml,11,43.0,22.0,5.0,,,cart_fixed,0.0020587000035448
credit_g_openml,11,107.0,54.0,8.0,0.8471439367696648,0.0,mags_tuned,1.6276768000025186
credit_g_openml,11,145.0,73.0,10.0,,,cart_tuned_depth,0.01853090000076918
credit_g_openml,11,115.0,58.0,11.0,,,cart_pruned,0.033702299995638896
credit_g_openml,11,43.0,22.0,5.0,,,noise_augmented_cart,0.013693599998077843
credit_g_openml,11,,,,,,random_forest,0.07865389999642503
credit_g_openml,11,,,,,,extra_trees,0.06621830000221962
credit_g_openml,11,,,,,,linear_svm,0.02195639999990817
credit_g_openml,11,,,,,,rbf_svm,0.008367399997950997
credit_g_openml,12,41.0,21.0,5.0,0.658331097106159,0.6,matched_gini,0.06044590000237804
credit_g_openml,12,51.0,26.0,5.0,0.8358617775396656,0.8,mags_fixed,0.06137909999961266
credit_g_openml,12,43.0,22.0,5.0,0.5333336277599455,0.42857142857142855,mags_binary_excluded,0.04957079999439884
credit_g_openml,12,47.0,24.0,5.0,0.6901777232668901,0.6521739130434783,matched_gini_unrestricted,0.057414200004132
credit_g_openml,12,51.0,26.0,5.0,0.8358617775396656,0.8,mags_fixed_unrestricted,0.06088370000361465
credit_g_openml,12,41.0,21.0,5.0,,,cart_fixed,0.001743100001476705
credit_g_openml,12,77.0,39.0,6.0,0.8654183433489616,0.0,mags_tuned,1.759185900002194
credit_g_openml,12,119.0,60.0,10.0,,,cart_tuned_depth,0.017772999999579042
credit_g_openml,12,7.0,4.0,3.0,,,cart_pruned,0.03247279999777675
credit_g_openml,12,49.0,25.0,5.0,,,noise_augmented_cart,0.015491099999053404
credit_g_openml,12,,,,,,random_forest,0.060727700001734775
credit_g_openml,12,,,,,,extra_trees,0.07105459999729646
credit_g_openml,12,,,,,,linear_svm,0.012868099998740945
credit_g_openml,12,,,,,,rbf_svm,0.01582849999977043
credit_g_openml,13,45.0,23.0,5.0,0.5614276794929013,0.45454545454545453,matched_gini,0.04317070000251988
credit_g_openml,13,49.0,25.0,5.0,0.7400818709027449,0.7083333333333334,mags_fixed,0.05166050000116229
credit_g_openml,13,43.0,22.0,5.0,0.5422439635503865,0.42857142857142855,mags_binary_excluded,0.04121080000186339
credit_g_openml,13,45.0,23.0,5.0,0.5350234039972841,0.45454545454545453,matched_gini_unrestricted,0.042020599998068064
credit_g_openml,13,49.0,25.0,5.0,0.7412872378853322,0.7083333333333334,mags_fixed_unrestricted,0.046803999997791834
credit_g_openml,13,45.0,23.0,5.0,,,cart_fixed,0.0017874000041047111
credit_g_openml,13,113.0,57.0,8.0,0.7617966216417427,0.0,mags_tuned,1.6386194000006071
credit_g_openml,13,15.0,8.0,3.0,,,cart_tuned_depth,0.016315900000336114
credit_g_openml,13,7.0,4.0,3.0,,,cart_pruned,0.03124540000135312
credit_g_openml,13,47.0,24.0,5.0,,,noise_augmented_cart,0.016470900001877453
credit_g_openml,13,,,,,,random_forest,0.07911600000079488
credit_g_openml,13,,,,,,extra_trees,0.06145069999911357
credit_g_openml,13,,,,,,linear_svm,0.010609200006001629
credit_g_openml,13,,,,,,rbf_svm,0.0085356000054162
credit_g_openml,14,51.0,26.0,5.0,0.45187834212375333,0.4,matched_gini,0.054796799995529
credit_g_openml,14,43.0,22.0,5.0,0.8319170008059545,0.8095238095238095,mags_fixed,0.048373600002378225
credit_g_openml,14,51.0,26.0,5.0,0.4252116754570867,0.36,mags_binary_excluded,0.04730790000030538
credit_g_openml,14,51.0,26.0,5.0,0.45206071672790954,0.4,matched_gini_unrestricted,0.057759199997235555
credit_g_openml,14,43.0,22.0,5.0,0.8316903930124413,0.8095238095238095,mags_fixed_unrestricted,0.053098700002010446
credit_g_openml,14,51.0,26.0,5.0,,,cart_fixed,0.013080899996566586
credit_g_openml,14,15.0,8.0,3.0,0.5826923163218144,0.0,mags_tuned,1.4262432999967132
credit_g_openml,14,149.0,75.0,10.0,,,cart_tuned_depth,0.018464699998730794
credit_g_openml,14,49.0,25.0,8.0,,,cart_pruned,0.04789349999919068
credit_g_openml,14,53.0,27.0,5.0,,,noise_augmented_cart,0.01270249999652151
credit_g_openml,14,,,,,,random_forest,0.10077900000032969
credit_g_openml,14,,,,,,extra_trees,0.08229369999753544
credit_g_openml,14,,,,,,linear_svm,0.01988079999864567
credit_g_openml,14,,,,,,rbf_svm,0.007457200001226738
credit_g_openml,15,51.0,26.0,5.0,0.6147430440098498,0.56,matched_gini,0.0539271000016015
credit_g_openml,15,49.0,25.0,5.0,0.7835840522961689,0.75,mags_fixed,0.045945099998789374
credit_g_openml,15,55.0,28.0,5.0,0.6003745068228085,0.5185185185185185,mags_binary_excluded,0.04449949999980163
credit_g_openml,15,51.0,26.0,5.0,0.6566605613644184,0.6,matched_gini_unrestricted,0.04549609999958193
credit_g_openml,15,49.0,25.0,5.0,0.7835840522961689,0.75,mags_fixed_unrestricted,0.059370399998442736
credit_g_openml,15,51.0,26.0,5.0,,,cart_fixed,0.0031938000029185787
credit_g_openml,15,125.0,63.0,8.0,0.686867432264699,0.0,mags_tuned,1.5720192000007955
credit_g_openml,15,51.0,26.0,5.0,,,cart_tuned_depth,0.017116000002715737
credit_g_openml,15,165.0,83.0,13.0,,,cart_pruned,0.03663850000157254
credit_g_openml,15,53.0,27.0,5.0,,,noise_augmented_cart,0.014223300000594463
credit_g_openml,15,,,,,,random_forest,0.07021270000404911
credit_g_openml,15,,,,,,extra_trees,0.0693946000028518
credit_g_openml,15,,,,,,linear_svm,0.01685929999803193
credit_g_openml,15,,,,,,rbf_svm,0.008220400006393902
credit_g_openml,16,43.0,22.0,5.0,0.5476571286025088,0.5238095238095238,matched_gini,0.041255899996031076
credit_g_openml,16,45.0,23.0,5.0,0.6740253331115917,0.6363636363636364,mags_fixed,0.05179090000456199
credit_g_openml,16,45.0,23.0,5.0,0.5558556580935504,0.5,mags_binary_excluded,0.04631050000170944
credit_g_openml,16,45.0,23.0,5.0,0.5258198944272666,0.5,matched_gini_unrestricted,0.06379559999913909
credit_g_openml,16,47.0,24.0,5.0,0.6029880859770712,0.5652173913043478,mags_fixed_unrestricted,0.047780900000361726
credit_g_openml,16,45.0,23.0,5.0,,,cart_fixed,0.001821199999540113
credit_g_openml,16,65.0,33.0,6.0,0.7157660333976905,0.0,mags_tuned,1.5280685999969137
credit_g_openml,16,71.0,36.0,6.0,,,cart_tuned_depth,0.04984809999587014
credit_g_openml,16,23.0,12.0,8.0,,,cart_pruned,0.04093540000030771
credit_g_openml,16,51.0,26.0,5.0,,,noise_augmented_cart,0.011955599999055266
credit_g_openml,16,,,,,,random_forest,0.07193639999604784
credit_g_openml,16,,,,,,extra_trees,0.05896960000245599
credit_g_openml,16,,,,,,linear_svm,0.017010399998980574
credit_g_openml,16,,,,,,rbf_svm,0.007674299995414913
credit_g_openml,17,43.0,22.0,5.0,0.726898734675209,0.6190476190476191,matched_gini,0.04707839999900898
credit_g_openml,17,45.0,23.0,5.0,0.7649719328290757,0.6818181818181818,mags_fixed,0.04994869999791263
credit_g_openml,17,43.0,22.0,5.0,0.726898734675209,0.6190476190476191,mags_binary_excluded,0.04175579999719048
credit_g_openml,17,43.0,22.0,5.0,0.6847101756566819,0.5714285714285714,matched_gini_unrestricted,0.04235460000199964
credit_g_openml,17,45.0,23.0,5.0,0.7649719328290757,0.6818181818181818,mags_fixed_unrestricted,0.04488600000331644
credit_g_openml,17,43.0,22.0,5.0,,,cart_fixed,0.0034933999995701015
credit_g_openml,17,29.0,15.0,4.0,0.7702380952380953,0.0,mags_tuned,1.4542940000028466
credit_g_openml,17,117.0,59.0,8.0,,,cart_tuned_depth,0.01716869999654591
credit_g_openml,17,87.0,44.0,11.0,,,cart_pruned,0.03250609999668086
credit_g_openml,17,47.0,24.0,5.0,,,noise_augmented_cart,0.012551299994811416
credit_g_openml,17,,,,,,random_forest,0.07101940000575269
credit_g_openml,17,,,,,,extra_trees,0.05401770000025863
credit_g_openml,17,,,,,,linear_svm,0.014537400005792733
credit_g_openml,17,,,,,,rbf_svm,0.0076906999966013245
credit_g_openml,18,53.0,27.0,5.0,0.5699668700936635,0.5,matched_gini,0.048478199998498894
credit_g_openml,18,55.0,28.0,5.0,0.7499080035236806,0.7037037037037037,mags_fixed,0.04489089999697171
credit_g_openml,18,53.0,27.0,5.0,0.5699668700936635,0.5,mags_binary_excluded,0.054536000003281515
credit_g_openml,18,51.0,26.0,5.0,0.5645758893587086,0.48,matched_gini_unrestricted,0.05387899999914225
credit_g_openml,18,55.0,28.0,5.0,0.714439282651485,0.6666666666666666,mags_fixed_unrestricted,0.046743200000491925
credit_g_openml,18,53.0,27.0,5.0,,,cart_fixed,0.0022410999954445288
credit_g_openml,18,111.0,56.0,8.0,0.6420326822564959,0.0,mags_tuned,1.6026413999934448
credit_g_openml,18,15.0,8.0,3.0,,,cart_tuned_depth,0.02954170000157319
credit_g_openml,18,5.0,3.0,2.0,,,cart_pruned,0.03660560000571422
credit_g_openml,18,53.0,27.0,5.0,,,noise_augmented_cart,0.014947900002880488
credit_g_openml,18,,,,,,random_forest,0.07727290000184439
credit_g_openml,18,,,,,,extra_trees,0.0456724999967264
credit_g_openml,18,,,,,,linear_svm,0.014411600001039915
credit_g_openml,18,,,,,,rbf_svm,0.012026800002786331
credit_g_openml,19,55.0,28.0,5.0,0.6133779413326013,0.5925925925925926,matched_gini,0.061209200001030695
credit_g_openml,19,49.0,25.0,5.0,0.7502107405927942,0.7083333333333334,mags_fixed,0.04559539999900153
credit_g_openml,19,55.0,28.0,5.0,0.58868658330791,0.5555555555555556,mags_binary_excluded,0.07067050000478048
credit_g_openml,19,49.0,25.0,5.0,0.5727547947579531,0.5416666666666666,matched_gini_unrestricted,0.05280650000349851
credit_g_openml,19,51.0,26.0,5.0,0.732443207327626,0.68,mags_fixed_unrestricted,0.056798899997374974
credit_g_openml,19,55.0,28.0,5.0,,,cart_fixed,0.0018947999997180887
credit_g_openml,19,71.0,36.0,6.0,0.8144302221207733,0.0,mags_tuned,1.4925416999976733
credit_g_openml,19,55.0,28.0,5.0,,,cart_tuned_depth,0.01596159999462543
credit_g_openml,19,31.0,16.0,8.0,,,cart_pruned,0.045514299999922514
credit_g_openml,19,55.0,28.0,5.0,,,noise_augmented_cart,0.028095800000301097
credit_g_openml,19,,,,,,random_forest,0.06661979999626055
credit_g_openml,19,,,,,,extra_trees,0.06612250000034692
credit_g_openml,19,,,,,,linear_svm,0.011649000000033993
credit_g_openml,19,,,,,,rbf_svm,0.0072949000023072585
credit_g_openml,20,45.0,23.0,5.0,0.4909746537230257,0.45454545454545453,matched_gini,0.0494366999992053
credit_g_openml,20,49.0,25.0,5.0,0.807908308879132,0.7916666666666666,mags_fixed,0.059858900000108406
credit_g_openml,20,45.0,23.0,5.0,0.4950774193439036,0.45454545454545453,mags_binary_excluded,0.05131279999477556
credit_g_openml,20,47.0,24.0,5.0,0.5080144467934479,0.4782608695652174,matched_gini_unrestricted,0.07218149999971502
credit_g_openml,20,49.0,25.0,5.0,0.807908308879132,0.7916666666666666,mags_fixed_unrestricted,0.07231419999880018
credit_g_openml,20,43.0,22.0,5.0,,,cart_fixed,0.0021546999996644445
credit_g_openml,20,29.0,15.0,4.0,0.7415524057966315,0.0,mags_tuned,1.581020300000091
credit_g_openml,20,27.0,14.0,4.0,,,cart_tuned_depth,0.016150499999639578
credit_g_openml,20,33.0,17.0,7.0,,,cart_pruned,0.03375690000393661
credit_g_openml,20,55.0,28.0,5.0,,,noise_augmented_cart,0.015084800004842691
credit_g_openml,20,,,,,,random_forest,0.0604380000004312
credit_g_openml,20,,,,,,extra_trees,0.056948599994939286
credit_g_openml,20,,,,,,linear_svm,0.014096700004301965
credit_g_openml,20,,,,,,rbf_svm,0.00772510000388138
credit_g_openml,21,47.0,24.0,5.0,0.5501852948536685,0.5217391304347826,matched_gini,0.04419600000255741
credit_g_openml,21,53.0,27.0,5.0,0.7454640788131622,0.7307692307692307,mags_fixed,0.07980079999833833
credit_g_openml,21,47.0,24.0,5.0,0.6058658989817914,0.5652173913043478,mags_binary_excluded,0.042964000000210945
credit_g_openml,21,47.0,24.0,5.0,0.48341480306008316,0.43478260869565216,matched_gini_unrestricted,0.061030099997879006
credit_g_openml,21,53.0,27.0,5.0,0.7454640788131622,0.7307692307692307,mags_fixed_unrestricted,0.07903470000019297
credit_g_openml,21,47.0,24.0,5.0,,,cart_fixed,0.0018017999973380938
credit_g_openml,21,53.0,27.0,5.0,0.7077213681094341,0.0,mags_tuned,1.5823576999973739
credit_g_openml,21,7.0,4.0,2.0,,,cart_tuned_depth,0.019797699998889584
credit_g_openml,21,139.0,70.0,17.0,,,cart_pruned,0.035274800000479445
credit_g_openml,21,51.0,26.0,5.0,,,noise_augmented_cart,0.014264400000683963
credit_g_openml,21,,,,,,random_forest,0.07493129999784287
credit_g_openml,21,,,,,,extra_trees,0.04625300000043353
credit_g_openml,21,,,,,,linear_svm,0.012148800000431947
credit_g_openml,21,,,,,,rbf_svm,0.008714399999007583
credit_g_openml,22,39.0,20.0,5.0,0.5932414568943463,0.5263157894736842,matched_gini,0.04595479999989038
credit_g_openml,22,41.0,21.0,5.0,0.785155272662855,0.75,mags_fixed,0.04251029999431921
credit_g_openml,22,41.0,21.0,5.0,0.6366286264738714,0.45,mags_binary_excluded,0.04943199999979697
credit_g_openml,22,39.0,20.0,5.0,0.5839727992796481,0.5263157894736842,matched_gini_unrestricted,0.0525022000001627
credit_g_openml,22,41.0,21.0,5.0,0.7346400246870644,0.7,mags_fixed_unrestricted,0.06400759999814909
credit_g_openml,22,39.0,20.0,5.0,,,cart_fixed,0.0020054999986314215
credit_g_openml,22,61.0,31.0,6.0,0.7586220336270884,0.0,mags_tuned,1.5403987000026973
credit_g_openml,22,7.0,4.0,2.0,,,cart_tuned_depth,0.017488100005721208
credit_g_openml,22,7.0,4.0,3.0,,,cart_pruned,0.03403640000033192
credit_g_openml,22,47.0,24.0,5.0,,,noise_augmented_cart,0.011803600005805492
credit_g_openml,22,,,,,,random_forest,0.06261259999882895
credit_g_openml,22,,,,,,extra_trees,0.05734099999972386
credit_g_openml,22,,,,,,linear_svm,0.016677399995387532
credit_g_openml,22,,,,,,rbf_svm,0.0075570000044535846
credit_g_openml,23,47.0,24.0,5.0,0.6264515773492068,0.5217391304347826,matched_gini,0.0593793999942136
credit_g_openml,23,45.0,23.0,5.0,0.8510796247438552,0.8181818181818182,mags_fixed,0.04046970000490546
credit_g_openml,23,47.0,24.0,5.0,0.6264515773492068,0.5217391304347826,mags_binary_excluded,0.04622399999789195
credit_g_openml,23,45.0,23.0,5.0,0.6555083494746712,0.5909090909090909,matched_gini_unrestricted,0.06128529999841703
credit_g_openml,23,45.0,23.0,5.0,0.8656417112299465,0.8181818181818182,mags_fixed_unrestricted,0.08387860000220826
credit_g_openml,23,47.0,24.0,5.0,,,cart_fixed,0.0034732999993138947
credit_g_openml,23,29.0,15.0,4.0,0.5045420938908669,0.0,mags_tuned,1.676272600001539
credit_g_openml,23,65.0,33.0,6.0,,,cart_tuned_depth,0.02384110000275541
credit_g_openml,23,5.0,3.0,2.0,,,cart_pruned,0.03252200000133598
credit_g_openml,23,55.0,28.0,5.0,,,noise_augmented_cart,0.0195469000027515
credit_g_openml,23,,,,,,random_forest,0.06502240000554593
credit_g_openml,23,,,,,,extra_trees,0.05312299999786774
credit_g_openml,23,,,,,,linear_svm,0.01634320000448497
credit_g_openml,23,,,,,,rbf_svm,0.00696099999913713
credit_g_openml,24,45.0,23.0,5.0,0.5273172128023774,0.5,matched_gini,0.05803120000200579
credit_g_openml,24,47.0,24.0,5.0,0.7217724908290443,0.6956521739130435,mags_fixed,0.08514930000092136
credit_g_openml,24,45.0,23.0,5.0,0.5273172128023774,0.5,mags_binary_excluded,0.057811999999103136
credit_g_openml,24,45.0,23.0,5.0,0.5733761369228996,0.5454545454545454,matched_gini_unrestricted,0.05483490000187885
credit_g_openml,24,47.0,24.0,5.0,0.7227092659435389,0.6956521739130435,mags_fixed_unrestricted,0.06331359999603592
credit_g_openml,24,45.0,23.0,5.0,,,cart_fixed,0.0020102999988012016
credit_g_openml,24,29.0,15.0,4.0,0.6030457858034924,0.0,mags_tuned,1.6339422999953968
credit_g_openml,24,61.0,31.0,6.0,,,cart_tuned_depth,0.018224400002509356
credit_g_openml,24,15.0,8.0,6.0,,,cart_pruned,0.03472019999753684
credit_g_openml,24,51.0,26.0,5.0,,,noise_augmented_cart,0.01408110000193119
credit_g_openml,24,,,,,,random_forest,0.08108920000086073
credit_g_openml,24,,,,,,extra_trees,0.054506899999978486
credit_g_openml,24,,,,,,linear_svm,0.012783300000592135
credit_g_openml,24,,,,,,rbf_svm,0.009371299995109439
credit_g_openml,25,53.0,27.0,5.0,0.6390133985369238,0.5769230769230769,matched_gini,0.046099699997284915
credit_g_openml,25,45.0,23.0,5.0,0.8519942067736185,0.8181818181818182,mags_fixed,0.042731899993668776
credit_g_openml,25,53.0,27.0,5.0,0.6390133985369238,0.5769230769230769,mags_binary_excluded,0.045090799998433795
credit_g_openml,25,47.0,24.0,5.0,0.7047953508953403,0.6521739130434783,matched_gini_unrestricted,0.048673600002075545
credit_g_openml,25,45.0,23.0,5.0,0.8519942067736185,0.8181818181818182,mags_fixed_unrestricted,0.05931530000088969
credit_g_openml,25,53.0,27.0,5.0,,,cart_fixed,0.002116099996783305
credit_g_openml,25,71.0,36.0,6.0,0.6237230689286263,0.0,mags_tuned,1.4731500999987475
credit_g_openml,25,71.0,36.0,6.0,,,cart_tuned_depth,0.01827690000209259
credit_g_openml,25,45.0,23.0,10.0,,,cart_pruned,0.03221130000019912
credit_g_openml,25,53.0,27.0,5.0,,,noise_augmented_cart,0.01254019999760203
credit_g_openml,25,,,,,,random_forest,0.06623430000036024
credit_g_openml,25,,,,,,extra_trees,0.05351369999698363
credit_g_openml,25,,,,,,linear_svm,0.014667400006146636
credit_g_openml,25,,,,,,rbf_svm,0.009239500002877321
credit_g_openml,26,47.0,24.0,5.0,0.5711932085430778,0.5217391304347826,matched_gini,0.05370920000132173
credit_g_openml,26,49.0,25.0,5.0,0.7270713359902068,0.7083333333333334,mags_fixed,0.04657990000123391
credit_g_openml,26,47.0,24.0,5.0,0.5286543888694013,0.4782608695652174,mags_binary_excluded,0.05103869999584276
credit_g_openml,26,47.0,24.0,5.0,0.5334759222369745,0.4782608695652174,matched_gini_unrestricted,0.06308749999880092
credit_g_openml,26,49.0,25.0,5.0,0.7271924306862592,0.7083333333333334,mags_fixed_unrestricted,0.05252769999788143
credit_g_openml,26,47.0,24.0,5.0,,,cart_fixed,0.0018246999970870093
credit_g_openml,26,27.0,14.0,4.0,0.9242081447963801,0.0,mags_tuned,1.6725959999967017
credit_g_openml,26,67.0,34.0,6.0,,,cart_tuned_depth,0.019612900003266986
credit_g_openml,26,27.0,14.0,8.0,,,cart_pruned,0.03527320000284817
credit_g_openml,26,51.0,26.0,5.0,,,noise_augmented_cart,0.014005899996845983
credit_g_openml,26,,,,,,random_forest,0.07263899999816203
credit_g_openml,26,,,,,,extra_trees,0.05442119999497663
credit_g_openml,26,,,,,,linear_svm,0.015812099998584017
credit_g_openml,26,,,,,,rbf_svm,0.00970499999675667
credit_g_openml,27,41.0,21.0,5.0,0.6332352200678266,0.6,matched_gini,0.04918529999849852
credit_g_openml,27,47.0,24.0,5.0,0.7539974630538346,0.7391304347826086,mags_fixed,0.05244249999668682
credit_g_openml,27,41.0,21.0,5.0,0.5999018867344933,0.55,mags_binary_excluded,0.043781200001831166
credit_g_openml,27,41.0,21.0,5.0,0.6800226327242048,0.65,matched_gini_unrestricted,0.045034700000542216
credit_g_openml,27,47.0,24.0,5.0,0.7562756132639004,0.7391304347826086,mags_fixed_unrestricted,0.05805270000564633
credit_g_openml,27,41.0,21.0,5.0,,,cart_fixed,0.0018123999980161898
credit_g_openml,27,85.0,43.0,8.0,0.6381576830856138,0.0,mags_tuned,1.640371999994386
credit_g_openml,27,85.0,43.0,8.0,,,cart_tuned_depth,0.02014449999842327
credit_g_openml,27,15.0,8.0,7.0,,,cart_pruned,0.03802169999835314
credit_g_openml,27,45.0,23.0,5.0,,,noise_augmented_cart,0.014548400002240669
credit_g_openml,27,,,,,,random_forest,0.07197379999706754
credit_g_openml,27,,,,,,extra_trees,0.05834490000415826
credit_g_openml,27,,,,,,linear_svm,0.012011400001938455
credit_g_openml,27,,,,,,rbf_svm,0.009427100005268585
diabetes,0,31.0,16.0,4.0,0.040328442537013266,0.0,matched_gini,0.03953380000166362
diabetes,0,31.0,16.0,4.0,0.0760116996654414,0.0,mags_fixed,0.039818699995521456
diabetes,0,31.0,16.0,4.0,0.0760116996654414,0.0,mags_binary_excluded,0.03529730000445852
diabetes,0,29.0,15.0,4.0,0.017650797763196648,0.0,matched_gini_unrestricted,0.05825929999991786
diabetes,0,29.0,15.0,4.0,0.039389928197979256,0.0,mags_fixed_unrestricted,0.045369399995252024
diabetes,0,31.0,16.0,4.0,,,cart_fixed,0.0014375000027939677
diabetes,0,31.0,16.0,4.0,0.0760116996654414,0.0,mags_tuned,0.942931800003862
diabetes,0,55.0,28.0,5.0,,,cart_tuned_depth,0.0138128999969922
diabetes,0,17.0,9.0,5.0,,,cart_pruned,0.021592500001133885
diabetes,0,29.0,15.0,4.0,,,noise_augmented_cart,0.002044900000328198
diabetes,0,,,,,,random_forest,0.06362609999632696
diabetes,0,,,,,,extra_trees,0.03919540000060806
diabetes,0,,,,,,linear_svm,0.0030946000042604282
diabetes,0,,,,,,rbf_svm,0.002590000003692694
credit_g_openml,28,49.0,25.0,5.0,0.4157626668656867,0.375,matched_gini,0.060892200002854224
credit_g_openml,28,53.0,27.0,5.0,0.7505732695455956,0.7307692307692307,mags_fixed,0.05356690000189701
credit_g_openml,28,49.0,25.0,5.0,0.4157626668656867,0.375,mags_binary_excluded,0.052008099999511614
credit_g_openml,28,49.0,25.0,5.0,0.4153840432201672,0.375,matched_gini_unrestricted,0.044023499998729676
credit_g_openml,28,53.0,27.0,5.0,0.7511104331973149,0.7307692307692307,mags_fixed_unrestricted,0.060004300001310185
credit_g_openml,28,49.0,25.0,5.0,,,cart_fixed,0.0021983000042382628
credit_g_openml,28,53.0,27.0,5.0,0.863307373834287,0.0,mags_tuned,1.5899676000044565
credit_g_openml,28,159.0,80.0,14.0,,,cart_tuned_depth,0.020455099998798687
credit_g_openml,28,57.0,29.0,14.0,,,cart_pruned,0.03709600000001956
credit_g_openml,28,47.0,24.0,5.0,,,noise_augmented_cart,0.01404739999998128
credit_g_openml,28,,,,,,random_forest,0.07119560000137426
credit_g_openml,28,,,,,,extra_trees,0.04425410000112606
credit_g_openml,28,,,,,,linear_svm,0.016719500003091525
credit_g_openml,28,,,,,,rbf_svm,0.009728800003358629
diabetes,1,29.0,15.0,4.0,0.044071105186688275,0.0,matched_gini,0.04018470000301022
diabetes,1,29.0,15.0,4.0,0.044071105186688275,0.0,mags_fixed,0.038609699993685354
diabetes,1,29.0,15.0,4.0,0.044071105186688275,0.0,mags_binary_excluded,0.04057179999654181
diabetes,1,29.0,15.0,4.0,0.02276059488915808,0.0,matched_gini_unrestricted,0.04200880000280449
diabetes,1,29.0,15.0,4.0,0.02276059488915808,0.0,mags_fixed_unrestricted,0.04704840000340482
diabetes,1,31.0,16.0,4.0,,,cart_fixed,0.0013472999999066815
diabetes,1,7.0,4.0,2.0,0.01012731481481483,0.0,mags_tuned,0.9518502999999328
diabetes,1,7.0,4.0,2.0,,,cart_tuned_depth,0.015763600000354927
diabetes,1,47.0,24.0,9.0,,,cart_pruned,0.02841919999627862
diabetes,1,31.0,16.0,4.0,,,noise_augmented_cart,0.0021558000007644296
diabetes,1,,,,,,random_forest,0.07040190000407165
diabetes,1,,,,,,extra_trees,0.041647999998531304
diabetes,1,,,,,,linear_svm,0.003252399998018518
diabetes,1,,,,,,rbf_svm,0.0030390999963856302
credit_g_openml,29,53.0,27.0,5.0,0.49538434618655963,0.46153846153846156,matched_gini,0.06374640000285581
credit_g_openml,29,55.0,28.0,5.0,0.7446990326038835,0.7037037037037037,mags_fixed,0.06232610000006389
credit_g_openml,29,53.0,27.0,5.0,0.49538434618655963,0.46153846153846156,mags_binary_excluded,0.061190100001113024
credit_g_openml,29,53.0,27.0,5.0,0.568085450817506,0.5384615384615384,matched_gini_unrestricted,0.0731653999973787
credit_g_openml,29,55.0,28.0,5.0,0.7811443086629605,0.7407407407407407,mags_fixed_unrestricted,0.06482329999562353
credit_g_openml,29,53.0,27.0,5.0,,,cart_fixed,0.0020263000042177737
credit_g_openml,29,15.0,8.0,3.0,0.8574040418330812,0.0,mags_tuned,1.652360600004613
credit_g_openml,29,77.0,39.0,6.0,,,cart_tuned_depth,0.018122599998605438
credit_g_openml,29,35.0,18.0,8.0,,,cart_pruned,0.03731629999674624
credit_g_openml,29,59.0,30.0,5.0,,,noise_augmented_cart,0.013825499998347368
credit_g_openml,29,,,,,,random_forest,0.06922940000367817
credit_g_openml,29,,,,,,extra_trees,0.06227329999819631
credit_g_openml,29,,,,,,linear_svm,0.01968489999853773
credit_g_openml,29,,,,,,rbf_svm,0.008293200000480283
diabetes,2,31.0,16.0,4.0,0.03245984775090076,0.0,matched_gini,0.042695899996033404
diabetes,2,31.0,16.0,4.0,0.03293619648248379,0.0,mags_fixed,0.036642099999880884
diabetes,2,31.0,16.0,4.0,0.03293619648248379,0.0,mags_binary_excluded,0.046423699997831136
diabetes,2,31.0,16.0,4.0,0.052114482209004435,0.0,matched_gini_unrestricted,0.05090429999836488
diabetes,2,31.0,16.0,4.0,0.05494647608577443,0.0,mags_fixed_unrestricted,0.04044820000126492
diabetes,2,31.0,16.0,4.0,,,cart_fixed,0.0013418000016827136
diabetes,2,31.0,16.0,4.0,0.03842717363305796,0.0,mags_tuned,0.9876206000044476
diabetes,2,7.0,4.0,2.0,,,cart_tuned_depth,0.014602499999455176
diabetes,2,7.0,4.0,2.0,,,cart_pruned,0.018261199998960365
diabetes,2,29.0,15.0,4.0,,,noise_augmented_cart,0.00179569999454543
diabetes,2,,,,,,random_forest,0.08396370000264142
diabetes,2,,,,,,extra_trees,0.0386586000022362
diabetes,2,,,,,,linear_svm,0.0029605000017909333
diabetes,2,,,,,,rbf_svm,0.002405600003839936
diabetes,3,29.0,15.0,4.0,0.025900117460500947,0.0,matched_gini,0.05405549999704817
diabetes,3,29.0,15.0,4.0,0.025424791213849836,0.0,mags_fixed,0.02804709999327315
diabetes,3,29.0,15.0,4.0,0.025424791213849836,0.0,mags_binary_excluded,0.03369110000494402
diabetes,3,29.0,15.0,4.0,0.027347334483926088,0.0,matched_gini_unrestricted,0.044023300004482735
diabetes,3,29.0,15.0,4.0,0.027347334483926088,0.0,mags_fixed_unrestricted,0.044425299995054957
diabetes,3,29.0,15.0,4.0,,,cart_fixed,0.0013494000013452023
diabetes,3,15.0,8.0,3.0,0.012625032643835831,0.0,mags_tuned,0.8641214000017499
diabetes,3,63.0,32.0,6.0,,,cart_tuned_depth,0.012645400005567353
diabetes,3,47.0,24.0,9.0,,,cart_pruned,0.023184400000900496
diabetes,3,29.0,15.0,4.0,,,noise_augmented_cart,0.002084899999317713
diabetes,3,,,,,,random_forest,0.06906609999714419
diabetes,3,,,,,,extra_trees,0.0452270999958273
diabetes,3,,,,,,linear_svm,0.004024000001663808
diabetes,3,,,,,,rbf_svm,0.0031350999997812323
diabetes,5,31.0,16.0,4.0,0.019588954466688895,0.0,matched_gini,0.041040299998712726
diabetes,5,31.0,16.0,4.0,0.019588954466688895,0.0,mags_fixed,0.03502499999740394
diabetes,5,31.0,16.0,4.0,0.019588954466688895,0.0,mags_binary_excluded,0.03680690000328468
diabetes,5,29.0,15.0,4.0,0.011148974201206197,0.0,matched_gini_unrestricted,0.041662499999802094
diabetes,5,29.0,15.0,4.0,0.011148974201206197,0.0,mags_fixed_unrestricted,0.03340300000127172
diabetes,5,31.0,16.0,4.0,,,cart_fixed,0.0013401999967754818
diabetes,5,31.0,16.0,4.0,0.019588954466688895,0.0,mags_tuned,0.974295499996515
diabetes,5,31.0,16.0,4.0,,,cart_tuned_depth,0.018490999995265156
diabetes,5,13.0,7.0,5.0,,,cart_pruned,0.022095699998317286
diabetes,5,27.0,14.0,4.0,,,noise_augmented_cart,0.0018294999972567894
diabetes,5,,,,,,random_forest,0.06683380000322359
diabetes,5,,,,,,extra_trees,0.0414022000040859
diabetes,5,,,,,,linear_svm,0.0036429999963729642
diabetes,5,,,,,,rbf_svm,0.0026489000010769814
diabetes,4,29.0,15.0,4.0,0.05948134091128053,0.0,matched_gini,0.031331199999840464
diabetes,4,29.0,15.0,4.0,0.06571842554557772,0.0,mags_fixed,0.03208740000263788
diabetes,4,29.0,15.0,4.0,0.06571842554557772,0.0,mags_binary_excluded,0.034887800000433344
diabetes,4,31.0,16.0,4.0,0.02532302740737754,0.0,matched_gini_unrestricted,0.057712400004675146
diabetes,4,31.0,16.0,4.0,0.02897863933541187,0.0,mags_fixed_unrestricted,0.05286340000020573
diabetes,4,29.0,15.0,4.0,,,cart_fixed,0.0013212999983807094
diabetes,4,15.0,8.0,3.0,0.016317465054412516,0.0,mags_tuned,0.9809636999998474
diabetes,4,29.0,15.0,4.0,,,cart_tuned_depth,0.012442200000805315
diabetes,4,11.0,6.0,4.0,,,cart_pruned,0.02057339999737451
diabetes,4,25.0,13.0,4.0,,,noise_augmented_cart,0.004153599998971913
diabetes,4,,,,,,random_forest,0.0597665999957826
diabetes,4,,,,,,extra_trees,0.04401779999898281
diabetes,4,,,,,,linear_svm,0.003591400003642775
diabetes,4,,,,,,rbf_svm,0.0029400999992503785
diabetes,6,31.0,16.0,4.0,0.01995416874430545,0.0,matched_gini,0.04608260000532027
diabetes,6,31.0,16.0,4.0,0.030884843008313047,0.0,mags_fixed,0.028990600003453437
diabetes,6,31.0,16.0,4.0,0.030884843008313047,0.0,mags_binary_excluded,0.03722830000333488
diabetes,6,31.0,16.0,4.0,0.01591284018848076,0.0,matched_gini_unrestricted,0.04915930000424851
diabetes,6,31.0,16.0,4.0,0.01591284018848076,0.0,mags_fixed_unrestricted,0.040655500000866596
diabetes,6,31.0,16.0,4.0,,,cart_fixed,0.0011233999975956976
diabetes,6,47.0,24.0,5.0,0.03576931554694203,0.0,mags_tuned,0.9494816000005812
diabetes,6,31.0,16.0,4.0,,,cart_tuned_depth,0.014276299996708985
diabetes,6,11.0,6.0,3.0,,,cart_pruned,0.02200829999492271
diabetes,6,31.0,16.0,4.0,,,noise_augmented_cart,0.0026283000042894855
diabetes,6,,,,,,random_forest,0.06994390000181738
diabetes,6,,,,,,extra_trees,0.043046200000389945
diabetes,6,,,,,,linear_svm,0.0034161000003223307
diabetes,6,,,,,,rbf_svm,0.0032194000013987534
diabetes,7,25.0,13.0,4.0,0.030559263361402068,0.0,matched_gini,0.028621600002225023
diabetes,7,25.0,13.0,4.0,0.030559263361402068,0.0,mags_fixed,0.03689210000447929
diabetes,7,25.0,13.0,4.0,0.030559263361402068,0.0,mags_binary_excluded,0.050611799997568596
diabetes,7,25.0,13.0,4.0,0.023906625875431246,0.0,matched_gini_unrestricted,0.040234300002339296
diabetes,7,25.0,13.0,4.0,0.03310837116063535,0.0,mags_fixed_unrestricted,0.037636100001691375
diabetes,7,27.0,14.0,4.0,,,cart_fixed,0.001156099999207072
diabetes,7,13.0,7.0,3.0,0.017801640240919327,0.0,mags_tuned,0.9790045000045211
diabetes,7,47.0,24.0,5.0,,,cart_tuned_depth,0.011973799999395851
diabetes,7,9.0,5.0,4.0,,,cart_pruned,0.031191200003377162
diabetes,7,29.0,15.0,4.0,,,noise_augmented_cart,0.003449600000749342
diabetes,7,,,,,,random_forest,0.06605069999932311
diabetes,7,,,,,,extra_trees,0.03805070000089472
diabetes,7,,,,,,linear_svm,0.003952300001401454
diabetes,7,,,,,,rbf_svm,0.0028843999971286394
diabetes,8,29.0,15.0,4.0,0.03570229948331332,0.0,matched_gini,0.03015400000003865
diabetes,8,29.0,15.0,4.0,0.03570229948331332,0.0,mags_fixed,0.035405999995418824
diabetes,8,29.0,15.0,4.0,0.03570229948331332,0.0,mags_binary_excluded,0.03278320000390522
diabetes,8,29.0,15.0,4.0,0.025757756886022165,0.0,matched_gini_unrestricted,0.038937700002861675
diabetes,8,29.0,15.0,4.0,0.025757756886022165,0.0,mags_fixed_unrestricted,0.06341339999926277
diabetes,8,29.0,15.0,4.0,,,cart_fixed,0.001349300000583753
diabetes,8,91.0,46.0,7.0,0.06922635362245373,0.0,mags_tuned,0.9794567000062671
diabetes,8,107.0,54.0,10.0,,,cart_tuned_depth,0.012357300001895055
diabetes,8,29.0,15.0,7.0,,,cart_pruned,0.027970299997832626
diabetes,8,29.0,15.0,4.0,,,noise_augmented_cart,0.001728800001728814
diabetes,8,,,,,,random_forest,0.06518850000429666
diabetes,8,,,,,,extra_trees,0.0406924999988405
diabetes,8,,,,,,linear_svm,0.0039076000030036084
diabetes,8,,,,,,rbf_svm,0.002794099993479904
diabetes,9,27.0,14.0,4.0,0.017962618487365405,0.0,matched_gini,0.033321900002192706
diabetes,9,27.0,14.0,4.0,0.025116098282837382,0.0,mags_fixed,0.03296369999588933
diabetes,9,27.0,14.0,4.0,0.025116098282837382,0.0,mags_binary_excluded,0.03166709999641171
diabetes,9,27.0,14.0,4.0,0.028905872375274012,0.0,matched_gini_unrestricted,0.036779499998374376
diabetes,9,27.0,14.0,4.0,0.0943006738660406,0.0,mags_fixed_unrestricted,0.05659379999997327
diabetes,9,27.0,14.0,4.0,,,cart_fixed,0.0013688999970327131
diabetes,9,7.0,4.0,2.0,0.0047388215195878994,0.0,mags_tuned,0.9912288999985321
diabetes,9,7.0,4.0,2.0,,,cart_tuned_depth,0.02113689999532653
diabetes,9,29.0,15.0,7.0,,,cart_pruned,0.024501999992935453
diabetes,9,29.0,15.0,4.0,,,noise_augmented_cart,0.001763200001732912
diabetes,9,,,,,,random_forest,0.06643379999877652
diabetes,9,,,,,,extra_trees,0.048833900000317954
diabetes,9,,,,,,linear_svm,0.0031329999983427115
diabetes,9,,,,,,rbf_svm,0.0029829999984940514
diabetes,11,31.0,16.0,4.0,0.01596958396888511,0.0,matched_gini,0.03313060000073165
diabetes,11,31.0,16.0,4.0,0.018296379837516884,0.0,mags_fixed,0.027413000003434718
diabetes,11,31.0,16.0,4.0,0.018296379837516884,0.0,mags_binary_excluded,0.035323500000231434
diabetes,11,29.0,15.0,4.0,0.06435513581591168,0.0,matched_gini_unrestricted,0.04804069999954663
diabetes,11,29.0,15.0,4.0,0.0815114561980385,0.0,mags_fixed_unrestricted,0.0483996000039042
diabetes,11,31.0,16.0,4.0,,,cart_fixed,0.0013630000030389056
diabetes,11,31.0,16.0,4.0,0.025148231689368743,0.0,mags_tuned,0.9217675999971107
diabetes,11,15.0,8.0,3.0,,,cart_tuned_depth,0.013658399999258108
diabetes,11,11.0,6.0,3.0,,,cart_pruned,0.020869300002232194
diabetes,11,29.0,15.0,4.0,,,noise_augmented_cart,0.001661899994360283
diabetes,11,,,,,,random_forest,0.06832700000086334
diabetes,11,,,,,,extra_trees,0.041028100000403356
diabetes,11,,,,,,linear_svm,0.005719100001442712
diabetes,11,,,,,,rbf_svm,0.0033717999976943247
diabetes,10,27.0,14.0,4.0,0.035677459492831576,0.0,matched_gini,0.04116989999602083
diabetes,10,27.0,14.0,4.0,0.035677459492831576,0.0,mags_fixed,0.03875089999928605
diabetes,10,27.0,14.0,4.0,0.035677459492831576,0.0,mags_binary_excluded,0.03075389999867184
diabetes,10,27.0,14.0,4.0,0.028446699825324544,0.0,matched_gini_unrestricted,0.043764699999883305
diabetes,10,27.0,14.0,4.0,0.028446699825324544,0.0,mags_fixed_unrestricted,0.04683569999906467
diabetes,10,29.0,15.0,4.0,,,cart_fixed,0.0035454999961075373
diabetes,10,83.0,42.0,7.0,0.07193824239109438,0.0,mags_tuned,0.995378300001903
diabetes,10,99.0,50.0,8.0,,,cart_tuned_depth,0.014881499999319203
diabetes,10,9.0,5.0,3.0,,,cart_pruned,0.021406200001365505
diabetes,10,29.0,15.0,4.0,,,noise_augmented_cart,0.0020112999991397373
diabetes,10,,,,,,random_forest,0.06435659999988275
diabetes,10,,,,,,extra_trees,0.043607599996903446
diabetes,10,,,,,,linear_svm,0.003361699993547518
diabetes,10,,,,,,rbf_svm,0.0029276999994181097
diabetes,12,29.0,15.0,4.0,0.026541435669783297,0.0,matched_gini,0.028588000001036562
diabetes,12,29.0,15.0,4.0,0.04023191186025949,0.0,mags_fixed,0.038894199999049306
diabetes,12,29.0,15.0,4.0,0.04023191186025949,0.0,mags_binary_excluded,0.04000660000019707
diabetes,12,31.0,16.0,4.0,0.038608367073513596,0.0,matched_gini_unrestricted,0.0498172000006889
diabetes,12,31.0,16.0,4.0,0.06498173810467933,0.0,mags_fixed_unrestricted,0.04417560000001686
diabetes,12,29.0,15.0,4.0,,,cart_fixed,0.0011219999942113645
diabetes,12,7.0,4.0,2.0,0.008707760577039479,0.0,mags_tuned,0.9894821999987471
diabetes,12,49.0,25.0,5.0,,,cart_tuned_depth,0.012045199997373857
diabetes,12,45.0,23.0,11.0,,,cart_pruned,0.02125079999677837
diabetes,12,31.0,16.0,4.0,,,noise_augmented_cart,0.0017473999978392385
diabetes,12,,,,,,random_forest,0.06047769999713637
diabetes,12,,,,,,extra_trees,0.04439989999809768
diabetes,12,,,,,,linear_svm,0.0033947999982046895
diabetes,12,,,,,,rbf_svm,0.0023705999992671423
diabetes,13,25.0,13.0,4.0,0.05788954093431101,0.0,matched_gini,0.028470700002799276
diabetes,13,25.0,13.0,4.0,0.07120007791506075,0.0,mags_fixed,0.026911299995845184
diabetes,13,25.0,13.0,4.0,0.07120007791506075,0.0,mags_binary_excluded,0.02455529999861028
diabetes,13,25.0,13.0,4.0,0.01815957227402164,0.0,matched_gini_unrestricted,0.03737370000453666
diabetes,13,25.0,13.0,4.0,0.01815957227402164,0.0,mags_fixed_unrestricted,0.04095529999904102
diabetes,13,27.0,14.0,4.0,,,cart_fixed,0.0011863000036100857
diabetes,13,77.0,39.0,7.0,0.06091300606151127,0.0,mags_tuned,1.0771641999963322
diabetes,13,7.0,4.0,2.0,,,cart_tuned_depth,0.01918219999788562
diabetes,13,11.0,6.0,4.0,,,cart_pruned,0.023804500000551343
diabetes,13,29.0,15.0,4.0,,,noise_augmented_cart,0.0019709000043803826
diabetes,13,,,,,,random_forest,0.06923620000452502
diabetes,13,,,,,,extra_trees,0.04588030000013532
diabetes,13,,,,,,linear_svm,0.0038200000053620897
diabetes,13,,,,,,rbf_svm,0.0029257999995024875
diabetes,15,27.0,14.0,4.0,0.022837358809461368,0.0,matched_gini,0.03088710000156425
diabetes,15,27.0,14.0,4.0,0.03432235850786057,0.0,mags_fixed,0.03394019999541342
diabetes,15,27.0,14.0,4.0,0.03432235850786057,0.0,mags_binary_excluded,0.04537510000227485
diabetes,15,23.0,12.0,4.0,0.0257702612194658,0.0,matched_gini_unrestricted,0.02874090000113938
diabetes,15,23.0,12.0,4.0,0.03812596107516566,0.0,mags_fixed_unrestricted,0.03881790000014007
diabetes,15,27.0,14.0,4.0,,,cart_fixed,0.0012490000008256175
diabetes,15,45.0,23.0,5.0,0.05989935056235293,0.0,mags_tuned,0.9761043000034988
diabetes,15,15.0,8.0,3.0,,,cart_tuned_depth,0.011225399997783825
diabetes,15,7.0,4.0,3.0,,,cart_pruned,0.02563940000254661
diabetes,15,31.0,16.0,4.0,,,noise_augmented_cart,0.001778799996827729
diabetes,15,,,,,,random_forest,0.06435079999937443
diabetes,15,,,,,,extra_trees,0.04423970000061672
diabetes,15,,,,,,linear_svm,0.004481500000110827
diabetes,15,,,,,,rbf_svm,0.0030353000038303435
diabetes,14,31.0,16.0,4.0,0.0358366513990405,0.0,matched_gini,0.028074400004697964
diabetes,14,31.0,16.0,4.0,0.0358366513990405,0.0,mags_fixed,0.03028700000140816
diabetes,14,31.0,16.0,4.0,0.0358366513990405,0.0,mags_binary_excluded,0.03883529999438906
diabetes,14,29.0,15.0,4.0,0.021245121746859934,0.0,matched_gini_unrestricted,0.0905168000026606
diabetes,14,29.0,15.0,4.0,0.021245121746859934,0.0,mags_fixed_unrestricted,0.04661589999886928
diabetes,14,31.0,16.0,4.0,,,cart_fixed,0.001292700006160885
diabetes,14,15.0,8.0,3.0,0.011089663350852203,0.0,mags_tuned,1.0803698000017903
diabetes,14,7.0,4.0,2.0,,,cart_tuned_depth,0.010833299995283596
diabetes,14,9.0,5.0,3.0,,,cart_pruned,0.02177089999895543
diabetes,14,31.0,16.0,4.0,,,noise_augmented_cart,0.0019264000002294779
diabetes,14,,,,,,random_forest,0.060141900001326576
diabetes,14,,,,,,extra_trees,0.04620640000212006
diabetes,14,,,,,,linear_svm,0.0038124999991850927
diabetes,14,,,,,,rbf_svm,0.0029642000008607283
diabetes,16,23.0,12.0,4.0,0.08478886239263754,0.0,matched_gini,0.023327299997617956
diabetes,16,23.0,12.0,4.0,0.08478886239263754,0.0,mags_fixed,0.025317299994640052
diabetes,16,23.0,12.0,4.0,0.08478886239263754,0.0,mags_binary_excluded,0.030958299998019356
diabetes,16,23.0,12.0,4.0,0.0785508389014171,0.0,matched_gini_unrestricted,0.06744379999872763
diabetes,16,23.0,12.0,4.0,0.0785508389014171,0.0,mags_fixed_unrestricted,0.03375650000089081
diabetes,16,23.0,12.0,4.0,,,cart_fixed,0.005195399993681349
diabetes,16,35.0,18.0,5.0,0.06614200900140069,0.0,mags_tuned,0.9050275000045076
diabetes,16,83.0,42.0,8.0,,,cart_tuned_depth,0.019188099999155384
diabetes,16,69.0,35.0,12.0,,,cart_pruned,0.02362159999756841
diabetes,16,31.0,16.0,4.0,,,noise_augmented_cart,0.0017347000029985793
diabetes,16,,,,,,random_forest,0.07223399999929825
diabetes,16,,,,,,extra_trees,0.04013610000401968
diabetes,16,,,,,,linear_svm,0.0036980000004405156
diabetes,16,,,,,,rbf_svm,0.0031138000049395487
diabetes,17,27.0,14.0,4.0,0.03053823412548762,0.0,matched_gini,0.03585049999674084
diabetes,17,27.0,14.0,4.0,0.049683533270786784,0.0,mags_fixed,0.035366500000236556
diabetes,17,27.0,14.0,4.0,0.049683533270786784,0.0,mags_binary_excluded,0.034831999997550156
diabetes,17,23.0,12.0,4.0,0.03121893114797439,0.0,matched_gini_unrestricted,0.040067200003250036
diabetes,17,23.0,12.0,4.0,0.05658498666108873,0.0,mags_fixed_unrestricted,0.03635509999730857
diabetes,17,25.0,13.0,4.0,,,cart_fixed,0.0013143999967724085
diabetes,17,27.0,14.0,4.0,0.060363558373888807,0.0,mags_tuned,0.8888611000002129
diabetes,17,39.0,20.0,5.0,,,cart_tuned_depth,0.014963199995690957
diabetes,17,9.0,5.0,4.0,,,cart_pruned,0.01846759999898495
diabetes,17,27.0,14.0,4.0,,,noise_augmented_cart,0.001688199998170603
diabetes,17,,,,,,random_forest,0.0602666999984649
diabetes,17,,,,,,extra_trees,0.041667299999971874
diabetes,17,,,,,,linear_svm,0.003939900001569185
diabetes,17,,,,,,rbf_svm,0.0030624999999417923
diabetes,19,25.0,13.0,4.0,0.01716558376938789,0.0,matched_gini,0.05534349999652477
diabetes,19,25.0,13.0,4.0,0.01716558376938789,0.0,mags_fixed,0.032520900000236
diabetes,19,25.0,13.0,4.0,0.01716558376938789,0.0,mags_binary_excluded,0.03313489999709418
diabetes,19,27.0,14.0,4.0,0.040277364311016965,0.0,matched_gini_unrestricted,0.03367460000299616
diabetes,19,27.0,14.0,4.0,0.040277364311016965,0.0,mags_fixed_unrestricted,0.034684199999901466
diabetes,19,25.0,13.0,4.0,,,cart_fixed,0.0011140999995404854
diabetes,19,15.0,8.0,3.0,0.012876352106937036,0.0,mags_tuned,0.9418900999953621
diabetes,19,41.0,21.0,5.0,,,cart_tuned_depth,0.011469499993836507
diabetes,19,9.0,5.0,3.0,,,cart_pruned,0.020660400004999246
diabetes,19,31.0,16.0,4.0,,,noise_augmented_cart,0.001856000002590008
diabetes,19,,,,,,random_forest,0.06628710000222782
diabetes,19,,,,,,extra_trees,0.04315359999600332
diabetes,19,,,,,,linear_svm,0.0032012000010581687
diabetes,19,,,,,,rbf_svm,0.002506199998606462
diabetes,18,29.0,15.0,4.0,0.06047933890506279,0.0,matched_gini,0.04267430000618333
diabetes,18,29.0,15.0,4.0,0.06047933890506279,0.0,mags_fixed,0.032127300000865944
diabetes,18,29.0,15.0,4.0,0.06047933890506279,0.0,mags_binary_excluded,0.04245549999905052
diabetes,18,29.0,15.0,4.0,0.023148397949859293,0.0,matched_gini_unrestricted,0.046762300000409596
diabetes,18,29.0,15.0,4.0,0.023148397949859293,0.0,mags_fixed_unrestricted,0.046844999997119885
diabetes,18,29.0,15.0,4.0,,,cart_fixed,0.001978899999812711
diabetes,18,29.0,15.0,4.0,0.06047933890506279,0.0,mags_tuned,1.0642382000005455
diabetes,18,101.0,51.0,8.0,,,cart_tuned_depth,0.017352099996060133
diabetes,18,17.0,9.0,5.0,,,cart_pruned,0.02518669999699341
diabetes,18,31.0,16.0,4.0,,,noise_augmented_cart,0.0020729000025312416
diabetes,18,,,,,,random_forest,0.0726074000049266
diabetes,18,,,,,,extra_trees,0.03786010000476381
diabetes,18,,,,,,linear_svm,0.0038662000006297603
diabetes,18,,,,,,rbf_svm,0.0029662000015378
diabetes,20,29.0,15.0,4.0,0.023206614286536975,0.0,matched_gini,0.03894639999634819
diabetes,20,29.0,15.0,4.0,0.023206614286536975,0.0,mags_fixed,0.035204200001317076
diabetes,20,29.0,15.0,4.0,0.023206614286536975,0.0,mags_binary_excluded,0.03948870000021998
diabetes,20,29.0,15.0,4.0,0.027922347011991845,0.0,matched_gini_unrestricted,0.03831999999965774
diabetes,20,29.0,15.0,4.0,0.027922347011991845,0.0,mags_fixed_unrestricted,0.0492143000010401
diabetes,20,29.0,15.0,4.0,,,cart_fixed,0.0013416999936453067
diabetes,20,45.0,23.0,5.0,0.030681382590719154,0.0,mags_tuned,0.9682065000015427
diabetes,20,113.0,57.0,11.0,,,cart_tuned_depth,0.011803800000052433
diabetes,20,11.0,6.0,3.0,,,cart_pruned,0.02100380000047153
diabetes,20,31.0,16.0,4.0,,,noise_augmented_cart,0.0021183999997447245
diabetes,20,,,,,,random_forest,0.07612689999950817
diabetes,20,,,,,,extra_trees,0.04252600000472739
diabetes,20,,,,,,linear_svm,0.004813999999896623
diabetes,20,,,,,,rbf_svm,0.0025644000052125193
diabetes,21,29.0,15.0,4.0,0.06716139205805703,0.0,matched_gini,0.025325700000394136
diabetes,21,29.0,15.0,4.0,0.06749888113929264,0.0,mags_fixed,0.02613089999795193
diabetes,21,29.0,15.0,4.0,0.06749888113929264,0.0,mags_binary_excluded,0.03656100000080187
diabetes,21,29.0,15.0,4.0,0.07099023815532333,0.0,matched_gini_unrestricted,0.044654700002865866
diabetes,21,29.0,15.0,4.0,0.07341955187419778,0.0,mags_fixed_unrestricted,0.04230210000241641
diabetes,21,29.0,15.0,4.0,,,cart_fixed,0.0024552000031690113
diabetes,21,15.0,8.0,3.0,0.10557064769500872,0.0,mags_tuned,1.0027241999996477
diabetes,21,47.0,24.0,5.0,,,cart_tuned_depth,0.01481690000218805
diabetes,21,3.0,2.0,1.0,,,cart_pruned,0.022020700002030935
diabetes,21,31.0,16.0,4.0,,,noise_augmented_cart,0.0020912999971187674
diabetes,21,,,,,,random_forest,0.07003930000064429
diabetes,21,,,,,,extra_trees,0.042148300002736505
diabetes,21,,,,,,linear_svm,0.002994900001795031
diabetes,21,,,,,,rbf_svm,0.0022785000037401915
diabetes,23,23.0,12.0,4.0,0.09971406077787748,0.0,matched_gini,0.03406170000380371
diabetes,23,23.0,12.0,4.0,0.10405368290568479,0.0,mags_fixed,0.03614850000303704
diabetes,23,23.0,12.0,4.0,0.10405368290568479,0.0,mags_binary_excluded,0.03517730000021402
diabetes,23,21.0,11.0,4.0,0.09780008679488368,0.0,matched_gini_unrestricted,0.042778900002304
diabetes,23,21.0,11.0,4.0,0.09780008679488368,0.0,mags_fixed_unrestricted,0.03917089999595191
diabetes,23,23.0,12.0,4.0,,,cart_fixed,0.001083999995898921
diabetes,23,33.0,17.0,5.0,0.0801224200372083,0.0,mags_tuned,0.9684220999988611
diabetes,23,23.0,12.0,4.0,,,cart_tuned_depth,0.012923800000862684
diabetes,23,11.0,6.0,4.0,,,cart_pruned,0.022913700006029103
diabetes,23,27.0,14.0,4.0,,,noise_augmented_cart,0.0025115999960689805
diabetes,23,,,,,,random_forest,0.0674624999955995
diabetes,23,,,,,,extra_trees,0.04041439999855356
diabetes,23,,,,,,linear_svm,0.003098699999100063
diabetes,23,,,,,,rbf_svm,0.0026526000001467764
diabetes,22,31.0,16.0,4.0,0.01743507213395079,0.0,matched_gini,0.033677600004011765
diabetes,22,31.0,16.0,4.0,0.01913149477853169,0.0,mags_fixed,0.03090399999928195
diabetes,22,31.0,16.0,4.0,0.01913149477853169,0.0,mags_binary_excluded,0.030869000001985114
diabetes,22,25.0,13.0,4.0,0.013041001016535244,0.0,matched_gini_unrestricted,0.05938899999455316
diabetes,22,25.0,13.0,4.0,0.013041001016535244,0.0,mags_fixed_unrestricted,0.033119200001237914
diabetes,22,23.0,12.0,4.0,,,cart_fixed,0.0010323000024072826
diabetes,22,7.0,4.0,2.0,0.008912743974430122,0.0,mags_tuned,1.0208839000042644
diabetes,22,101.0,51.0,8.0,,,cart_tuned_depth,0.017191200000524987
diabetes,22,11.0,6.0,3.0,,,cart_pruned,0.023461199998564553
diabetes,22,29.0,15.0,4.0,,,noise_augmented_cart,0.0020154000012553297
diabetes,22,,,,,,random_forest,0.06548910000128672
diabetes,22,,,,,,extra_trees,0.04097780000302009
diabetes,22,,,,,,linear_svm,0.0041978999943239614
diabetes,22,,,,,,rbf_svm,0.0034500000037951395
diabetes,24,31.0,16.0,4.0,0.06400343857366661,0.0,matched_gini,0.03869049999775598
diabetes,24,31.0,16.0,4.0,0.09700623542085708,0.0,mags_fixed,0.030658499999844935
diabetes,24,31.0,16.0,4.0,0.09700623542085708,0.0,mags_binary_excluded,0.03088469999784138
diabetes,24,31.0,16.0,4.0,0.08397048087370378,0.0,matched_gini_unrestricted,0.04502700000011828
diabetes,24,29.0,15.0,4.0,0.06481527874522829,0.0,mags_fixed_unrestricted,0.037585899997793604
diabetes,24,29.0,15.0,4.0,,,cart_fixed,0.001113000005716458
diabetes,24,31.0,16.0,4.0,0.09700623542085708,0.0,mags_tuned,0.9864432999966084
diabetes,24,47.0,24.0,5.0,,,cart_tuned_depth,0.01339890000235755
diabetes,24,25.0,13.0,7.0,,,cart_pruned,0.020476500001677778
diabetes,24,29.0,15.0,4.0,,,noise_augmented_cart,0.001973799997358583
diabetes,24,,,,,,random_forest,0.07064429999445565
diabetes,24,,,,,,extra_trees,0.044004299998050556
diabetes,24,,,,,,linear_svm,0.005498299993632827
diabetes,24,,,,,,rbf_svm,0.0032254999969154596
diabetes,25,31.0,16.0,4.0,0.04577338697056373,0.0,matched_gini,0.026548399997409433
diabetes,25,31.0,16.0,4.0,0.04319212542030046,0.0,mags_fixed,0.026651300002413336
diabetes,25,31.0,16.0,4.0,0.04319212542030046,0.0,mags_binary_excluded,0.040774100001726765
diabetes,25,31.0,16.0,4.0,0.04211321895032262,0.0,matched_gini_unrestricted,0.04386069999600295
diabetes,25,31.0,16.0,4.0,0.04211321895032262,0.0,mags_fixed_unrestricted,0.04736830000183545
diabetes,25,31.0,16.0,4.0,,,cart_fixed,0.0011297000019112602
diabetes,25,15.0,8.0,3.0,0.020025604868225747,0.0,mags_tuned,1.0501852000015788
diabetes,25,15.0,8.0,3.0,,,cart_tuned_depth,0.012332300000707619
diabetes,25,15.0,8.0,4.0,,,cart_pruned,0.026727099997515325
diabetes,25,31.0,16.0,4.0,,,noise_augmented_cart,0.003479500002868008
diabetes,25,,,,,,random_forest,0.07841800000460353
diabetes,25,,,,,,extra_trees,0.03988959999696817
diabetes,25,,,,,,linear_svm,0.003990900004282594
diabetes,25,,,,,,rbf_svm,0.0030237000028137118
diabetes,26,31.0,16.0,4.0,0.03117548944088943,0.0,matched_gini,0.025518700000247918
diabetes,26,31.0,16.0,4.0,0.03117548944088943,0.0,mags_fixed,0.030014100004336797
diabetes,26,31.0,16.0,4.0,0.03117548944088943,0.0,mags_binary_excluded,0.032985899997584056
diabetes,26,29.0,15.0,4.0,0.02401166210347353,0.0,matched_gini_unrestricted,0.029813799999828916
diabetes,26,29.0,15.0,4.0,0.02401166210347353,0.0,mags_fixed_unrestricted,0.041867899999488145
diabetes,26,29.0,15.0,4.0,,,cart_fixed,0.0011926000006496906
diabetes,26,15.0,8.0,3.0,0.01445101681945454,0.0,mags_tuned,1.0039150000011432
diabetes,26,119.0,60.0,13.0,,,cart_tuned_depth,0.012224899997818284
diabetes,26,119.0,60.0,13.0,,,cart_pruned,0.02293709999503335
diabetes,26,29.0,15.0,4.0,,,noise_augmented_cart,0.0020832999944104813
diabetes,26,,,,,,random_forest,0.06563590000587283
diabetes,26,,,,,,extra_trees,0.04403719999390887
diabetes,26,,,,,,linear_svm,0.0037121999994269572
diabetes,26,,,,,,rbf_svm,0.0030941000004531816
diabetes,27,29.0,15.0,4.0,0.05131268999751076,0.0,matched_gini,0.03728699999919627
diabetes,27,29.0,15.0,4.0,0.05131268999751076,0.0,mags_fixed,0.045054499998514075
diabetes,27,29.0,15.0,4.0,0.05131268999751076,0.0,mags_binary_excluded,0.03758560000278521
diabetes,27,31.0,16.0,4.0,0.019780062031461296,0.0,matched_gini_unrestricted,0.04899690000456758
diabetes,27,31.0,16.0,4.0,0.020890585563983773,0.0,mags_fixed_unrestricted,0.040077500001643784
diabetes,27,29.0,15.0,4.0,,,cart_fixed,0.0011697000009007752
diabetes,27,15.0,8.0,3.0,0.020931346452748394,0.0,mags_tuned,0.9485283000030904
diabetes,27,29.0,15.0,4.0,,,cart_tuned_depth,0.013836899997841101
diabetes,27,27.0,14.0,6.0,,,cart_pruned,0.027443699997093063
diabetes,27,31.0,16.0,4.0,,,noise_augmented_cart,0.004037099999550264
diabetes,27,,,,,,random_forest,0.07329989999561803
diabetes,27,,,,,,extra_trees,0.04852430000028107
diabetes,27,,,,,,linear_svm,0.0058243999956175685
diabetes,27,,,,,,rbf_svm,0.003088400000706315
diabetes,28,29.0,15.0,4.0,0.027057225017920898,0.0,matched_gini,0.03371080000215443
diabetes,28,29.0,15.0,4.0,0.027057225017920898,0.0,mags_fixed,0.04168690000369679
diabetes,28,29.0,15.0,4.0,0.027057225017920898,0.0,mags_binary_excluded,0.03945729999395553
diabetes,28,27.0,14.0,4.0,0.03244222948099573,0.0,matched_gini_unrestricted,0.0481833000012557
diabetes,28,27.0,14.0,4.0,0.029654228133058742,0.0,mags_fixed_unrestricted,0.046663200002512895
diabetes,28,27.0,14.0,4.0,,,cart_fixed,0.0011540999985300004
diabetes,28,29.0,15.0,4.0,0.027574823361606198,0.0,mags_tuned,1.0414792000010493
diabetes,28,27.0,14.0,4.0,,,cart_tuned_depth,0.013763199996901676
diabetes,28,7.0,4.0,3.0,,,cart_pruned,0.022287300002062693
diabetes,28,29.0,15.0,4.0,,,noise_augmented_cart,0.001753399999870453
diabetes,28,,,,,,random_forest,0.062096600006043445
diabetes,28,,,,,,extra_trees,0.043822999999974854
diabetes,28,,,,,,linear_svm,0.0030388999948627315
diabetes,28,,,,,,rbf_svm,0.0027336999992257915
diabetes,29,29.0,15.0,4.0,0.02800386580614187,0.0,matched_gini,0.0341543999966234
diabetes,29,29.0,15.0,4.0,0.02548579020864755,0.0,mags_fixed,0.031068199998117052
diabetes,29,29.0,15.0,4.0,0.02548579020864755,0.0,mags_binary_excluded,0.03896289999829605
diabetes,29,29.0,15.0,4.0,0.026756767006448145,0.0,matched_gini_unrestricted,0.04782870000053663
diabetes,29,29.0,15.0,4.0,0.026756767006448145,0.0,mags_fixed_unrestricted,0.03865179999411339
diabetes,29,29.0,15.0,4.0,,,cart_fixed,0.0011379999996279366
diabetes,29,7.0,4.0,2.0,0.0031456643309625324,0.0,mags_tuned,0.9902233999964665
diabetes,29,7.0,4.0,2.0,,,cart_tuned_depth,0.013350599998375401
diabetes,29,11.0,6.0,4.0,,,cart_pruned,0.022252300004765857
diabetes,29,29.0,15.0,4.0,,,noise_augmented_cart,0.0021099000005051494
diabetes,29,,,,,,random_forest,0.06496770000376273
diabetes,29,,,,,,extra_trees,0.04244070000277134
diabetes,29,,,,,,linear_svm,0.004128800006583333
diabetes,29,,,,,,rbf_svm,0.002671199996257201
digits,0,47.0,24.0,5.0,0.08372153209109731,0.0,matched_gini,0.14409629999863682
digits,0,49.0,25.0,5.0,0.12189980158730158,0.0,mags_fixed,0.16762259999813978
digits,0,49.0,25.0,5.0,0.12189980158730158,0.0,mags_binary_excluded,0.17603999999846565
digits,0,47.0,24.0,5.0,0.0848343685300207,0.0,matched_gini_unrestricted,0.17113180000160355
digits,0,47.0,24.0,5.0,0.12248964803312631,0.0,mags_fixed_unrestricted,0.16527939999650698
digits,0,47.0,24.0,5.0,,,cart_fixed,0.005739200001698919
digits,0,101.0,51.0,8.0,0.1728109668109668,0.0,mags_tuned,4.723329100001138
digits,0,139.0,70.0,10.0,,,cart_tuned_depth,0.05515919999743346
digits,0,57.0,29.0,9.0,,,cart_pruned,0.094044199999189
digits,0,57.0,29.0,5.0,,,noise_augmented_cart,0.03389030000107596
digits,0,,,,,,random_forest,0.12728269999934128
digits,0,,,,,,extra_trees,0.07597109999915119
digits,0,,,,,,linear_svm,0.013225299997429829
digits,0,,,,,,rbf_svm,0.01982529999804683
digits,1,47.0,24.0,5.0,0.11626984126984126,0.0,matched_gini,0.16976789999898756
digits,1,49.0,25.0,5.0,0.1469095719095719,0.0,mags_fixed,0.18412009999883594
digits,1,49.0,25.0,5.0,0.1469095719095719,0.0,mags_binary_excluded,0.157271000003675
digits,1,47.0,24.0,5.0,0.11626984126984126,0.0,matched_gini_unrestricted,0.16626630000246223
digits,1,49.0,25.0,5.0,0.14929052429052428,0.0,mags_fixed_unrestricted,0.17703530000289902
digits,1,47.0,24.0,5.0,,,cart_fixed,0.005998699998599477
digits,1,107.0,54.0,8.0,0.1903312096708323,0.0,mags_tuned,4.885631500001182
digits,1,139.0,70.0,10.0,,,cart_tuned_depth,0.05273049999959767
digits,1,77.0,39.0,10.0,,,cart_pruned,0.10280199999397155
digits,1,53.0,27.0,5.0,,,noise_augmented_cart,0.03434130000096047
digits,1,,,,,,random_forest,0.15435689999867463
digits,1,,,,,,extra_trees,0.06733749999693828
digits,1,,,,,,linear_svm,0.009579700003087055
digits,1,,,,,,rbf_svm,0.025598799998988397
digits,2,47.0,24.0,5.0,0.09626466528640441,0.0,matched_gini,0.15320979999523843
digits,2,47.0,24.0,5.0,0.11906487232574191,0.0,mags_fixed,0.15474859999812907
digits,2,47.0,24.0,5.0,0.11906487232574191,0.0,mags_binary_excluded,0.15785479999613017
digits,2,47.0,24.0,5.0,0.09569530710835059,0.0,matched_gini_unrestricted,0.1623059999983525
digits,2,47.0,24.0,5.0,0.12936507936507938,0.0,mags_fixed_unrestricted,0.19700680000096327
digits,2,47.0,24.0,5.0,,,cart_fixed,0.005936100002145395
digits,2,101.0,51.0,8.0,0.1741386113886114,0.0,mags_tuned,5.04189580000093
digits,2,147.0,74.0,11.0,,,cart_tuned_depth,0.056062600000586826
digits,2,69.0,35.0,9.0,,,cart_pruned,0.09769389999564737
digits,2,53.0,27.0,5.0,,,noise_augmented_cart,0.04025250000267988
digits,2,,,,,,random_forest,0.11698559999786085
digits,2,,,,,,extra_trees,0.07339250000222819
digits,2,,,,,,linear_svm,0.013501299996278249
digits,2,,,,,,rbf_svm,0.019252500002039596
digits,3,47.0,24.0,5.0,0.11372232839624145,0.0,matched_gini,0.15776460000051884
digits,3,49.0,25.0,5.0,0.11679639804639803,0.0,mags_fixed,0.17407180000009248
digits,3,49.0,25.0,5.0,0.11679639804639803,0.0,mags_binary_excluded,0.15275970000220696
digits,3,47.0,24.0,5.0,0.12085921325051761,0.0,matched_gini_unrestricted,0.189092199994775
digits,3,49.0,25.0,5.0,0.12363591269841269,0.0,mags_fixed_unrestricted,0.19330360000458313
digits,3,47.0,24.0,5.0,,,cart_fixed,0.005756899998232257
digits,3,109.0,55.0,8.0,0.15598627195849418,0.0,mags_tuned,5.175484300001699
digits,3,147.0,74.0,12.0,,,cart_tuned_depth,0.04925310000544414
digits,3,71.0,36.0,9.0,,,cart_pruned,0.09432689999812283
digits,3,53.0,27.0,5.0,,,noise_augmented_cart,0.031196699994325172
digits,3,,,,,,random_forest,0.1267299000028288
digits,3,,,,,,extra_trees,0.0833515999984229
digits,3,,,,,,linear_svm,0.010156899996218272
digits,3,,,,,,rbf_svm,0.02035789999354165
digits,5,47.0,24.0,5.0,0.12519310399745182,0.0,matched_gini,0.17388280000159284
digits,5,47.0,24.0,5.0,0.1340509128552607,0.0,mags_fixed,0.18143680000503082
digits,5,47.0,24.0,5.0,0.1340509128552607,0.0,mags_binary_excluded,0.19832470000255853
digits,5,47.0,24.0,5.0,0.12122153209109732,0.0,matched_gini_unrestricted,0.2122153000018443
digits,5,47.0,24.0,5.0,0.14057265198569543,0.0,mags_fixed_unrestricted,0.1821263000019826
digits,5,47.0,24.0,5.0,,,cart_fixed,0.005775400000857189
digits,5,113.0,57.0,8.0,0.17813949443413726,0.0,mags_tuned,5.543984399999317
digits,5,73.0,37.0,6.0,,,cart_tuned_depth,0.09603950000018813
digits,5,87.0,44.0,10.0,,,cart_pruned,0.09982750000199303
digits,5,55.0,28.0,5.0,,,noise_augmented_cart,0.05084260000148788
digits,5,,,,,,random_forest,0.11485540000285255
digits,5,,,,,,extra_trees,0.07724019999295706
digits,5,,,,,,linear_svm,0.010666200003470294
digits,5,,,,,,rbf_svm,0.02017570000316482
digits,4,49.0,25.0,5.0,0.09055631868131868,0.0,matched_gini,0.18592200000421144
digits,4,49.0,25.0,5.0,0.12813072344322343,0.0,mags_fixed,0.18660609999642475
digits,4,49.0,25.0,5.0,0.12813072344322343,0.0,mags_binary_excluded,0.17163549999531824
digits,4,49.0,25.0,5.0,0.08665674603174604,0.0,matched_gini_unrestricted,0.22458889999688836
digits,4,49.0,25.0,5.0,0.1281803266178266,0.0,mags_fixed_unrestricted,0.19707059999927878
digits,4,49.0,25.0,5.0,,,cart_fixed,0.0058690000005299225
digits,4,117.0,59.0,8.0,0.18670012937254318,0.0,mags_tuned,6.042568500000925
digits,4,113.0,57.0,8.0,,,cart_tuned_depth,0.045803600005456246
digits,4,61.0,31.0,8.0,,,cart_pruned,0.11207419999846024
digits,4,55.0,28.0,5.0,,,noise_augmented_cart,0.03712680000171531
digits,4,,,,,,random_forest,0.13682189999963157
digits,4,,,,,,extra_trees,0.0811422999977367
digits,4,,,,,,linear_svm,0.009932799999660347
digits,4,,,,,,rbf_svm,0.026436200001626275
digits,7,51.0,26.0,5.0,0.13578371628371627,0.0,matched_gini,0.16215959999681218
digits,7,49.0,25.0,5.0,0.14404657842157842,0.0,mags_fixed,0.1781263000011677
digits,7,49.0,25.0,5.0,0.14404657842157842,0.0,mags_binary_excluded,0.20756860000255983
digits,7,49.0,25.0,5.0,0.1298859126984127,0.0,matched_gini_unrestricted,0.23021199999493547
digits,7,47.0,24.0,5.0,0.14406644080557127,0.0,mags_fixed_unrestricted,0.26163939999969443
digits,7,49.0,25.0,5.0,,,cart_fixed,0.005762000000686385
digits,7,117.0,59.0,8.0,0.15932207160655434,0.0,mags_tuned,5.177285000005213
digits,7,115.0,58.0,8.0,,,cart_tuned_depth,0.059856599997146986
digits,7,63.0,32.0,8.0,,,cart_pruned,0.0896814000006998
digits,7,53.0,27.0,5.0,,,noise_augmented_cart,0.03334779999568127
digits,7,,,,,,random_forest,0.16054689999873517
digits,7,,,,,,extra_trees,0.11142970000219066
digits,7,,,,,,linear_svm,0.01125829999364214
digits,7,,,,,,rbf_svm,0.019643299994640984
digits,6,51.0,26.0,5.0,0.14188095238095239,0.0,matched_gini,0.20919729999877745
digits,6,51.0,26.0,5.0,0.1671904761904762,0.0,mags_fixed,0.1868121000006795
digits,6,51.0,26.0,5.0,0.1671904761904762,0.0,mags_binary_excluded,0.1982401999994181
digits,6,51.0,26.0,5.0,0.14188095238095239,0.0,matched_gini_unrestricted,0.30525050000142073
digits,6,51.0,26.0,5.0,0.1671904761904762,0.0,mags_fixed_unrestricted,0.27824780000082683
digits,6,51.0,26.0,5.0,,,cart_fixed,0.005863100006536115
digits,6,115.0,58.0,8.0,0.2142407300302037,0.0,mags_tuned,5.658258299998124
digits,6,145.0,73.0,10.0,,,cart_tuned_depth,0.048709800001233816
digits,6,81.0,41.0,10.0,,,cart_pruned,0.10646590000396827
digits,6,59.0,30.0,5.0,,,noise_augmented_cart,0.03692040000169072
digits,6,,,,,,random_forest,0.1253419999993639
digits,6,,,,,,extra_trees,0.06713110000418965
digits,6,,,,,,linear_svm,0.009705799995572306
digits,6,,,,,,rbf_svm,0.019707699997525197
digits,8,49.0,25.0,5.0,0.14914847883597884,0.0,matched_gini,0.17666669999744045
digits,8,49.0,25.0,5.0,0.17750496031746033,0.0,mags_fixed,0.14002079999772832
digits,8,49.0,25.0,5.0,0.17750496031746033,0.0,mags_binary_excluded,0.16011550000257557
digits,8,49.0,25.0,5.0,0.13161375661375663,0.0,matched_gini_unrestricted,0.18109949999779928
digits,8,49.0,25.0,5.0,0.17750496031746033,0.0,mags_fixed_unrestricted,0.27070719999755966
digits,8,49.0,25.0,5.0,,,cart_fixed,0.0057843999966280535
digits,8,113.0,57.0,8.0,0.14190078274899703,0.0,mags_tuned,5.1329985999982455
digits,8,149.0,75.0,10.0,,,cart_tuned_depth,0.052838099996733945
digits,8,79.0,40.0,10.0,,,cart_pruned,0.09796169999754056
digits,8,51.0,26.0,5.0,,,noise_augmented_cart,0.03373450000071898
digits,8,,,,,,random_forest,0.1439717000030214
digits,8,,,,,,extra_trees,0.07739500000025146
digits,8,,,,,,linear_svm,0.010466100000485312
digits,8,,,,,,rbf_svm,0.021266299998387694
digits,9,45.0,23.0,5.0,0.08904845154845153,0.0,matched_gini,0.1352413000058732
digits,9,47.0,24.0,5.0,0.12135955831608007,0.0,mags_fixed,0.14713049999409122
digits,9,47.0,24.0,5.0,0.12135955831608007,0.0,mags_binary_excluded,0.16356709999672603
digits,9,45.0,23.0,5.0,0.08858225108225107,0.0,matched_gini_unrestricted,0.2107361000016681
digits,9,47.0,24.0,5.0,0.1224465148378192,0.0,mags_fixed_unrestricted,0.2335791999939829
digits,9,45.0,23.0,5.0,,,cart_fixed,0.005826900000101887
digits,9,115.0,58.0,8.0,0.17713273568536722,0.0,mags_tuned,5.269936199998483
digits,9,111.0,56.0,8.0,,,cart_tuned_depth,0.06776410000020405
digits,9,73.0,37.0,10.0,,,cart_pruned,0.0914386000004015
digits,9,57.0,29.0,5.0,,,noise_augmented_cart,0.03511450000223704
digits,9,,,,,,random_forest,0.12687459999870043
digits,9,,,,,,extra_trees,0.08697080000274582
digits,9,,,,,,linear_svm,0.010031700003310107
digits,9,,,,,,rbf_svm,0.020171900003333576
digits,11,49.0,25.0,5.0,0.11364914021164023,0.0,matched_gini,0.19495070000266423
digits,11,49.0,25.0,5.0,0.1185433201058201,0.0,mags_fixed,0.17954159999499097
digits,11,49.0,25.0,5.0,0.1185433201058201,0.0,mags_binary_excluded,0.2045055999988108
digits,11,49.0,25.0,5.0,0.10786210317460317,0.0,matched_gini_unrestricted,0.21685969999816734
digits,11,49.0,25.0,5.0,0.12780257936507936,0.0,mags_fixed_unrestricted,0.21138739999878453
digits,11,49.0,25.0,5.0,,,cart_fixed,0.005240600003162399
digits,11,115.0,58.0,8.0,0.16462465409833832,0.0,mags_tuned,5.121614299998328
digits,11,115.0,58.0,8.0,,,cart_tuned_depth,0.06085510000411887
digits,11,113.0,57.0,10.0,,,cart_pruned,0.09061379999911878
digits,11,59.0,30.0,5.0,,,noise_augmented_cart,0.03517110000393586
digits,11,,,,,,random_forest,0.14788189999671886
digits,11,,,,,,extra_trees,0.06951370000024326
digits,11,,,,,,linear_svm,0.010408900001493748
digits,11,,,,,,rbf_svm,0.0198136999970302
digits,10,49.0,25.0,5.0,0.10357142857142858,0.0,matched_gini,0.19576059999963036
digits,10,49.0,25.0,5.0,0.13581349206349205,0.0,mags_fixed,0.20862850000412436
digits,10,49.0,25.0,5.0,0.13581349206349205,0.0,mags_binary_excluded,0.2110644999993383
digits,10,49.0,25.0,5.0,0.11555059523809523,0.0,matched_gini_unrestricted,0.240693799998553
digits,10,49.0,25.0,5.0,0.1507688492063492,0.0,mags_fixed_unrestricted,0.1896645000015269
digits,10,49.0,25.0,5.0,,,cart_fixed,0.005720999994082376
digits,10,109.0,55.0,8.0,0.1981769002602336,0.0,mags_tuned,5.763594900003227
digits,10,139.0,70.0,10.0,,,cart_tuned_depth,0.048245799996948335
digits,10,85.0,43.0,10.0,,,cart_pruned,0.10134779999498278
digits,10,51.0,26.0,5.0,,,noise_augmented_cart,0.03624139999737963
digits,10,,,,,,random_forest,0.13271820000227308
digits,10,,,,,,extra_trees,0.08119040000019595
digits,10,,,,,,linear_svm,0.009579499994288199
digits,10,,,,,,rbf_svm,0.01877000000240514
digits,12,49.0,25.0,5.0,0.110118006993007,0.0,matched_gini,0.1692992000025697
digits,12,49.0,25.0,5.0,0.10643384393384393,0.0,mags_fixed,0.2094855000032112
digits,12,49.0,25.0,5.0,0.10643384393384393,0.0,mags_binary_excluded,0.14878609999868786
digits,12,49.0,25.0,5.0,0.10255352286602289,0.0,matched_gini_unrestricted,0.26029620000190334
digits,12,49.0,25.0,5.0,0.14428106615606617,0.0,mags_fixed_unrestricted,0.22126399999979185
digits,12,49.0,25.0,5.0,,,cart_fixed,0.006167999999888707
digits,12,119.0,60.0,8.0,0.13884909817113206,0.0,mags_tuned,5.069298299997172
digits,12,161.0,81.0,12.0,,,cart_tuned_depth,0.04991469999367837
digits,12,161.0,81.0,12.0,,,cart_pruned,0.10978210000030231
digits,12,53.0,27.0,5.0,,,noise_augmented_cart,0.0746140999981435
digits,12,,,,,,random_forest,0.1408270000029006
digits,12,,,,,,extra_trees,0.09116659999563126
digits,12,,,,,,linear_svm,0.010879900000873022
digits,12,,,,,,rbf_svm,0.02937950000341516
digits,14,47.0,24.0,5.0,0.12397656691134952,0.0,matched_gini,0.16362149999622488
digits,14,45.0,23.0,5.0,0.13875360750360752,0.0,mags_fixed,0.14030769999953918
digits,14,45.0,23.0,5.0,0.13875360750360752,0.0,mags_binary_excluded,0.18177830000058748
digits,14,47.0,24.0,5.0,0.12784679089026915,0.0,matched_gini_unrestricted,0.2048469000001205
digits,14,45.0,23.0,5.0,0.14013139638139638,0.0,mags_fixed_unrestricted,0.23954509999748552
digits,14,47.0,24.0,5.0,,,cart_fixed,0.0056101000009221025
digits,14,109.0,55.0,8.0,0.20396712341156786,0.0,mags_tuned,4.904226900005597
digits,14,139.0,70.0,10.0,,,cart_tuned_depth,0.04760610000084853
digits,14,117.0,59.0,10.0,,,cart_pruned,0.10407690000283765
digits,14,53.0,27.0,5.0,,,noise_augmented_cart,0.040128200002072845
digits,14,,,,,,random_forest,0.12201220000133617
digits,14,,,,,,extra_trees,0.09835239999665646
digits,14,,,,,,linear_svm,0.01016420000087237
digits,14,,,,,,rbf_svm,0.016479999998409767
digits,13,47.0,24.0,5.0,0.09248619737750172,0.0,matched_gini,0.16057319999526953
digits,13,47.0,24.0,5.0,0.12028985507246377,0.0,mags_fixed,0.1933396000022185
digits,13,47.0,24.0,5.0,0.12028985507246377,0.0,mags_binary_excluded,0.1723229999988689
digits,13,47.0,24.0,5.0,0.08783643892339542,0.0,matched_gini_unrestricted,0.20647009999811416
digits,13,47.0,24.0,5.0,0.13879399585921323,0.0,mags_fixed_unrestricted,0.20604049999383278
digits,13,47.0,24.0,5.0,,,cart_fixed,0.006317399995168671
digits,13,109.0,55.0,8.0,0.10185213449102336,0.0,mags_tuned,5.614053099998273
digits,13,109.0,55.0,8.0,,,cart_tuned_depth,0.05118950000178302
digits,13,75.0,38.0,10.0,,,cart_pruned,0.10777409999718657
digits,13,51.0,26.0,5.0,,,noise_augmented_cart,0.0358059000063804
digits,13,,,,,,random_forest,0.13477509999938775
digits,13,,,,,,extra_trees,0.06852140000410145
digits,13,,,,,,linear_svm,0.018597599999338854
digits,13,,,,,,rbf_svm,0.0367301000005682
digits,15,45.0,23.0,5.0,0.10357142857142859,0.0,matched_gini,0.19221319999633124
digits,15,45.0,23.0,5.0,0.12332251082251085,0.0,mags_fixed,0.15886509999836562
digits,15,45.0,23.0,5.0,0.12332251082251085,0.0,mags_binary_excluded,0.17835829999967245
digits,15,45.0,23.0,5.0,0.10376082251082251,0.0,matched_gini_unrestricted,0.19745790000160923
digits,15,45.0,23.0,5.0,0.12351190476190478,0.0,mags_fixed_unrestricted,0.17164369999954943
digits,15,45.0,23.0,5.0,,,cart_fixed,0.005153099999006372
digits,15,121.0,61.0,8.0,0.18635938135938135,0.0,mags_tuned,5.7529993999996805
digits,15,147.0,74.0,10.0,,,cart_tuned_depth,0.057599799998570234
digits,15,53.0,27.0,8.0,,,cart_pruned,0.10369709999940824
digits,15,53.0,27.0,5.0,,,noise_augmented_cart,0.04145480000443058
digits,15,,,,,,random_forest,0.13907850000396138
digits,15,,,,,,extra_trees,0.07835370000248076
digits,15,,,,,,linear_svm,0.011584399995626882
digits,15,,,,,,rbf_svm,0.022654100001091138
digits,16,45.0,23.0,5.0,0.09004329004329004,0.0,matched_gini,0.17018180000013672
digits,16,45.0,23.0,5.0,0.11928210678210681,0.0,mags_fixed,0.16680620000261115
digits,16,45.0,23.0,5.0,0.11928210678210681,0.0,mags_binary_excluded,0.146919999999227
digits,16,45.0,23.0,5.0,0.09207251082251083,0.0,matched_gini_unrestricted,0.18631899999309098
digits,16,45.0,23.0,5.0,0.12104978354978356,0.0,mags_fixed_unrestricted,0.20480700000189245
digits,16,45.0,23.0,5.0,,,cart_fixed,0.006389900001522619
digits,16,101.0,51.0,8.0,0.16851085026085022,0.0,mags_tuned,4.975160199996026
digits,16,137.0,69.0,10.0,,,cart_tuned_depth,0.04818179999710992
digits,16,145.0,73.0,11.0,,,cart_pruned,0.0961103000008734
digits,16,53.0,27.0,5.0,,,noise_augmented_cart,0.03412840000237338
digits,16,,,,,,random_forest,0.1101210999986506
digits,16,,,,,,extra_trees,0.0678157000002102
digits,16,,,,,,linear_svm,0.010937099999864586
digits,16,,,,,,rbf_svm,0.01827169999887701
digits,17,49.0,25.0,5.0,0.1151098901098901,0.0,matched_gini,0.20529540000279667
digits,17,49.0,25.0,5.0,0.13142933455433456,0.0,mags_fixed,0.18729439999879105
digits,17,49.0,25.0,5.0,0.13142933455433456,0.0,mags_binary_excluded,0.19072190000588307
digits,17,49.0,25.0,5.0,0.09966931216931219,0.0,matched_gini_unrestricted,0.18485579999833135
digits,17,49.0,25.0,5.0,0.1418154761904762,0.0,mags_fixed_unrestricted,0.18250830000033602
digits,17,49.0,25.0,5.0,,,cart_fixed,0.006249099998967722
digits,17,109.0,55.0,8.0,0.17826137340026224,0.0,mags_tuned,5.179187299996556
digits,17,145.0,73.0,10.0,,,cart_tuned_depth,0.052736000005097594
digits,17,81.0,41.0,10.0,,,cart_pruned,0.10904689999733819
digits,17,51.0,26.0,5.0,,,noise_augmented_cart,0.034057100005156826
digits,17,,,,,,random_forest,0.15765499999542953
digits,17,,,,,,extra_trees,0.0706212000004598
digits,17,,,,,,linear_svm,0.008974500000476837
digits,17,,,,,,rbf_svm,0.016463700005260762
digits,18,51.0,26.0,5.0,0.12469047619047618,0.0,matched_gini,0.19031990000075893
digits,18,51.0,26.0,5.0,0.17323809523809522,0.0,mags_fixed,0.17494920000171987
digits,18,51.0,26.0,5.0,0.17323809523809522,0.0,mags_binary_excluded,0.15771720000338973
digits,18,51.0,26.0,5.0,0.11207142857142857,0.0,matched_gini_unrestricted,0.2106186999953934
digits,18,51.0,26.0,5.0,0.16392857142857142,0.0,mags_fixed_unrestricted,0.21465779999562073
digits,18,51.0,26.0,5.0,,,cart_fixed,0.00630269999965094
digits,18,123.0,62.0,8.0,0.21163492700377945,0.0,mags_tuned,5.507008200002019
digits,18,121.0,61.0,8.0,,,cart_tuned_depth,0.04913490000035381
digits,18,55.0,28.0,8.0,,,cart_pruned,0.11744860000180779
digits,18,55.0,28.0,5.0,,,noise_augmented_cart,0.03269729999738047
digits,18,,,,,,random_forest,0.11971980000089388
digits,18,,,,,,extra_trees,0.06827530000009574
digits,18,,,,,,linear_svm,0.010729800000262912
digits,18,,,,,,rbf_svm,0.02149240000289865
digits,19,49.0,25.0,5.0,0.11381916694416694,0.0,matched_gini,0.18031690000498202
digits,19,47.0,24.0,5.0,0.14312788660614748,0.0,mags_fixed,0.15930410000146367
digits,19,47.0,24.0,5.0,0.14312788660614748,0.0,mags_binary_excluded,0.17024819999642204
digits,19,49.0,25.0,5.0,0.09082809551559552,0.0,matched_gini_unrestricted,0.19805690000066534
digits,19,47.0,24.0,5.0,0.15107302118171684,0.0,mags_fixed_unrestricted,0.21415780000097584
digits,19,49.0,25.0,5.0,,,cart_fixed,0.006623400004173163
digits,19,117.0,59.0,8.0,0.1894281006349972,0.0,mags_tuned,5.402990199996566
digits,19,147.0,74.0,10.0,,,cart_tuned_depth,0.04971369999839226
digits,19,69.0,35.0,9.0,,,cart_pruned,0.10164439999789465
digits,19,57.0,29.0,5.0,,,noise_augmented_cart,0.03902679999737302
digits,19,,,,,,random_forest,0.12122709999675862
digits,19,,,,,,extra_trees,0.07924440000351751
digits,19,,,,,,linear_svm,0.009375600006023888
digits,19,,,,,,rbf_svm,0.01767419999669073
digits,20,51.0,26.0,5.0,0.09654761904761905,0.0,matched_gini,0.16965239999990445
digits,20,51.0,26.0,5.0,0.13535714285714284,0.0,mags_fixed,0.15354220000153873
digits,20,51.0,26.0,5.0,0.13535714285714284,0.0,mags_binary_excluded,0.20281919999979436
digits,20,51.0,26.0,5.0,0.09129120879120879,0.0,matched_gini_unrestricted,0.1723377000016626
digits,20,51.0,26.0,5.0,0.1301007326007326,0.0,mags_fixed_unrestricted,0.1827594999995199
digits,20,51.0,26.0,5.0,,,cart_fixed,0.005572599999140948
digits,20,121.0,61.0,8.0,0.17899598087098087,0.0,mags_tuned,5.627269099997648
digits,20,119.0,60.0,8.0,,,cart_tuned_depth,0.04965499999525491
digits,20,73.0,37.0,9.0,,,cart_pruned,0.1586964000016451
digits,20,57.0,29.0,5.0,,,noise_augmented_cart,0.03703970000060508
digits,20,,,,,,random_forest,0.11652269999467535
digits,20,,,,,,extra_trees,0.07372179999947548
digits,20,,,,,,linear_svm,0.010921299995970912
digits,20,,,,,,rbf_svm,0.02584490000299411
digits,21,49.0,25.0,5.0,0.09223710317460317,0.0,matched_gini,0.1697504999974626
digits,21,47.0,24.0,5.0,0.12375776397515528,0.0,mags_fixed,0.15471740000066347
digits,21,47.0,24.0,5.0,0.12375776397515528,0.0,mags_binary_excluded,0.1595722999991267
digits,21,49.0,25.0,5.0,0.0833829365079365,0.0,matched_gini_unrestricted,0.23480539999582106
digits,21,47.0,24.0,5.0,0.13190993788819877,0.0,mags_fixed_unrestricted,0.16976180000347085
digits,21,49.0,25.0,5.0,,,cart_fixed,0.005897700000787154
digits,21,111.0,56.0,8.0,0.21458402708402705,0.0,mags_tuned,4.9990222999986145
digits,21,141.0,71.0,10.0,,,cart_tuned_depth,0.05278419999376638
digits,21,67.0,34.0,10.0,,,cart_pruned,0.09835169999860227
digits,21,47.0,24.0,5.0,,,noise_augmented_cart,0.035296400004881434
digits,21,,,,,,random_forest,0.12362750000465894
digits,21,,,,,,extra_trees,0.0905514000041876
digits,21,,,,,,linear_svm,0.011036700001568533
digits,21,,,,,,rbf_svm,0.020477599995501805
digits,22,51.0,26.0,5.0,0.12145238095238095,0.0,matched_gini,0.16181089999736287
digits,22,51.0,26.0,5.0,0.1515238095238095,0.0,mags_fixed,0.17316369999753078
digits,22,51.0,26.0,5.0,0.1515238095238095,0.0,mags_binary_excluded,0.18780770000012126
digits,22,51.0,26.0,5.0,0.12228571428571429,0.0,matched_gini_unrestricted,0.21240920000127517
digits,22,51.0,26.0,5.0,0.16145238095238096,0.0,mags_fixed_unrestricted,0.16344959999696584
digits,22,51.0,26.0,5.0,,,cart_fixed,0.007903499994426966
digits,22,119.0,60.0,8.0,0.18476474090880868,0.0,mags_tuned,5.162983299996995
digits,22,149.0,75.0,10.0,,,cart_tuned_depth,0.06518799999321345
digits,22,75.0,38.0,9.0,,,cart_pruned,0.09639710000192281
digits,22,55.0,28.0,5.0,,,noise_augmented_cart,0.03982640000322135
digits,22,,,,,,random_forest,0.12044500000047265
digits,22,,,,,,extra_trees,0.06574859999818727
digits,22,,,,,,linear_svm,0.010263700001814868
digits,22,,,,,,rbf_svm,0.02002139999967767
digits,23,49.0,25.0,5.0,0.1031498015873016,0.0,matched_gini,0.17538349999813363
digits,23,51.0,26.0,5.0,0.13743290043290043,0.0,mags_fixed,0.1981316000019433
digits,23,51.0,26.0,5.0,0.13743290043290043,0.0,mags_binary_excluded,0.15679549999913434
digits,23,49.0,25.0,5.0,0.10314980158730158,0.0,matched_gini_unrestricted,0.19872030000260565
digits,23,51.0,26.0,5.0,0.14734315684315683,0.0,mags_fixed_unrestricted,0.22483780000038678
digits,23,49.0,25.0,5.0,,,cart_fixed,0.007440800000040326
digits,23,123.0,62.0,8.0,0.18054554734882602,0.0,mags_tuned,5.438488800005871
digits,23,145.0,73.0,10.0,,,cart_tuned_depth,0.04629679999925429
digits,23,47.0,24.0,8.0,,,cart_pruned,0.09808820000034757
digits,23,55.0,28.0,5.0,,,noise_augmented_cart,0.03773209999781102
digits,23,,,,,,random_forest,0.13170249999529915
digits,23,,,,,,extra_trees,0.07608970000001136
digits,23,,,,,,linear_svm,0.011423999996623024
digits,23,,,,,,rbf_svm,0.021382099999755155
digits,24,49.0,25.0,5.0,0.09815791847041848,0.0,matched_gini,0.16575680000096327
digits,24,49.0,25.0,5.0,0.11717397186147187,0.0,mags_fixed,0.169451100002334
digits,24,49.0,25.0,5.0,0.11717397186147187,0.0,mags_binary_excluded,0.16489390000060666
digits,24,49.0,25.0,5.0,0.11408730158730158,0.0,matched_gini_unrestricted,0.17415230000187876
digits,24,49.0,25.0,5.0,0.11931367243867246,0.0,mags_fixed_unrestricted,0.21542730000510346
digits,24,49.0,25.0,5.0,,,cart_fixed,0.005374799999117386
digits,24,117.0,59.0,8.0,0.15400825228411436,0.0,mags_tuned,4.986009700005525
digits,24,151.0,76.0,10.0,,,cart_tuned_depth,0.05718499999784399
digits,24,117.0,59.0,11.0,,,cart_pruned,0.09847509999963222
digits,24,51.0,26.0,5.0,,,noise_augmented_cart,0.03600920000462793
digits,24,,,,,,random_forest,0.12583060000179103
digits,24,,,,,,extra_trees,0.06205039999622386
digits,24,,,,,,linear_svm,0.01031860000512097
digits,24,,,,,,rbf_svm,0.02038170000014361
digits,25,47.0,24.0,5.0,0.0869047619047619,0.0,matched_gini,0.1924049000008381
digits,25,47.0,24.0,5.0,0.10206176673567978,0.0,mags_fixed,0.17906660000153352
digits,25,47.0,24.0,5.0,0.10206176673567978,0.0,mags_binary_excluded,0.14585869999427814
digits,25,47.0,24.0,5.0,0.0869047619047619,0.0,matched_gini_unrestricted,0.19413750000239816
digits,25,47.0,24.0,5.0,0.09952553485162181,0.0,mags_fixed_unrestricted,0.20593739999458194
digits,25,47.0,24.0,5.0,,,cart_fixed,0.006057499995222315
digits,25,111.0,56.0,8.0,0.1479834054834055,0.0,mags_tuned,5.451244399999268
digits,25,111.0,56.0,8.0,,,cart_tuned_depth,0.049747900004149415
digits,25,69.0,35.0,8.0,,,cart_pruned,0.10197140000673244
digits,25,53.0,27.0,5.0,,,noise_augmented_cart,0.034682099998462945
digits,25,,,,,,random_forest,0.1307567999974708
digits,25,,,,,,extra_trees,0.07478409999748692
digits,25,,,,,,linear_svm,0.010936300001048949
digits,25,,,,,,rbf_svm,0.0182351000039489
digits,26,49.0,25.0,5.0,0.09418816137566137,0.0,matched_gini,0.16075020000425866
digits,26,49.0,25.0,5.0,0.12246197089947092,0.0,mags_fixed,0.14983780000329716
digits,26,49.0,25.0,5.0,0.12246197089947092,0.0,mags_binary_excluded,0.14737099999911152
digits,26,49.0,25.0,5.0,0.0925760582010582,0.0,matched_gini_unrestricted,0.17087280000123428
digits,26,49.0,25.0,5.0,0.12344727032227032,0.0,mags_fixed_unrestricted,0.21030400000017835
digits,26,49.0,25.0,5.0,,,cart_fixed,0.005737599996791687
digits,26,109.0,55.0,8.0,0.10856000994889882,0.0,mags_tuned,4.9257190999996965
digits,26,143.0,72.0,10.0,,,cart_tuned_depth,0.054531699999643024
digits,26,73.0,37.0,10.0,,,cart_pruned,0.10669240000424907
digits,26,51.0,26.0,5.0,,,noise_augmented_cart,0.06280469999910565
digits,26,,,,,,random_forest,0.15286339999875054
digits,26,,,,,,extra_trees,0.06647389999852749
digits,26,,,,,,linear_svm,0.009358800001791678
digits,26,,,,,,rbf_svm,0.034096600000339095
digits,27,47.0,24.0,5.0,0.10567258828128394,0.0,matched_gini,0.16785879999952158
digits,27,51.0,26.0,5.0,0.14176090576090578,0.0,mags_fixed,0.17417240000213496
digits,27,51.0,26.0,5.0,0.14176090576090578,0.0,mags_binary_excluded,0.15643640000052983
digits,27,47.0,24.0,5.0,0.10319517439082655,0.0,matched_gini_unrestricted,0.16234260000055656
digits,27,51.0,26.0,5.0,0.15618398268398268,0.0,mags_fixed_unrestricted,0.17106020000210265
digits,27,47.0,24.0,5.0,,,cart_fixed,0.010693999996874481
digits,27,117.0,59.0,8.0,0.18158596671527708,0.0,mags_tuned,5.152715200005332
digits,27,111.0,56.0,8.0,,,cart_tuned_depth,0.05350100000214297
digits,27,65.0,33.0,8.0,,,cart_pruned,0.10335830000258284
digits,27,51.0,26.0,5.0,,,noise_augmented_cart,0.03811100000166334
digits,27,,,,,,random_forest,0.11758340000233147
digits,27,,,,,,extra_trees,0.06763130000035744
digits,27,,,,,,linear_svm,0.010515800000575837
digits,27,,,,,,rbf_svm,0.021472000000358094
german_credit,0,49.0,25.0,5.0,0.6197791360130276,0.5416666666666666,matched_gini,0.06419650000316324
german_credit,0,53.0,27.0,5.0,0.8496916704153546,0.7692307692307693,mags_fixed,0.06603529999847524
german_credit,0,49.0,25.0,5.0,0.6246546913841183,0.5416666666666666,mags_binary_excluded,0.051066599997284357
german_credit,0,49.0,25.0,5.0,0.5501226887014716,0.4583333333333333,matched_gini_unrestricted,0.05071989999851212
german_credit,0,53.0,27.0,5.0,0.8437134115288091,0.7692307692307693,mags_fixed_unrestricted,0.052746399996976834
german_credit,0,49.0,25.0,5.0,,,cart_fixed,0.0020046999998157844
german_credit,0,29.0,15.0,4.0,0.9047619047619049,0.0,mags_tuned,1.5613818000056199
german_credit,0,165.0,83.0,15.0,,,cart_tuned_depth,0.02001149999705376
german_credit,0,17.0,9.0,7.0,,,cart_pruned,0.039932200001203455
german_credit,0,47.0,24.0,5.0,,,noise_augmented_cart,0.01399919999676058
german_credit,0,,,,,,random_forest,0.09083739999914542
german_credit,0,,,,,,extra_trees,0.0848312000016449
german_credit,0,,,,,,linear_svm,0.01167919999716105
german_credit,0,,,,,,rbf_svm,0.009551600000122562
german_credit,1,45.0,23.0,5.0,0.39401944418080653,0.3181818181818182,matched_gini,0.0637843000004068
german_credit,1,45.0,23.0,5.0,0.7700642128278865,0.6818181818181818,mags_fixed,0.07291250000707805
german_credit,1,45.0,23.0,5.0,0.4363174239787863,0.3181818181818182,mags_binary_excluded,0.06619900000077905
german_credit,1,45.0,23.0,5.0,0.4521354188007946,0.4090909090909091,matched_gini_unrestricted,0.06242999999813037
german_credit,1,45.0,23.0,5.0,0.7391522739994678,0.6818181818181818,mags_fixed_unrestricted,0.05053480000060517
german_credit,1,45.0,23.0,5.0,,,cart_fixed,0.0017865999980131164
german_credit,1,105.0,53.0,8.0,0.5968377269581281,0.0,mags_tuned,1.6931315999972867
german_credit,1,125.0,63.0,10.0,,,cart_tuned_depth,0.019584900001063943
german_credit,1,153.0,77.0,14.0,,,cart_pruned,0.03686639999796171
german_credit,1,47.0,24.0,5.0,,,noise_augmented_cart,0.012413600001309533
german_credit,1,,,,,,random_forest,0.0713711999997031
german_credit,1,,,,,,extra_trees,0.08429700000124285
german_credit,1,,,,,,linear_svm,0.014119100000243634
german_credit,1,,,,,,rbf_svm,0.009458799999265466
german_credit,2,53.0,27.0,5.0,0.6729496677106277,0.6153846153846154,matched_gini,0.046815599998808466
german_credit,2,45.0,23.0,5.0,0.8097466259230967,0.7727272727272727,mags_fixed,0.05148680000274908
german_credit,2,39.0,20.0,5.0,0.6001256442066965,0.5263157894736842,mags_binary_excluded,0.04799300000013318
german_credit,2,53.0,27.0,5.0,0.6698250029750843,0.6153846153846154,matched_gini_unrestricted,0.06394649999856483
german_credit,2,45.0,23.0,5.0,0.8097466259230967,0.7727272727272727,mags_fixed_unrestricted,0.058061200004885904
german_credit,2,53.0,27.0,5.0,,,cart_fixed,0.0018573999986983836
german_credit,2,123.0,62.0,8.0,0.7625053546704612,0.0,mags_tuned,1.6987040000021807
german_credit,2,7.0,4.0,2.0,,,cart_tuned_depth,0.014176900003803894
german_credit,2,91.0,46.0,9.0,,,cart_pruned,0.035264900005131494
german_credit,2,49.0,25.0,5.0,,,noise_augmented_cart,0.013721399998757988
german_credit,2,,,,,,random_forest,0.07140909999725409
german_credit,2,,,,,,extra_trees,0.0586948999989545
german_credit,2,,,,,,linear_svm,0.014300399998319335
german_credit,2,,,,,,rbf_svm,0.009349499996460509
digits,28,51.0,26.0,5.0,0.15453968253968253,0.0,matched_gini,0.24863770000229124
digits,28,49.0,25.0,5.0,0.17284798534798532,0.0,mags_fixed,0.1502894999939599
digits,28,49.0,25.0,5.0,0.17284798534798532,0.0,mags_binary_excluded,0.18715950000478188
digits,28,49.0,25.0,5.0,0.12134589947089947,0.0,matched_gini_unrestricted,0.18378849999862723
digits,28,49.0,25.0,5.0,0.18749323593073589,0.0,mags_fixed_unrestricted,0.19248150000203168
digits,28,49.0,25.0,5.0,,,cart_fixed,0.006024099995556753
digits,28,113.0,57.0,8.0,0.1824429290947148,0.0,mags_tuned,5.033272000000579
digits,28,113.0,57.0,8.0,,,cart_tuned_depth,0.05263150000246242
digits,28,75.0,38.0,9.0,,,cart_pruned,0.10123770000063814
digits,28,53.0,27.0,5.0,,,noise_augmented_cart,0.031250899999577086
digits,28,,,,,,random_forest,0.11350310000125319
digits,28,,,,,,extra_trees,0.07133520000206772
digits,28,,,,,,linear_svm,0.014624000003095716
digits,28,,,,,,rbf_svm,0.020472799995332025
german_credit,3,45.0,23.0,5.0,0.6588079298775176,0.6363636363636364,matched_gini,0.056889699997555
german_credit,3,43.0,22.0,5.0,0.9127042737447267,0.9047619047619048,mags_fixed,0.06732409999676747
german_credit,3,45.0,23.0,5.0,0.6753493939778961,0.6363636363636364,mags_binary_excluded,0.0633497000017087
german_credit,3,45.0,23.0,5.0,0.5599997028160119,0.5454545454545454,matched_gini_unrestricted,0.060911500004294794
german_credit,3,45.0,23.0,5.0,0.7904727917782288,0.7727272727272727,mags_fixed_unrestricted,0.04891160000261152
german_credit,3,45.0,23.0,5.0,,,cart_fixed,0.00225279999722261
german_credit,3,43.0,22.0,5.0,0.9127042737447267,0.0,mags_tuned,1.7269344000014826
german_credit,3,29.0,15.0,4.0,,,cart_tuned_depth,0.0176528000010876
german_credit,3,29.0,15.0,9.0,,,cart_pruned,0.035410500000580214
german_credit,3,47.0,24.0,5.0,,,noise_augmented_cart,0.013762599999608938
german_credit,3,,,,,,random_forest,0.07186840000213124
german_credit,3,,,,,,extra_trees,0.05294310000317637
german_credit,3,,,,,,linear_svm,0.01241689999733353
german_credit,3,,,,,,rbf_svm,0.007929999999760184
digits,29,47.0,24.0,5.0,0.08497239475500344,0.0,matched_gini,0.1944149999981164
digits,29,47.0,24.0,5.0,0.11689958592132506,0.0,mags_fixed,0.16382840000005672
digits,29,47.0,24.0,5.0,0.11689958592132506,0.0,mags_binary_excluded,0.1864415000018198
digits,29,47.0,24.0,5.0,0.07926312817617165,0.0,matched_gini_unrestricted,0.17943849999574013
digits,29,47.0,24.0,5.0,0.13643892339544514,0.0,mags_fixed_unrestricted,0.18455030000041006
digits,29,47.0,24.0,5.0,,,cart_fixed,0.0059992999958922155
digits,29,125.0,63.0,8.0,0.15266245850923268,0.0,mags_tuned,5.064360900003521
digits,29,125.0,63.0,8.0,,,cart_tuned_depth,0.06324250000034226
digits,29,89.0,45.0,9.0,,,cart_pruned,0.10308800000348128
digits,29,51.0,26.0,5.0,,,noise_augmented_cart,0.04429079999681562
digits,29,,,,,,random_forest,0.1110739000068861
digits,29,,,,,,extra_trees,0.0648804000011296
digits,29,,,,,,linear_svm,0.009183200003462844
digits,29,,,,,,rbf_svm,0.021582800000032876
german_credit,4,57.0,29.0,5.0,0.5637018905335551,0.5,matched_gini,0.06512369999836665
german_credit,4,53.0,27.0,5.0,0.8832458237286206,0.8461538461538461,mags_fixed,0.07246699999814155
german_credit,4,57.0,29.0,5.0,0.5835441515759721,0.4642857142857143,mags_binary_excluded,0.07072950000292622
german_credit,4,53.0,27.0,5.0,0.5557451631598491,0.5,matched_gini_unrestricted,0.06308669999998529
german_credit,4,53.0,27.0,5.0,0.8832458237286206,0.8461538461538461,mags_fixed_unrestricted,0.0550269000013941
german_credit,4,55.0,28.0,5.0,,,cart_fixed,0.0018765000058920123
german_credit,4,53.0,27.0,5.0,0.9088868493696463,0.0,mags_tuned,1.8195744999975432
german_credit,4,133.0,67.0,8.0,,,cart_tuned_depth,0.022011199995176867
german_credit,4,163.0,82.0,11.0,,,cart_pruned,0.028151699996669777
german_credit,4,59.0,30.0,5.0,,,noise_augmented_cart,0.035736800004087854
german_credit,4,,,,,,random_forest,0.08500690000073519
german_credit,4,,,,,,extra_trees,0.05323539999517379
german_credit,4,,,,,,linear_svm,0.011454200001026038
german_credit,4,,,,,,rbf_svm,0.0069014000036986545
german_credit,5,51.0,26.0,5.0,0.5935491203534508,0.56,matched_gini,0.048903800001426134
german_credit,5,51.0,26.0,5.0,0.778398202151967,0.76,mags_fixed,0.05310519999329699
german_credit,5,51.0,26.0,5.0,0.6452216285020249,0.56,mags_binary_excluded,0.05910020000010263
german_credit,5,51.0,26.0,5.0,0.592738504907111,0.56,matched_gini_unrestricted,0.06095839999761665
german_credit,5,51.0,26.0,5.0,0.8179145351776146,0.8,mags_fixed_unrestricted,0.06151250000402797
german_credit,5,51.0,26.0,5.0,,,cart_fixed,0.0017888000002130866
german_credit,5,123.0,62.0,8.0,0.5849528062694197,0.0,mags_tuned,1.8262075999955414
german_credit,5,15.0,8.0,3.0,,,cart_tuned_depth,0.017019799997797236
german_credit,5,15.0,8.0,6.0,,,cart_pruned,0.032668500003637746
german_credit,5,55.0,28.0,5.0,,,noise_augmented_cart,0.013652000001457054
german_credit,5,,,,,,random_forest,0.07999940000445349
german_credit,5,,,,,,extra_trees,0.046100599996862
german_credit,5,,,,,,linear_svm,0.013380800002778415
german_credit,5,,,,,,rbf_svm,0.006881499997689389
german_credit,6,41.0,21.0,5.0,0.617910398539705,0.6,matched_gini,0.08494670000072801
german_credit,6,43.0,22.0,5.0,0.7282132464767687,0.7142857142857143,mags_fixed,0.04017710000334773
german_credit,6,45.0,23.0,5.0,0.5384717672035092,0.5,mags_binary_excluded,0.04111550000379793
german_credit,6,41.0,21.0,5.0,0.6179331213859037,0.6,matched_gini_unrestricted,0.04142160000628792
german_credit,6,43.0,22.0,5.0,0.7282348872826723,0.7142857142857143,mags_fixed_unrestricted,0.05089540000335546
german_credit,6,41.0,21.0,5.0,,,cart_fixed,0.002108200002112426
german_credit,6,41.0,21.0,5.0,0.7680861782327406,0.0,mags_tuned,1.5367569000009098
german_credit,6,167.0,84.0,15.0,,,cart_tuned_depth,0.02797580000333255
german_credit,6,27.0,14.0,9.0,,,cart_pruned,0.03028460000496125
german_credit,6,45.0,23.0,5.0,,,noise_augmented_cart,0.013149000005796552
german_credit,6,,,,,,random_forest,0.07383790000312729
german_credit,6,,,,,,extra_trees,0.05233559999760473
german_credit,6,,,,,,linear_svm,0.012850900006014854
german_credit,6,,,,,,rbf_svm,0.022163699999509845
german_credit,7,51.0,26.0,5.0,0.5615182848659083,0.52,matched_gini,0.04573289999825647
german_credit,7,51.0,26.0,5.0,0.6082810383130824,0.56,mags_fixed,0.053050700000312645
german_credit,7,49.0,25.0,5.0,0.5501926578464323,0.5,mags_binary_excluded,0.04553280000254745
german_credit,7,49.0,25.0,5.0,0.5311700241015763,0.5,matched_gini_unrestricted,0.07605509999848437
german_credit,7,53.0,27.0,5.0,0.6629951548599989,0.6153846153846154,mags_fixed_unrestricted,0.059145699997316115
german_credit,7,51.0,26.0,5.0,,,cart_fixed,0.0020978999964427203
german_credit,7,123.0,62.0,8.0,0.8040730464614774,0.0,mags_tuned,1.6678008000017144
german_credit,7,157.0,79.0,14.0,,,cart_tuned_depth,0.024132400001690257
german_credit,7,91.0,46.0,13.0,,,cart_pruned,0.031597199995303527
german_credit,7,51.0,26.0,5.0,,,noise_augmented_cart,0.015124700003070757
german_credit,7,,,,,,random_forest,0.06387619999441085
german_credit,7,,,,,,extra_trees,0.05081719999725465
german_credit,7,,,,,,linear_svm,0.014260999996622559
german_credit,7,,,,,,rbf_svm,0.008991999995487276
german_credit,8,47.0,24.0,5.0,0.5265282383327107,0.4782608695652174,matched_gini,0.0507043000034173
german_credit,8,47.0,24.0,5.0,0.6856771335451965,0.6521739130434783,mags_fixed,0.04348690000188071
german_credit,8,47.0,24.0,5.0,0.5335444422870911,0.4782608695652174,mags_binary_excluded,0.07321159999992233
german_credit,8,45.0,23.0,5.0,0.6121326265618088,0.5454545454545454,matched_gini_unrestricted,0.04994389999774285
german_credit,8,47.0,24.0,5.0,0.6856771335451965,0.6521739130434783,mags_fixed_unrestricted,0.05618339999637101
german_credit,8,47.0,24.0,5.0,,,cart_fixed,0.0019778000059886836
german_credit,8,95.0,48.0,8.0,0.5241641740775619,0.0,mags_tuned,1.7060337000002619
german_credit,8,151.0,76.0,14.0,,,cart_tuned_depth,0.018705999995290767
german_credit,8,43.0,22.0,11.0,,,cart_pruned,0.03230959999928018
german_credit,8,47.0,24.0,5.0,,,noise_augmented_cart,0.012892500002635643
german_credit,8,,,,,,random_forest,0.06703879999986384
german_credit,8,,,,,,extra_trees,0.06777750000037486
german_credit,8,,,,,,linear_svm,0.013230900003691204
german_credit,8,,,,,,rbf_svm,0.007445200004440267
german_credit,9,43.0,22.0,5.0,0.5730086792621804,0.5238095238095238,matched_gini,0.05503770000359509
german_credit,9,45.0,23.0,5.0,0.8589077044959397,0.8181818181818182,mags_fixed,0.05192879999958677
german_credit,9,45.0,23.0,5.0,0.5583264665684449,0.5,mags_binary_excluded,0.051538499996240716
german_credit,9,43.0,22.0,5.0,0.524187771428372,0.47619047619047616,matched_gini_unrestricted,0.06684949999907985
german_credit,9,45.0,23.0,5.0,0.8135480141028603,0.7727272727272727,mags_fixed_unrestricted,0.063876899999741
german_credit,9,41.0,21.0,5.0,,,cart_fixed,0.0017421000011381693
german_credit,9,29.0,15.0,4.0,0.8483893557422969,0.0,mags_tuned,1.6643137000064598
german_credit,9,145.0,73.0,10.0,,,cart_tuned_depth,0.019689099994138815
german_credit,9,37.0,19.0,9.0,,,cart_pruned,0.035167900001397356
german_credit,9,45.0,23.0,5.0,,,noise_augmented_cart,0.01838089999364456
german_credit,9,,,,,,random_forest,0.09098670000093989
german_credit,9,,,,,,extra_trees,0.05539829999906942
german_credit,9,,,,,,linear_svm,0.012468599998101126
german_credit,9,,,,,,rbf_svm,0.0095422000013059
german_credit,10,51.0,26.0,5.0,0.5782284218885295,0.52,matched_gini,0.05508189999818569
german_credit,10,47.0,24.0,5.0,0.8284773197816676,0.782608695652174,mags_fixed,0.043953100001090206
german_credit,10,51.0,26.0,5.0,0.5910401647241857,0.48,mags_binary_excluded,0.08569200000056298
german_credit,10,51.0,26.0,5.0,0.5394904489960793,0.48,matched_gini_unrestricted,0.05378180000116117
german_credit,10,47.0,24.0,5.0,0.8284773197816676,0.782608695652174,mags_fixed_unrestricted,0.05195609999645967
german_credit,10,51.0,26.0,5.0,,,cart_fixed,0.002091499998641666
german_credit,10,29.0,15.0,4.0,0.6868446368446367,0.0,mags_tuned,1.729131200001575
german_credit,10,83.0,42.0,6.0,,,cart_tuned_depth,0.018060000002151355
german_credit,10,41.0,21.0,7.0,,,cart_pruned,0.05413860000408022
german_credit,10,55.0,28.0,5.0,,,noise_augmented_cart,0.011706599994795397
german_credit,10,,,,,,random_forest,0.07574670000030892
german_credit,10,,,,,,extra_trees,0.051990899999509566
german_credit,10,,,,,,linear_svm,0.01436459999968065
german_credit,10,,,,,,rbf_svm,0.00652540000010049
german_credit,11,47.0,24.0,5.0,0.509006625785888,0.4782608695652174,matched_gini,0.05926519999775337
german_credit,11,51.0,26.0,5.0,0.6191959123600848,0.6,mags_fixed,0.0725795999969705
german_credit,11,47.0,24.0,5.0,0.509006625785888,0.4782608695652174,mags_binary_excluded,0.048151299997698516
german_credit,11,47.0,24.0,5.0,0.457792733280124,0.43478260869565216,matched_gini_unrestricted,0.05078009999851929
german_credit,11,51.0,26.0,5.0,0.6228161280505055,0.6,mags_fixed_unrestricted,0.05333280000195373
german_credit,11,47.0,24.0,5.0,,,cart_fixed,0.0032491000019945204
german_credit,11,107.0,54.0,8.0,0.6818770398595103,0.0,mags_tuned,1.734969799996179
german_credit,11,165.0,83.0,14.0,,,cart_tuned_depth,0.0384217999962857
german_credit,11,39.0,20.0,9.0,,,cart_pruned,0.034766899996611755
german_credit,11,49.0,25.0,5.0,,,noise_augmented_cart,0.013065699997241609
german_credit,11,,,,,,random_forest,0.07704469999589492
german_credit,11,,,,,,extra_trees,0.07254749999992782
german_credit,11,,,,,,linear_svm,0.016947399999480695
german_credit,11,,,,,,rbf_svm,0.010458800003107172
german_credit,12,39.0,20.0,5.0,0.47172757542287447,0.42105263157894735,matched_gini,0.05366119999962393
german_credit,12,53.0,27.0,5.0,0.6897473661024202,0.6538461538461539,mags_fixed,0.053642900005797856
german_credit,12,41.0,21.0,5.0,0.5115807212729526,0.45,mags_binary_excluded,0.04851249999774154
german_credit,12,45.0,23.0,5.0,0.4157902205449186,0.36363636363636365,matched_gini_unrestricted,0.05778139999893028
german_credit,12,53.0,27.0,5.0,0.6705479803413426,0.6153846153846154,mags_fixed_unrestricted,0.05764859999908367
german_credit,12,39.0,20.0,5.0,,,cart_fixed,0.0017650000008870848
german_credit,12,39.0,20.0,5.0,0.47172757542287447,0.0,mags_tuned,1.6119625999999698
german_credit,12,87.0,44.0,8.0,,,cart_tuned_depth,0.01824730000225827
german_credit,12,71.0,36.0,14.0,,,cart_pruned,0.0342841999954544
german_credit,12,47.0,24.0,5.0,,,noise_augmented_cart,0.013165000003937166
german_credit,12,,,,,,random_forest,0.08329930000036256
german_credit,12,,,,,,extra_trees,0.07614939999621129
german_credit,12,,,,,,linear_svm,0.01058579999516951
german_credit,12,,,,,,rbf_svm,0.006698199998936616
german_credit,13,51.0,26.0,5.0,0.4943543123767276,0.44,matched_gini,0.06367519999912474
german_credit,13,53.0,27.0,5.0,0.6509545566739768,0.6153846153846154,mags_fixed,0.1206748000040534
german_credit,13,53.0,27.0,5.0,0.5079870293114352,0.4230769230769231,mags_binary_excluded,0.11360199999762699
german_credit,13,53.0,27.0,5.0,0.5123096680255422,0.46153846153846156,matched_gini_unrestricted,0.07268889999977546
german_credit,13,53.0,27.0,5.0,0.6127728167574861,0.5769230769230769,mags_fixed_unrestricted,0.06626220000180183
german_credit,13,51.0,26.0,5.0,,,cart_fixed,0.0017103999998653308
german_credit,13,51.0,26.0,5.0,0.4943543123767276,0.0,mags_tuned,1.8914251000023796
german_credit,13,155.0,78.0,11.0,,,cart_tuned_depth,0.02698689999670023
german_credit,13,43.0,22.0,10.0,,,cart_pruned,0.04038299999956507
german_credit,13,53.0,27.0,5.0,,,noise_augmented_cart,0.013119999995979015
german_credit,13,,,,,,random_forest,0.10339099999691825
german_credit,13,,,,,,extra_trees,0.060916000002180226
german_credit,13,,,,,,linear_svm,0.013356900002690963
german_credit,13,,,,,,rbf_svm,0.009039099997607991
german_credit,14,45.0,23.0,5.0,0.6425786675595725,0.5909090909090909,matched_gini,0.0640884999957052
german_credit,14,51.0,26.0,5.0,0.7291019924955411,0.68,mags_fixed,0.07256320000306005
german_credit,14,55.0,28.0,5.0,0.6142726934359041,0.5555555555555556,mags_binary_excluded,0.07000950000656303
german_credit,14,47.0,24.0,5.0,0.6356113622499598,0.6086956521739131,matched_gini_unrestricted,0.04855959999986226
german_credit,14,53.0,27.0,5.0,0.7405743617962265,0.6923076923076923,mags_fixed_unrestricted,0.0543993999963277
german_credit,14,47.0,24.0,5.0,,,cart_fixed,0.0018645000018295832
german_credit,14,123.0,62.0,8.0,0.8083141875775998,0.0,mags_tuned,1.9937329000022146
german_credit,14,105.0,53.0,8.0,,,cart_tuned_depth,0.01686590000463184
german_credit,14,103.0,52.0,12.0,,,cart_pruned,0.034103799996955786
german_credit,14,55.0,28.0,5.0,,,noise_augmented_cart,0.013741599999775644
german_credit,14,,,,,,random_forest,0.07183269999950426
german_credit,14,,,,,,extra_trees,0.08203060000232654
german_credit,14,,,,,,linear_svm,0.012197999996715225
german_credit,14,,,,,,rbf_svm,0.009113600004639011
german_credit,15,41.0,21.0,5.0,0.5954552301288234,0.55,matched_gini,0.05286990000604419
german_credit,15,41.0,21.0,5.0,0.8364483065953655,0.8,mags_fixed,0.05305419999785954
german_credit,15,41.0,21.0,5.0,0.5667352457844623,0.5,mags_binary_excluded,0.086550799998804
german_credit,15,41.0,21.0,5.0,0.6447370608518617,0.6,matched_gini_unrestricted,0.0552118000050541
german_credit,15,41.0,21.0,5.0,0.8364483065953655,0.8,mags_fixed_unrestricted,0.08072230000107083
german_credit,15,41.0,21.0,5.0,,,cart_fixed,0.002103999999235384
german_credit,15,53.0,27.0,6.0,0.7237836672934181,0.0,mags_tuned,1.8774971000020741
german_credit,15,73.0,37.0,8.0,,,cart_tuned_depth,0.03694569999788655
german_credit,15,9.0,5.0,4.0,,,cart_pruned,0.06289989999640966
german_credit,15,45.0,23.0,5.0,,,noise_augmented_cart,0.04241230000479845
german_credit,15,,,,,,random_forest,0.10155710000253748
german_credit,15,,,,,,extra_trees,0.061478199997509364
german_credit,15,,,,,,linear_svm,0.01206879999517696
german_credit,15,,,,,,rbf_svm,0.008767100000113714
german_credit,16,41.0,21.0,5.0,0.5966806051316176,0.55,matched_gini,0.06649630000174511
german_credit,16,51.0,26.0,5.0,0.7648655008937282,0.76,mags_fixed,0.08729190000303788
german_credit,16,41.0,21.0,5.0,0.5966806051316176,0.55,mags_binary_excluded,0.0596298000018578
german_credit,16,45.0,23.0,5.0,0.7668155743391046,0.7272727272727273,matched_gini_unrestricted,0.06610120000550523
german_credit,16,51.0,26.0,5.0,0.765383308834232,0.76,mags_fixed_unrestricted,0.06634330000088084
german_credit,16,41.0,21.0,5.0,,,cart_fixed,0.0032366000014008023
german_credit,16,69.0,35.0,6.0,0.8565977473828541,0.0,mags_tuned,1.9777354999969248
german_credit,16,61.0,31.0,6.0,,,cart_tuned_depth,0.014055300001928117
german_credit,16,13.0,7.0,5.0,,,cart_pruned,0.03161000000545755
german_credit,16,53.0,27.0,5.0,,,noise_augmented_cart,0.01308920000155922
german_credit,16,,,,,,random_forest,0.08422900000005029
german_credit,16,,,,,,extra_trees,0.0602634000024409
german_credit,16,,,,,,linear_svm,0.01275080000050366
german_credit,16,,,,,,rbf_svm,0.00879039999563247
german_credit,17,37.0,19.0,5.0,0.6804166771838696,0.6666666666666666,matched_gini,0.09499919999507256
german_credit,17,47.0,24.0,5.0,0.8107804386576766,0.782608695652174,mags_fixed,0.07593510000151582
german_credit,17,37.0,19.0,5.0,0.6804166771838696,0.6666666666666666,mags_binary_excluded,0.053091900001163594
german_credit,17,37.0,19.0,5.0,0.6762295298654659,0.6666666666666666,matched_gini_unrestricted,0.05970990000059828
german_credit,17,39.0,20.0,5.0,0.745969348909385,0.7368421052631579,mags_fixed_unrestricted,0.07915540000249166
german_credit,17,39.0,20.0,5.0,,,cart_fixed,0.003724799993506167
german_credit,17,47.0,24.0,5.0,0.8107804386576766,0.0,mags_tuned,1.6497413000033703
german_credit,17,125.0,63.0,10.0,,,cart_tuned_depth,0.019838600004732143
german_credit,17,13.0,7.0,6.0,,,cart_pruned,0.04026219999650493
german_credit,17,51.0,26.0,5.0,,,noise_augmented_cart,0.014437699996051379
german_credit,17,,,,,,random_forest,0.06686089999857359
german_credit,17,,,,,,extra_trees,0.08343259999674046
german_credit,17,,,,,,linear_svm,0.011555999997653998
german_credit,17,,,,,,rbf_svm,0.00886000000173226
german_credit,18,49.0,25.0,5.0,0.6961193608597736,0.6666666666666666,matched_gini,0.07634459999826504
german_credit,18,49.0,25.0,5.0,0.8151098402323892,0.7916666666666666,mags_fixed,0.07461719999992056
german_credit,18,49.0,25.0,5.0,0.6961193608597736,0.6666666666666666,mags_binary_excluded,0.06194770000001881
german_credit,18,49.0,25.0,5.0,0.6554447576851704,0.625,matched_gini_unrestricted,0.06751970000186702
german_credit,18,49.0,25.0,5.0,0.8151098402323892,0.7916666666666666,mags_fixed_unrestricted,0.06762020000314806
german_credit,18,49.0,25.0,5.0,,,cart_fixed,0.002011500000662636
german_credit,18,103.0,52.0,8.0,0.6410760959406431,0.0,mags_tuned,1.7297019999969052
german_credit,18,103.0,52.0,8.0,,,cart_tuned_depth,0.016071199999714736
german_credit,18,23.0,12.0,7.0,,,cart_pruned,0.033094400001573376
german_credit,18,47.0,24.0,5.0,,,noise_augmented_cart,0.01307249999808846
german_credit,18,,,,,,random_forest,0.0751310999985435
german_credit,18,,,,,,extra_trees,0.07246599999780301
german_credit,18,,,,,,linear_svm,0.015890399998170324
german_credit,18,,,,,,rbf_svm,0.009081700001843274
german_credit,19,45.0,23.0,5.0,0.6480434340939513,0.5909090909090909,matched_gini,0.05145499999343883
german_credit,19,47.0,24.0,5.0,0.7943828566153569,0.7391304347826086,mags_fixed,0.05071979999775067
german_credit,19,45.0,23.0,5.0,0.6550901726661135,0.5909090909090909,mags_binary_excluded,0.13140470000507776
german_credit,19,45.0,23.0,5.0,0.5594242616703694,0.5,matched_gini_unrestricted,0.0730487999971956
german_credit,19,47.0,24.0,5.0,0.7943828566153569,0.7391304347826086,mags_fixed_unrestricted,0.07886320000397973
german_credit,19,45.0,23.0,5.0,,,cart_fixed,0.0035244000027887523
german_credit,19,31.0,16.0,4.0,0.8255612209843881,0.0,mags_tuned,1.767151100000774
german_credit,19,31.0,16.0,4.0,,,cart_tuned_depth,0.01817460000165738
german_credit,19,39.0,20.0,11.0,,,cart_pruned,0.035388300006161444
german_credit,19,49.0,25.0,5.0,,,noise_augmented_cart,0.017965799997909926
german_credit,19,,,,,,random_forest,0.07305430000269553
german_credit,19,,,,,,extra_trees,0.04843840000103228
german_credit,19,,,,,,linear_svm,0.010195199996815063
german_credit,19,,,,,,rbf_svm,0.008745899998757523
german_credit,20,47.0,24.0,5.0,0.6637441554350355,0.6086956521739131,matched_gini,0.055085200001485646
german_credit,20,51.0,26.0,5.0,0.8260878292225843,0.76,mags_fixed,0.041233900003135204
german_credit,20,47.0,24.0,5.0,0.6637441554350355,0.6086956521739131,mags_binary_excluded,0.10938030000397703
german_credit,20,45.0,23.0,5.0,0.6921601714505567,0.6818181818181818,matched_gini_unrestricted,0.07405319999816129
german_credit,20,51.0,26.0,5.0,0.7485187955337328,0.68,mags_fixed_unrestricted,0.07483160000265343
german_credit,20,47.0,24.0,5.0,,,cart_fixed,0.001952599996002391
german_credit,20,47.0,24.0,5.0,0.7928001256995278,0.0,mags_tuned,1.5706439999994473
german_credit,20,161.0,81.0,13.0,,,cart_tuned_depth,0.01914029999898048
german_credit,20,15.0,8.0,6.0,,,cart_pruned,0.03289000000222586
german_credit,20,43.0,22.0,5.0,,,noise_augmented_cart,0.014387600000191014
german_credit,20,,,,,,random_forest,0.07855050000216579
german_credit,20,,,,,,extra_trees,0.04537719999643741
german_credit,20,,,,,,linear_svm,0.014239300006011035
german_credit,20,,,,,,rbf_svm,0.009453400001802947
german_credit,21,51.0,26.0,5.0,0.6002162074531913,0.56,matched_gini,0.06335470000340138
german_credit,21,51.0,26.0,5.0,0.7232790294763041,0.68,mags_fixed,0.045170500001404434
german_credit,21,53.0,27.0,5.0,0.633411114448358,0.5769230769230769,mags_binary_excluded,0.057023999994271435
german_credit,21,53.0,27.0,5.0,0.5850681686201618,0.5384615384615384,matched_gini_unrestricted,0.08242450000398094
german_credit,21,51.0,26.0,5.0,0.7257193186617579,0.68,mags_fixed_unrestricted,0.048056799998448696
german_credit,21,51.0,26.0,5.0,,,cart_fixed,0.0017976000017370097
german_credit,21,113.0,57.0,8.0,0.591367810948711,0.0,mags_tuned,1.7500820999994176
german_credit,21,7.0,4.0,2.0,,,cart_tuned_depth,0.021995099996274803
german_credit,21,33.0,17.0,9.0,,,cart_pruned,0.037297999995644204
german_credit,21,47.0,24.0,5.0,,,noise_augmented_cart,0.012840900002629496
german_credit,21,,,,,,random_forest,0.08187200000247685
german_credit,21,,,,,,extra_trees,0.08244269999704557
german_credit,21,,,,,,linear_svm,0.010762699996121228
german_credit,21,,,,,,rbf_svm,0.008827799996652175
german_credit,22,47.0,24.0,5.0,0.6938074103418143,0.6086956521739131,matched_gini,0.04422619999968447
german_credit,22,43.0,22.0,5.0,0.6881593994598201,0.6190476190476191,mags_fixed,0.043772099998022895
german_credit,22,47.0,24.0,5.0,0.6938074103418143,0.6086956521739131,mags_binary_excluded,0.044819599999755155
german_credit,22,47.0,24.0,5.0,0.6578905861452169,0.5652173913043478,matched_gini_unrestricted,0.05198640000162413
german_credit,22,43.0,22.0,5.0,0.672554596950535,0.6190476190476191,mags_fixed_unrestricted,0.050732800002151635
german_credit,22,47.0,24.0,5.0,,,cart_fixed,0.0018581999975140207
german_credit,22,51.0,26.0,5.0,0.6775410750334284,0.0,mags_tuned,1.8555379999961588
german_credit,22,29.0,15.0,4.0,,,cart_tuned_depth,0.018091699996148236
german_credit,22,43.0,22.0,10.0,,,cart_pruned,0.03859550000197487
german_credit,22,51.0,26.0,5.0,,,noise_augmented_cart,0.020518000004813075
german_credit,22,,,,,,random_forest,0.08332289999816567
german_credit,22,,,,,,extra_trees,0.06220170000597136
german_credit,22,,,,,,linear_svm,0.01509749999968335
german_credit,22,,,,,,rbf_svm,0.008437299999059178
german_credit,23,43.0,22.0,5.0,0.5219228287701538,0.47619047619047616,matched_gini,0.06650420000369195
german_credit,23,41.0,21.0,5.0,0.7321838269512193,0.7,mags_fixed,0.04636759999993956
german_credit,23,43.0,22.0,5.0,0.5219228287701538,0.47619047619047616,mags_binary_excluded,0.06110699999408098
german_credit,23,41.0,21.0,5.0,0.6599784921530043,0.6,matched_gini_unrestricted,0.053034099997603334
german_credit,23,43.0,22.0,5.0,0.7602879939977234,0.7142857142857143,mags_fixed_unrestricted,0.046072800003457814
german_credit,23,43.0,22.0,5.0,,,cart_fixed,0.0029324999995878898
german_credit,23,45.0,23.0,5.0,0.8272677757971875,0.0,mags_tuned,1.7293480000007548
german_credit,23,15.0,8.0,3.0,,,cart_tuned_depth,0.015388300002086908
german_credit,23,41.0,21.0,11.0,,,cart_pruned,0.03210850000323262
german_credit,23,49.0,25.0,5.0,,,noise_augmented_cart,0.012921900000947062
german_credit,23,,,,,,random_forest,0.0743709000016679
german_credit,23,,,,,,extra_trees,0.05958280000049854
german_credit,23,,,,,,linear_svm,0.01016189999791095
german_credit,23,,,,,,rbf_svm,0.009405000004335307
german_credit,24,49.0,25.0,5.0,0.5429935391833888,0.5,matched_gini,0.06229899999743793
german_credit,24,45.0,23.0,5.0,0.8392282152789818,0.8181818181818182,mags_fixed,0.055475499997555744
german_credit,24,47.0,24.0,5.0,0.5149447111674308,0.43478260869565216,mags_binary_excluded,0.09664140000677435
german_credit,24,49.0,25.0,5.0,0.5531681265639736,0.5,matched_gini_unrestricted,0.07451189999846974
german_credit,24,45.0,23.0,5.0,0.8392282152789818,0.8181818181818182,mags_fixed_unrestricted,0.0578449999957229
german_credit,24,49.0,25.0,5.0,,,cart_fixed,0.0020704999988083728
german_credit,24,15.0,8.0,3.0,0.8580539358600584,0.0,mags_tuned,1.792881600005785
german_credit,24,93.0,47.0,8.0,,,cart_tuned_depth,0.018080099995131604
german_credit,24,23.0,12.0,6.0,,,cart_pruned,0.03478739999991376
german_credit,24,51.0,26.0,5.0,,,noise_augmented_cart,0.012466000000131316
german_credit,24,,,,,,random_forest,0.0728568999984418
german_credit,24,,,,,,extra_trees,0.12213229999906616
german_credit,24,,,,,,linear_svm,0.018595200002891943
german_credit,24,,,,,,rbf_svm,0.03476139999838779
german_credit,25,41.0,21.0,5.0,0.6231301825999263,0.55,matched_gini,0.04765409999527037
german_credit,25,41.0,21.0,5.0,0.8039916897735525,0.8,mags_fixed,0.05108520000067074
german_credit,25,41.0,21.0,5.0,0.6378449372800788,0.55,mags_binary_excluded,0.043849599998793565
german_credit,25,41.0,21.0,5.0,0.6231301825999263,0.55,matched_gini_unrestricted,0.060141900001326576
german_credit,25,41.0,21.0,5.0,0.7705111327742041,0.75,mags_fixed_unrestricted,0.055162600001494866
german_credit,25,41.0,21.0,5.0,,,cart_fixed,0.0018148000017390586
german_credit,25,41.0,21.0,5.0,0.8694242424242423,0.0,mags_tuned,1.6873508999997284
german_credit,25,7.0,4.0,2.0,,,cart_tuned_depth,0.022371099999872968
german_credit,25,5.0,3.0,2.0,,,cart_pruned,0.032847900001797825
german_credit,25,47.0,24.0,5.0,,,noise_augmented_cart,0.014162799998302944
german_credit,25,,,,,,random_forest,0.07240710000041872
german_credit,25,,,,,,extra_trees,0.04963580000185175
german_credit,25,,,,,,linear_svm,0.014709399998537265
german_credit,25,,,,,,rbf_svm,0.006673799995041918
german_credit,26,47.0,24.0,5.0,0.515937100221824,0.43478260869565216,matched_gini,0.05791989999852376
german_credit,26,51.0,26.0,5.0,0.6376492068044136,0.56,mags_fixed,0.10094840000238037
german_credit,26,47.0,24.0,5.0,0.541817017406089,0.43478260869565216,mags_binary_excluded,0.05168489999778103
german_credit,26,45.0,23.0,5.0,0.5341414518840691,0.5,matched_gini_unrestricted,0.04765580000093905
german_credit,26,51.0,26.0,5.0,0.7515424932515902,0.72,mags_fixed_unrestricted,0.06574820000241743
german_credit,26,41.0,21.0,5.0,,,cart_fixed,0.002220299997134134
german_credit,26,107.0,54.0,8.0,0.4992369863651983,0.0,mags_tuned,1.622573900000134
german_credit,26,97.0,49.0,8.0,,,cart_tuned_depth,0.026268800000252668
german_credit,26,13.0,7.0,5.0,,,cart_pruned,0.06823859999713022
german_credit,26,43.0,22.0,5.0,,,noise_augmented_cart,0.013009800000872929
german_credit,26,,,,,,random_forest,0.09111269999993965
german_credit,26,,,,,,extra_trees,0.07159410000167554
german_credit,26,,,,,,linear_svm,0.01702089999889722
german_credit,26,,,,,,rbf_svm,0.006664000000455417
german_credit,27,51.0,26.0,5.0,0.5831738298324934,0.56,matched_gini,0.06446600000344915
german_credit,27,51.0,26.0,5.0,0.787601831114652,0.76,mags_fixed,0.05674480000016047
german_credit,27,51.0,26.0,5.0,0.5831738298324934,0.52,mags_binary_excluded,0.04889149999507936
german_credit,27,51.0,26.0,5.0,0.5454983316204028,0.52,matched_gini_unrestricted,0.06500650000089081
german_credit,27,51.0,26.0,5.0,0.7878582583170841,0.76,mags_fixed_unrestricted,0.05820460000541061
german_credit,27,49.0,25.0,5.0,,,cart_fixed,0.0018041000002995133
german_credit,27,113.0,57.0,8.0,0.8264242450192439,0.0,mags_tuned,1.9681721999950241
german_credit,27,75.0,38.0,6.0,,,cart_tuned_depth,0.02435659999900963
german_credit,27,27.0,14.0,6.0,,,cart_pruned,0.03229329999885522
german_credit,27,53.0,27.0,5.0,,,noise_augmented_cart,0.013763199996901676
german_credit,27,,,,,,random_forest,0.0693773000020883
german_credit,27,,,,,,extra_trees,0.052605899996706285
german_credit,27,,,,,,linear_svm,0.011799699997936841
german_credit,27,,,,,,rbf_svm,0.006548699995619245
heart_statlog,0,25.0,13.0,4.0,0.3567537248383548,0.0,matched_gini,0.015208899996650871
heart_statlog,0,27.0,14.0,4.0,0.4810445776220089,0.15384615384615385,mags_fixed,0.015278200000466313
heart_statlog,0,27.0,14.0,4.0,0.40502647807449765,0.07692307692307693,mags_binary_excluded,0.014812800000072457
heart_statlog,0,25.0,13.0,4.0,0.27478402786865785,0.0,matched_gini_unrestricted,0.01562779999949271
heart_statlog,0,27.0,14.0,4.0,0.40538024195767325,0.15384615384615385,mags_fixed_unrestricted,0.016512099995452445
heart_statlog,0,25.0,13.0,4.0,,,cart_fixed,0.0007281999933184125
heart_statlog,0,7.0,4.0,2.0,0.6944444444444443,0.0,mags_tuned,0.3355916999935289
heart_statlog,0,7.0,4.0,2.0,,,cart_tuned_depth,0.007761100001516752
heart_statlog,0,35.0,18.0,5.0,,,cart_pruned,0.012470200003008358
heart_statlog,0,25.0,13.0,4.0,,,noise_augmented_cart,0.0011990999992121942
heart_statlog,0,,,,,,random_forest,0.05550819999916712
heart_statlog,0,,,,,,extra_trees,0.043650799998431467
heart_statlog,0,,,,,,linear_svm,0.0012476999982027337
heart_statlog,0,,,,,,rbf_svm,0.0009160999979940243
german_credit,28,55.0,28.0,5.0,0.5530071875416274,0.4444444444444444,matched_gini,0.05846019999444252
german_credit,28,49.0,25.0,5.0,0.793692178382793,0.7083333333333334,mags_fixed,0.07066210000630235
german_credit,28,55.0,28.0,5.0,0.4409619341658716,0.37037037037037035,mags_binary_excluded,0.05967369999416405
german_credit,28,57.0,29.0,5.0,0.5596397430502716,0.5,matched_gini_unrestricted,0.047145399999863
german_credit,28,51.0,26.0,5.0,0.7559867025794111,0.68,mags_fixed_unrestricted,0.08335619999706978
german_credit,28,55.0,28.0,5.0,,,cart_fixed,0.0017468000005465
german_credit,28,15.0,8.0,3.0,0.7231856378915202,0.0,mags_tuned,1.6854650000022957
german_credit,28,113.0,57.0,8.0,,,cart_tuned_depth,0.0183446000010008
german_credit,28,47.0,24.0,9.0,,,cart_pruned,0.03298160000122152
german_credit,28,57.0,29.0,5.0,,,noise_augmented_cart,0.01167610000265995
german_credit,28,,,,,,random_forest,0.06266060000052676
german_credit,28,,,,,,extra_trees,0.06491549999918789
german_credit,28,,,,,,linear_svm,0.0244241000036709
german_credit,28,,,,,,rbf_svm,0.008688900001288857
heart_statlog,1,27.0,14.0,4.0,0.20467577657436475,0.07692307692307693,matched_gini,0.01564170000347076
heart_statlog,1,29.0,15.0,4.0,0.44051194117706766,0.21428571428571427,mags_fixed,0.01652979999926174
heart_statlog,1,31.0,16.0,4.0,0.3852004516984293,0.13333333333333333,mags_binary_excluded,0.010617499996442348
heart_statlog,1,27.0,14.0,4.0,0.20467577657436475,0.07692307692307693,matched_gini_unrestricted,0.02045150000049034
heart_statlog,1,29.0,15.0,4.0,0.44051194117706766,0.21428571428571427,mags_fixed_unrestricted,0.015408699997351505
heart_statlog,1,27.0,14.0,4.0,,,cart_fixed,0.0007508999988203868
heart_statlog,1,15.0,8.0,3.0,0.49925366513629205,0.0,mags_tuned,0.3549723999967682
heart_statlog,1,15.0,8.0,3.0,,,cart_tuned_depth,0.011198899999726564
heart_statlog,1,9.0,5.0,3.0,,,cart_pruned,0.012790000000677537
heart_statlog,1,29.0,15.0,4.0,,,noise_augmented_cart,0.0012225000027683564
heart_statlog,1,,,,,,random_forest,0.053619400001480244
heart_statlog,1,,,,,,extra_trees,0.04160840000258759
heart_statlog,1,,,,,,linear_svm,0.008751099994697142
heart_statlog,1,,,,,,rbf_svm,0.0010499999989406206
heart_statlog,2,23.0,12.0,4.0,0.30578736622023106,0.09090909090909091,matched_gini,0.008930899995903019
heart_statlog,2,27.0,14.0,4.0,0.3093726832746671,0.15384615384615385,mags_fixed,0.009797899998375215
heart_statlog,2,27.0,14.0,4.0,0.23725729865928252,0.07692307692307693,mags_binary_excluded,0.012184200000774581
heart_statlog,2,23.0,12.0,4.0,0.2955862252163821,0.09090909090909091,matched_gini_unrestricted,0.011394999994081445
heart_statlog,2,27.0,14.0,4.0,0.31292049814323675,0.15384615384615385,mags_fixed_unrestricted,0.04823910000413889
heart_statlog,2,23.0,12.0,4.0,,,cart_fixed,0.0008319999978994019
heart_statlog,2,15.0,8.0,3.0,0.4011594202898551,0.0,mags_tuned,0.4035147999966284
heart_statlog,2,23.0,12.0,4.0,,,cart_tuned_depth,0.011089699997683056
heart_statlog,2,33.0,17.0,7.0,,,cart_pruned,0.01870950000011362
heart_statlog,2,29.0,15.0,4.0,,,noise_augmented_cart,0.0008948999966378324
heart_statlog,2,,,,,,random_forest,0.04912530000001425
heart_statlog,2,,,,,,extra_trees,0.03276660000119591
heart_statlog,2,,,,,,linear_svm,0.0017411000007996336
heart_statlog,2,,,,,,rbf_svm,0.0014320999980554916
heart_statlog,3,29.0,15.0,4.0,0.22540120135810543,0.07142857142857142,matched_gini,0.0155257000005804
heart_statlog,3,27.0,14.0,4.0,0.45220759916412084,0.23076923076923078,mags_fixed,0.011593399998673704
heart_statlog,3,27.0,14.0,4.0,0.3812016820043575,0.07692307692307693,mags_binary_excluded,0.012105699999665376
heart_statlog,3,29.0,15.0,4.0,0.22503490099180504,0.07142857142857142,matched_gini_unrestricted,0.014569200000551064
heart_statlog,3,27.0,14.0,4.0,0.39451529147181313,0.15384615384615385,mags_fixed_unrestricted,0.019750999999814667
heart_statlog,3,29.0,15.0,4.0,,,cart_fixed,0.0007345000049099326
heart_statlog,3,27.0,14.0,4.0,0.5275922145487363,0.0,mags_tuned,0.4562863000028301
heart_statlog,3,15.0,8.0,3.0,,,cart_tuned_depth,0.017204499999934342
heart_statlog,3,11.0,6.0,3.0,,,cart_pruned,0.011663999997836072
heart_statlog,3,29.0,15.0,4.0,,,noise_augmented_cart,0.0009446000040043145
heart_statlog,3,,,,,,random_forest,0.05944900000031339
heart_statlog,3,,,,,,extra_trees,0.05582660000072792
heart_statlog,3,,,,,,linear_svm,0.0014694999990751967
heart_statlog,3,,,,,,rbf_svm,0.0009769000025698915
heart_statlog,4,31.0,16.0,4.0,0.40841747807592016,0.13333333333333333,matched_gini,0.018798299999616574
heart_statlog,4,29.0,15.0,4.0,0.470674176980168,0.21428571428571427,mags_fixed,0.010822600001120009
heart_statlog,4,29.0,15.0,4.0,0.4033664846724757,0.07142857142857142,mags_binary_excluded,0.010910600001807325
heart_statlog,4,31.0,16.0,4.0,0.37841747807592013,0.13333333333333333,matched_gini_unrestricted,0.020201299994369037
heart_statlog,4,29.0,15.0,4.0,0.470674176980168,0.21428571428571427,mags_fixed_unrestricted,0.033588699996471405
heart_statlog,4,31.0,16.0,4.0,,,cart_fixed,0.0009194000012939796
heart_statlog,4,15.0,8.0,3.0,0.40036094224924007,0.0,mags_tuned,0.32356309999886435
heart_statlog,4,31.0,16.0,4.0,,,cart_tuned_depth,0.007692000006500166
heart_statlog,4,11.0,6.0,3.0,,,cart_pruned,0.010925599999609403
heart_statlog,4,31.0,16.0,4.0,,,noise_augmented_cart,0.0009293000039178878
heart_statlog,4,,,,,,random_forest,0.05534500000067055
heart_statlog,4,,,,,,extra_trees,0.03609580000193091
heart_statlog,4,,,,,,linear_svm,0.0010975999975926243
heart_statlog,4,,,,,,rbf_svm,0.0008052000048337504
german_credit,29,47.0,24.0,5.0,0.5740533892431949,0.5652173913043478,matched_gini,0.0769505999996909
german_credit,29,55.0,28.0,5.0,0.7627923981281598,0.7407407407407407,mags_fixed,0.04469009999593254
german_credit,29,47.0,24.0,5.0,0.5356268008928066,0.5217391304347826,mags_binary_excluded,0.05448939999769209
german_credit,29,47.0,24.0,5.0,0.7140569403579534,0.6956521739130435,matched_gini_unrestricted,0.052515800001856405
german_credit,29,55.0,28.0,5.0,0.7628783671949264,0.7407407407407407,mags_fixed_unrestricted,0.07234279999829596
german_credit,29,49.0,25.0,5.0,,,cart_fixed,0.0017816000035963953
german_credit,29,15.0,8.0,3.0,0.8624338624338624,0.0,mags_tuned,1.7085226999988663
german_credit,29,7.0,4.0,2.0,,,cart_tuned_depth,0.015633100003469735
german_credit,29,17.0,9.0,5.0,,,cart_pruned,0.03506349999952363
german_credit,29,49.0,25.0,5.0,,,noise_augmented_cart,0.013555699995777104
german_credit,29,,,,,,random_forest,0.06623630000103731
german_credit,29,,,,,,extra_trees,0.048550500003329944
german_credit,29,,,,,,linear_svm,0.016468999994685873
german_credit,29,,,,,,rbf_svm,0.0067775999996229075
heart_statlog,5,27.0,14.0,4.0,0.2818208295203067,0.0,matched_gini,0.01501319999806583
heart_statlog,5,25.0,13.0,4.0,0.42638967158197927,0.08333333333333333,mags_fixed,0.014697799997520633
heart_statlog,5,25.0,13.0,4.0,0.42638967158197927,0.08333333333333333,mags_binary_excluded,0.014722200001415331
heart_statlog,5,27.0,14.0,4.0,0.2607046907571091,0.0,matched_gini_unrestricted,0.014687800001411233
heart_statlog,5,25.0,13.0,4.0,0.42638967158197927,0.08333333333333333,mags_fixed_unrestricted,0.01533470000140369
heart_statlog,5,27.0,14.0,4.0,,,cart_fixed,0.0008589999997639097
heart_statlog,5,7.0,4.0,2.0,0.47222222222222215,0.0,mags_tuned,0.33951620000152616
heart_statlog,5,15.0,8.0,3.0,,,cart_tuned_depth,0.008181500001228414
heart_statlog,5,31.0,16.0,6.0,,,cart_pruned,0.010587700002361089
heart_statlog,5,31.0,16.0,4.0,,,noise_augmented_cart,0.000941699996474199
heart_statlog,5,,,,,,random_forest,0.057061900006374344
heart_statlog,5,,,,,,extra_trees,0.046050800003285985
heart_statlog,5,,,,,,linear_svm,0.001164599998446647
heart_statlog,5,,,,,,rbf_svm,0.0007305999970412813
heart_statlog,6,27.0,14.0,4.0,0.27936355925146894,0.07692307692307693,matched_gini,0.016186600005312357
heart_statlog,6,27.0,14.0,4.0,0.3718333499971217,0.07692307692307693,mags_fixed,0.012076500002876855
heart_statlog,6,27.0,14.0,4.0,0.24492584454710617,0.0,mags_binary_excluded,0.014104900001257192
heart_statlog,6,27.0,14.0,4.0,0.27936355925146894,0.07692307692307693,matched_gini_unrestricted,0.01601010000013048
heart_statlog,6,27.0,14.0,4.0,0.3718333499971217,0.07692307692307693,mags_fixed_unrestricted,0.017221499998413492
heart_statlog,6,27.0,14.0,4.0,,,cart_fixed,0.0009125999931711704
heart_statlog,6,15.0,8.0,3.0,0.2750189805250985,0.0,mags_tuned,0.35142910000286065
heart_statlog,6,7.0,4.0,2.0,,,cart_tuned_depth,0.007647099999303464
heart_statlog,6,15.0,8.0,4.0,,,cart_pruned,0.015521099994657561
heart_statlog,6,29.0,15.0,4.0,,,noise_augmented_cart,0.0012395000012475066
heart_statlog,6,,,,,,random_forest,0.06557579999935115
heart_statlog,6,,,,,,extra_trees,0.057626399997388944
heart_statlog,6,,,,,,linear_svm,0.001640199996472802
heart_statlog,6,,,,,,rbf_svm,0.0009658999988459982
heart_statlog,7,25.0,13.0,4.0,0.20375074076433056,0.0,matched_gini,0.010712100003729574
heart_statlog,7,27.0,14.0,4.0,0.27847865879889555,0.0,mags_fixed,0.01323229999979958
heart_statlog,7,27.0,14.0,4.0,0.27847865879889555,0.0,mags_binary_excluded,0.01040389999980107
heart_statlog,7,25.0,13.0,4.0,0.21868961427127923,0.0,matched_gini_unrestricted,0.03546469999855617
heart_statlog,7,25.0,13.0,4.0,0.2685655555791454,0.0,mags_fixed_unrestricted,0.027979799997410737
heart_statlog,7,25.0,13.0,4.0,,,cart_fixed,0.0009308999942732044
heart_statlog,7,27.0,14.0,4.0,0.27847865879889555,0.0,mags_tuned,0.3876947000026121
heart_statlog,7,25.0,13.0,4.0,,,cart_tuned_depth,0.02432369999587536
heart_statlog,7,7.0,4.0,3.0,,,cart_pruned,0.012056400002620649
heart_statlog,7,27.0,14.0,4.0,,,noise_augmented_cart,0.0010535999972489662
heart_statlog,7,,,,,,random_forest,0.062355900001421105
heart_statlog,7,,,,,,extra_trees,0.0464473000029102
heart_statlog,7,,,,,,linear_svm,0.0020017999995616265
heart_statlog,7,,,,,,rbf_svm,0.0008276999942609109
heart_statlog,8,25.0,13.0,4.0,0.15188086238997972,0.0,matched_gini,0.016521500001545064
heart_statlog,8,27.0,14.0,4.0,0.35777937229192697,0.07692307692307693,mags_fixed,0.016418399995018262
heart_statlog,8,27.0,14.0,4.0,0.35777937229192697,0.07692307692307693,mags_binary_excluded,0.01163770000130171
heart_statlog,8,25.0,13.0,4.0,0.15983713317233747,0.0,matched_gini_unrestricted,0.019386799998756032
heart_statlog,8,27.0,14.0,4.0,0.35800131365914933,0.07692307692307693,mags_fixed_unrestricted,0.02141490000212798
heart_statlog,8,25.0,13.0,4.0,,,cart_fixed,0.00079340000229422
heart_statlog,8,7.0,4.0,2.0,0.2764550264550264,0.0,mags_tuned,0.3647952000028454
heart_statlog,8,7.0,4.0,2.0,,,cart_tuned_depth,0.009527200003503822
heart_statlog,8,17.0,9.0,4.0,,,cart_pruned,0.015175100001215469
heart_statlog,8,29.0,15.0,4.0,,,noise_augmented_cart,0.0011875999989570118
heart_statlog,8,,,,,,random_forest,0.06287230000452837
heart_statlog,8,,,,,,extra_trees,0.06701170000451384
heart_statlog,8,,,,,,linear_svm,0.0021685000028810464
heart_statlog,8,,,,,,rbf_svm,0.0019142000019201078
heart_statlog,9,25.0,13.0,4.0,0.1790079019054052,0.0,matched_gini,0.019313500000862405
heart_statlog,9,27.0,14.0,4.0,0.48106646725887525,0.07692307692307693,mags_fixed,0.014059500004805159
heart_statlog,9,27.0,14.0,4.0,0.3247299887897804,0.0,mags_binary_excluded,0.0163511999999173
heart_statlog,9,25.0,13.0,4.0,0.1799947880287827,0.0,matched_gini_unrestricted,0.02315390000148909
heart_statlog,9,27.0,14.0,4.0,0.48106646725887525,0.07692307692307693,mags_fixed_unrestricted,0.015947400002914947
heart_statlog,9,25.0,13.0,4.0,,,cart_fixed,0.0008535000015399419
heart_statlog,9,15.0,8.0,3.0,0.41992304471149666,0.0,mags_tuned,0.3956287999972119
heart_statlog,9,7.0,4.0,2.0,,,cart_tuned_depth,0.009873000002698973
heart_statlog,9,3.0,2.0,1.0,,,cart_pruned,0.012315699997998308
heart_statlog,9,27.0,14.0,4.0,,,noise_augmented_cart,0.0009503000037511811
heart_statlog,9,,,,,,random_forest,0.05676270000549266
heart_statlog,9,,,,,,extra_trees,0.048593500003335066
heart_statlog,9,,,,,,linear_svm,0.0011152999941259623
heart_statlog,9,,,,,,rbf_svm,0.0007796999998390675
heart_statlog,10,29.0,15.0,4.0,0.24560530598306082,0.0,matched_gini,0.01553789999888977
heart_statlog,10,27.0,14.0,4.0,0.36486661486661487,0.0,mags_fixed,0.011294399999314919
heart_statlog,10,27.0,14.0,4.0,0.36486661486661487,0.0,mags_binary_excluded,0.015564000001177192
heart_statlog,10,29.0,15.0,4.0,0.24240017777793263,0.0,matched_gini_unrestricted,0.014483500002825167
heart_statlog,10,27.0,14.0,4.0,0.36486661486661487,0.0,mags_fixed_unrestricted,0.045248200003698
heart_statlog,10,27.0,14.0,4.0,,,cart_fixed,0.002888299997721333
heart_statlog,10,7.0,4.0,2.0,0.376984126984127,0.0,mags_tuned,0.4501183000029414
heart_statlog,10,27.0,14.0,4.0,,,cart_tuned_depth,0.00867320000543259
heart_statlog,10,3.0,2.0,1.0,,,cart_pruned,0.014983999994001351
heart_statlog,10,29.0,15.0,4.0,,,noise_augmented_cart,0.0011643999969237484
heart_statlog,10,,,,,,random_forest,0.06949810000514844
heart_statlog,10,,,,,,extra_trees,0.03919869999663206
heart_statlog,10,,,,,,linear_svm,0.001157200000307057
heart_statlog,10,,,,,,rbf_svm,0.0009487999996053986
heart_statlog,11,27.0,14.0,4.0,0.30621434061414565,0.07692307692307693,matched_gini,0.01292710000416264
heart_statlog,11,27.0,14.0,4.0,0.4617923859608308,0.07692307692307693,mags_fixed,0.010840399998414796
heart_statlog,11,27.0,14.0,4.0,0.3101227339348673,0.0,mags_binary_excluded,0.015776200001710095
heart_statlog,11,25.0,13.0,4.0,0.3280284986282874,0.08333333333333333,matched_gini_unrestricted,0.02144189999671653
heart_statlog,11,25.0,13.0,4.0,0.5060919904061927,0.08333333333333333,mags_fixed_unrestricted,0.015348900000390131
heart_statlog,11,25.0,13.0,4.0,,,cart_fixed,0.0008027000003494322
heart_statlog,11,15.0,8.0,3.0,0.3933071510391098,0.0,mags_tuned,0.330729599998449
heart_statlog,11,15.0,8.0,3.0,,,cart_tuned_depth,0.01202989999728743
heart_statlog,11,17.0,9.0,4.0,,,cart_pruned,0.012232499997480772
heart_statlog,11,27.0,14.0,4.0,,,noise_augmented_cart,0.001178899998194538
heart_statlog,11,,,,,,random_forest,0.06000599999970291
heart_statlog,11,,,,,,extra_trees,0.03656849999970291
heart_statlog,11,,,,,,linear_svm,0.0015096000061021186
heart_statlog,11,,,,,,rbf_svm,0.0008035999999265186
heart_statlog,12,21.0,11.0,4.0,0.26234039481930865,0.0,matched_gini,0.011515400001371745
heart_statlog,12,21.0,11.0,4.0,0.26234039481930865,0.0,mags_fixed,0.01009650000196416
heart_statlog,12,21.0,11.0,4.0,0.26234039481930865,0.0,mags_binary_excluded,0.009856399999989662
heart_statlog,12,21.0,11.0,4.0,0.26234039481930865,0.0,matched_gini_unrestricted,0.013034000003244728
heart_statlog,12,21.0,11.0,4.0,0.26234039481930865,0.0,mags_fixed_unrestricted,0.016940599998633843
heart_statlog,12,21.0,11.0,4.0,,,cart_fixed,0.0009611999994376674
heart_statlog,12,15.0,8.0,3.0,0.537435456110155,0.0,mags_tuned,0.3683270000037737
heart_statlog,12,13.0,7.0,3.0,,,cart_tuned_depth,0.01178069999878062
heart_statlog,12,33.0,17.0,7.0,,,cart_pruned,0.014250200001697522
heart_statlog,12,25.0,13.0,4.0,,,noise_augmented_cart,0.0009674999964772724
heart_statlog,12,,,,,,random_forest,0.062024500002735294
heart_statlog,12,,,,,,extra_trees,0.044396500001312234
heart_statlog,12,,,,,,linear_svm,0.0012912000020151027
heart_statlog,12,,,,,,rbf_svm,0.0010085000030812807
heart_statlog,13,27.0,14.0,4.0,0.2850124785608657,0.07692307692307693,matched_gini,0.01003379999747267
heart_statlog,13,27.0,14.0,4.0,0.4201908804059343,0.0,mags_fixed,0.01395790000242414
heart_statlog,13,27.0,14.0,4.0,0.4201908804059343,0.0,mags_binary_excluded,0.014161399994918611
heart_statlog,13,27.0,14.0,4.0,0.2850124785608657,0.07692307692307693,matched_gini_unrestricted,0.0198203999971156
heart_statlog,13,27.0,14.0,4.0,0.4201908804059343,0.0,mags_fixed_unrestricted,0.019775500004470814
heart_statlog,13,27.0,14.0,4.0,,,cart_fixed,0.0007489999989047647
heart_statlog,13,33.0,17.0,6.0,0.39980850026545783,0.0,mags_tuned,0.34576109999761684
heart_statlog,13,7.0,4.0,2.0,,,cart_tuned_depth,0.009865800006082281
heart_statlog,13,33.0,17.0,6.0,,,cart_pruned,0.013022399994952139
heart_statlog,13,29.0,15.0,4.0,,,noise_augmented_cart,0.0011081000047852285
heart_statlog,13,,,,,,random_forest,0.06813979999424191
heart_statlog,13,,,,,,extra_trees,0.03958920000150101
heart_statlog,13,,,,,,linear_svm,0.000897999998414889
heart_statlog,13,,,,,,rbf_svm,0.0007083999953465536
heart_statlog,14,19.0,10.0,4.0,0.4217403226650975,0.2222222222222222,matched_gini,0.010069500000099652
heart_statlog,14,27.0,14.0,4.0,0.342425262130732,0.15384615384615385,mags_fixed,0.010889099998166785
heart_statlog,14,31.0,16.0,4.0,0.43254781803168896,0.06666666666666667,mags_binary_excluded,0.013116399997670669
heart_statlog,14,19.0,10.0,4.0,0.4217403226650975,0.2222222222222222,matched_gini_unrestricted,0.01519910000206437
heart_statlog,14,27.0,14.0,4.0,0.3596746793801492,0.15384615384615385,mags_fixed_unrestricted,0.016018700000131503
heart_statlog,14,19.0,10.0,4.0,,,cart_fixed,0.0008046000002650544
heart_statlog,14,37.0,19.0,6.0,0.3880928296738115,0.0,mags_tuned,0.49336899999616435
heart_statlog,14,27.0,14.0,5.0,,,cart_tuned_depth,0.007984200005012099
heart_statlog,14,39.0,20.0,8.0,,,cart_pruned,0.011851900002511684
heart_statlog,14,29.0,15.0,4.0,,,noise_augmented_cart,0.0009582999991835095
heart_statlog,14,,,,,,random_forest,0.08174630000576144
heart_statlog,14,,,,,,extra_trees,0.04555479999544332
heart_statlog,14,,,,,,linear_svm,0.0012459999998100102
heart_statlog,14,,,,,,rbf_svm,0.0008754000009503216
heart_statlog,15,25.0,13.0,4.0,0.23147446432145072,0.08333333333333333,matched_gini,0.013326100000995211
heart_statlog,15,25.0,13.0,4.0,0.4303364912060565,0.16666666666666666,mags_fixed,0.010102599997480866
heart_statlog,15,25.0,13.0,4.0,0.4303364912060565,0.08333333333333333,mags_binary_excluded,0.047466500000155065
heart_statlog,15,25.0,13.0,4.0,0.23147446432145072,0.08333333333333333,matched_gini_unrestricted,0.03131739999662386
heart_statlog,15,25.0,13.0,4.0,0.4303364912060565,0.16666666666666666,mags_fixed_unrestricted,0.019118600001093
heart_statlog,15,25.0,13.0,4.0,,,cart_fixed,0.0008605999973951839
heart_statlog,15,7.0,4.0,2.0,0.23123123123123124,0.0,mags_tuned,0.3640263999986928
heart_statlog,15,13.0,7.0,3.0,,,cart_tuned_depth,0.04116329999669688
heart_statlog,15,19.0,10.0,5.0,,,cart_pruned,0.02759949999745004
heart_statlog,15,25.0,13.0,4.0,,,noise_augmented_cart,0.0021128000007593073
heart_statlog,15,,,,,,random_forest,0.09878310000203783
heart_statlog,15,,,,,,extra_trees,0.0746731000035652
heart_statlog,15,,,,,,linear_svm,0.0011861999955726787
heart_statlog,15,,,,,,rbf_svm,0.0009000999998534098
heart_statlog,16,25.0,13.0,4.0,0.23869835341331191,0.0,matched_gini,0.016511200003151316
heart_statlog,16,23.0,12.0,4.0,0.4386764656532099,0.18181818181818182,mags_fixed,0.014573000000382308
heart_statlog,16,25.0,13.0,4.0,0.3075806193661886,0.0,mags_binary_excluded,0.013649299995449837
heart_statlog,16,25.0,13.0,4.0,0.23869835341331191,0.0,matched_gini_unrestricted,0.013127399994118605
heart_statlog,16,23.0,12.0,4.0,0.4353917315194191,0.18181818181818182,mags_fixed_unrestricted,0.01812919999792939
heart_statlog,16,25.0,13.0,4.0,,,cart_fixed,0.00073079999856418
heart_statlog,16,37.0,19.0,7.0,0.3031357629457353,0.0,mags_tuned,0.39943760000460315
heart_statlog,16,13.0,7.0,3.0,,,cart_tuned_depth,0.007987400000274647
heart_statlog,16,13.0,7.0,4.0,,,cart_pruned,0.013452400002279319
heart_statlog,16,25.0,13.0,4.0,,,noise_augmented_cart,0.008177199997589923
heart_statlog,16,,,,,,random_forest,0.06092549999448238
heart_statlog,16,,,,,,extra_trees,0.03924849999748403
heart_statlog,16,,,,,,linear_svm,0.002413899994280655
heart_statlog,16,,,,,,rbf_svm,0.0009281000020564534
heart_statlog,17,23.0,12.0,4.0,0.21859417356909752,0.09090909090909091,matched_gini,0.011080399999627843
heart_statlog,17,23.0,12.0,4.0,0.4125725767036709,0.09090909090909091,mags_fixed,0.009960299998056144
heart_statlog,17,23.0,12.0,4.0,0.3519665160976103,0.0,mags_binary_excluded,0.01830300000438001
heart_statlog,17,23.0,12.0,4.0,0.11969638130439239,0.0,matched_gini_unrestricted,0.016722300002584234
heart_statlog,17,23.0,12.0,4.0,0.44253639398092104,0.09090909090909091,mags_fixed_unrestricted,0.020253800001228228
heart_statlog,17,23.0,12.0,4.0,,,cart_fixed,0.000895099998160731
heart_statlog,17,31.0,16.0,5.0,0.5195779078190146,0.0,mags_tuned,0.40184880000015255
heart_statlog,17,23.0,12.0,4.0,,,cart_tuned_depth,0.009237700003723148
heart_statlog,17,19.0,10.0,6.0,,,cart_pruned,0.014007100005983375
heart_statlog,17,25.0,13.0,4.0,,,noise_augmented_cart,0.001064700001734309
heart_statlog,17,,,,,,random_forest,0.0648806000026525
heart_statlog,17,,,,,,extra_trees,0.0320002000007662
heart_statlog,17,,,,,,linear_svm,0.001051699997333344
heart_statlog,17,,,,,,rbf_svm,0.0007167000003391877
heart_statlog,18,27.0,14.0,4.0,0.32813765996447913,0.07692307692307693,matched_gini,0.027350300006219186
heart_statlog,18,29.0,15.0,4.0,0.33543897080018975,0.07142857142857142,mags_fixed,0.017147500002465677
heart_statlog,18,29.0,15.0,4.0,0.2671159894337301,0.0,mags_binary_excluded,0.030907600004866254
heart_statlog,18,27.0,14.0,4.0,0.25368006627611617,0.0,matched_gini_unrestricted,0.03761069999745814
heart_statlog,18,29.0,15.0,4.0,0.3334548438160628,0.07142857142857142,mags_fixed_unrestricted,0.04106879999744706
heart_statlog,18,27.0,14.0,4.0,,,cart_fixed,0.0014685999994981103
heart_statlog,18,29.0,15.0,4.0,0.4024032565144754,0.0,mags_tuned,0.46266080000350485
heart_statlog,18,7.0,4.0,2.0,,,cart_tuned_depth,0.01756829999794718
heart_statlog,18,33.0,17.0,6.0,,,cart_pruned,0.026615299997502007
heart_statlog,18,27.0,14.0,4.0,,,noise_augmented_cart,0.0020478999940678477
heart_statlog,18,,,,,,random_forest,0.09669429999485146
heart_statlog,18,,,,,,extra_trees,0.07541260000289185
heart_statlog,18,,,,,,linear_svm,0.002861499997379724
heart_statlog,18,,,,,,rbf_svm,0.0013707000034628436
heart_statlog,19,23.0,12.0,4.0,0.18568768211625353,0.0,matched_gini,0.02946910000173375
heart_statlog,19,23.0,12.0,4.0,0.2013005668467853,0.0,mags_fixed,0.02893489999405574
heart_statlog,19,23.0,12.0,4.0,0.2013005668467853,0.0,mags_binary_excluded,0.02893929999845568
heart_statlog,19,23.0,12.0,4.0,0.18568768211625353,0.0,matched_gini_unrestricted,0.039056000001437496
heart_statlog,19,23.0,12.0,4.0,0.2013005668467853,0.0,mags_fixed_unrestricted,0.037486200002604164
heart_statlog,19,23.0,12.0,4.0,,,cart_fixed,0.0014865000048303045
heart_statlog,19,15.0,8.0,3.0,0.12255425979915777,0.0,mags_tuned,0.3712876999998116
heart_statlog,19,15.0,8.0,3.0,,,cart_tuned_depth,0.009095000001252629
heart_statlog,19,35.0,18.0,6.0,,,cart_pruned,0.01383969999733381
heart_statlog,19,25.0,13.0,4.0,,,noise_augmented_cart,0.0010738999990280718
heart_statlog,19,,,,,,random_forest,0.09324280000146246
heart_statlog,19,,,,,,extra_trees,0.04628709999815328
heart_statlog,19,,,,,,linear_svm,0.011205000002519228
heart_statlog,19,,,,,,rbf_svm,0.0009393000000272878
heart_statlog,20,25.0,13.0,4.0,0.34818509041818446,0.08333333333333333,matched_gini,0.028340400000161026
heart_statlog,20,25.0,13.0,4.0,0.4471158123231856,0.16666666666666666,mags_fixed,0.027822500000183936
heart_statlog,20,25.0,13.0,4.0,0.37339786360523686,0.0,mags_binary_excluded,0.027878100001544226
heart_statlog,20,25.0,13.0,4.0,0.2800455651746219,0.08333333333333333,matched_gini_unrestricted,0.037252099995384924
heart_statlog,20,25.0,13.0,4.0,0.37419914565651896,0.08333333333333333,mags_fixed_unrestricted,0.026919700001599267
heart_statlog,20,25.0,13.0,4.0,,,cart_fixed,0.0008530999984941445
heart_statlog,20,35.0,18.0,6.0,0.2574750927231716,0.0,mags_tuned,0.36354649999702815
heart_statlog,20,7.0,4.0,2.0,,,cart_tuned_depth,0.006676899996818975
heart_statlog,20,7.0,4.0,3.0,,,cart_pruned,0.013625300001876894
heart_statlog,20,29.0,15.0,4.0,,,noise_augmented_cart,0.001072400002158247
heart_statlog,20,,,,,,random_forest,0.07596339999872725
heart_statlog,20,,,,,,extra_trees,0.05949050000344869
heart_statlog,20,,,,,,linear_svm,0.0020927000005031005
heart_statlog,20,,,,,,rbf_svm,0.001726599999528844
heart_statlog,21,29.0,15.0,4.0,0.2435795151393891,0.07142857142857142,matched_gini,0.014564400000381283
heart_statlog,21,29.0,15.0,4.0,0.33752084167000135,0.07142857142857142,mags_fixed,0.013165000003937166
heart_statlog,21,29.0,15.0,4.0,0.33752084167000135,0.07142857142857142,mags_binary_excluded,0.01561280000169063
heart_statlog,21,29.0,15.0,4.0,0.2435795151393891,0.07142857142857142,matched_gini_unrestricted,0.017663799997535534
heart_statlog,21,29.0,15.0,4.0,0.33752084167000135,0.07142857142857142,mags_fixed_unrestricted,0.013644099999510217
heart_statlog,21,29.0,15.0,4.0,,,cart_fixed,0.0007052000000840053
heart_statlog,21,39.0,20.0,5.0,0.45239511148689826,0.0,mags_tuned,0.49328780000359984
heart_statlog,21,35.0,18.0,5.0,,,cart_tuned_depth,0.011954900001001079
heart_statlog,21,37.0,19.0,6.0,,,cart_pruned,0.011267099995166063
heart_statlog,21,29.0,15.0,4.0,,,noise_augmented_cart,0.001251499998033978
heart_statlog,21,,,,,,random_forest,0.11429070000303909
heart_statlog,21,,,,,,extra_trees,0.07855240000208141
heart_statlog,21,,,,,,linear_svm,0.0024857000025804155
heart_statlog,21,,,,,,rbf_svm,0.0017655000046943314
heart_statlog,23,27.0,14.0,4.0,0.19240252530183533,0.0,matched_gini,0.013482100002875086
heart_statlog,23,27.0,14.0,4.0,0.3535725518564773,0.07692307692307693,mags_fixed,0.012223899997479748
heart_statlog,23,27.0,14.0,4.0,0.2958802441641696,0.0,mags_binary_excluded,0.011147700002766214
heart_statlog,23,27.0,14.0,4.0,0.19427629256021797,0.0,matched_gini_unrestricted,0.012657799998123664
heart_statlog,23,27.0,14.0,4.0,0.3559035541874796,0.07692307692307693,mags_fixed_unrestricted,0.015251700002409052
heart_statlog,23,27.0,14.0,4.0,,,cart_fixed,0.0007097999987308867
heart_statlog,23,29.0,15.0,4.0,0.5214330738890619,0.0,mags_tuned,0.48259080000570975
heart_statlog,23,27.0,14.0,4.0,,,cart_tuned_depth,0.007167899995693006
heart_statlog,23,9.0,5.0,3.0,,,cart_pruned,0.013283400003274437
heart_statlog,23,31.0,16.0,4.0,,,noise_augmented_cart,0.0011811000003945082
heart_statlog,23,,,,,,random_forest,0.057601699998485856
heart_statlog,23,,,,,,extra_trees,0.03883450000284938
heart_statlog,23,,,,,,linear_svm,0.0011236999998800457
heart_statlog,23,,,,,,rbf_svm,0.0008958000034908764
heart_statlog,22,25.0,13.0,4.0,0.24980037846962655,0.08333333333333333,matched_gini,0.014686200003779959
heart_statlog,22,25.0,13.0,4.0,0.4122263170644038,0.08333333333333333,mags_fixed,0.011291100003290921
heart_statlog,22,25.0,13.0,4.0,0.37055965039773714,0.0,mags_binary_excluded,0.01067499999771826
heart_statlog,22,25.0,13.0,4.0,0.24980037846962655,0.08333333333333333,matched_gini_unrestricted,0.011286699998890981
heart_statlog,22,25.0,13.0,4.0,0.4122263170644038,0.08333333333333333,mags_fixed_unrestricted,0.0179571999979089
heart_statlog,22,25.0,13.0,4.0,,,cart_fixed,0.0012659999993047677
heart_statlog,22,15.0,8.0,3.0,0.36402472807861663,0.0,mags_tuned,0.5136822999993456
heart_statlog,22,15.0,8.0,3.0,,,cart_tuned_depth,0.009401700001035351
heart_statlog,22,15.0,8.0,4.0,,,cart_pruned,0.014065299998037517
heart_statlog,22,25.0,13.0,4.0,,,noise_augmented_cart,0.0008398999998462386
heart_statlog,22,,,,,,random_forest,0.06380289999651723
heart_statlog,22,,,,,,extra_trees,0.040635100005602
heart_statlog,22,,,,,,linear_svm,0.0011513999997987412
heart_statlog,22,,,,,,rbf_svm,0.0009656999973230995
heart_statlog,24,21.0,11.0,4.0,0.2243302880244046,0.0,matched_gini,0.03584699999919394
heart_statlog,24,21.0,11.0,4.0,0.2708820121623356,0.0,mags_fixed,0.01554770000075223
heart_statlog,24,21.0,11.0,4.0,0.2708820121623356,0.0,mags_binary_excluded,0.024190900003304705
heart_statlog,24,21.0,11.0,4.0,0.2243302880244046,0.0,matched_gini_unrestricted,0.01439609999943059
heart_statlog,24,21.0,11.0,4.0,0.2708820121623356,0.0,mags_fixed_unrestricted,0.019826899995678104
heart_statlog,24,21.0,11.0,4.0,,,cart_fixed,0.0008670999959576875
heart_statlog,24,13.0,7.0,3.0,0.29931582525922146,0.0,mags_tuned,0.3791215999954147
heart_statlog,24,13.0,7.0,3.0,,,cart_tuned_depth,0.008265399999800138
heart_statlog,24,7.0,4.0,3.0,,,cart_pruned,0.03452359999937471
heart_statlog,24,25.0,13.0,4.0,,,noise_augmented_cart,0.0009715999985928647
heart_statlog,24,,,,,,random_forest,0.07010520000039833
heart_statlog,24,,,,,,extra_trees,0.04351650000171503
heart_statlog,24,,,,,,linear_svm,0.009020500001497567
heart_statlog,24,,,,,,rbf_svm,0.007888000000093598
heart_statlog,25,25.0,13.0,4.0,0.2259470980751288,0.08333333333333333,matched_gini,0.013751499995123595
heart_statlog,25,29.0,15.0,4.0,0.3047222846513578,0.0,mags_fixed,0.010169799999857787
heart_statlog,25,29.0,15.0,4.0,0.3047222846513578,0.0,mags_binary_excluded,0.018490100002964027
heart_statlog,25,25.0,13.0,4.0,0.22556658057132362,0.08333333333333333,matched_gini_unrestricted,0.019409300002735108
heart_statlog,25,29.0,15.0,4.0,0.28820922781572034,0.0,mags_fixed_unrestricted,0.02162500000122236
heart_statlog,25,25.0,13.0,4.0,,,cart_fixed,0.0009100999959628098
heart_statlog,25,25.0,13.0,4.0,0.29754334220658424,0.0,mags_tuned,0.5417155000031926
heart_statlog,25,15.0,8.0,3.0,,,cart_tuned_depth,0.009278499994252343
heart_statlog,25,7.0,4.0,3.0,,,cart_pruned,0.012296700006118044
heart_statlog,25,27.0,14.0,4.0,,,noise_augmented_cart,0.001036900001054164
heart_statlog,25,,,,,,random_forest,0.07089370000176132
heart_statlog,25,,,,,,extra_trees,0.0677955000064685
heart_statlog,25,,,,,,linear_svm,0.0014864000040688552
heart_statlog,25,,,,,,rbf_svm,0.0009817999962251633
heart_statlog,26,25.0,13.0,4.0,0.25658516289760364,0.08333333333333333,matched_gini,0.01764829999592621
heart_statlog,26,23.0,12.0,4.0,0.39512613846943356,0.09090909090909091,mags_fixed,0.017612799994822126
heart_statlog,26,23.0,12.0,4.0,0.41280290614620124,0.09090909090909091,mags_binary_excluded,0.016748699999880046
heart_statlog,26,25.0,13.0,4.0,0.25658516289760364,0.08333333333333333,matched_gini_unrestricted,0.03134110000246437
heart_statlog,26,23.0,12.0,4.0,0.39512613846943356,0.09090909090909091,mags_fixed_unrestricted,0.01867310000670841
heart_statlog,26,25.0,13.0,4.0,,,cart_fixed,0.0009008999986690469
heart_statlog,26,29.0,15.0,5.0,0.3787183703659676,0.0,mags_tuned,0.3730340999973123
heart_statlog,26,31.0,16.0,5.0,,,cart_tuned_depth,0.007531399998697452
heart_statlog,26,35.0,18.0,6.0,,,cart_pruned,0.01438649999909103
heart_statlog,26,25.0,13.0,4.0,,,noise_augmented_cart,0.0011217999999644235
heart_statlog,26,,,,,,random_forest,0.05734330000268528
heart_statlog,26,,,,,,extra_trees,0.0442207000014605
heart_statlog,26,,,,,,linear_svm,0.0009761999972397462
heart_statlog,26,,,,,,rbf_svm,0.001646600001549814
heart_statlog,28,19.0,10.0,4.0,0.179511815745582,0.0,matched_gini,0.013857000005373266
heart_statlog,28,29.0,15.0,4.0,0.5237701797136766,0.14285714285714285,mags_fixed,0.01558429999568034
heart_statlog,28,29.0,15.0,4.0,0.45580481174830856,0.07142857142857142,mags_binary_excluded,0.013415599998552352
heart_statlog,28,25.0,13.0,4.0,0.38361914210128484,0.0,matched_gini_unrestricted,0.012910099998407532
heart_statlog,28,29.0,15.0,4.0,0.5192350323213863,0.14285714285714285,mags_fixed_unrestricted,0.013704500001040287
heart_statlog,28,19.0,10.0,4.0,,,cart_fixed,0.000774300002376549
heart_statlog,28,29.0,15.0,4.0,0.5944160997732426,0.0,mags_tuned,0.32397559999662917
heart_statlog,28,13.0,7.0,3.0,,,cart_tuned_depth,0.010475099996256176
heart_statlog,28,3.0,2.0,1.0,,,cart_pruned,0.012328099997830577
heart_statlog,28,27.0,14.0,4.0,,,noise_augmented_cart,0.0009062999961315654
heart_statlog,28,,,,,,random_forest,0.09081660000083502
heart_statlog,28,,,,,,extra_trees,0.036547999996400904
heart_statlog,28,,,,,,linear_svm,0.0013517000043066218
heart_statlog,28,,,,,,rbf_svm,0.0012179999976069666
heart_statlog,27,27.0,14.0,4.0,0.33782857355880014,0.0,matched_gini,0.026998599998478312
heart_statlog,27,25.0,13.0,4.0,0.33904870079189253,0.0,mags_fixed,0.02794230000290554
heart_statlog,27,25.0,13.0,4.0,0.33904870079189253,0.0,mags_binary_excluded,0.012248699997144286
heart_statlog,27,27.0,14.0,4.0,0.26386407651738,0.0,matched_gini_unrestricted,0.016272000000753906
heart_statlog,27,25.0,13.0,4.0,0.33904870079189253,0.0,mags_fixed_unrestricted,0.015578200000163633
heart_statlog,27,27.0,14.0,4.0,,,cart_fixed,0.00342100000125356
heart_statlog,27,27.0,14.0,4.0,0.41053594951444417,0.0,mags_tuned,0.3560600999990129
heart_statlog,27,27.0,14.0,4.0,,,cart_tuned_depth,0.007873100003052969
heart_statlog,27,3.0,2.0,1.0,,,cart_pruned,0.013528799994674046
heart_statlog,27,27.0,14.0,4.0,,,noise_augmented_cart,0.001291300002776552
heart_statlog,27,,,,,,random_forest,0.06790129999717465
heart_statlog,27,,,,,,extra_trees,0.039056100002198946
heart_statlog,27,,,,,,linear_svm,0.0010200000033364631
heart_statlog,27,,,,,,rbf_svm,0.0007790999952703714
heart_statlog,29,25.0,13.0,4.0,0.2713271084648986,0.08333333333333333,matched_gini,0.009515599995211232
heart_statlog,29,25.0,13.0,4.0,0.2713271084648986,0.08333333333333333,mags_fixed,0.009781499997188803
heart_statlog,29,25.0,13.0,4.0,0.2713271084648986,0.08333333333333333,mags_binary_excluded,0.009408799996890593
heart_statlog,29,25.0,13.0,4.0,0.2713271084648986,0.08333333333333333,matched_gini_unrestricted,0.012881599999673199
heart_statlog,29,25.0,13.0,4.0,0.2713271084648986,0.08333333333333333,mags_fixed_unrestricted,0.025752199995622505
heart_statlog,29,25.0,13.0,4.0,,,cart_fixed,0.0012919000000692904
heart_statlog,29,7.0,4.0,2.0,0.23015873015873015,0.0,mags_tuned,0.39177709999785293
heart_statlog,29,31.0,16.0,5.0,,,cart_tuned_depth,0.012879000001703389
heart_statlog,29,7.0,4.0,3.0,,,cart_pruned,0.012251599997398444
heart_statlog,29,27.0,14.0,4.0,,,noise_augmented_cart,0.0012005000025965273
heart_statlog,29,,,,,,random_forest,0.0593732000052114
heart_statlog,29,,,,,,extra_trees,0.04164090000267606
heart_statlog,29,,,,,,linear_svm,0.0017024000044330023
heart_statlog,29,,,,,,rbf_svm,0.0009684999968158081
iris,0,9.0,5.0,3.0,0.09940139897767006,0.0,matched_gini,0.002422999998088926
iris,0,9.0,5.0,3.0,0.10148473231100347,0.0,mags_fixed,0.002265299997816328
iris,0,9.0,5.0,3.0,0.10148473231100347,0.0,mags_binary_excluded,0.0024517999991076067
iris,0,9.0,5.0,3.0,0.09940139897767006,0.0,matched_gini_unrestricted,0.004155700000410434
iris,0,9.0,5.0,3.0,0.10148473231100347,0.0,mags_fixed_unrestricted,0.00420000000303844
iris,0,9.0,5.0,3.0,,,cart_fixed,0.000724199999240227
iris,0,5.0,3.0,2.0,0.15435835351089583,0.0,mags_tuned,0.0853071000019554
iris,0,5.0,3.0,2.0,,,cart_tuned_depth,0.006029299998772331
iris,0,11.0,6.0,4.0,,,cart_pruned,0.005488399998284876
iris,0,9.0,5.0,3.0,,,noise_augmented_cart,0.0005074000000604428
iris,0,,,,,,random_forest,0.05680179999762913
iris,0,,,,,,extra_trees,0.058078699999896344
iris,0,,,,,,linear_svm,0.0006494999979622662
iris,0,,,,,,rbf_svm,0.0005795000033685938
iris,2,9.0,5.0,3.0,0.16628151260504198,0.0,matched_gini,0.0023742000048514456
iris,2,9.0,5.0,3.0,0.16628151260504198,0.0,mags_fixed,0.002404500002739951
iris,2,9.0,5.0,3.0,0.16628151260504198,0.0,mags_binary_excluded,0.002283299996634014
iris,2,9.0,5.0,3.0,0.16628151260504198,0.0,matched_gini_unrestricted,0.003242299993871711
iris,2,9.0,5.0,3.0,0.16628151260504198,0.0,mags_fixed_unrestricted,0.004545199997664895
iris,2,9.0,5.0,3.0,,,cart_fixed,0.0008171000008587725
iris,2,5.0,3.0,2.0,0.13970588235294112,0.0,mags_tuned,0.07506180000200402
iris,2,5.0,3.0,2.0,,,cart_tuned_depth,0.00812430000223685
iris,2,15.0,8.0,5.0,,,cart_pruned,0.005349799997929949
iris,2,9.0,5.0,3.0,,,noise_augmented_cart,0.0005814000032842159
iris,2,,,,,,random_forest,0.06059790000290377
iris,2,,,,,,extra_trees,0.05219819999911124
iris,2,,,,,,linear_svm,0.0006037999992258847
iris,2,,,,,,rbf_svm,0.0005333000008249655
iris,1,7.0,4.0,3.0,0.10363952469215626,0.0,matched_gini,0.002157800001441501
iris,1,7.0,4.0,3.0,0.10363952469215626,0.0,mags_fixed,0.002134099995600991
iris,1,7.0,4.0,3.0,0.10363952469215626,0.0,mags_binary_excluded,0.002065199994831346
iris,1,7.0,4.0,3.0,0.10363952469215626,0.0,matched_gini_unrestricted,0.0034790999998222105
iris,1,7.0,4.0,3.0,0.10363952469215626,0.0,mags_fixed_unrestricted,0.010736899996118154
iris,1,7.0,4.0,3.0,,,cart_fixed,0.0012167000022600405
iris,1,5.0,3.0,2.0,0.11000474158368892,0.0,mags_tuned,0.05901799999992363
iris,1,5.0,3.0,2.0,,,cart_tuned_depth,0.008293099999718834
iris,1,13.0,7.0,5.0,,,cart_pruned,0.0045849000016460195
iris,1,7.0,4.0,3.0,,,noise_augmented_cart,0.0005185999980312772
iris,1,,,,,,random_forest,0.06701220000104513
iris,1,,,,,,extra_trees,0.0672095000045374
iris,1,,,,,,linear_svm,0.0011874000047100708
iris,1,,,,,,rbf_svm,0.0011219999942113645
iris,3,9.0,5.0,3.0,0.14107142857142868,0.0,matched_gini,0.0021744999976363033
iris,3,9.0,5.0,3.0,0.14107142857142868,0.0,mags_fixed,0.0021227000033832155
iris,3,9.0,5.0,3.0,0.14107142857142868,0.0,mags_binary_excluded,0.0020934999993187375
iris,3,9.0,5.0,3.0,0.10496031746031757,0.0,matched_gini_unrestricted,0.0038190999985090457
iris,3,9.0,5.0,3.0,0.10496031746031757,0.0,mags_fixed_unrestricted,0.0037521999984164722
iris,3,9.0,5.0,3.0,,,cart_fixed,0.0006844999952591024
iris,3,5.0,3.0,2.0,0.15833333333333333,0.0,mags_tuned,0.07565130000148201
iris,3,9.0,5.0,3.0,,,cart_tuned_depth,0.006341000000247732
iris,3,11.0,6.0,4.0,,,cart_pruned,0.00370660000044154
iris,3,9.0,5.0,3.0,,,noise_augmented_cart,0.00037460000021383166
iris,3,,,,,,random_forest,0.06438749999506399
iris,3,,,,,,extra_trees,0.0401207999966573
iris,3,,,,,,linear_svm,0.0006463000026997179
iris,3,,,,,,rbf_svm,0.0005588999993051402
iris,6,9.0,5.0,3.0,0.16548793859649125,0.0,matched_gini,0.002114900002197828
iris,6,9.0,5.0,3.0,0.16548793859649125,0.0,mags_fixed,0.0020663000032072887
iris,6,9.0,5.0,3.0,0.16548793859649125,0.0,mags_binary_excluded,0.004079699996509589
iris,6,9.0,5.0,3.0,0.16548793859649125,0.0,matched_gini_unrestricted,0.0024696000036783516
iris,6,9.0,5.0,3.0,0.16548793859649125,0.0,mags_fixed_unrestricted,0.0024781000029179268
iris,6,9.0,5.0,3.0,,,cart_fixed,0.0005837000062456354
iris,6,11.0,6.0,4.0,0.19905701754385968,0.0,mags_tuned,0.059046299997135065
iris,6,5.0,3.0,2.0,,,cart_tuned_depth,0.00720539999747416
iris,6,11.0,6.0,4.0,,,cart_pruned,0.00398999999742955
iris,6,9.0,5.0,3.0,,,noise_augmented_cart,0.0004771000021719374
iris,6,,,,,,random_forest,0.05386960000032559
iris,6,,,,,,extra_trees,0.034316899997065775
iris,6,,,,,,linear_svm,0.0005256000004010275
iris,6,,,,,,rbf_svm,0.00045989999489393085
iris,4,9.0,5.0,3.0,0.0826220742534302,0.0,matched_gini,0.0025963999942177907
iris,4,9.0,5.0,3.0,0.0826220742534302,0.0,mags_fixed,0.002175499997974839
iris,4,9.0,5.0,3.0,0.0826220742534302,0.0,mags_binary_excluded,0.002453300003253389
iris,4,9.0,5.0,3.0,0.0826220742534302,0.0,matched_gini_unrestricted,0.0040638999998918734
iris,4,9.0,5.0,3.0,0.0826220742534302,0.0,mags_fixed_unrestricted,0.004297200001019519
iris,4,9.0,5.0,3.0,,,cart_fixed,0.0007503000015276484
iris,4,5.0,3.0,2.0,0.12655367231638415,0.0,mags_tuned,0.06117860000085784
iris,4,5.0,3.0,2.0,,,cart_tuned_depth,0.007681299997784663
iris,4,11.0,6.0,4.0,,,cart_pruned,0.005114400002639741
iris,4,9.0,5.0,3.0,,,noise_augmented_cart,0.0005426999996416271
iris,4,,,,,,random_forest,0.054139199994097
iris,4,,,,,,extra_trees,0.04055819999484811
iris,4,,,,,,linear_svm,0.0006341999978758395
iris,4,,,,,,rbf_svm,0.0006124999999883585
iris,5,9.0,5.0,3.0,0.1285714285714286,0.0,matched_gini,0.0016746000037528574
iris,5,9.0,5.0,3.0,0.1285714285714286,0.0,mags_fixed,0.002081999999063555
iris,5,9.0,5.0,3.0,0.1285714285714286,0.0,mags_binary_excluded,0.0019861999971908517
iris,5,9.0,5.0,3.0,0.1285714285714286,0.0,matched_gini_unrestricted,0.002373199997236952
iris,5,9.0,5.0,3.0,0.1285714285714286,0.0,mags_fixed_unrestricted,0.0025432000038563274
iris,5,9.0,5.0,3.0,,,cart_fixed,0.0005888999949092977
iris,5,5.0,3.0,2.0,0.2070175438596491,0.0,mags_tuned,0.08792910000192933
iris,5,5.0,3.0,2.0,,,cart_tuned_depth,0.007246300003316719
iris,5,9.0,5.0,3.0,,,cart_pruned,0.003911699997843243
iris,5,9.0,5.0,3.0,,,noise_augmented_cart,0.00047500000073341653
iris,5,,,,,,random_forest,0.05968060000304831
iris,5,,,,,,extra_trees,0.04591010000149254
iris,5,,,,,,linear_svm,0.00047899999481160194
iris,5,,,,,,rbf_svm,0.00045619999582413584
iris,7,7.0,4.0,3.0,0.15402723453570905,0.0,matched_gini,0.007681200004299171
iris,7,7.0,4.0,3.0,0.15402723453570905,0.0,mags_fixed,0.001901800002087839
iris,7,7.0,4.0,3.0,0.15402723453570905,0.0,mags_binary_excluded,0.001847699997597374
iris,7,7.0,4.0,3.0,0.15402723453570905,0.0,matched_gini_unrestricted,0.0033467999965068884
iris,7,7.0,4.0,3.0,0.15402723453570905,0.0,mags_fixed_unrestricted,0.003450100004556589
iris,7,7.0,4.0,3.0,,,cart_fixed,0.0007479999985662289
iris,7,5.0,3.0,2.0,0.10604085180356362,0.0,mags_tuned,0.06898530000034953
iris,7,5.0,3.0,2.0,,,cart_tuned_depth,0.008315099999890663
iris,7,7.0,4.0,3.0,,,cart_pruned,0.003281799996329937
iris,7,9.0,5.0,3.0,,,noise_augmented_cart,0.0003898000068147667
iris,7,,,,,,random_forest,0.09935460000269813
iris,7,,,,,,extra_trees,0.032732100000430364
iris,7,,,,,,linear_svm,0.0005109999983687885
iris,7,,,,,,rbf_svm,0.0004721000004792586
iris,9,9.0,5.0,3.0,0.16489898989898993,0.0,matched_gini,0.0017851999946287833
iris,9,9.0,5.0,3.0,0.10892094017094023,0.0,mags_fixed,0.0016031999984988943
iris,9,9.0,5.0,3.0,0.10892094017094023,0.0,mags_binary_excluded,0.0015488000062759966
iris,9,9.0,5.0,3.0,0.16698232323232326,0.0,matched_gini_unrestricted,0.0033601000031922013
iris,9,9.0,5.0,3.0,0.10892094017094023,0.0,mags_fixed_unrestricted,0.004157200004556216
iris,9,9.0,5.0,3.0,,,cart_fixed,0.0007774999976390973
iris,9,5.0,3.0,2.0,0.17083333333333334,0.0,mags_tuned,0.07739440000295872
iris,9,5.0,3.0,2.0,,,cart_tuned_depth,0.007833799994841684
iris,9,7.0,4.0,3.0,,,cart_pruned,0.004142899997532368
iris,9,9.0,5.0,3.0,,,noise_augmented_cart,0.0005463000052259304
iris,9,,,,,,random_forest,0.06399970000347821
iris,9,,,,,,extra_trees,0.04761750000034226
iris,9,,,,,,linear_svm,0.00296169999637641
iris,9,,,,,,rbf_svm,0.0022974999956204556
iris,8,9.0,5.0,3.0,0.1335149313962874,0.0,matched_gini,0.0022116999971331097
iris,8,9.0,5.0,3.0,0.1335149313962874,0.0,mags_fixed,0.002143199999409262
iris,8,9.0,5.0,3.0,0.1335149313962874,0.0,mags_binary_excluded,0.0013813000041409396
iris,8,9.0,5.0,3.0,0.11457553745689347,0.0,matched_gini_unrestricted,0.0026426000040373765
iris,8,9.0,5.0,3.0,0.11863397901533497,0.0,mags_fixed_unrestricted,0.0026112999985343777
iris,8,9.0,5.0,3.0,,,cart_fixed,0.00500109999848064
iris,8,5.0,3.0,2.0,0.15988700564971747,0.0,mags_tuned,0.07907229999545962
iris,8,5.0,3.0,2.0,,,cart_tuned_depth,0.01487720000295667
iris,8,9.0,5.0,3.0,,,cart_pruned,0.008020700006454717
iris,8,9.0,5.0,3.0,,,noise_augmented_cart,0.0009913999965647236
iris,8,,,,,,random_forest,0.09524960000271676
iris,8,,,,,,extra_trees,0.042155499999353196
iris,8,,,,,,linear_svm,0.0006446999977924861
iris,8,,,,,,rbf_svm,0.00054190000082599
iris,10,9.0,5.0,3.0,0.13987412761714854,0.0,matched_gini,0.0024953000029199757
iris,10,9.0,5.0,3.0,0.13987412761714854,0.0,mags_fixed,0.0023849999997764826
iris,10,9.0,5.0,3.0,0.13987412761714854,0.0,mags_binary_excluded,0.0023775000008754432
iris,10,9.0,5.0,3.0,0.13987412761714854,0.0,matched_gini_unrestricted,0.004545199997664895
iris,10,9.0,5.0,3.0,0.13987412761714854,0.0,mags_fixed_unrestricted,0.004067499998200219
iris,10,9.0,5.0,3.0,,,cart_fixed,0.0006422000005841255
iris,10,5.0,3.0,2.0,0.16724825523429712,0.0,mags_tuned,0.07832419999613194
iris,10,5.0,3.0,2.0,,,cart_tuned_depth,0.008768900006543845
iris,10,13.0,7.0,5.0,,,cart_pruned,0.007590200002596248
iris,10,9.0,5.0,3.0,,,noise_augmented_cart,0.00049820000276668
iris,10,,,,,,random_forest,0.09881830000085756
iris,10,,,,,,extra_trees,0.04613970000355039
iris,10,,,,,,linear_svm,0.0005248999950708821
iris,10,,,,,,rbf_svm,0.0004924999957438558
iris,11,9.0,5.0,3.0,0.098763027687125,0.0,matched_gini,0.00223829999595182
iris,11,9.0,5.0,3.0,0.098763027687125,0.0,mags_fixed,0.002224000003479887
iris,11,9.0,5.0,3.0,0.098763027687125,0.0,mags_binary_excluded,0.00218460000178311
iris,11,9.0,5.0,3.0,0.08110766045548659,0.0,matched_gini_unrestricted,0.002785999997286126
iris,11,9.0,5.0,3.0,0.08110766045548659,0.0,mags_fixed_unrestricted,0.0029250000006868504
iris,11,9.0,5.0,3.0,,,cart_fixed,0.0007236000019474886
iris,11,5.0,3.0,2.0,0.1519774011299435,0.0,mags_tuned,0.06390079999982845
iris,11,9.0,5.0,3.0,,,cart_tuned_depth,0.00803559999621939
iris,11,11.0,6.0,4.0,,,cart_pruned,0.004102699997019954
iris,11,7.0,4.0,3.0,,,noise_augmented_cart,0.0004873999932897277
iris,11,,,,,,random_forest,0.056196099998487625
iris,11,,,,,,extra_trees,0.03909859999839682
iris,11,,,,,,linear_svm,0.0006500999952550046
iris,11,,,,,,rbf_svm,0.0005801000006613322
iris,13,9.0,5.0,3.0,0.08204915441757546,0.0,matched_gini,0.002268800002639182
iris,13,9.0,5.0,3.0,0.09161853240800602,0.0,mags_fixed,0.002189499995438382
iris,13,9.0,5.0,3.0,0.09161853240800602,0.0,mags_binary_excluded,0.002205199998570606
iris,13,9.0,5.0,3.0,0.08204915441757546,0.0,matched_gini_unrestricted,0.003867200000968296
iris,13,9.0,5.0,3.0,0.11344392923340293,0.0,mags_fixed_unrestricted,0.003876399998262059
iris,13,9.0,5.0,3.0,,,cart_fixed,0.0007026000021141954
iris,13,5.0,3.0,2.0,0.1100047415836889,0.0,mags_tuned,0.06955000000016298
iris,13,5.0,3.0,2.0,,,cart_tuned_depth,0.007593999995151535
iris,13,17.0,9.0,7.0,,,cart_pruned,0.0051748000041698106
iris,13,9.0,5.0,3.0,,,noise_augmented_cart,0.0004889000047114678
iris,13,,,,,,random_forest,0.0770738999999594
iris,13,,,,,,extra_trees,0.05244510000193259
iris,13,,,,,,linear_svm,0.0004771999956574291
iris,13,,,,,,rbf_svm,0.0004352000032668002
iris,12,9.0,5.0,3.0,0.13084795321637435,0.0,matched_gini,0.017991099994105753
iris,12,9.0,5.0,3.0,0.13084795321637435,0.0,mags_fixed,0.02131859999644803
iris,12,9.0,5.0,3.0,0.13084795321637435,0.0,mags_binary_excluded,0.002127499996277038
iris,12,9.0,5.0,3.0,0.11671751843376568,0.0,matched_gini_unrestricted,0.003918599999451544
iris,12,9.0,5.0,3.0,0.11671751843376568,0.0,mags_fixed_unrestricted,0.003856299998005852
iris,12,9.0,5.0,3.0,,,cart_fixed,0.0007292999944183975
iris,12,5.0,3.0,2.0,0.15614035087719302,0.0,mags_tuned,0.179481900006067
iris,12,5.0,3.0,2.0,,,cart_tuned_depth,0.005586599996604491
iris,12,9.0,5.0,3.0,,,cart_pruned,0.004066900000907481
iris,12,9.0,5.0,3.0,,,noise_augmented_cart,0.0004713000016636215
iris,12,,,,,,random_forest,0.0504748000021209
iris,12,,,,,,extra_trees,0.0394222000031732
iris,12,,,,,,linear_svm,0.0004839999965042807
iris,12,,,,,,rbf_svm,0.0004358000005595386
iris,14,9.0,5.0,3.0,0.09765037593984952,0.0,matched_gini,0.002398099997662939
iris,14,9.0,5.0,3.0,0.09765037593984952,0.0,mags_fixed,0.0022218000012799166
iris,14,9.0,5.0,3.0,0.09765037593984952,0.0,mags_binary_excluded,0.0022231000039028004
iris,14,9.0,5.0,3.0,0.08574561403508764,0.0,matched_gini_unrestricted,0.0039490000053774565
iris,14,9.0,5.0,3.0,0.08574561403508764,0.0,mags_fixed_unrestricted,0.0038867000039317645
iris,14,9.0,5.0,3.0,,,cart_fixed,0.0006637000042246655
iris,14,5.0,3.0,2.0,0.1298245614035088,0.0,mags_tuned,0.14193710000108695
iris,14,5.0,3.0,2.0,,,cart_tuned_depth,0.005595000002358574
iris,14,5.0,3.0,2.0,,,cart_pruned,0.004659199999878183
iris,14,9.0,5.0,3.0,,,noise_augmented_cart,0.0003749999959836714
iris,14,,,,,,random_forest,0.052034500004083384
iris,14,,,,,,extra_trees,0.03755780000210507
iris,14,,,,,,linear_svm,0.00440070000331616
iris,14,,,,,,rbf_svm,0.0007703000010224059
iris,15,7.0,4.0,3.0,0.12650659133709977,0.0,matched_gini,0.0013013999996474013
iris,15,7.0,4.0,3.0,0.12650659133709977,0.0,mags_fixed,0.0012441999933798797
iris,15,7.0,4.0,3.0,0.12650659133709977,0.0,mags_binary_excluded,0.001224999999976717
iris,15,7.0,4.0,3.0,0.12650659133709977,0.0,matched_gini_unrestricted,0.002060500002698973
iris,15,7.0,4.0,3.0,0.12650659133709977,0.0,mags_fixed_unrestricted,0.002051199997367803
iris,15,7.0,4.0,3.0,,,cart_fixed,0.0005271999980323017
iris,15,5.0,3.0,2.0,0.1689265536723164,0.0,mags_tuned,0.051792899997963104
iris,15,5.0,3.0,2.0,,,cart_tuned_depth,0.007673399995837826
iris,15,9.0,5.0,4.0,,,cart_pruned,0.004213200001686346
iris,15,9.0,5.0,3.0,,,noise_augmented_cart,0.00048380000225733966
iris,15,,,,,,random_forest,0.05921919999673264
iris,15,,,,,,extra_trees,0.039973499995539896
iris,15,,,,,,linear_svm,0.0005185000045457855
iris,15,,,,,,rbf_svm,0.00046300000394694507
iris,16,9.0,5.0,3.0,0.09640536723163842,0.0,matched_gini,0.002430200001981575
iris,16,9.0,5.0,3.0,0.09640536723163842,0.0,mags_fixed,0.0019042000058107078
iris,16,9.0,5.0,3.0,0.09640536723163842,0.0,mags_binary_excluded,0.0020835000032093376
iris,16,9.0,5.0,3.0,0.09640536723163842,0.0,matched_gini_unrestricted,0.004175199996097945
iris,16,9.0,5.0,3.0,0.09640536723163842,0.0,mags_fixed_unrestricted,0.0030670999985886738
iris,16,9.0,5.0,3.0,,,cart_fixed,0.0006032000019331463
iris,16,5.0,3.0,2.0,0.15197740112994346,0.0,mags_tuned,0.08507930000632768
iris,16,5.0,3.0,2.0,,,cart_tuned_depth,0.007972899999003857
iris,16,13.0,7.0,4.0,,,cart_pruned,0.0061584999930346385
iris,16,9.0,5.0,3.0,,,noise_augmented_cart,0.0005061999981990084
iris,16,,,,,,random_forest,0.05887600000278326
iris,16,,,,,,extra_trees,0.043232999996689614
iris,16,,,,,,linear_svm,0.0006303999980445951
iris,16,,,,,,rbf_svm,0.0005947000026935712
iris,17,7.0,4.0,3.0,0.13843206601827285,0.0,matched_gini,0.0020453000033739954
iris,17,7.0,4.0,3.0,0.11956759715380398,0.0,mags_fixed,0.0018980000022565946
iris,17,7.0,4.0,3.0,0.11956759715380398,0.0,mags_binary_excluded,0.0022836000061943196
iris,17,7.0,4.0,3.0,0.13843206601827285,0.0,matched_gini_unrestricted,0.003497999998216983
iris,17,7.0,4.0,3.0,0.11956759715380398,0.0,mags_fixed_unrestricted,0.0034967999963555485
iris,17,7.0,4.0,3.0,,,cart_fixed,0.0007587000000057742
iris,17,5.0,3.0,2.0,0.16149425287356317,0.0,mags_tuned,0.07121180000103777
iris,17,5.0,3.0,2.0,,,cart_tuned_depth,0.007763499997963663
iris,17,9.0,5.0,4.0,,,cart_pruned,0.005056599999079481
iris,17,7.0,4.0,3.0,,,noise_augmented_cart,0.0004813999985344708
iris,17,,,,,,random_forest,0.06087139999726787
iris,17,,,,,,extra_trees,0.043508699993253686
iris,17,,,,,,linear_svm,0.0006523000047309324
iris,17,,,,,,rbf_svm,0.0007259999983943999
iris,18,9.0,5.0,3.0,0.09292427205562796,0.0,matched_gini,0.002469099999871105
iris,18,9.0,5.0,3.0,0.09292427205562796,0.0,mags_fixed,0.002384100000199396
iris,18,9.0,5.0,3.0,0.09292427205562796,0.0,mags_binary_excluded,0.0023808000041753985
iris,18,9.0,5.0,3.0,0.09292427205562796,0.0,matched_gini_unrestricted,0.004157799994572997
iris,18,9.0,5.0,3.0,0.09292427205562796,0.0,mags_fixed_unrestricted,0.004089100002602208
iris,18,9.0,5.0,3.0,,,cart_fixed,0.0007265000022016466
iris,18,5.0,3.0,2.0,0.12655367231638415,0.0,mags_tuned,0.0719394999978249
iris,18,5.0,3.0,2.0,,,cart_tuned_depth,0.0085045000014361
iris,18,9.0,5.0,3.0,,,cart_pruned,0.004498900001635775
iris,18,9.0,5.0,3.0,,,noise_augmented_cart,0.0004489999992074445
iris,18,,,,,,random_forest,0.05914420000044629
iris,18,,,,,,extra_trees,0.04175609999947483
iris,18,,,,,,linear_svm,0.0006563999995705672
iris,18,,,,,,rbf_svm,0.0006026000046404079
iris,19,9.0,5.0,3.0,0.09978582137502681,0.0,matched_gini,0.002330800001800526
iris,19,9.0,5.0,3.0,0.09978582137502681,0.0,mags_fixed,0.0022353999956976622
iris,19,9.0,5.0,3.0,0.09978582137502681,0.0,mags_binary_excluded,0.0016269999978248961
iris,19,9.0,5.0,3.0,0.09152432712215328,0.0,matched_gini_unrestricted,0.003184599998348858
iris,19,9.0,5.0,3.0,0.09152432712215328,0.0,mags_fixed_unrestricted,0.004657699995732401
iris,19,9.0,5.0,3.0,,,cart_fixed,0.0007466000024578534
iris,19,5.0,3.0,2.0,0.15402298850574714,0.0,mags_tuned,0.0668742000052589
iris,19,5.0,3.0,2.0,,,cart_tuned_depth,0.007362199998169672
iris,19,11.0,6.0,4.0,,,cart_pruned,0.004095999996934552
iris,19,9.0,5.0,3.0,,,noise_augmented_cart,0.0005153000020072795
iris,19,,,,,,random_forest,0.13057480000134092
iris,19,,,,,,extra_trees,0.06131649999588262
iris,19,,,,,,linear_svm,0.0006339999963529408
iris,19,,,,,,rbf_svm,0.0005572000009124167
iris,20,9.0,5.0,3.0,0.07763357332322846,0.0,matched_gini,0.002398700002231635
iris,20,9.0,5.0,3.0,0.07763357332322846,0.0,mags_fixed,0.002223999996203929
iris,20,9.0,5.0,3.0,0.07763357332322846,0.0,mags_binary_excluded,0.002266399998916313
iris,20,9.0,5.0,3.0,0.07763357332322846,0.0,matched_gini_unrestricted,0.0037336999957915395
iris,20,9.0,5.0,3.0,0.10144309713275236,0.0,mags_fixed_unrestricted,0.0036838999949395657
iris,20,9.0,5.0,3.0,,,cart_fixed,0.0006780999974580482
iris,20,5.0,3.0,2.0,0.10764809902740932,0.0,mags_tuned,0.07729150000523077
iris,20,5.0,3.0,2.0,,,cart_tuned_depth,0.0077199000006658025
iris,20,11.0,6.0,4.0,,,cart_pruned,0.004893500001344364
iris,20,9.0,5.0,3.0,,,noise_augmented_cart,0.0004679000048781745
iris,20,,,,,,random_forest,0.05761859999620356
iris,20,,,,,,extra_trees,0.04713140000239946
iris,20,,,,,,linear_svm,0.0006414000017684884
iris,20,,,,,,rbf_svm,0.0005631999956676736
iris,22,7.0,4.0,3.0,0.1551923594296476,0.0,matched_gini,0.0019438999952399172
iris,22,7.0,4.0,3.0,0.1551923594296476,0.0,mags_fixed,0.0019972999944002368
iris,22,7.0,4.0,3.0,0.1551923594296476,0.0,mags_binary_excluded,0.004365900000266265
iris,22,7.0,4.0,3.0,0.1551923594296476,0.0,matched_gini_unrestricted,0.014686099995742552
iris,22,7.0,4.0,3.0,0.1551923594296476,0.0,mags_fixed_unrestricted,0.0032711000021663494
iris,22,7.0,4.0,3.0,,,cart_fixed,0.0007053999943309464
iris,22,5.0,3.0,2.0,0.14350282485875712,0.0,mags_tuned,0.0599858999994467
iris,22,7.0,4.0,3.0,,,cart_tuned_depth,0.0061263000025064684
iris,22,9.0,5.0,4.0,,,cart_pruned,0.004705699997430202
iris,22,9.0,5.0,3.0,,,noise_augmented_cart,0.0007767999995849095
iris,22,,,,,,random_forest,0.05955119999998715
iris,22,,,,,,extra_trees,0.038538500004506204
iris,22,,,,,,linear_svm,0.0007055000023683533
iris,22,,,,,,rbf_svm,0.0007636000009370036
iris,21,9.0,5.0,3.0,0.10699769862905459,0.0,matched_gini,0.0022521999999298714
iris,21,9.0,5.0,3.0,0.10699769862905459,0.0,mags_fixed,0.0013998999929754063
iris,21,9.0,5.0,3.0,0.10699769862905459,0.0,mags_binary_excluded,0.0013901999991503544
iris,21,9.0,5.0,3.0,0.10699769862905459,0.0,matched_gini_unrestricted,0.002567700001236517
iris,21,9.0,5.0,3.0,0.10699769862905459,0.0,mags_fixed_unrestricted,0.0025269999969168566
iris,21,9.0,5.0,3.0,,,cart_fixed,0.0006001000001560897
iris,21,5.0,3.0,2.0,0.10604085180356373,0.0,mags_tuned,0.10425680000480497
iris,21,5.0,3.0,2.0,,,cart_tuned_depth,0.015200900001218542
iris,21,11.0,6.0,4.0,,,cart_pruned,0.009985999997297768
iris,21,9.0,5.0,3.0,,,noise_augmented_cart,0.000999800002318807
iris,21,,,,,,random_forest,0.06989859999885084
iris,21,,,,,,extra_trees,0.03914069999882486
iris,21,,,,,,linear_svm,0.0005184000037843361
iris,21,,,,,,rbf_svm,0.0004626000009011477
iris,23,7.0,4.0,3.0,0.0865669170753917,0.0,matched_gini,0.002016799997363705
iris,23,7.0,4.0,3.0,0.09386446886446892,0.0,mags_fixed,0.0018782999977702275
iris,23,7.0,4.0,3.0,0.09386446886446892,0.0,mags_binary_excluded,0.0018635999949765392
iris,23,7.0,4.0,3.0,0.0865669170753917,0.0,matched_gini_unrestricted,0.003028999999514781
iris,23,7.0,4.0,3.0,0.09386446886446892,0.0,mags_fixed_unrestricted,0.0030388999948627315
iris,23,7.0,4.0,3.0,,,cart_fixed,0.0006974999996600673
iris,23,7.0,4.0,3.0,0.09386446886446892,0.0,mags_tuned,0.09421440000005532
iris,23,5.0,3.0,2.0,,,cart_tuned_depth,0.00817819999792846
iris,23,13.0,7.0,5.0,,,cart_pruned,0.004552899998088833
iris,23,7.0,4.0,3.0,,,noise_augmented_cart,0.0005499999970197678
iris,23,,,,,,random_forest,0.06033739999838872
iris,23,,,,,,extra_trees,0.03371229999902425
iris,23,,,,,,linear_svm,0.0005072999992989935
iris,23,,,,,,rbf_svm,0.00045200000022305176
iris,24,9.0,5.0,3.0,0.15185409680050752,0.0,matched_gini,0.0016179999947780743
iris,24,9.0,5.0,3.0,0.15185409680050752,0.0,mags_fixed,0.0013849000024492852
iris,24,9.0,5.0,3.0,0.15185409680050752,0.0,mags_binary_excluded,0.0014278000016929582
iris,24,9.0,5.0,3.0,0.15185409680050752,0.0,matched_gini_unrestricted,0.002751600004557986
iris,24,9.0,5.0,3.0,0.15185409680050752,0.0,mags_fixed_unrestricted,0.002810099998896476
iris,24,9.0,5.0,3.0,,,cart_fixed,0.0006256999986362644
iris,24,5.0,3.0,2.0,0.15029910269192429,0.0,mags_tuned,0.05932149999716785
iris,24,5.0,3.0,2.0,,,cart_tuned_depth,0.008021000001463108
iris,24,11.0,6.0,4.0,,,cart_pruned,0.003216200006136205
iris,24,9.0,5.0,3.0,,,noise_augmented_cart,0.0005454999991343357
iris,24,,,,,,random_forest,0.059170199994696304
iris,24,,,,,,extra_trees,0.03872640000190586
iris,24,,,,,,linear_svm,0.0005103999938000925
iris,24,,,,,,rbf_svm,0.00047169999743346125
iris,25,7.0,4.0,3.0,0.172979797979798,0.0,matched_gini,0.0019508000041241758
iris,25,7.0,4.0,3.0,0.172979797979798,0.0,mags_fixed,0.0019577000057324767
iris,25,7.0,4.0,3.0,0.172979797979798,0.0,mags_binary_excluded,0.0033277999973506667
iris,25,7.0,4.0,3.0,0.172979797979798,0.0,matched_gini_unrestricted,0.006332500001008157
iris,25,7.0,4.0,3.0,0.172979797979798,0.0,mags_fixed_unrestricted,0.0020798999976250343
iris,25,7.0,4.0,3.0,,,cart_fixed,0.0007138000000850298
iris,25,5.0,3.0,2.0,0.19696969696969696,0.0,mags_tuned,0.05223259999911534
iris,25,5.0,3.0,2.0,,,cart_tuned_depth,0.00746429999708198
iris,25,7.0,4.0,3.0,,,cart_pruned,0.003835799994703848
iris,25,7.0,4.0,3.0,,,noise_augmented_cart,0.0005034000059822574
iris,25,,,,,,random_forest,0.05554899999697227
iris,25,,,,,,extra_trees,0.04294629999640165
iris,25,,,,,,linear_svm,0.0007342999961110763
iris,25,,,,,,rbf_svm,0.0006502000032924116
iris,27,9.0,5.0,3.0,0.08411016949152546,0.0,matched_gini,0.0018064999967464246
iris,27,9.0,5.0,3.0,0.08411016949152546,0.0,mags_fixed,0.001461400002881419
iris,27,9.0,5.0,3.0,0.08411016949152546,0.0,mags_binary_excluded,0.001407600000675302
iris,27,9.0,5.0,3.0,0.08411016949152546,0.0,matched_gini_unrestricted,0.0026255999982822686
iris,27,9.0,5.0,3.0,0.08411016949152546,0.0,mags_fixed_unrestricted,0.0025961999999708496
iris,27,9.0,5.0,3.0,,,cart_fixed,0.0006217999980435707
iris,27,5.0,3.0,2.0,0.1265536723163842,0.0,mags_tuned,0.06396569999924395
iris,27,5.0,3.0,2.0,,,cart_tuned_depth,0.008623900001111906
iris,27,9.0,5.0,3.0,,,cart_pruned,0.003377200002432801
iris,27,9.0,5.0,3.0,,,noise_augmented_cart,0.00039969999488675967
iris,27,,,,,,random_forest,0.055995199996687006
iris,27,,,,,,extra_trees,0.032993299995723646
iris,27,,,,,,linear_svm,0.0005278000026009977
iris,27,,,,,,rbf_svm,0.0004992999965907075
iris,26,9.0,5.0,3.0,0.09789346246973367,0.0,matched_gini,0.003072999999858439
iris,26,9.0,5.0,3.0,0.09789346246973367,0.0,mags_fixed,0.0018964000046253204
iris,26,9.0,5.0,3.0,0.09789346246973367,0.0,mags_binary_excluded,0.0014748000030522235
iris,26,9.0,5.0,3.0,0.09789346246973367,0.0,matched_gini_unrestricted,0.0027068999988841824
iris,26,9.0,5.0,3.0,0.09789346246973367,0.0,mags_fixed_unrestricted,0.003908799997589085
iris,26,9.0,5.0,3.0,,,cart_fixed,0.0007573000038973987
iris,26,11.0,6.0,4.0,0.12142588108689804,0.0,mags_tuned,0.06690350000280887
iris,26,5.0,3.0,2.0,,,cart_tuned_depth,0.008193100002245046
iris,26,11.0,6.0,4.0,,,cart_pruned,0.005203200002142694
iris,26,9.0,5.0,3.0,,,noise_augmented_cart,0.0004954000032739714
iris,26,,,,,,random_forest,0.09521329999552108
iris,26,,,,,,extra_trees,0.04992149999452522
iris,26,,,,,,linear_svm,0.0009815999947022647
iris,26,,,,,,rbf_svm,0.000742500000342261
iris,28,9.0,5.0,3.0,0.14149701649701646,0.0,matched_gini,0.0026514999990467913
iris,28,9.0,5.0,3.0,0.10529678654678658,0.0,mags_fixed,0.0024223000000347383
iris,28,9.0,5.0,3.0,0.10529678654678658,0.0,mags_binary_excluded,0.002473900000040885
iris,28,9.0,5.0,3.0,0.14149701649701646,0.0,matched_gini_unrestricted,0.004422799996973481
iris,28,9.0,5.0,3.0,0.10529678654678658,0.0,mags_fixed_unrestricted,0.004313400000683032
iris,28,9.0,5.0,3.0,,,cart_fixed,0.0007580000019515865
iris,28,5.0,3.0,2.0,0.14940476190476185,0.0,mags_tuned,0.06655960000352934
iris,28,5.0,3.0,2.0,,,cart_tuned_depth,0.00628090000100201
iris,28,9.0,5.0,3.0,,,cart_pruned,0.0057194999972125515
iris,28,9.0,5.0,3.0,,,noise_augmented_cart,0.00044640000123763457
iris,28,,,,,,random_forest,0.10401080000156071
iris,28,,,,,,extra_trees,0.040612199998577125
iris,28,,,,,,linear_svm,0.0005334000015864149
iris,28,,,,,,rbf_svm,0.0004900000058114529
iris,29,9.0,5.0,3.0,0.12681093623890236,0.0,matched_gini,0.005898499999602791
iris,29,9.0,5.0,3.0,0.12681093623890236,0.0,mags_fixed,0.0023164000012911856
iris,29,9.0,5.0,3.0,0.12681093623890236,0.0,mags_binary_excluded,0.0022542999940924346
iris,29,9.0,5.0,3.0,0.12681093623890236,0.0,matched_gini_unrestricted,0.003992500001913868
iris,29,9.0,5.0,3.0,0.12681093623890236,0.0,mags_fixed_unrestricted,0.00437259999307571
iris,29,9.0,5.0,3.0,,,cart_fixed,0.0007275000025401823
iris,29,5.0,3.0,2.0,0.14350282485875698,0.0,mags_tuned,0.07102820000000065
iris,29,5.0,3.0,2.0,,,cart_tuned_depth,0.006042200002411846
iris,29,7.0,4.0,3.0,,,cart_pruned,0.005759699997724965
iris,29,9.0,5.0,3.0,,,noise_augmented_cart,0.0005567999978666194
iris,29,,,,,,random_forest,0.05711460000020452
iris,29,,,,,,extra_trees,0.03947669999615755
iris,29,,,,,,linear_svm,0.0006273999970289879
iris,29,,,,,,rbf_svm,0.0005878000010852702
mfeat_morphological,1,33.0,17.0,5.0,0.19763962153248926,0.0,matched_gini,0.06130780000239611
mfeat_morphological,1,33.0,17.0,5.0,0.18052819715161117,0.0,mags_fixed,0.06449679999786895
mfeat_morphological,1,33.0,17.0,5.0,0.18052819715161117,0.0,mags_binary_excluded,0.12827990000369027
mfeat_morphological,1,39.0,20.0,5.0,0.16394429961195978,0.0,matched_gini_unrestricted,0.06377220000285888
mfeat_morphological,1,39.0,20.0,5.0,0.1628623791327492,0.0,mags_fixed_unrestricted,0.061855399995693006
mfeat_morphological,1,39.0,20.0,5.0,,,cart_fixed,0.0022601999953622
mfeat_morphological,1,51.0,26.0,6.0,0.2369032471975849,0.0,mags_tuned,1.5274671000006492
mfeat_morphological,1,119.0,60.0,8.0,,,cart_tuned_depth,0.020459799998207018
mfeat_morphological,1,47.0,24.0,10.0,,,cart_pruned,0.040479199997207616
mfeat_morphological,1,33.0,17.0,5.0,,,noise_augmented_cart,0.004925199995341245
mfeat_morphological,1,,,,,,random_forest,0.0968938999940292
mfeat_morphological,1,,,,,,extra_trees,0.06931340000301134
mfeat_morphological,1,,,,,,linear_svm,0.008341799999470823
mfeat_morphological,1,,,,,,rbf_svm,0.008716500000446104
mfeat_morphological,0,41.0,21.0,5.0,0.1515981191161,0.0,matched_gini,0.05263890000060201
mfeat_morphological,0,41.0,21.0,5.0,0.13859057488700097,0.0,mags_fixed,0.06922419999318663
mfeat_morphological,0,41.0,21.0,5.0,0.13859057488700097,0.0,mags_binary_excluded,0.044620800006669015
mfeat_morphological,0,39.0,20.0,5.0,0.1610037017954319,0.0,matched_gini_unrestricted,0.09624220000114292
mfeat_morphological,0,39.0,20.0,5.0,0.16099524691710468,0.0,mags_fixed_unrestricted,0.06386829999973997
mfeat_morphological,0,35.0,18.0,5.0,,,cart_fixed,0.0022621999960392714
mfeat_morphological,0,61.0,31.0,6.0,0.15307563829262935,0.0,mags_tuned,1.7162594999972498
mfeat_morphological,0,129.0,65.0,8.0,,,cart_tuned_depth,0.0188477999981842
mfeat_morphological,0,55.0,28.0,8.0,,,cart_pruned,0.034764399999403395
mfeat_morphological,0,37.0,19.0,5.0,,,noise_augmented_cart,0.004948900001181755
mfeat_morphological,0,,,,,,random_forest,0.09931820000201697
mfeat_morphological,0,,,,,,extra_trees,0.057106199994450435
mfeat_morphological,0,,,,,,linear_svm,0.010343299996748101
mfeat_morphological,0,,,,,,rbf_svm,0.010009899997385219
mfeat_morphological,2,39.0,20.0,5.0,0.13991954623591144,0.0,matched_gini,0.07583919999888167
mfeat_morphological,2,39.0,20.0,5.0,0.16623171144441537,0.0,mags_fixed,0.05182469999999739
mfeat_morphological,2,39.0,20.0,5.0,0.16623171144441537,0.0,mags_binary_excluded,0.06387940000422532
mfeat_morphological,2,39.0,20.0,5.0,0.13874235904787885,0.0,matched_gini_unrestricted,0.059496499998203944
mfeat_morphological,2,39.0,20.0,5.0,0.13874235904787885,0.0,mags_fixed_unrestricted,0.05658989999938058
mfeat_morphological,2,41.0,21.0,5.0,,,cart_fixed,0.002305900001374539
mfeat_morphological,2,61.0,31.0,6.0,0.18096176515188747,0.0,mags_tuned,1.6284669000015128
mfeat_morphological,2,203.0,102.0,10.0,,,cart_tuned_depth,0.0216565000009723
mfeat_morphological,2,35.0,18.0,7.0,,,cart_pruned,0.03698949999670731
mfeat_morphological,2,35.0,18.0,5.0,,,noise_augmented_cart,0.004043699998874217
mfeat_morphological,2,,,,,,random_forest,0.14100799999869196
mfeat_morphological,2,,,,,,extra_trees,0.056482299994968344
mfeat_morphological,2,,,,,,linear_svm,0.008692099996551406
mfeat_morphological,2,,,,,,rbf_svm,0.009781699998711701
mfeat_morphological,3,27.0,14.0,5.0,0.1724601768988152,0.0,matched_gini,0.05290689999674214
mfeat_morphological,3,35.0,18.0,5.0,0.18044955866824192,0.0,mags_fixed,0.06886959999974351
mfeat_morphological,3,35.0,18.0,5.0,0.18044955866824192,0.0,mags_binary_excluded,0.07015360000514193
mfeat_morphological,3,29.0,15.0,5.0,0.16514951664093286,0.0,matched_gini_unrestricted,0.04705859999376116
mfeat_morphological,3,37.0,19.0,5.0,0.18370393260299409,0.0,mags_fixed_unrestricted,0.059259100002236664
mfeat_morphological,3,27.0,14.0,5.0,,,cart_fixed,0.0022260000041569583
mfeat_morphological,3,125.0,63.0,8.0,0.0903017195777088,0.0,mags_tuned,1.6404948999988846
mfeat_morphological,3,101.0,51.0,8.0,,,cart_tuned_depth,0.01855230000364827
mfeat_morphological,3,67.0,34.0,10.0,,,cart_pruned,0.05330339999636635
mfeat_morphological,3,25.0,13.0,5.0,,,noise_augmented_cart,0.0051001999963773414
mfeat_morphological,3,,,,,,random_forest,0.10450090000085765
mfeat_morphological,3,,,,,,extra_trees,0.05415200000425102
mfeat_morphological,3,,,,,,linear_svm,0.008221200005209539
mfeat_morphological,3,,,,,,rbf_svm,0.009492600001976825
mfeat_morphological,4,37.0,19.0,5.0,0.1637337173318149,0.0,matched_gini,0.089763199997833
mfeat_morphological,4,37.0,19.0,5.0,0.15947702819289067,0.0,mags_fixed,0.05450399999972433
mfeat_morphological,4,37.0,19.0,5.0,0.15947702819289067,0.0,mags_binary_excluded,0.0688741000049049
mfeat_morphological,4,37.0,19.0,5.0,0.1906594587124101,0.0,matched_gini_unrestricted,0.07185000000026776
mfeat_morphological,4,37.0,19.0,5.0,0.17404293623592804,0.0,mags_fixed_unrestricted,0.06605249999847729
mfeat_morphological,4,35.0,18.0,5.0,,,cart_fixed,0.002338500002224464
mfeat_morphological,4,57.0,29.0,6.0,0.18480303443427606,0.0,mags_tuned,1.8985094000017853
mfeat_morphological,4,325.0,163.0,19.0,,,cart_tuned_depth,0.01982589999533957
mfeat_morphological,4,23.0,12.0,6.0,,,cart_pruned,0.03372069999750238
mfeat_morphological,4,41.0,21.0,5.0,,,noise_augmented_cart,0.004630799994629342
mfeat_morphological,4,,,,,,random_forest,0.09926659999473486
mfeat_morphological,4,,,,,,extra_trees,0.056967900003655814
mfeat_morphological,4,,,,,,linear_svm,0.01923700000043027
mfeat_morphological,4,,,,,,rbf_svm,0.009283800005505327
mfeat_morphological,6,17.0,9.0,5.0,0.21941818498892804,0.0,matched_gini,0.06570820000342792
mfeat_morphological,6,25.0,13.0,5.0,0.2512262274148031,0.0,mags_fixed,0.05863859999954002
mfeat_morphological,6,25.0,13.0,5.0,0.2512262274148031,0.0,mags_binary_excluded,0.08599980000144569
mfeat_morphological,6,19.0,10.0,5.0,0.20860558602737256,0.0,matched_gini_unrestricted,0.06377919999795267
mfeat_morphological,6,27.0,14.0,5.0,0.23777908387822075,0.0,mags_fixed_unrestricted,0.06671419999474892
mfeat_morphological,6,19.0,10.0,5.0,,,cart_fixed,0.002360699996643234
mfeat_morphological,6,71.0,36.0,8.0,0.15033732104700526,0.0,mags_tuned,1.8381065000066883
mfeat_morphological,6,157.0,79.0,10.0,,,cart_tuned_depth,0.019420699994952884
mfeat_morphological,6,31.0,16.0,9.0,,,cart_pruned,0.036041699997440446
mfeat_morphological,6,17.0,9.0,5.0,,,noise_augmented_cart,0.004128399996261578
mfeat_morphological,6,,,,,,random_forest,0.09487830000580288
mfeat_morphological,6,,,,,,extra_trees,0.050870300001406576
mfeat_morphological,6,,,,,,linear_svm,0.007468699994205963
mfeat_morphological,6,,,,,,rbf_svm,0.009274600000935607
mfeat_morphological,5,37.0,19.0,5.0,0.16335149234503066,0.0,matched_gini,0.0680212000006577
mfeat_morphological,5,37.0,19.0,5.0,0.17231490252393425,0.0,mags_fixed,0.07786510000005364
mfeat_morphological,5,37.0,19.0,5.0,0.17231490252393425,0.0,mags_binary_excluded,0.06229850000090664
mfeat_morphological,5,37.0,19.0,5.0,0.1758035338161149,0.0,matched_gini_unrestricted,0.07213680000131717
mfeat_morphological,5,37.0,19.0,5.0,0.19876123012333785,0.0,mags_fixed_unrestricted,0.08528790000127628
mfeat_morphological,5,35.0,18.0,5.0,,,cart_fixed,0.002198800000769552
mfeat_morphological,5,37.0,19.0,5.0,0.1996442309771357,0.0,mags_tuned,2.017183900003147
mfeat_morphological,5,59.0,30.0,6.0,,,cart_tuned_depth,0.05097760000353446
mfeat_morphological,5,25.0,13.0,7.0,,,cart_pruned,0.04983959999663057
mfeat_morphological,5,41.0,21.0,5.0,,,noise_augmented_cart,0.003977899999881629
mfeat_morphological,5,,,,,,random_forest,0.11530269999639131
mfeat_morphological,5,,,,,,extra_trees,0.07668390000617364
mfeat_morphological,5,,,,,,linear_svm,0.016935499996179715
mfeat_morphological,5,,,,,,rbf_svm,0.01790890000120271
mfeat_morphological,7,37.0,19.0,5.0,0.20006111062701237,0.0,matched_gini,0.05429940000612987
mfeat_morphological,7,37.0,19.0,5.0,0.16224591436935004,0.0,mags_fixed,0.07321450000017649
mfeat_morphological,7,37.0,19.0,5.0,0.16224591436935004,0.0,mags_binary_excluded,0.06618650000018533
mfeat_morphological,7,43.0,22.0,5.0,0.13759872663253983,0.0,matched_gini_unrestricted,0.0697165000019595
mfeat_morphological,7,43.0,22.0,5.0,0.15188444091825412,0.0,mags_fixed_unrestricted,0.05739190000167582
mfeat_morphological,7,35.0,18.0,5.0,,,cart_fixed,0.001782799998181872
mfeat_morphological,7,57.0,29.0,6.0,0.19512447380579398,0.0,mags_tuned,1.9593218000009074
mfeat_morphological,7,57.0,29.0,6.0,,,cart_tuned_depth,0.028751699996064417
mfeat_morphological,7,37.0,19.0,9.0,,,cart_pruned,0.06527349999669241
mfeat_morphological,7,35.0,18.0,5.0,,,noise_augmented_cart,0.004710900000645779
mfeat_morphological,7,,,,,,random_forest,0.1562296000047354
mfeat_morphological,7,,,,,,extra_trees,0.10319349999917904
mfeat_morphological,7,,,,,,linear_svm,0.016732299998693634
mfeat_morphological,7,,,,,,rbf_svm,0.017702299999655224
mfeat_morphological,8,25.0,13.0,5.0,0.2687145530727681,0.0,matched_gini,0.0865328999934718
mfeat_morphological,8,23.0,12.0,5.0,0.262291390644568,0.0,mags_fixed,0.08210700000199722
mfeat_morphological,8,23.0,12.0,5.0,0.262291390644568,0.0,mags_binary_excluded,0.06349169999884907
mfeat_morphological,8,27.0,14.0,5.0,0.26671746856963385,0.0,matched_gini_unrestricted,0.0484266999992542
mfeat_morphological,8,25.0,13.0,5.0,0.26066314596852264,0.0,mags_fixed_unrestricted,0.05813699999998789
mfeat_morphological,8,25.0,13.0,5.0,,,cart_fixed,0.0020999000043957494
mfeat_morphological,8,83.0,42.0,8.0,0.1321281034616027,0.0,mags_tuned,1.7487124000035692
mfeat_morphological,8,175.0,88.0,10.0,,,cart_tuned_depth,0.020191600000543986
mfeat_morphological,8,21.0,11.0,6.0,,,cart_pruned,0.03803110000444576
mfeat_morphological,8,25.0,13.0,5.0,,,noise_augmented_cart,0.004342599997471552
mfeat_morphological,8,,,,,,random_forest,0.10336739999911515
mfeat_morphological,8,,,,,,extra_trees,0.06430350000300677
mfeat_morphological,8,,,,,,linear_svm,0.008408300003793556
mfeat_morphological,8,,,,,,rbf_svm,0.009662000004027504
mfeat_morphological,9,39.0,20.0,5.0,0.15894036046389837,0.0,matched_gini,0.058936900000844616
mfeat_morphological,9,39.0,20.0,5.0,0.16098577791124202,0.0,mags_fixed,0.06411809999553952
mfeat_morphological,9,39.0,20.0,5.0,0.16098577791124202,0.0,mags_binary_excluded,0.06389219999982743
mfeat_morphological,9,37.0,19.0,5.0,0.1479910961172634,0.0,matched_gini_unrestricted,0.1373345000029076
mfeat_morphological,9,37.0,19.0,5.0,0.1670889833721236,0.0,mags_fixed_unrestricted,0.06131399999867426
mfeat_morphological,9,39.0,20.0,5.0,,,cart_fixed,0.0017220000008819625
mfeat_morphological,9,39.0,20.0,5.0,0.161243622073766,0.0,mags_tuned,1.6440309999961755
mfeat_morphological,9,129.0,65.0,8.0,,,cart_tuned_depth,0.02251819999946747
mfeat_morphological,9,69.0,35.0,11.0,,,cart_pruned,0.036443199998757336
mfeat_morphological,9,37.0,19.0,5.0,,,noise_augmented_cart,0.003973700004280545
mfeat_morphological,9,,,,,,random_forest,0.10486369999853196
mfeat_morphological,9,,,,,,extra_trees,0.05456620000040857
mfeat_morphological,9,,,,,,linear_svm,0.01469080000242684
mfeat_morphological,9,,,,,,rbf_svm,0.009533900003589224
mfeat_morphological,10,35.0,18.0,5.0,0.1751012888245503,0.0,matched_gini,0.06381759999931091
mfeat_morphological,10,35.0,18.0,5.0,0.16839226488450998,0.0,mags_fixed,0.11654089999501593
mfeat_morphological,10,35.0,18.0,5.0,0.16839226488450998,0.0,mags_binary_excluded,0.05938389999937499
mfeat_morphological,10,37.0,19.0,5.0,0.14811562389106403,0.0,matched_gini_unrestricted,0.08190669999748934
mfeat_morphological,10,37.0,19.0,5.0,0.16859412972214557,0.0,mags_fixed_unrestricted,0.06162439999752678
mfeat_morphological,10,35.0,18.0,5.0,,,cart_fixed,0.0021665999956894666
mfeat_morphological,10,55.0,28.0,6.0,0.22214122486732982,0.0,mags_tuned,1.7358445999998366
mfeat_morphological,10,195.0,98.0,10.0,,,cart_tuned_depth,0.016032400002586655
mfeat_morphological,10,57.0,29.0,9.0,,,cart_pruned,0.03484949999983655
mfeat_morphological,10,35.0,18.0,5.0,,,noise_augmented_cart,0.004040799998620059
mfeat_morphological,10,,,,,,random_forest,0.101271599996835
mfeat_morphological,10,,,,,,extra_trees,0.05711200000223471
mfeat_morphological,10,,,,,,linear_svm,0.011099400006060023
mfeat_morphological,10,,,,,,rbf_svm,0.014135800003714394
mfeat_morphological,11,39.0,20.0,5.0,0.1918095931974629,0.0,matched_gini,0.0740360000054352
mfeat_morphological,11,39.0,20.0,5.0,0.2294362395056797,0.0,mags_fixed,0.05965029999788385
mfeat_morphological,11,39.0,20.0,5.0,0.2294362395056797,0.0,mags_binary_excluded,0.061480500000470784
mfeat_morphological,11,37.0,19.0,5.0,0.18565155867354133,0.0,matched_gini_unrestricted,0.05874010000115959
mfeat_morphological,11,37.0,19.0,5.0,0.19656956766690403,0.0,mags_fixed_unrestricted,0.08149989999947138
mfeat_morphological,11,33.0,17.0,5.0,,,cart_fixed,0.001989300006243866
mfeat_morphological,11,59.0,30.0,6.0,0.2149675879430987,0.0,mags_tuned,1.6735716000039247
mfeat_morphological,11,121.0,61.0,8.0,,,cart_tuned_depth,0.018307499994989485
mfeat_morphological,11,59.0,30.0,9.0,,,cart_pruned,0.03991959999984829
mfeat_morphological,11,39.0,20.0,5.0,,,noise_augmented_cart,0.004974000003130641
mfeat_morphological,11,,,,,,random_forest,0.10806700000102865
mfeat_morphological,11,,,,,,extra_trees,0.056099499997799285
mfeat_morphological,11,,,,,,linear_svm,0.015857299993513152
mfeat_morphological,11,,,,,,rbf_svm,0.009519400002318434
mfeat_morphological,12,33.0,17.0,5.0,0.18993865264196164,0.0,matched_gini,0.05556990000332007
mfeat_morphological,12,33.0,17.0,5.0,0.19786294987789924,0.0,mags_fixed,0.05489599999418715
mfeat_morphological,12,33.0,17.0,5.0,0.19786294987789924,0.0,mags_binary_excluded,0.05645150000054855
mfeat_morphological,12,37.0,19.0,5.0,0.14638382791871413,0.0,matched_gini_unrestricted,0.08354739999776939
mfeat_morphological,12,37.0,19.0,5.0,0.17975160031070964,0.0,mags_fixed_unrestricted,0.06416650000028312
mfeat_morphological,12,39.0,20.0,5.0,,,cart_fixed,0.0021235000021988526
mfeat_morphological,12,127.0,64.0,8.0,0.14747052297385885,0.0,mags_tuned,1.640298199999961
mfeat_morphological,12,129.0,65.0,8.0,,,cart_tuned_depth,0.020636699999158736
mfeat_morphological,12,61.0,31.0,10.0,,,cart_pruned,0.038991200002783444
mfeat_morphological,12,37.0,19.0,5.0,,,noise_augmented_cart,0.0047657999966759235
mfeat_morphological,12,,,,,,random_forest,0.10667349999857834
mfeat_morphological,12,,,,,,extra_trees,0.05305289999523666
mfeat_morphological,12,,,,,,linear_svm,0.00792110000475077
mfeat_morphological,12,,,,,,rbf_svm,0.009296600001107436
mfeat_morphological,13,37.0,19.0,5.0,0.15052688821787197,0.0,matched_gini,0.09780289999616798
mfeat_morphological,13,37.0,19.0,5.0,0.15052688821787194,0.0,mags_fixed,0.06994110000232467
mfeat_morphological,13,37.0,19.0,5.0,0.15052688821787194,0.0,mags_binary_excluded,0.08604350000678096
mfeat_morphological,13,39.0,20.0,5.0,0.1474307852825064,0.0,matched_gini_unrestricted,0.0688092999989749
mfeat_morphological,13,39.0,20.0,5.0,0.14743078528250636,0.0,mags_fixed_unrestricted,0.06985519999579992
mfeat_morphological,13,39.0,20.0,5.0,,,cart_fixed,0.002118299998983275
mfeat_morphological,13,129.0,65.0,8.0,0.11027630215752002,0.0,mags_tuned,1.676456600005622
mfeat_morphological,13,39.0,20.0,5.0,,,cart_tuned_depth,0.04797099999996135
mfeat_morphological,13,41.0,21.0,7.0,,,cart_pruned,0.03410470000380883
mfeat_morphological,13,39.0,20.0,5.0,,,noise_augmented_cart,0.004702900005213451
mfeat_morphological,13,,,,,,random_forest,0.08602160000009462
mfeat_morphological,13,,,,,,extra_trees,0.053513499995460734
mfeat_morphological,13,,,,,,linear_svm,0.007073999993735924
mfeat_morphological,13,,,,,,rbf_svm,0.008877699998265598
mfeat_morphological,14,37.0,19.0,5.0,0.17427637095655266,0.0,matched_gini,0.0636311000052956
mfeat_morphological,14,37.0,19.0,5.0,0.17497309200605324,0.0,mags_fixed,0.05689459999848623
mfeat_morphological,14,37.0,19.0,5.0,0.17497309200605324,0.0,mags_binary_excluded,0.05661040000268258
mfeat_morphological,14,39.0,20.0,5.0,0.15964545762443186,0.0,matched_gini_unrestricted,0.07288519999565324
mfeat_morphological,14,39.0,20.0,5.0,0.19055912174458092,0.0,mags_fixed_unrestricted,0.06794790000276407
mfeat_morphological,14,33.0,17.0,5.0,,,cart_fixed,0.0022610999949392863
mfeat_morphological,14,37.0,19.0,5.0,0.2580608711754889,0.0,mags_tuned,1.6394452000022284
mfeat_morphological,14,121.0,61.0,8.0,,,cart_tuned_depth,0.022139100001368206
mfeat_morphological,14,63.0,32.0,10.0,,,cart_pruned,0.039391300000716
mfeat_morphological,14,37.0,19.0,5.0,,,noise_augmented_cart,0.007876099996792618
mfeat_morphological,14,,,,,,random_forest,0.10122180000325898
mfeat_morphological,14,,,,,,extra_trees,0.051574999997683335
mfeat_morphological,14,,,,,,linear_svm,0.008520300005329773
mfeat_morphological,14,,,,,,rbf_svm,0.013380899996263906
mfeat_morphological,15,35.0,18.0,5.0,0.17154792662675458,0.0,matched_gini,0.04844109999976354
mfeat_morphological,15,35.0,18.0,5.0,0.23905964729688012,0.0,mags_fixed,0.0721213000069838
mfeat_morphological,15,35.0,18.0,5.0,0.23905964729688012,0.0,mags_binary_excluded,0.07077209999988554
mfeat_morphological,15,37.0,19.0,5.0,0.17464284015772102,0.0,matched_gini_unrestricted,0.0618252999993274
mfeat_morphological,15,37.0,19.0,5.0,0.1840192032069602,0.0,mags_fixed_unrestricted,0.06920179999724496
mfeat_morphological,15,33.0,17.0,5.0,,,cart_fixed,0.0017891000024974346
mfeat_morphological,15,53.0,27.0,6.0,0.18031852693087724,0.0,mags_tuned,1.6921780000047875
mfeat_morphological,15,33.0,17.0,5.0,,,cart_tuned_depth,0.018624799995450303
mfeat_morphological,15,51.0,26.0,9.0,,,cart_pruned,0.039063399999577086
mfeat_morphological,15,35.0,18.0,5.0,,,noise_augmented_cart,0.004459800002223346
mfeat_morphological,15,,,,,,random_forest,0.09678220000205329
mfeat_morphological,15,,,,,,extra_trees,0.055992900001001544
mfeat_morphological,15,,,,,,linear_svm,0.007223600005090702
mfeat_morphological,15,,,,,,rbf_svm,0.010890300000028219
mfeat_morphological,16,19.0,10.0,5.0,0.19604026967440855,0.0,matched_gini,0.05207969999901252
mfeat_morphological,16,27.0,14.0,5.0,0.23359344860853778,0.0,mags_fixed,0.053309200004150625
mfeat_morphological,16,27.0,14.0,5.0,0.23359344860853778,0.0,mags_binary_excluded,0.05751050000253599
mfeat_morphological,16,19.0,10.0,5.0,0.1928084321790068,0.0,matched_gini_unrestricted,0.051331200003915
mfeat_morphological,16,27.0,14.0,5.0,0.20175058314355726,0.0,mags_fixed_unrestricted,0.060050300002330914
mfeat_morphological,16,19.0,10.0,5.0,,,cart_fixed,0.0036586999995051883
mfeat_morphological,16,41.0,21.0,6.0,0.13299718550002174,0.0,mags_tuned,1.6051863000029698
mfeat_morphological,16,31.0,16.0,6.0,,,cart_tuned_depth,0.018708299998252187
mfeat_morphological,16,21.0,11.0,8.0,,,cart_pruned,0.03557919999730075
mfeat_morphological,16,17.0,9.0,5.0,,,noise_augmented_cart,0.0048533000008319505
mfeat_morphological,16,,,,,,random_forest,0.09338199999911012
mfeat_morphological,16,,,,,,extra_trees,0.05497119999927236
mfeat_morphological,16,,,,,,linear_svm,0.007284200000867713
mfeat_morphological,16,,,,,,rbf_svm,0.012085300004400779
mfeat_morphological,17,37.0,19.0,5.0,0.18953240986259742,0.0,matched_gini,0.05982560000120429
mfeat_morphological,17,37.0,19.0,5.0,0.19845836552003254,0.0,mags_fixed,0.06996369999978924
mfeat_morphological,17,37.0,19.0,5.0,0.19845836552003254,0.0,mags_binary_excluded,0.07644160000199918
mfeat_morphological,17,39.0,20.0,5.0,0.18192373097656842,0.0,matched_gini_unrestricted,0.053514600003836676
mfeat_morphological,17,37.0,19.0,5.0,0.2510760220173345,0.0,mags_fixed_unrestricted,0.056907099999079946
mfeat_morphological,17,39.0,20.0,5.0,,,cart_fixed,0.0022177999999257736
mfeat_morphological,17,123.0,62.0,8.0,0.13992108307136494,0.0,mags_tuned,1.686261700000614
mfeat_morphological,17,59.0,30.0,6.0,,,cart_tuned_depth,0.022801500002969988
mfeat_morphological,17,29.0,15.0,7.0,,,cart_pruned,0.04230290000123205
mfeat_morphological,17,35.0,18.0,5.0,,,noise_augmented_cart,0.004600300002493896
mfeat_morphological,17,,,,,,random_forest,0.08962140000221552
mfeat_morphological,17,,,,,,extra_trees,0.04813360000116518
mfeat_morphological,17,,,,,,linear_svm,0.007507499998610001
mfeat_morphological,17,,,,,,rbf_svm,0.008946999994805083
mfeat_morphological,18,19.0,10.0,5.0,0.19515320502730948,0.0,matched_gini,0.05062119999638526
mfeat_morphological,18,27.0,14.0,5.0,0.22785201425802887,0.0,mags_fixed,0.059939599996141624
mfeat_morphological,18,27.0,14.0,5.0,0.22785201425802887,0.0,mags_binary_excluded,0.06463760000042384
mfeat_morphological,18,19.0,10.0,5.0,0.18983797160860588,0.0,matched_gini_unrestricted,0.05775270000594901
mfeat_morphological,18,27.0,14.0,5.0,0.22869224073911484,0.0,mags_fixed_unrestricted,0.06542079999780981
mfeat_morphological,18,19.0,10.0,5.0,,,cart_fixed,0.001856000002590008
mfeat_morphological,18,79.0,40.0,8.0,0.10956121050523066,0.0,mags_tuned,1.544183799996972
mfeat_morphological,18,75.0,38.0,8.0,,,cart_tuned_depth,0.02113900000404101
mfeat_morphological,18,39.0,20.0,10.0,,,cart_pruned,0.04046079999534413
mfeat_morphological,18,19.0,10.0,5.0,,,noise_augmented_cart,0.0046461000019917265
mfeat_morphological,18,,,,,,random_forest,0.10785329999634996
mfeat_morphological,18,,,,,,extra_trees,0.05628439999418333
mfeat_morphological,18,,,,,,linear_svm,0.009572100003424566
mfeat_morphological,18,,,,,,rbf_svm,0.010744399995019194
mfeat_morphological,19,39.0,20.0,5.0,0.14315746870916984,0.0,matched_gini,0.05713400000240654
mfeat_morphological,19,39.0,20.0,5.0,0.16927126010074275,0.0,mags_fixed,0.06910149999748683
mfeat_morphological,19,39.0,20.0,5.0,0.16927126010074275,0.0,mags_binary_excluded,0.05519139999523759
mfeat_morphological,19,39.0,20.0,5.0,0.1691957215714698,0.0,matched_gini_unrestricted,0.060321099997963756
mfeat_morphological,19,39.0,20.0,5.0,0.16881218137385054,0.0,mags_fixed_unrestricted,0.056234600000607315
mfeat_morphological,19,35.0,18.0,5.0,,,cart_fixed,0.0022441000037360936
mfeat_morphological,19,119.0,60.0,8.0,0.11048940377354959,0.0,mags_tuned,1.5271900999941863
mfeat_morphological,19,133.0,67.0,8.0,,,cart_tuned_depth,0.016697799997928087
mfeat_morphological,19,35.0,18.0,7.0,,,cart_pruned,0.055634500000451226
mfeat_morphological,19,37.0,19.0,5.0,,,noise_augmented_cart,0.004202099997201003
mfeat_morphological,19,,,,,,random_forest,0.09499620000133291
mfeat_morphological,19,,,,,,extra_trees,0.0788036000012653
mfeat_morphological,19,,,,,,linear_svm,0.00874169999588048
mfeat_morphological,19,,,,,,rbf_svm,0.010186899999098387
mfeat_morphological,20,33.0,17.0,5.0,0.20767898593158007,0.0,matched_gini,0.06983709999622079
mfeat_morphological,20,33.0,17.0,5.0,0.25450119556192174,0.0,mags_fixed,0.05206729999918025
mfeat_morphological,20,33.0,17.0,5.0,0.25450119556192174,0.0,mags_binary_excluded,0.06468969999696128
mfeat_morphological,20,39.0,20.0,5.0,0.164523674796993,0.0,matched_gini_unrestricted,0.0682883999979822
mfeat_morphological,20,39.0,20.0,5.0,0.2055538727020912,0.0,mags_fixed_unrestricted,0.057304200003272854
mfeat_morphological,20,37.0,19.0,5.0,,,cart_fixed,0.001861800003098324
mfeat_morphological,20,49.0,25.0,6.0,0.225552746087918,0.0,mags_tuned,1.718327299997327
mfeat_morphological,20,57.0,29.0,6.0,,,cart_tuned_depth,0.02501720000145724
mfeat_morphological,20,59.0,30.0,9.0,,,cart_pruned,0.034449600003426895
mfeat_morphological,20,35.0,18.0,5.0,,,noise_augmented_cart,0.004352399999334011
mfeat_morphological,20,,,,,,random_forest,0.10250309999537421
mfeat_morphological,20,,,,,,extra_trees,0.05439490000571823
mfeat_morphological,20,,,,,,linear_svm,0.008746700004849117
mfeat_morphological,20,,,,,,rbf_svm,0.009423100003914442
mfeat_morphological,21,19.0,10.0,5.0,0.1877440728460034,0.0,matched_gini,0.06046040000364883
mfeat_morphological,21,27.0,14.0,5.0,0.2209127984606577,0.0,mags_fixed,0.05772560000332305
mfeat_morphological,21,27.0,14.0,5.0,0.2209127984606577,0.0,mags_binary_excluded,0.047272700001485646
mfeat_morphological,21,19.0,10.0,5.0,0.188093887902827,0.0,matched_gini_unrestricted,0.04432430000451859
mfeat_morphological,21,27.0,14.0,5.0,0.258679168718241,0.0,mags_fixed_unrestricted,0.05814430000464199
mfeat_morphological,21,19.0,10.0,5.0,,,cart_fixed,0.002320999999938067
mfeat_morphological,21,43.0,22.0,6.0,0.20968520177611683,0.0,mags_tuned,1.5622996000020066
mfeat_morphological,21,311.0,156.0,18.0,,,cart_tuned_depth,0.030946500002755783
mfeat_morphological,21,49.0,25.0,11.0,,,cart_pruned,0.036332199997559655
mfeat_morphological,21,19.0,10.0,5.0,,,noise_augmented_cart,0.0065455000003566965
mfeat_morphological,21,,,,,,random_forest,0.09999640000023646
mfeat_morphological,21,,,,,,extra_trees,0.06263960000069346
mfeat_morphological,21,,,,,,linear_svm,0.007562400001916103
mfeat_morphological,21,,,,,,rbf_svm,0.007989699995960109
mfeat_morphological,22,37.0,19.0,5.0,0.17231417412503303,0.0,matched_gini,0.0645315000001574
mfeat_morphological,22,35.0,18.0,5.0,0.24398260456410956,0.0,mags_fixed,0.06804260000353679
mfeat_morphological,22,35.0,18.0,5.0,0.24398260456410956,0.0,mags_binary_excluded,0.06775569999444997
mfeat_morphological,22,35.0,18.0,5.0,0.17471125984057848,0.0,matched_gini_unrestricted,0.06828240000322694
mfeat_morphological,22,37.0,19.0,5.0,0.20928969286860755,0.0,mags_fixed_unrestricted,0.06678010000177892
mfeat_morphological,22,35.0,18.0,5.0,,,cart_fixed,0.0022539999990840442
mfeat_morphological,22,119.0,60.0,8.0,0.10230279631060107,0.0,mags_tuned,1.6498292999967816
mfeat_morphological,22,55.0,28.0,6.0,,,cart_tuned_depth,0.01859110000077635
mfeat_morphological,22,43.0,22.0,8.0,,,cart_pruned,0.03708149999874877
mfeat_morphological,22,33.0,17.0,5.0,,,noise_augmented_cart,0.004972599999746308
mfeat_morphological,22,,,,,,random_forest,0.10943850000330713
mfeat_morphological,22,,,,,,extra_trees,0.07269480000104522
mfeat_morphological,22,,,,,,linear_svm,0.008730900000955444
mfeat_morphological,22,,,,,,rbf_svm,0.009429300000192598
mfeat_morphological,23,37.0,19.0,5.0,0.1551821136125732,0.0,matched_gini,0.06390649999957532
mfeat_morphological,23,37.0,19.0,5.0,0.1706102920002038,0.0,mags_fixed,0.0531085999973584
mfeat_morphological,23,37.0,19.0,5.0,0.1706102920002038,0.0,mags_binary_excluded,0.05855840000003809
mfeat_morphological,23,37.0,19.0,5.0,0.18083851273802737,0.0,matched_gini_unrestricted,0.07719060000090394
mfeat_morphological,23,37.0,19.0,5.0,0.18722475670196692,0.0,mags_fixed_unrestricted,0.06820210000296356
mfeat_morphological,23,35.0,18.0,5.0,,,cart_fixed,0.0022857999938423745
mfeat_morphological,23,37.0,19.0,5.0,0.1706102920002038,0.0,mags_tuned,1.650040699998499
mfeat_morphological,23,137.0,69.0,8.0,,,cart_tuned_depth,0.022424900002079085
mfeat_morphological,23,133.0,67.0,11.0,,,cart_pruned,0.04246870000497438
mfeat_morphological,23,37.0,19.0,5.0,,,noise_augmented_cart,0.005084500000521075
mfeat_morphological,23,,,,,,random_forest,0.10962990000552963
mfeat_morphological,23,,,,,,extra_trees,0.06254199999966659
mfeat_morphological,23,,,,,,linear_svm,0.015239400003338233
mfeat_morphological,23,,,,,,rbf_svm,0.019885499998054
mfeat_morphological,24,19.0,10.0,5.0,0.19783176868016883,0.0,matched_gini,0.04822550000244519
mfeat_morphological,24,27.0,14.0,5.0,0.23070374255379353,0.0,mags_fixed,0.059433999995235354
mfeat_morphological,24,27.0,14.0,5.0,0.23070374255379353,0.0,mags_binary_excluded,0.05867950000538258
mfeat_morphological,24,17.0,9.0,5.0,0.22038422748321246,0.0,matched_gini_unrestricted,0.07602649999898858
mfeat_morphological,24,25.0,13.0,5.0,0.24844242449702966,0.0,mags_fixed_unrestricted,0.05840449999959674
mfeat_morphological,24,19.0,10.0,5.0,,,cart_fixed,0.0018669999990379438
mfeat_morphological,24,45.0,23.0,6.0,0.14576683357054623,0.0,mags_tuned,1.6362515000000712
mfeat_morphological,24,65.0,33.0,8.0,,,cart_tuned_depth,0.022216299999854527
mfeat_morphological,24,59.0,30.0,10.0,,,cart_pruned,0.035173399999621324
mfeat_morphological,24,17.0,9.0,5.0,,,noise_augmented_cart,0.005118299995956477
mfeat_morphological,24,,,,,,random_forest,0.10423059999448014
mfeat_morphological,24,,,,,,extra_trees,0.05532849999872269
mfeat_morphological,24,,,,,,linear_svm,0.006629199997405522
mfeat_morphological,24,,,,,,rbf_svm,0.007583799997519236
mfeat_morphological,25,29.0,15.0,5.0,0.2885933397632413,0.0,matched_gini,0.06124869999621296
mfeat_morphological,25,35.0,18.0,5.0,0.21553651754075268,0.0,mags_fixed,0.06108980000135489
mfeat_morphological,25,35.0,18.0,5.0,0.21553651754075268,0.0,mags_binary_excluded,0.05757969999831403
mfeat_morphological,25,31.0,16.0,5.0,0.28583023646698374,0.0,matched_gini_unrestricted,0.052668399999674875
mfeat_morphological,25,37.0,19.0,5.0,0.21694750223810333,0.0,mags_fixed_unrestricted,0.06923190000088653
mfeat_morphological,25,29.0,15.0,5.0,,,cart_fixed,0.001786199994967319
mfeat_morphological,25,97.0,49.0,8.0,0.13860583397705747,0.0,mags_tuned,1.526329899999837
mfeat_morphological,25,181.0,91.0,10.0,,,cart_tuned_depth,0.02766719999635825
mfeat_morphological,25,47.0,24.0,11.0,,,cart_pruned,0.037193999996816274
mfeat_morphological,25,27.0,14.0,5.0,,,noise_augmented_cart,0.004978400000254624
mfeat_morphological,25,,,,,,random_forest,0.1044529999999213
mfeat_morphological,25,,,,,,extra_trees,0.053810400000656955
mfeat_morphological,25,,,,,,linear_svm,0.007506499998271465
mfeat_morphological,25,,,,,,rbf_svm,0.0077276000010897405
mfeat_morphological,26,35.0,18.0,5.0,0.1427879377321905,0.0,matched_gini,0.05443999999988591
mfeat_morphological,26,37.0,19.0,5.0,0.17351462989163124,0.0,mags_fixed,0.053081700003531296
mfeat_morphological,26,37.0,19.0,5.0,0.17351462989163124,0.0,mags_binary_excluded,0.06521390000125393
mfeat_morphological,26,33.0,17.0,5.0,0.16644240807248722,0.0,matched_gini_unrestricted,0.05558939999900758
mfeat_morphological,26,33.0,17.0,5.0,0.2073935824241251,0.0,mags_fixed_unrestricted,0.060186099995917175
mfeat_morphological,26,39.0,20.0,5.0,,,cart_fixed,0.002285399998072535
mfeat_morphological,26,59.0,30.0,6.0,0.16673010269287133,0.0,mags_tuned,1.5542064000037499
mfeat_morphological,26,131.0,66.0,8.0,,,cart_tuned_depth,0.01948390000325162
mfeat_morphological,26,51.0,26.0,8.0,,,cart_pruned,0.030905200001143385
mfeat_morphological,26,35.0,18.0,5.0,,,noise_augmented_cart,0.005048799997894093
mfeat_morphological,26,,,,,,random_forest,0.1032195999941905
mfeat_morphological,26,,,,,,extra_trees,0.08712540000124136
mfeat_morphological,26,,,,,,linear_svm,0.008038499996473547
mfeat_morphological,26,,,,,,rbf_svm,0.008597899999585934
mfeat_morphological,27,33.0,17.0,5.0,0.19902753597279216,0.0,matched_gini,0.05994339999597287
mfeat_morphological,27,27.0,14.0,5.0,0.21740204764154686,0.0,mags_fixed,0.05069010000443086
mfeat_morphological,27,27.0,14.0,5.0,0.21740204764154686,0.0,mags_binary_excluded,0.05294059999869205
mfeat_morphological,27,35.0,18.0,5.0,0.1947457403383272,0.0,matched_gini_unrestricted,0.06830479999916861
mfeat_morphological,27,27.0,14.0,5.0,0.22107336478345097,0.0,mags_fixed_unrestricted,0.053169300001172815
mfeat_morphological,27,33.0,17.0,5.0,,,cart_fixed,0.002079300000332296
mfeat_morphological,27,103.0,52.0,8.0,0.1385906572880905,0.0,mags_tuned,1.5721909000058076
mfeat_morphological,27,123.0,62.0,8.0,,,cart_tuned_depth,0.020445299996936228
mfeat_morphological,27,25.0,13.0,7.0,,,cart_pruned,0.04657050000241725
mfeat_morphological,27,33.0,17.0,5.0,,,noise_augmented_cart,0.004768300001160242
mfeat_morphological,27,,,,,,random_forest,0.08602729999984149
mfeat_morphological,27,,,,,,extra_trees,0.05529279999609571
mfeat_morphological,27,,,,,,linear_svm,0.008740099998249207
mfeat_morphological,27,,,,,,rbf_svm,0.011178500004461966
mfeat_morphological,28,35.0,18.0,5.0,0.15652990107912548,0.0,matched_gini,0.06069949999800883
mfeat_morphological,28,35.0,18.0,5.0,0.22116066168337725,0.0,mags_fixed,0.07218070000089938
mfeat_morphological,28,35.0,18.0,5.0,0.22116066168337725,0.0,mags_binary_excluded,0.058194500001263805
mfeat_morphological,28,37.0,19.0,5.0,0.1600043088230288,0.0,matched_gini_unrestricted,0.056630900005984586
mfeat_morphological,28,37.0,19.0,5.0,0.19356005913540808,0.0,mags_fixed_unrestricted,0.07754080000449903
mfeat_morphological,28,35.0,18.0,5.0,,,cart_fixed,0.001756600002408959
mfeat_morphological,28,121.0,61.0,8.0,0.11215036812018167,0.0,mags_tuned,1.751153199998953
mfeat_morphological,28,57.0,29.0,6.0,,,cart_tuned_depth,0.01613039999938337
mfeat_morphological,28,49.0,25.0,10.0,,,cart_pruned,0.02821859999676235
mfeat_morphological,28,41.0,21.0,5.0,,,noise_augmented_cart,0.007423999995808117
mfeat_morphological,28,,,,,,random_forest,0.10335109999869019
mfeat_morphological,28,,,,,,extra_trees,0.048474700000952
mfeat_morphological,28,,,,,,linear_svm,0.006620000000111759
mfeat_morphological,28,,,,,,rbf_svm,0.008956799996667542
mfeat_morphological,29,39.0,20.0,5.0,0.15804186031724773,0.0,matched_gini,0.07217110000055982
mfeat_morphological,29,39.0,20.0,5.0,0.23608215642469202,0.0,mags_fixed,0.06668100000388222
mfeat_morphological,29,39.0,20.0,5.0,0.23608215642469202,0.0,mags_binary_excluded,0.06488580000586808
mfeat_morphological,29,37.0,19.0,5.0,0.1633772508987452,0.0,matched_gini_unrestricted,0.06981139999697916
mfeat_morphological,29,37.0,19.0,5.0,0.19083384369286563,0.0,mags_fixed_unrestricted,0.10588109999662265
mfeat_morphological,29,33.0,17.0,5.0,,,cart_fixed,0.002077999997709412
mfeat_morphological,29,121.0,61.0,8.0,0.11549418182339813,0.0,mags_tuned,1.8006205999990925
mfeat_morphological,29,55.0,28.0,6.0,,,cart_tuned_depth,0.028771799996320624
mfeat_morphological,29,47.0,24.0,8.0,,,cart_pruned,0.04400129999703495
mfeat_morphological,29,35.0,18.0,5.0,,,noise_augmented_cart,0.0038167000020621344
mfeat_morphological,29,,,,,,random_forest,0.09679290000349283
mfeat_morphological,29,,,,,,extra_trees,0.0661857000013697
mfeat_morphological,29,,,,,,linear_svm,0.007568900000478607
mfeat_morphological,29,,,,,,rbf_svm,0.008751199995458592
mushroom,0,23.0,12.0,5.0,1.0,1.0,matched_gini,0.0799464999945485
mushroom,0,23.0,12.0,5.0,1.0,1.0,mags_fixed,0.04573340000206372
mushroom,0,23.0,12.0,5.0,1.0,1.0,mags_binary_excluded,0.042402500002935994
mushroom,0,23.0,12.0,5.0,1.0,1.0,matched_gini_unrestricted,0.04748709999694256
mushroom,0,23.0,12.0,5.0,1.0,1.0,mags_fixed_unrestricted,0.036136499998974614
mushroom,0,23.0,12.0,5.0,,,cart_fixed,0.0037900000024819747
mushroom,0,19.0,10.0,4.0,1.0,0.0,mags_tuned,1.1363492000018596
mushroom,0,23.0,12.0,5.0,,,cart_tuned_depth,0.04087019999860786
mushroom,0,17.0,9.0,5.0,,,cart_pruned,0.06697979999444215
mushroom,0,27.0,14.0,6.0,,,noise_augmented_cart,0.09157659999618772
mushroom,0,,,,,,random_forest,0.08675050000601914
mushroom,0,,,,,,extra_trees,0.08562449999590172
mushroom,0,,,,,,linear_svm,0.01283020000118995
mushroom,0,,,,,,rbf_svm,0.027975999997579493
mushroom,1,23.0,12.0,5.0,1.0,1.0,matched_gini,0.04280049999943003
mushroom,1,23.0,12.0,5.0,1.0,1.0,mags_fixed,0.03727939999953378
mushroom,1,23.0,12.0,5.0,1.0,1.0,mags_binary_excluded,0.04329200000211131
mushroom,1,23.0,12.0,5.0,1.0,1.0,matched_gini_unrestricted,0.04436139999597799
mushroom,1,23.0,12.0,5.0,1.0,1.0,mags_fixed_unrestricted,0.04024999999819556
mushroom,1,23.0,12.0,5.0,,,cart_fixed,0.003696300002047792
mushroom,1,23.0,12.0,5.0,1.0,0.0,mags_tuned,1.2717479999992065
mushroom,1,19.0,10.0,4.0,,,cart_tuned_depth,0.048164199994062074
mushroom,1,23.0,12.0,5.0,,,cart_pruned,0.036414200003491715
mushroom,1,29.0,15.0,6.0,,,noise_augmented_cart,0.08258070000010775
mushroom,1,,,,,,random_forest,0.08123029999842402
mushroom,1,,,,,,extra_trees,0.09943989999737823
mushroom,1,,,,,,linear_svm,0.01230760000180453
mushroom,1,,,,,,rbf_svm,0.02607259999786038
mushroom,2,21.0,11.0,5.0,1.0,1.0,matched_gini,0.039250000001629815
mushroom,2,21.0,11.0,5.0,1.0,1.0,mags_fixed,0.03996480000205338
mushroom,2,21.0,11.0,5.0,1.0,1.0,mags_binary_excluded,0.04215029999613762
mushroom,2,21.0,11.0,5.0,1.0,1.0,matched_gini_unrestricted,0.04551809999975376
mushroom,2,21.0,11.0,5.0,1.0,1.0,mags_fixed_unrestricted,0.03955839999980526
mushroom,2,23.0,12.0,5.0,,,cart_fixed,0.00589159999799449
mushroom,2,21.0,11.0,5.0,1.0,0.0,mags_tuned,1.3097008999975515
mushroom,2,13.0,7.0,3.0,,,cart_tuned_depth,0.026903799996944144
mushroom,2,13.0,7.0,4.0,,,cart_pruned,0.06376240000099642
mushroom,2,27.0,14.0,6.0,,,noise_augmented_cart,0.10481279999658
mushroom,2,,,,,,random_forest,0.112786400000914
mushroom,2,,,,,,extra_trees,0.10004969999863533
mushroom,2,,,,,,linear_svm,0.01761939999414608
mushroom,2,,,,,,rbf_svm,0.0363288999942597
mushroom,4,21.0,11.0,5.0,1.0,1.0,matched_gini,0.03707360000407789
mushroom,4,21.0,11.0,5.0,1.0,1.0,mags_fixed,0.03529330000310438
mushroom,4,21.0,11.0,5.0,1.0,1.0,mags_binary_excluded,0.041047899998375215
mushroom,4,21.0,11.0,5.0,1.0,1.0,matched_gini_unrestricted,0.0493306999997003
mushroom,4,21.0,11.0,5.0,1.0,1.0,mags_fixed_unrestricted,0.04692319999594474
mushroom,4,21.0,11.0,5.0,,,cart_fixed,0.003996400002506562
mushroom,4,17.0,9.0,4.0,1.0,0.0,mags_tuned,1.4886307999986457
mushroom,4,21.0,11.0,5.0,,,cart_tuned_depth,0.03166680000140332
mushroom,4,21.0,11.0,5.0,,,cart_pruned,0.0408640000023297
mushroom,4,25.0,13.0,6.0,,,noise_augmented_cart,0.08295709999947576
mushroom,4,,,,,,random_forest,0.09165899999788962
mushroom,4,,,,,,extra_trees,0.08424740000191377
mushroom,4,,,,,,linear_svm,0.011514800004079007
mushroom,4,,,,,,rbf_svm,0.031108399998629466
mushroom,3,23.0,12.0,6.0,1.0,1.0,matched_gini,0.05279519999749027
mushroom,3,23.0,12.0,6.0,1.0,1.0,mags_fixed,0.04369520000182092
mushroom,3,23.0,12.0,6.0,1.0,1.0,mags_binary_excluded,0.03328909999981988
mushroom,3,23.0,12.0,6.0,1.0,1.0,matched_gini_unrestricted,0.03683489999821177
mushroom,3,23.0,12.0,6.0,1.0,1.0,mags_fixed_unrestricted,0.04268009999941569
mushroom,3,23.0,12.0,6.0,,,cart_fixed,0.004147799998463597
mushroom,3,19.0,10.0,4.0,1.0,0.0,mags_tuned,1.591065200002049
mushroom,3,19.0,10.0,4.0,,,cart_tuned_depth,0.036552199999277946
mushroom,3,15.0,8.0,4.0,,,cart_pruned,0.048258199996780604
mushroom,3,25.0,13.0,5.0,,,noise_augmented_cart,0.07569630000216421
mushroom,3,,,,,,random_forest,0.08898190000036266
mushroom,3,,,,,,extra_trees,0.09830049999436596
mushroom,3,,,,,,linear_svm,0.015183600000455044
mushroom,3,,,,,,rbf_svm,0.027264899996225722
mushroom,5,27.0,14.0,6.0,1.0,1.0,matched_gini,0.08489250000275206
mushroom,5,27.0,14.0,6.0,1.0,1.0,mags_fixed,0.0367234000004828
mushroom,5,27.0,14.0,6.0,1.0,1.0,mags_binary_excluded,0.057700500001374166
mushroom,5,27.0,14.0,6.0,1.0,1.0,matched_gini_unrestricted,0.04377070000191452
mushroom,5,27.0,14.0,6.0,1.0,1.0,mags_fixed_unrestricted,0.06422110000130488
mushroom,5,27.0,14.0,6.0,,,cart_fixed,0.0035755999997491017
mushroom,5,19.0,10.0,4.0,1.0,0.0,mags_tuned,1.3590090999932727
mushroom,5,13.0,7.0,3.0,,,cart_tuned_depth,0.048712399999203626
mushroom,5,27.0,14.0,6.0,,,cart_pruned,0.043815999997605104
mushroom,5,25.0,13.0,6.0,,,noise_augmented_cart,0.10834600000089267
mushroom,5,,,,,,random_forest,0.11153740000008838
mushroom,5,,,,,,extra_trees,0.09718229999998584
mushroom,5,,,,,,linear_svm,0.014736500001163222
mushroom,5,,,,,,rbf_svm,0.028597299999091774
mushroom,6,21.0,11.0,5.0,1.0,1.0,matched_gini,0.048027500000898726
mushroom,6,21.0,11.0,5.0,1.0,1.0,mags_fixed,0.03724499999952968
mushroom,6,21.0,11.0,5.0,1.0,1.0,mags_binary_excluded,0.04102409999904921
mushroom,6,21.0,11.0,5.0,1.0,1.0,matched_gini_unrestricted,0.030908499997167382
mushroom,6,21.0,11.0,5.0,1.0,1.0,mags_fixed_unrestricted,0.03367489999800455
mushroom,6,21.0,11.0,5.0,,,cart_fixed,0.006236699999135453
mushroom,6,21.0,11.0,5.0,1.0,0.0,mags_tuned,1.3270246999964002
mushroom,6,21.0,11.0,5.0,,,cart_tuned_depth,0.03632809999544406
mushroom,6,21.0,11.0,5.0,,,cart_pruned,0.04645650000020396
mushroom,6,21.0,11.0,5.0,,,noise_augmented_cart,0.07250720000592992
mushroom,6,,,,,,random_forest,0.1036859000014374
mushroom,6,,,,,,extra_trees,0.13237300000037067
mushroom,6,,,,,,linear_svm,0.021566099996562116
mushroom,6,,,,,,rbf_svm,0.04212869999901159
mushroom,7,21.0,11.0,5.0,1.0,1.0,matched_gini,0.040128200002072845
mushroom,7,21.0,11.0,5.0,1.0,1.0,mags_fixed,0.043554699994274415
mushroom,7,21.0,11.0,5.0,1.0,1.0,mags_binary_excluded,0.04848440000205301
mushroom,7,21.0,11.0,5.0,1.0,1.0,matched_gini_unrestricted,0.03840630000195233
mushroom,7,21.0,11.0,5.0,1.0,1.0,mags_fixed_unrestricted,0.03902110000490211
mushroom,7,21.0,11.0,5.0,,,cart_fixed,0.0037640000009560026
mushroom,7,21.0,11.0,5.0,1.0,0.0,mags_tuned,1.1067175999996834
mushroom,7,13.0,7.0,3.0,,,cart_tuned_depth,0.023695000003499445
mushroom,7,21.0,11.0,5.0,,,cart_pruned,0.04099370000039926
mushroom,7,25.0,13.0,6.0,,,noise_augmented_cart,0.0698190999974031
mushroom,7,,,,,,random_forest,0.08995790000335546
mushroom,7,,,,,,extra_trees,0.07475870000052964
mushroom,7,,,,,,linear_svm,0.012368800002150238
mushroom,7,,,,,,rbf_svm,0.03102970000327332
mushroom,8,21.0,11.0,5.0,1.0,1.0,matched_gini,0.04144529999757651
mushroom,8,21.0,11.0,5.0,1.0,1.0,mags_fixed,0.06329660000483273
mushroom,8,21.0,11.0,5.0,1.0,1.0,mags_binary_excluded,0.07793510000192327
mushroom,8,21.0,11.0,5.0,1.0,1.0,matched_gini_unrestricted,0.07791850000648992
mushroom,8,21.0,11.0,5.0,1.0,1.0,mags_fixed_unrestricted,0.07828690000314964
mushroom,8,21.0,11.0,5.0,,,cart_fixed,0.007103999996616039
mushroom,8,19.0,10.0,4.0,1.0,0.0,mags_tuned,1.1944192000009934
mushroom,8,19.0,10.0,4.0,,,cart_tuned_depth,0.02652959999977611
mushroom,8,21.0,11.0,5.0,,,cart_pruned,0.06414829999994254
mushroom,8,23.0,12.0,6.0,,,noise_augmented_cart,0.0790391999980784
mushroom,8,,,,,,random_forest,0.08248420000018086
mushroom,8,,,,,,extra_trees,0.096054900001036
mushroom,8,,,,,,linear_svm,0.012444799998775125
mushroom,8,,,,,,rbf_svm,0.0567566000027
mushroom,9,21.0,11.0,5.0,1.0,1.0,matched_gini,0.035986199996841606
mushroom,9,21.0,11.0,5.0,1.0,1.0,mags_fixed,0.03310399999463698
mushroom,9,21.0,11.0,5.0,1.0,1.0,mags_binary_excluded,0.030394399997021537
mushroom,9,21.0,11.0,5.0,1.0,1.0,matched_gini_unrestricted,0.03290189999825088
mushroom,9,21.0,11.0,5.0,1.0,1.0,mags_fixed_unrestricted,0.035218800003349315
mushroom,9,21.0,11.0,5.0,,,cart_fixed,0.003859500000544358
mushroom,9,21.0,11.0,5.0,1.0,0.0,mags_tuned,1.4729630000001634
mushroom,9,21.0,11.0,5.0,,,cart_tuned_depth,0.03157490000012331
mushroom,9,21.0,11.0,5.0,,,cart_pruned,0.036244800001441035
mushroom,9,25.0,13.0,6.0,,,noise_augmented_cart,0.07757399999536574
mushroom,9,,,,,,random_forest,0.09047580000333255
mushroom,9,,,,,,extra_trees,0.07595099999889499
mushroom,9,,,,,,linear_svm,0.013018500001635402
mushroom,9,,,,,,rbf_svm,0.03686819999711588
mushroom,10,23.0,12.0,5.0,1.0,1.0,matched_gini,0.0424224000016693
mushroom,10,23.0,12.0,5.0,1.0,1.0,mags_fixed,0.04019709999556653
mushroom,10,23.0,12.0,5.0,1.0,1.0,mags_binary_excluded,0.04110249999939697
mushroom,10,23.0,12.0,5.0,1.0,1.0,matched_gini_unrestricted,0.04065229999832809
mushroom,10,23.0,12.0,5.0,1.0,1.0,mags_fixed_unrestricted,0.0383633999954327
mushroom,10,23.0,12.0,5.0,,,cart_fixed,0.0037530999979935586
mushroom,10,19.0,10.0,4.0,1.0,0.0,mags_tuned,1.195479999994859
mushroom,10,19.0,10.0,4.0,,,cart_tuned_depth,0.030037000004085712
mushroom,10,17.0,9.0,5.0,,,cart_pruned,0.038857999999891035
mushroom,10,23.0,12.0,5.0,,,noise_augmented_cart,0.06408080000255723
mushroom,10,,,,,,random_forest,0.08628909999970347
mushroom,10,,,,,,extra_trees,0.07791899999574525
mushroom,10,,,,,,linear_svm,0.014867199999571312
mushroom,10,,,,,,rbf_svm,0.039746000002196524
mushroom,11,27.0,14.0,6.0,1.0,1.0,matched_gini,0.04734199999802513
mushroom,11,27.0,14.0,6.0,1.0,1.0,mags_fixed,0.04621789999509929
mushroom,11,27.0,14.0,6.0,1.0,1.0,mags_binary_excluded,0.05369299999438226
mushroom,11,27.0,14.0,6.0,1.0,1.0,matched_gini_unrestricted,0.0434808999998495
mushroom,11,27.0,14.0,6.0,1.0,1.0,mags_fixed_unrestricted,0.048383800000010524
mushroom,11,27.0,14.0,6.0,,,cart_fixed,0.004227400000672787
mushroom,11,19.0,10.0,4.0,1.0,0.0,mags_tuned,1.2897477000005892
mushroom,11,19.0,10.0,4.0,,,cart_tuned_depth,0.03539440000167815
mushroom,11,27.0,14.0,6.0,,,cart_pruned,0.04791850000037812
mushroom,11,27.0,14.0,6.0,,,noise_augmented_cart,0.08818809999502264
mushroom,11,,,,,,random_forest,0.08054689999698894
mushroom,11,,,,,,extra_trees,0.07334460000129184
mushroom,11,,,,,,linear_svm,0.014069600001676008
mushroom,11,,,,,,rbf_svm,0.03160409999691183
mushroom,12,21.0,11.0,6.0,1.0,1.0,matched_gini,0.057467900005576666
mushroom,12,21.0,11.0,6.0,1.0,1.0,mags_fixed,0.036373499999172054
mushroom,12,21.0,11.0,6.0,1.0,1.0,mags_binary_excluded,0.036000200001581106
mushroom,12,21.0,11.0,6.0,1.0,1.0,matched_gini_unrestricted,0.03647030000138329
mushroom,12,21.0,11.0,6.0,1.0,1.0,mags_fixed_unrestricted,0.035465900000417605
mushroom,12,23.0,12.0,6.0,,,cart_fixed,0.003969699995650444
mushroom,12,17.0,9.0,4.0,1.0,0.0,mags_tuned,1.373508300006506
mushroom,12,21.0,11.0,5.0,,,cart_tuned_depth,0.030220599997846875
mushroom,12,17.0,9.0,5.0,,,cart_pruned,0.045830900002329145
mushroom,12,23.0,12.0,6.0,,,noise_augmented_cart,0.08765110000240384
mushroom,12,,,,,,random_forest,0.081563499996264
mushroom,12,,,,,,extra_trees,0.08435450000251876
mushroom,12,,,,,,linear_svm,0.016641700000036508
mushroom,12,,,,,,rbf_svm,0.045915799993963446
mushroom,13,23.0,12.0,6.0,1.0,1.0,matched_gini,0.04374440000538016
mushroom,13,23.0,12.0,6.0,1.0,1.0,mags_fixed,0.04579779999767197
mushroom,13,23.0,12.0,6.0,1.0,1.0,mags_binary_excluded,0.04315599999972619
mushroom,13,23.0,12.0,6.0,1.0,1.0,matched_gini_unrestricted,0.04103610000311164
mushroom,13,23.0,12.0,6.0,1.0,1.0,mags_fixed_unrestricted,0.042898600004264154
mushroom,13,23.0,12.0,6.0,,,cart_fixed,0.00405989999853773
mushroom,13,23.0,12.0,6.0,1.0,0.0,mags_tuned,1.323056599998381
mushroom,13,17.0,9.0,4.0,,,cart_tuned_depth,0.03351700000348501
mushroom,13,23.0,12.0,6.0,,,cart_pruned,0.03088900000147987
mushroom,13,23.0,12.0,6.0,,,noise_augmented_cart,0.08266719999664929
mushroom,13,,,,,,random_forest,0.08990549999725772
mushroom,13,,,,,,extra_trees,0.08951440000237199
mushroom,13,,,,,,linear_svm,0.012355400001979433
mushroom,13,,,,,,rbf_svm,0.028991500003030524
mushroom,14,21.0,11.0,5.0,1.0,1.0,matched_gini,0.07329019999451702
mushroom,14,21.0,11.0,5.0,1.0,1.0,mags_fixed,0.033034699998097494
mushroom,14,21.0,11.0,5.0,1.0,1.0,mags_binary_excluded,0.08783779999794206
mushroom,14,21.0,11.0,5.0,1.0,1.0,matched_gini_unrestricted,0.05855149999842979
mushroom,14,21.0,11.0,5.0,1.0,1.0,mags_fixed_unrestricted,0.04341079999721842
mushroom,14,21.0,11.0,5.0,,,cart_fixed,0.004133399997954257
mushroom,14,17.0,9.0,4.0,1.0,0.0,mags_tuned,1.1918450000011944
mushroom,14,21.0,11.0,5.0,,,cart_tuned_depth,0.029628399999637622
mushroom,14,21.0,11.0,5.0,,,cart_pruned,0.051768400000582915
mushroom,14,23.0,12.0,6.0,,,noise_augmented_cart,0.09344469999632565
mushroom,14,,,,,,random_forest,0.08683410000230651
mushroom,14,,,,,,extra_trees,0.08654699999897275
mushroom,14,,,,,,linear_svm,0.018905299999460112
mushroom,14,,,,,,rbf_svm,0.04547650000313297
mushroom,15,25.0,13.0,6.0,1.0,1.0,matched_gini,0.045819099999789614
mushroom,15,25.0,13.0,6.0,1.0,1.0,mags_fixed,0.05234790000395151
mushroom,15,25.0,13.0,6.0,1.0,1.0,mags_binary_excluded,0.049927000000025146
mushroom,15,25.0,13.0,6.0,1.0,1.0,matched_gini_unrestricted,0.04726669999945443
mushroom,15,25.0,13.0,6.0,1.0,1.0,mags_fixed_unrestricted,0.04147920000104932
mushroom,15,25.0,13.0,6.0,,,cart_fixed,0.003775800003495533
mushroom,15,17.0,9.0,4.0,1.0,0.0,mags_tuned,1.1217522000006284
mushroom,15,17.0,9.0,4.0,,,cart_tuned_depth,0.02749529999709921
mushroom,15,25.0,13.0,6.0,,,cart_pruned,0.031546499994874466
mushroom,15,19.0,10.0,5.0,,,noise_augmented_cart,0.09616490000189515
mushroom,15,,,,,,random_forest,0.11350759999913862
mushroom,15,,,,,,extra_trees,0.10945099999662489
mushroom,15,,,,,,linear_svm,0.01362179999705404
mushroom,15,,,,,,rbf_svm,0.026748000003863126
mushroom,16,21.0,11.0,5.0,1.0,1.0,matched_gini,0.05611060000228463
mushroom,16,21.0,11.0,5.0,1.0,1.0,mags_fixed,0.04045459999906598
mushroom,16,21.0,11.0,5.0,1.0,1.0,mags_binary_excluded,0.03891719999955967
mushroom,16,21.0,11.0,5.0,1.0,1.0,matched_gini_unrestricted,0.040096100005030166
mushroom,16,21.0,11.0,5.0,1.0,1.0,mags_fixed_unrestricted,0.04143879999901401
mushroom,16,21.0,11.0,5.0,,,cart_fixed,0.003683100003399886
mushroom,16,19.0,10.0,4.0,1.0,0.0,mags_tuned,1.2484843000056571
mushroom,16,19.0,10.0,4.0,,,cart_tuned_depth,0.02840439999999944
mushroom,16,21.0,11.0,5.0,,,cart_pruned,0.043392300001869444
mushroom,16,25.0,13.0,6.0,,,noise_augmented_cart,0.07633239999995567
mushroom,16,,,,,,random_forest,0.10532090000197059
mushroom,16,,,,,,extra_trees,0.10297049999644514
mushroom,16,,,,,,linear_svm,0.013956199996755458
mushroom,16,,,,,,rbf_svm,0.029358899999351706
mushroom,17,25.0,13.0,6.0,1.0,1.0,matched_gini,0.03737339999497635
mushroom,17,25.0,13.0,6.0,1.0,1.0,mags_fixed,0.03392100000201026
mushroom,17,25.0,13.0,6.0,1.0,1.0,mags_binary_excluded,0.04096109999954933
mushroom,17,25.0,13.0,6.0,1.0,1.0,matched_gini_unrestricted,0.03137509999942267
mushroom,17,25.0,13.0,6.0,1.0,1.0,mags_fixed_unrestricted,0.04601430000184337
mushroom,17,25.0,13.0,6.0,,,cart_fixed,0.004460399999516085
mushroom,17,19.0,10.0,4.0,1.0,0.0,mags_tuned,1.4290422999984003
mushroom,17,13.0,7.0,3.0,,,cart_tuned_depth,0.02798830000392627
mushroom,17,15.0,8.0,4.0,,,cart_pruned,0.0438914999976987
mushroom,17,23.0,12.0,6.0,,,noise_augmented_cart,0.08176860000094166
mushroom,17,,,,,,random_forest,0.11314420000417158
mushroom,17,,,,,,extra_trees,0.07660310000210302
mushroom,17,,,,,,linear_svm,0.022162099994602613
mushroom,17,,,,,,rbf_svm,0.03280369999993127
mushroom,18,19.0,10.0,4.0,1.0,1.0,matched_gini,0.04201560000365134
mushroom,18,19.0,10.0,4.0,1.0,1.0,mags_fixed,0.036267299998144154
mushroom,18,19.0,10.0,4.0,1.0,1.0,mags_binary_excluded,0.03298450000147568
mushroom,18,19.0,10.0,4.0,1.0,1.0,matched_gini_unrestricted,0.05398620000050869
mushroom,18,19.0,10.0,4.0,1.0,1.0,mags_fixed_unrestricted,0.060607299994444475
mushroom,18,21.0,11.0,5.0,,,cart_fixed,0.003703399997903034
mushroom,18,19.0,10.0,4.0,1.0,0.0,mags_tuned,1.270720699998492
mushroom,18,19.0,10.0,4.0,,,cart_tuned_depth,0.02694540000084089
mushroom,18,21.0,11.0,5.0,,,cart_pruned,0.027812800006358884
mushroom,18,25.0,13.0,6.0,,,noise_augmented_cart,0.0752277999999933
mushroom,18,,,,,,random_forest,0.08340219999809051
mushroom,18,,,,,,extra_trees,0.08172380000178237
mushroom,18,,,,,,linear_svm,0.013768299999355804
mushroom,18,,,,,,rbf_svm,0.03056589999323478
mushroom,19,23.0,12.0,6.0,1.0,1.0,matched_gini,0.047696000001451466
mushroom,19,23.0,12.0,6.0,1.0,1.0,mags_fixed,0.04290920000494225
mushroom,19,23.0,12.0,6.0,1.0,1.0,mags_binary_excluded,0.03009869999368675
mushroom,19,23.0,12.0,6.0,1.0,1.0,matched_gini_unrestricted,0.02898029999778373
mushroom,19,23.0,12.0,6.0,1.0,1.0,mags_fixed_unrestricted,0.028012199996737763
mushroom,19,23.0,12.0,6.0,,,cart_fixed,0.004623799999535549
mushroom,19,17.0,9.0,4.0,1.0,0.0,mags_tuned,1.189986699995643
mushroom,19,17.0,9.0,4.0,,,cart_tuned_depth,0.028645000005781185
mushroom,19,25.0,13.0,7.0,,,cart_pruned,0.04434320000291336
mushroom,19,23.0,12.0,5.0,,,noise_augmented_cart,0.07544259999849601
mushroom,19,,,,,,random_forest,0.08280290000402601
mushroom,19,,,,,,extra_trees,0.08461450000322657
mushroom,19,,,,,,linear_svm,0.012733800002024509
mushroom,19,,,,,,rbf_svm,0.027438299999630544
mushroom,20,21.0,11.0,6.0,1.0,1.0,matched_gini,0.05094009999447735
mushroom,20,21.0,11.0,6.0,1.0,1.0,mags_fixed,0.04160009999759495
mushroom,20,21.0,11.0,6.0,1.0,1.0,mags_binary_excluded,0.026184800000919495
mushroom,20,21.0,11.0,6.0,1.0,1.0,matched_gini_unrestricted,0.03856389999418752
mushroom,20,21.0,11.0,6.0,1.0,1.0,mags_fixed_unrestricted,0.032018599995353725
mushroom,20,21.0,11.0,6.0,,,cart_fixed,0.002943899999081623
mushroom,20,17.0,9.0,4.0,1.0,0.0,mags_tuned,1.0252413999987766
mushroom,20,13.0,7.0,3.0,,,cart_tuned_depth,0.02650740000535734
mushroom,20,21.0,11.0,6.0,,,cart_pruned,0.02937250000104541
mushroom,20,19.0,10.0,4.0,,,noise_augmented_cart,0.06481340000027558
mushroom,20,,,,,,random_forest,0.080891799996607
mushroom,20,,,,,,extra_trees,0.09292930000083288
mushroom,20,,,,,,linear_svm,0.012856699999247212
mushroom,20,,,,,,rbf_svm,0.025674399999843445
mushroom,21,23.0,12.0,5.0,1.0,1.0,matched_gini,0.037745000001450535
mushroom,21,23.0,12.0,5.0,1.0,1.0,mags_fixed,0.034350599999015685
mushroom,21,23.0,12.0,5.0,1.0,1.0,mags_binary_excluded,0.03184260000125505
mushroom,21,23.0,12.0,5.0,1.0,1.0,matched_gini_unrestricted,0.038091099995654076
mushroom,21,23.0,12.0,5.0,1.0,1.0,mags_fixed_unrestricted,0.03689250000024913
mushroom,21,23.0,12.0,5.0,,,cart_fixed,0.0035549000022001565
mushroom,21,23.0,12.0,5.0,1.0,0.0,mags_tuned,1.153216999999131
mushroom,21,23.0,12.0,5.0,,,cart_tuned_depth,0.028910499997437
mushroom,21,23.0,12.0,5.0,,,cart_pruned,0.037326899997424334
mushroom,21,25.0,13.0,6.0,,,noise_augmented_cart,0.1125093000009656
mushroom,21,,,,,,random_forest,0.10844759999599773
mushroom,21,,,,,,extra_trees,0.10294699999940349
mushroom,21,,,,,,linear_svm,0.011893100003362633
mushroom,21,,,,,,rbf_svm,0.028546100002131425
mushroom,23,25.0,13.0,5.0,1.0,1.0,matched_gini,0.03989790000196081
mushroom,23,25.0,13.0,5.0,1.0,1.0,mags_fixed,0.0575542000005953
mushroom,23,25.0,13.0,5.0,1.0,1.0,mags_binary_excluded,0.06562470000062604
mushroom,23,25.0,13.0,5.0,1.0,1.0,matched_gini_unrestricted,0.05120840000017779
mushroom,23,25.0,13.0,5.0,1.0,1.0,mags_fixed_unrestricted,0.04415799999696901
mushroom,23,25.0,13.0,5.0,,,cart_fixed,0.003857700001390185
mushroom,23,19.0,10.0,4.0,1.0,0.0,mags_tuned,1.0022067999962019
mushroom,23,13.0,7.0,3.0,,,cart_tuned_depth,0.025419200006581377
mushroom,23,25.0,13.0,5.0,,,cart_pruned,0.02045650000218302
mushroom,23,25.0,13.0,6.0,,,noise_augmented_cart,0.0684964999963995
mushroom,23,,,,,,random_forest,0.08396919999358943
mushroom,23,,,,,,extra_trees,0.08788849999837112
mushroom,23,,,,,,linear_svm,0.023849999997764826
mushroom,23,,,,,,rbf_svm,0.02813169999717502
mushroom,22,21.0,11.0,5.0,1.0,1.0,matched_gini,0.04626229999848874
mushroom,22,21.0,11.0,5.0,1.0,1.0,mags_fixed,0.060219799997867085
mushroom,22,21.0,11.0,5.0,1.0,1.0,mags_binary_excluded,0.05515240000386257
mushroom,22,21.0,11.0,5.0,1.0,1.0,matched_gini_unrestricted,0.05323640000278829
mushroom,22,21.0,11.0,5.0,1.0,1.0,mags_fixed_unrestricted,0.06630240000231424
mushroom,22,21.0,11.0,5.0,,,cart_fixed,0.006127599997853395
mushroom,22,19.0,10.0,4.0,1.0,0.0,mags_tuned,1.3086811999964993
mushroom,22,21.0,11.0,5.0,,,cart_tuned_depth,0.028195300001243595
mushroom,22,21.0,11.0,5.0,,,cart_pruned,0.0558485000001383
mushroom,22,23.0,12.0,5.0,,,noise_augmented_cart,0.11355489999550628
mushroom,22,,,,,,random_forest,0.08071520000521559
mushroom,22,,,,,,extra_trees,0.12791609999840148
mushroom,22,,,,,,linear_svm,0.013274400000227615
mushroom,22,,,,,,rbf_svm,0.03046679999533808
mushroom,24,25.0,13.0,5.0,1.0,1.0,matched_gini,0.043634399997245055
mushroom,24,25.0,13.0,5.0,1.0,1.0,mags_fixed,0.04197019999992335
mushroom,24,25.0,13.0,5.0,1.0,1.0,mags_binary_excluded,0.03963800000201445
mushroom,24,25.0,13.0,5.0,1.0,1.0,matched_gini_unrestricted,0.04471360000025015
mushroom,24,25.0,13.0,5.0,1.0,1.0,mags_fixed_unrestricted,0.043556999997235835
mushroom,24,25.0,13.0,5.0,,,cart_fixed,0.003931699997338001
mushroom,24,25.0,13.0,5.0,1.0,0.0,mags_tuned,1.3672640000004321
mushroom,24,13.0,7.0,3.0,,,cart_tuned_depth,0.030967300001066178
mushroom,24,25.0,13.0,5.0,,,cart_pruned,0.05019120000360999
mushroom,24,21.0,11.0,5.0,,,noise_augmented_cart,0.08447359999991022
mushroom,24,,,,,,random_forest,0.08593620000465307
mushroom,24,,,,,,extra_trees,0.07763410000188742
mushroom,24,,,,,,linear_svm,0.013961799995740876
mushroom,24,,,,,,rbf_svm,0.04141929999605054
mushroom,25,25.0,13.0,6.0,1.0,1.0,matched_gini,0.03718229999503819
mushroom,25,25.0,13.0,6.0,1.0,1.0,mags_fixed,0.04277090000687167
mushroom,25,25.0,13.0,6.0,1.0,1.0,mags_binary_excluded,0.04574760000105016
mushroom,25,25.0,13.0,6.0,1.0,1.0,matched_gini_unrestricted,0.05956029999651946
mushroom,25,25.0,13.0,6.0,1.0,1.0,mags_fixed_unrestricted,0.04254119999677641
mushroom,25,25.0,13.0,6.0,,,cart_fixed,0.006374999997206032
mushroom,25,19.0,10.0,4.0,1.0,0.0,mags_tuned,1.4445673000009265
mushroom,25,19.0,10.0,4.0,,,cart_tuned_depth,0.036982200006605126
mushroom,25,25.0,13.0,6.0,,,cart_pruned,0.03008110000519082
mushroom,25,27.0,14.0,6.0,,,noise_augmented_cart,0.07973690000653733
mushroom,25,,,,,,random_forest,0.11711639999703038
mushroom,25,,,,,,extra_trees,0.13649619999341667
mushroom,25,,,,,,linear_svm,0.013042899998254143
mushroom,25,,,,,,rbf_svm,0.02886179999768501
mushroom,26,25.0,13.0,6.0,1.0,1.0,matched_gini,0.04585640000004787
mushroom,26,25.0,13.0,6.0,1.0,1.0,mags_fixed,0.043825000000651926
mushroom,26,25.0,13.0,6.0,1.0,1.0,mags_binary_excluded,0.04345579999790061
mushroom,26,25.0,13.0,6.0,1.0,1.0,matched_gini_unrestricted,0.04028019999532262
mushroom,26,25.0,13.0,6.0,1.0,1.0,mags_fixed_unrestricted,0.052003699995111674
mushroom,26,25.0,13.0,6.0,,,cart_fixed,0.0036147999999229796
mushroom,26,19.0,10.0,4.0,1.0,0.0,mags_tuned,1.3165662000028533
mushroom,26,13.0,7.0,3.0,,,cart_tuned_depth,0.0316097000031732
mushroom,26,25.0,13.0,6.0,,,cart_pruned,0.04553009999654023
mushroom,26,27.0,14.0,6.0,,,noise_augmented_cart,0.08667269999568816
mushroom,26,,,,,,random_forest,0.09715950000099838
mushroom,26,,,,,,extra_trees,0.09071920000133105
mushroom,26,,,,,,linear_svm,0.01419760000135284
mushroom,26,,,,,,rbf_svm,0.029463500002748333
mushroom,27,23.0,12.0,5.0,1.0,1.0,matched_gini,0.03838980000000447
mushroom,27,23.0,12.0,5.0,1.0,1.0,mags_fixed,0.04281180000543827
mushroom,27,23.0,12.0,5.0,1.0,1.0,mags_binary_excluded,0.041592000001401175
mushroom,27,23.0,12.0,5.0,1.0,1.0,matched_gini_unrestricted,0.04183489999559242
mushroom,27,23.0,12.0,5.0,1.0,1.0,mags_fixed_unrestricted,0.03865870000299765
mushroom,27,23.0,12.0,5.0,,,cart_fixed,0.0037413999962154776
mushroom,27,19.0,10.0,4.0,1.0,0.0,mags_tuned,1.590652400002
mushroom,27,23.0,12.0,5.0,,,cart_tuned_depth,0.030193699996743817
mushroom,27,23.0,12.0,5.0,,,cart_pruned,0.03414689999772236
mushroom,27,17.0,9.0,5.0,,,noise_augmented_cart,0.08184959999925923
mushroom,27,,,,,,random_forest,0.08291170000302373
mushroom,27,,,,,,extra_trees,0.06601199999568053
mushroom,27,,,,,,linear_svm,0.009702900002594106
mushroom,27,,,,,,rbf_svm,0.03100789999734843
mushroom,28,25.0,13.0,6.0,1.0,1.0,matched_gini,0.060352200001943856
mushroom,28,25.0,13.0,6.0,1.0,1.0,mags_fixed,0.0447171999985585
mushroom,28,25.0,13.0,6.0,1.0,1.0,mags_binary_excluded,0.06467909999628318
mushroom,28,25.0,13.0,6.0,1.0,1.0,matched_gini_unrestricted,0.05241649999516085
mushroom,28,25.0,13.0,6.0,1.0,1.0,mags_fixed_unrestricted,0.0816179999965243
mushroom,28,25.0,13.0,6.0,,,cart_fixed,0.00718609999603359
mushroom,28,17.0,9.0,4.0,1.0,0.0,mags_tuned,1.4379442999997991
mushroom,28,17.0,9.0,4.0,,,cart_tuned_depth,0.033794000002671964
mushroom,28,25.0,13.0,6.0,,,cart_pruned,0.040159700001822785
mushroom,28,25.0,13.0,6.0,,,noise_augmented_cart,0.09968710000248393
mushroom,28,,,,,,random_forest,0.09904410000308417
mushroom,28,,,,,,extra_trees,0.0724160000027041
mushroom,28,,,,,,linear_svm,0.028418099995178636
mushroom,28,,,,,,rbf_svm,0.02797399999690242
mushroom,29,21.0,11.0,5.0,1.0,1.0,matched_gini,0.04382920000352897
mushroom,29,21.0,11.0,5.0,1.0,1.0,mags_fixed,0.04964639999525389
mushroom,29,21.0,11.0,5.0,1.0,1.0,mags_binary_excluded,0.04943410000123549
mushroom,29,21.0,11.0,5.0,1.0,1.0,matched_gini_unrestricted,0.0484846999970614
mushroom,29,21.0,11.0,5.0,1.0,1.0,mags_fixed_unrestricted,0.04748950000066543
mushroom,29,21.0,11.0,5.0,,,cart_fixed,0.004647399997338653
mushroom,29,21.0,11.0,5.0,1.0,0.0,mags_tuned,1.3669274999992922
mushroom,29,21.0,11.0,5.0,,,cart_tuned_depth,0.038323400003719144
mushroom,29,17.0,9.0,5.0,,,cart_pruned,0.06019940000260249
mushroom,29,23.0,12.0,5.0,,,noise_augmented_cart,0.09457639999891398
mushroom,29,,,,,,random_forest,0.08807299999898532
mushroom,29,,,,,,extra_trees,0.07614859999739565
mushroom,29,,,,,,linear_svm,0.015882600004260894
mushroom,29,,,,,,rbf_svm,0.026956800000334624
pendigits,0,93.0,47.0,6.0,0.044170565319931604,0.0,matched_gini,0.2238770999974804
pendigits,0,93.0,47.0,6.0,0.048549478949669315,0.0,mags_fixed,0.24355780000041705
pendigits,0,93.0,47.0,6.0,0.048549478949669315,0.0,mags_binary_excluded,0.24765489999845158
pendigits,0,89.0,45.0,6.0,0.03838035303171479,0.0,matched_gini_unrestricted,0.2590825999941444
pendigits,0,93.0,47.0,6.0,0.06543006977643953,0.0,mags_fixed_unrestricted,0.2977952000001096
pendigits,0,89.0,45.0,6.0,,,cart_fixed,0.006378999998560175
pendigits,0,119.0,60.0,7.0,0.04529692950506876,0.0,mags_tuned,6.0098665000041365
pendigits,0,119.0,60.0,8.0,,,cart_tuned_depth,0.0482932000013534
pendigits,0,65.0,33.0,7.0,,,cart_pruned,0.09825699999782955
pendigits,0,91.0,46.0,6.0,,,noise_augmented_cart,0.02298239999799989
pendigits,0,,,,,,random_forest,0.23006170000007842
pendigits,0,,,,,,extra_trees,0.08414099999936298
pendigits,0,,,,,,linear_svm,0.017716499998641666
pendigits,0,,,,,,rbf_svm,0.03023199999734061
pendigits,1,75.0,38.0,6.0,0.0509637527804437,0.0,matched_gini,0.20725089999905322
pendigits,1,75.0,38.0,6.0,0.051324113140804054,0.0,mags_fixed,0.1964192999948864
pendigits,1,75.0,38.0,6.0,0.051324113140804054,0.0,mags_binary_excluded,0.17371089999505784
pendigits,1,77.0,39.0,6.0,0.043727477947355105,0.0,matched_gini_unrestricted,0.2467696999956388
pendigits,1,77.0,39.0,6.0,0.056005751814556005,0.0,mags_fixed_unrestricted,0.26310580000426853
pendigits,1,73.0,37.0,6.0,,,cart_fixed,0.007043999998131767
pendigits,1,135.0,68.0,9.0,0.056377214061444726,0.0,mags_tuned,5.853818099996715
pendigits,1,119.0,60.0,8.0,,,cart_tuned_depth,0.04981200000474928
pendigits,1,135.0,68.0,11.0,,,cart_pruned,0.09443479999754345
pendigits,1,89.0,45.0,6.0,,,noise_augmented_cart,0.02474870000150986
pendigits,1,,,,,,random_forest,0.17856870000105118
pendigits,1,,,,,,extra_trees,0.0939208999989205
pendigits,1,,,,,,linear_svm,0.016301399999065325
pendigits,1,,,,,,rbf_svm,0.024784100001852494
pendigits,2,73.0,37.0,6.0,0.039181461568718726,0.0,matched_gini,0.19886779999797
pendigits,2,71.0,36.0,6.0,0.03969321063839074,0.0,mags_fixed,0.19053630000416888
pendigits,2,71.0,36.0,6.0,0.03969321063839074,0.0,mags_binary_excluded,0.27947230000427226
pendigits,2,73.0,37.0,6.0,0.04161554580228701,0.0,matched_gini_unrestricted,0.2374257999981637
pendigits,2,73.0,37.0,6.0,0.07103454256842548,0.0,mags_fixed_unrestricted,0.28249399999913294
pendigits,2,71.0,36.0,6.0,,,cart_fixed,0.007995699997991323
pendigits,2,135.0,68.0,9.0,0.07000209774406597,0.0,mags_tuned,5.428646600004868
pendigits,2,137.0,69.0,10.0,,,cart_tuned_depth,0.047096100002818275
pendigits,2,71.0,36.0,9.0,,,cart_pruned,0.0846019000018714
pendigits,2,83.0,42.0,6.0,,,noise_augmented_cart,0.021099799996591173
pendigits,2,,,,,,random_forest,0.2149046000049566
pendigits,2,,,,,,extra_trees,0.07990299999801209
pendigits,2,,,,,,linear_svm,0.017674099995929282
pendigits,2,,,,,,rbf_svm,0.036788800003705546
pendigits,3,89.0,45.0,6.0,0.04033017377664397,0.0,matched_gini,0.20991479999793228
pendigits,3,91.0,46.0,6.0,0.03909269746048155,0.0,mags_fixed,0.3130269000030239
pendigits,3,91.0,46.0,6.0,0.03909269746048155,0.0,mags_binary_excluded,0.2912326000005123
pendigits,3,93.0,47.0,6.0,0.031554913664388284,0.0,matched_gini_unrestricted,0.25889960000495194
pendigits,3,91.0,46.0,6.0,0.04352481248223289,0.0,mags_fixed_unrestricted,0.22707850000006147
pendigits,3,89.0,45.0,6.0,,,cart_fixed,0.011039099998015445
pendigits,3,133.0,67.0,9.0,0.05144680846057659,0.0,mags_tuned,6.033883099997183
pendigits,3,133.0,67.0,10.0,,,cart_tuned_depth,0.04719889999978477
pendigits,3,133.0,67.0,10.0,,,cart_pruned,0.0866230000028736
pendigits,3,97.0,49.0,6.0,,,noise_augmented_cart,0.020329799997853115
pendigits,3,,,,,,random_forest,0.1782669000021997
pendigits,3,,,,,,extra_trees,0.08945069999754196
pendigits,3,,,,,,linear_svm,0.021822300004714634
pendigits,3,,,,,,rbf_svm,0.020648999998229556
pendigits,6,71.0,36.0,6.0,0.073146761086551,0.0,matched_gini,0.17859260000113863
pendigits,6,71.0,36.0,6.0,0.07406794233118237,0.0,mags_fixed,0.1666834999996354
pendigits,6,71.0,36.0,6.0,0.07406794233118237,0.0,mags_binary_excluded,0.19032330000482034
pendigits,6,73.0,37.0,6.0,0.041379644133636706,0.0,matched_gini_unrestricted,0.21861299999727635
pendigits,6,73.0,37.0,6.0,0.05451355633293149,0.0,mags_fixed_unrestricted,0.2300997999991523
pendigits,6,63.0,32.0,6.0,,,cart_fixed,0.0061817000023438595
pendigits,6,123.0,62.0,9.0,0.0578002601901535,0.0,mags_tuned,5.223992499995802
pendigits,6,121.0,61.0,11.0,,,cart_tuned_depth,0.041679200003272854
pendigits,6,121.0,61.0,11.0,,,cart_pruned,0.07903510000323877
pendigits,6,85.0,43.0,6.0,,,noise_augmented_cart,0.019842600006086286
pendigits,6,,,,,,random_forest,0.20527900000161026
pendigits,6,,,,,,extra_trees,0.07554510000045411
pendigits,6,,,,,,linear_svm,0.021307399998477194
pendigits,6,,,,,,rbf_svm,0.025575500003469642
pendigits,4,77.0,39.0,6.0,0.05108135983658063,0.0,matched_gini,0.19849869999598013
pendigits,4,77.0,39.0,6.0,0.0571096376907979,0.0,mags_fixed,0.19442100000014761
pendigits,4,77.0,39.0,6.0,0.0571096376907979,0.0,mags_binary_excluded,0.2204254000025685
pendigits,4,79.0,40.0,6.0,0.04690868214826991,0.0,matched_gini_unrestricted,0.24445209999976214
pendigits,4,79.0,40.0,6.0,0.05869739386169561,0.0,mags_fixed_unrestricted,0.22987849999481114
pendigits,4,77.0,39.0,6.0,,,cart_fixed,0.005485100002260879
pendigits,4,135.0,68.0,9.0,0.06109241790455421,0.0,mags_tuned,5.705133100003877
pendigits,4,133.0,67.0,10.0,,,cart_tuned_depth,0.05407269999705022
pendigits,4,133.0,67.0,10.0,,,cart_pruned,0.08894390000205021
pendigits,4,87.0,44.0,6.0,,,noise_augmented_cart,0.025616699997044634
pendigits,4,,,,,,random_forest,0.20231929999863496
pendigits,4,,,,,,extra_trees,0.09487679999438114
pendigits,4,,,,,,linear_svm,0.014495099996565841
pendigits,4,,,,,,rbf_svm,0.022877700001117773
pendigits,5,73.0,37.0,6.0,0.040704030840939175,0.0,matched_gini,0.18262420000246493
pendigits,5,73.0,37.0,6.0,0.052011527393356655,0.0,mags_fixed,0.2282178000023123
pendigits,5,73.0,37.0,6.0,0.052011527393356655,0.0,mags_binary_excluded,0.20211059999564895
pendigits,5,73.0,37.0,6.0,0.041384001848988376,0.0,matched_gini_unrestricted,0.23113139999622945
pendigits,5,75.0,38.0,6.0,0.052826099779364824,0.0,mags_fixed_unrestricted,0.2394614999939222
pendigits,5,77.0,39.0,6.0,,,cart_fixed,0.0073957999993581325
pendigits,5,139.0,70.0,9.0,0.05582180505058307,0.0,mags_tuned,5.7229974000001675
pendigits,5,147.0,74.0,12.0,,,cart_tuned_depth,0.04992610000044806
pendigits,5,89.0,45.0,9.0,,,cart_pruned,0.10230769999907352
pendigits,5,85.0,43.0,6.0,,,noise_augmented_cart,0.029157899996789638
pendigits,5,,,,,,random_forest,0.16327390000515152
pendigits,5,,,,,,extra_trees,0.1191504000016721
pendigits,5,,,,,,linear_svm,0.01649679999536602
pendigits,5,,,,,,rbf_svm,0.022221999999601394
pendigits,7,73.0,37.0,6.0,0.0403371406860106,0.0,matched_gini,0.18672390000574524
pendigits,7,73.0,37.0,6.0,0.0456062921223024,0.0,mags_fixed,0.16940489999979036
pendigits,7,73.0,37.0,6.0,0.0456062921223024,0.0,mags_binary_excluded,0.24418980000336887
pendigits,7,77.0,39.0,6.0,0.042297581717553,0.0,matched_gini_unrestricted,0.2697741000010865
pendigits,7,77.0,39.0,6.0,0.04924898485397745,0.0,mags_fixed_unrestricted,0.2832875000021886
pendigits,7,71.0,36.0,6.0,,,cart_fixed,0.006163199999718927
pendigits,7,123.0,62.0,9.0,0.054160498338175815,0.0,mags_tuned,5.7252169999992475
pendigits,7,129.0,65.0,10.0,,,cart_tuned_depth,0.05964079999830574
pendigits,7,87.0,44.0,9.0,,,cart_pruned,0.08802840000134893
pendigits,7,83.0,42.0,6.0,,,noise_augmented_cart,0.021047900001576636
pendigits,7,,,,,,random_forest,0.22783049999998184
pendigits,7,,,,,,extra_trees,0.07657179999660002
pendigits,7,,,,,,linear_svm,0.01344729999982519
pendigits,7,,,,,,rbf_svm,0.023588100004417356
pendigits,10,73.0,37.0,6.0,0.04138604650742829,0.0,matched_gini,0.2135478000054718
pendigits,10,75.0,38.0,6.0,0.06756309150547231,0.0,mags_fixed,0.22096199999941746
pendigits,10,75.0,38.0,6.0,0.06756309150547231,0.0,mags_binary_excluded,0.2275456999996095
pendigits,10,77.0,39.0,6.0,0.034085228001483385,0.0,matched_gini_unrestricted,0.24548380000487668
pendigits,10,77.0,39.0,6.0,0.0522168226707169,0.0,mags_fixed_unrestricted,0.27983099999983096
pendigits,10,77.0,39.0,6.0,,,cart_fixed,0.006377900004736148
pendigits,10,137.0,69.0,9.0,0.06611689608241013,0.0,mags_tuned,5.696492800001579
pendigits,10,127.0,64.0,8.0,,,cart_tuned_depth,0.04233620000013616
pendigits,10,89.0,45.0,9.0,,,cart_pruned,0.07204499999352265
pendigits,10,87.0,44.0,6.0,,,noise_augmented_cart,0.017772400002286304
pendigits,10,,,,,,random_forest,0.22668139999586856
pendigits,10,,,,,,extra_trees,0.11523780000425177
pendigits,10,,,,,,linear_svm,0.014447900000959635
pendigits,10,,,,,,rbf_svm,0.018305099998542573
pendigits,8,79.0,40.0,6.0,0.059621931842901696,0.0,matched_gini,0.1886568999980227
pendigits,8,75.0,38.0,6.0,0.08215583768698434,0.0,mags_fixed,0.2018028000020422
pendigits,8,75.0,38.0,6.0,0.08215583768698434,0.0,mags_binary_excluded,0.2592027999999118
pendigits,8,79.0,40.0,6.0,0.060365464247997595,0.0,matched_gini_unrestricted,0.29638539999723434
pendigits,8,77.0,39.0,6.0,0.08439459738654662,0.0,mags_fixed_unrestricted,0.26153319999866653
pendigits,8,81.0,41.0,6.0,,,cart_fixed,0.006750300002750009
pendigits,8,133.0,67.0,9.0,0.07650399601691929,0.0,mags_tuned,6.269808299999568
pendigits,8,119.0,60.0,8.0,,,cart_tuned_depth,0.04532090000429889
pendigits,8,81.0,41.0,8.0,,,cart_pruned,0.0801108999949065
pendigits,8,91.0,46.0,6.0,,,noise_augmented_cart,0.020792399998754263
pendigits,8,,,,,,random_forest,0.16611700000066776
pendigits,8,,,,,,extra_trees,0.076782700001786
pendigits,8,,,,,,linear_svm,0.017399000003933907
pendigits,8,,,,,,rbf_svm,0.021236799999314826
pendigits,9,87.0,44.0,6.0,0.04446863183659653,0.0,matched_gini,0.2675249999956577
pendigits,9,87.0,44.0,6.0,0.055052807416356445,0.0,mags_fixed,0.2212781999987783
pendigits,9,87.0,44.0,6.0,0.055052807416356445,0.0,mags_binary_excluded,0.24454310000146506
pendigits,9,87.0,44.0,6.0,0.047067615365270536,0.0,matched_gini_unrestricted,0.2726881999988109
pendigits,9,87.0,44.0,6.0,0.05881569128258839,0.0,mags_fixed_unrestricted,0.25226150000526104
pendigits,9,81.0,41.0,6.0,,,cart_fixed,0.006404900006600656
pendigits,9,147.0,74.0,9.0,0.05591474239086462,0.0,mags_tuned,6.11256229999708
pendigits,9,139.0,70.0,8.0,,,cart_tuned_depth,0.04635219999909168
pendigits,9,149.0,75.0,9.0,,,cart_pruned,0.07582870000624098
pendigits,9,77.0,39.0,6.0,,,noise_augmented_cart,0.01976730000023963
pendigits,9,,,,,,random_forest,0.18043610000313492
pendigits,9,,,,,,extra_trees,0.08012889999372419
pendigits,9,,,,,,linear_svm,0.017104699996707495
pendigits,9,,,,,,rbf_svm,0.01934649999748217
pendigits,11,79.0,40.0,6.0,0.04328726466697664,0.0,matched_gini,0.2894665999992867
pendigits,11,79.0,40.0,6.0,0.050475076854788824,0.0,mags_fixed,0.19576869999582414
pendigits,11,79.0,40.0,6.0,0.050475076854788824,0.0,mags_binary_excluded,0.1785567999977502
pendigits,11,77.0,39.0,6.0,0.0403232777677633,0.0,matched_gini_unrestricted,0.24424899999576155
pendigits,11,77.0,39.0,6.0,0.04992937978438228,0.0,mags_fixed_unrestricted,0.24713340000016615
pendigits,11,73.0,37.0,6.0,,,cart_fixed,0.006211400002939627
pendigits,11,95.0,48.0,7.0,0.05972937873427275,0.0,mags_tuned,5.256653099997493
pendigits,11,137.0,69.0,10.0,,,cart_tuned_depth,0.044358299994200934
pendigits,11,63.0,32.0,9.0,,,cart_pruned,0.10278760000073817
pendigits,11,83.0,42.0,6.0,,,noise_augmented_cart,0.02007669999875361
pendigits,11,,,,,,random_forest,0.16656850000435952
pendigits,11,,,,,,extra_trees,0.0720893999969121
pendigits,11,,,,,,linear_svm,0.016114300000481308
pendigits,11,,,,,,rbf_svm,0.01984670000092592
pendigits,13,69.0,35.0,6.0,0.03891834072092444,0.0,matched_gini,0.17681359999551205
pendigits,13,69.0,35.0,6.0,0.06476053868780916,0.0,mags_fixed,0.2025534999993397
pendigits,13,69.0,35.0,6.0,0.06476053868780916,0.0,mags_binary_excluded,0.20577760000014678
pendigits,13,73.0,37.0,6.0,0.03447293674656156,0.0,matched_gini_unrestricted,0.2458037999967928
pendigits,13,75.0,38.0,6.0,0.0529713520841402,0.0,mags_fixed_unrestricted,0.2480056999993394
pendigits,13,73.0,37.0,6.0,,,cart_fixed,0.006431200003135018
pendigits,13,143.0,72.0,9.0,0.07006691876356835,0.0,mags_tuned,5.366321300003619
pendigits,13,131.0,66.0,10.0,,,cart_tuned_depth,0.05202349999308353
pendigits,13,135.0,68.0,12.0,,,cart_pruned,0.09052540000266163
pendigits,13,81.0,41.0,6.0,,,noise_augmented_cart,0.023100400001567323
pendigits,13,,,,,,random_forest,0.18005709999852115
pendigits,13,,,,,,extra_trees,0.0776590000023134
pendigits,13,,,,,,linear_svm,0.015793899998243432
pendigits,13,,,,,,rbf_svm,0.02074749999883352
pendigits,15,73.0,37.0,6.0,0.03390689470592738,0.0,matched_gini,0.19039319999865256
pendigits,15,77.0,39.0,6.0,0.039925762657177684,0.0,mags_fixed,0.22525790000509005
pendigits,15,77.0,39.0,6.0,0.039925762657177684,0.0,mags_binary_excluded,0.19092369999998482
pendigits,15,75.0,38.0,6.0,0.041881739901844364,0.0,matched_gini_unrestricted,0.22264559999894118
pendigits,15,77.0,39.0,6.0,0.05362821515860522,0.0,mags_fixed_unrestricted,0.23312040000018897
pendigits,15,73.0,37.0,6.0,,,cart_fixed,0.005080599999928381
pendigits,15,129.0,65.0,9.0,0.042262184048669174,0.0,mags_tuned,5.03155759999936
pendigits,15,141.0,71.0,10.0,,,cart_tuned_depth,0.04981479999696603
pendigits,15,71.0,36.0,9.0,,,cart_pruned,0.0929039999973611
pendigits,15,87.0,44.0,6.0,,,noise_augmented_cart,0.023974099996848963
pendigits,15,,,,,,random_forest,0.18835260000196286
pendigits,15,,,,,,extra_trees,0.08367510000243783
pendigits,15,,,,,,linear_svm,0.0161422000019229
pendigits,15,,,,,,rbf_svm,0.022102200004155748
pendigits,14,77.0,39.0,6.0,0.03474363442981174,0.0,matched_gini,0.1868767000050866
pendigits,14,77.0,39.0,6.0,0.04366670151696808,0.0,mags_fixed,0.19679850000102306
pendigits,14,77.0,39.0,6.0,0.04366670151696808,0.0,mags_binary_excluded,0.21419310000055702
pendigits,14,75.0,38.0,6.0,0.035502665847522305,0.0,matched_gini_unrestricted,0.2757474000027287
pendigits,14,75.0,38.0,6.0,0.03929017786974045,0.0,mags_fixed_unrestricted,0.26231550000375137
pendigits,14,75.0,38.0,6.0,,,cart_fixed,0.006778700000722893
pendigits,14,133.0,67.0,9.0,0.05860715580097256,0.0,mags_tuned,5.567317699998966
pendigits,14,131.0,66.0,10.0,,,cart_tuned_depth,0.04707130000315374
pendigits,14,133.0,67.0,11.0,,,cart_pruned,0.08902169999782927
pendigits,14,87.0,44.0,6.0,,,noise_augmented_cart,0.022153400001116097
pendigits,14,,,,,,random_forest,0.19072869999945397
pendigits,14,,,,,,extra_trees,0.08154880000074627
pendigits,14,,,,,,linear_svm,0.018464500004483853
pendigits,14,,,,,,rbf_svm,0.01972329999989597
pendigits,12,79.0,40.0,6.0,0.030967931281883257,0.0,matched_gini,0.17175619999761693
pendigits,12,79.0,40.0,6.0,0.04459100390831535,0.0,mags_fixed,0.21182289999705972
pendigits,12,79.0,40.0,6.0,0.04459100390831535,0.0,mags_binary_excluded,0.2570763999974588
pendigits,12,79.0,40.0,6.0,0.06927944492494112,0.0,matched_gini_unrestricted,0.2578289000011864
pendigits,12,83.0,42.0,6.0,0.07668913087930702,0.0,mags_fixed_unrestricted,0.2544338000006974
pendigits,12,81.0,41.0,6.0,,,cart_fixed,0.00916509999660775
pendigits,12,103.0,52.0,7.0,0.03301226001539026,0.0,mags_tuned,5.9923497999989195
pendigits,12,153.0,77.0,10.0,,,cart_tuned_depth,0.05094929999904707
pendigits,12,155.0,78.0,11.0,,,cart_pruned,0.09041850000357954
pendigits,12,83.0,42.0,6.0,,,noise_augmented_cart,0.020314600005804095
pendigits,12,,,,,,random_forest,0.18145689999801107
pendigits,12,,,,,,extra_trees,0.08314699999755248
pendigits,12,,,,,,linear_svm,0.014690399999381043
pendigits,12,,,,,,rbf_svm,0.020399900000484195
pendigits,16,79.0,40.0,6.0,0.03447215547332834,0.0,matched_gini,0.2013405000034254
pendigits,16,79.0,40.0,6.0,0.04948287125858686,0.0,mags_fixed,0.19844390000071144
pendigits,16,79.0,40.0,6.0,0.04948287125858686,0.0,mags_binary_excluded,0.20073979999870062
pendigits,16,81.0,41.0,6.0,0.0362562789821098,0.0,matched_gini_unrestricted,0.24550140000064857
pendigits,16,81.0,41.0,6.0,0.04332735172949349,0.0,mags_fixed_unrestricted,0.238929699997243
pendigits,16,83.0,42.0,6.0,,,cart_fixed,0.006366500005242415
pendigits,16,79.0,40.0,6.0,0.04948287125858686,0.0,mags_tuned,5.348565000000235
pendigits,16,125.0,63.0,8.0,,,cart_tuned_depth,0.052793900002143346
pendigits,16,127.0,64.0,9.0,,,cart_pruned,0.09177820000331849
pendigits,16,91.0,46.0,6.0,,,noise_augmented_cart,0.021227699995506555
pendigits,16,,,,,,random_forest,0.21360550000099465
pendigits,16,,,,,,extra_trees,0.09301269999559736
pendigits,16,,,,,,linear_svm,0.017705199999909382
pendigits,16,,,,,,rbf_svm,0.021483299999090377
pendigits,17,75.0,38.0,6.0,0.034036716646982754,0.0,matched_gini,0.17936509999708505
pendigits,17,69.0,35.0,6.0,0.0365778089685379,0.0,mags_fixed,0.18027509999956237
pendigits,17,69.0,35.0,6.0,0.0365778089685379,0.0,mags_binary_excluded,0.1807741000011447
pendigits,17,77.0,39.0,6.0,0.043248533580619454,0.0,matched_gini_unrestricted,0.22681109999393811
pendigits,17,71.0,36.0,6.0,0.05169697406291423,0.0,mags_fixed_unrestricted,0.20134500000131084
pendigits,17,73.0,37.0,6.0,,,cart_fixed,0.007365199999185279
pendigits,17,129.0,65.0,9.0,0.047880751765717,0.0,mags_tuned,5.506239500005904
pendigits,17,135.0,68.0,10.0,,,cart_tuned_depth,0.06072790000325767
pendigits,17,137.0,69.0,11.0,,,cart_pruned,0.07629730000189738
pendigits,17,81.0,41.0,6.0,,,noise_augmented_cart,0.019241599999077152
pendigits,17,,,,,,random_forest,0.1781117999998969
pendigits,17,,,,,,extra_trees,0.07037500000296859
pendigits,17,,,,,,linear_svm,0.016135099998791702
pendigits,17,,,,,,rbf_svm,0.01687369999854127
pendigits,18,77.0,39.0,6.0,0.04139623650281932,0.0,matched_gini,0.18831470000441186
pendigits,18,77.0,39.0,6.0,0.05753747355782204,0.0,mags_fixed,0.18600549999973737
pendigits,18,77.0,39.0,6.0,0.05753747355782204,0.0,mags_binary_excluded,0.1884515999990981
pendigits,18,77.0,39.0,6.0,0.039578571800573996,0.0,matched_gini_unrestricted,0.23064730000623967
pendigits,18,77.0,39.0,6.0,0.06553570424492382,0.0,mags_fixed_unrestricted,0.24463570000079926
pendigits,18,73.0,37.0,6.0,,,cart_fixed,0.007689500002015848
pendigits,18,131.0,66.0,9.0,0.05690460986157996,0.0,mags_tuned,5.5015487000055145
pendigits,18,113.0,57.0,8.0,,,cart_tuned_depth,0.04664449999836506
pendigits,18,139.0,70.0,12.0,,,cart_pruned,0.10000469999795314
pendigits,18,87.0,44.0,6.0,,,noise_augmented_cart,0.0328155000024708
pendigits,18,,,,,,random_forest,0.18818299999838928
pendigits,18,,,,,,extra_trees,0.0772750999967684
pendigits,18,,,,,,linear_svm,0.037650899997970555
pendigits,18,,,,,,rbf_svm,0.02009389999875566
pendigits,19,81.0,41.0,6.0,0.047286291452886216,0.0,matched_gini,0.19090760000108276
pendigits,19,79.0,40.0,6.0,0.06371501748396567,0.0,mags_fixed,0.19276610000088112
pendigits,19,79.0,40.0,6.0,0.06371501748396567,0.0,mags_binary_excluded,0.18645170000672806
pendigits,19,79.0,40.0,6.0,0.03685586973642838,0.0,matched_gini_unrestricted,0.2688702000014018
pendigits,19,79.0,40.0,6.0,0.0577973679570254,0.0,mags_fixed_unrestricted,0.2621288000009372
pendigits,19,79.0,40.0,6.0,,,cart_fixed,0.006204600002092775
pendigits,19,137.0,69.0,9.0,0.05721678068570191,0.0,mags_tuned,5.676587299996754
pendigits,19,137.0,69.0,10.0,,,cart_tuned_depth,0.04787950000172714
pendigits,19,79.0,40.0,9.0,,,cart_pruned,0.08878020000702236
pendigits,19,93.0,47.0,6.0,,,noise_augmented_cart,0.02022450000367826
pendigits,19,,,,,,random_forest,0.18699519999790937
pendigits,19,,,,,,extra_trees,0.09094199999526609
pendigits,19,,,,,,linear_svm,0.016262600001937244
pendigits,19,,,,,,rbf_svm,0.01992860000609653
pendigits,20,69.0,35.0,6.0,0.041465969813410976,0.0,matched_gini,0.17584370000258787
pendigits,20,67.0,34.0,6.0,0.06309357186712597,0.0,mags_fixed,0.20870309999736492
pendigits,20,67.0,34.0,6.0,0.06309357186712597,0.0,mags_binary_excluded,0.2495517999996082
pendigits,20,71.0,36.0,6.0,0.039236606024958896,0.0,matched_gini_unrestricted,0.2969152000005124
pendigits,20,71.0,36.0,6.0,0.06412796929815055,0.0,mags_fixed_unrestricted,0.2429243000005954
pendigits,20,67.0,34.0,6.0,,,cart_fixed,0.006276199994317722
pendigits,20,91.0,46.0,7.0,0.0466389812960672,0.0,mags_tuned,4.856519300003129
pendigits,20,127.0,64.0,10.0,,,cart_tuned_depth,0.05016520000208402
pendigits,20,129.0,65.0,11.0,,,cart_pruned,0.08153959999617655
pendigits,20,83.0,42.0,6.0,,,noise_augmented_cart,0.02265389999956824
pendigits,20,,,,,,random_forest,0.18538129999797093
pendigits,20,,,,,,extra_trees,0.08531819999916479
pendigits,20,,,,,,linear_svm,0.01936070000374457
pendigits,20,,,,,,rbf_svm,0.01896400000259746
pendigits,21,69.0,35.0,6.0,0.04422689691970444,0.0,matched_gini,0.20412190000206465
pendigits,21,73.0,37.0,6.0,0.07946367454973527,0.0,mags_fixed,0.2118902000001981
pendigits,21,73.0,37.0,6.0,0.07946367454973527,0.0,mags_binary_excluded,0.21069149999675574
pendigits,21,73.0,37.0,6.0,0.039797396206945425,0.0,matched_gini_unrestricted,0.2585082000005059
pendigits,21,75.0,38.0,6.0,0.09328513834999555,0.0,mags_fixed_unrestricted,0.23286660000303527
pendigits,21,71.0,36.0,6.0,,,cart_fixed,0.006246500000997912
pendigits,21,135.0,68.0,9.0,0.07723988685353016,0.0,mags_tuned,4.761134799999127
pendigits,21,135.0,68.0,10.0,,,cart_tuned_depth,0.0453890000062529
pendigits,21,59.0,30.0,9.0,,,cart_pruned,0.12675889999809442
pendigits,21,85.0,43.0,6.0,,,noise_augmented_cart,0.019278600004327018
pendigits,21,,,,,,random_forest,0.19215109999640845
pendigits,21,,,,,,extra_trees,0.07805029999872204
pendigits,21,,,,,,linear_svm,0.021277899999404326
pendigits,21,,,,,,rbf_svm,0.019896599995263387
pendigits,22,69.0,35.0,6.0,0.03638943431072016,0.0,matched_gini,0.19366040000022622
pendigits,22,69.0,35.0,6.0,0.05691595953896789,0.0,mags_fixed,0.21666840000398224
pendigits,22,69.0,35.0,6.0,0.05691595953896789,0.0,mags_binary_excluded,0.2182085000022198
pendigits,22,75.0,38.0,6.0,0.04134277577162029,0.0,matched_gini_unrestricted,0.2533077999978559
pendigits,22,75.0,38.0,6.0,0.04938331631216084,0.0,mags_fixed_unrestricted,0.2301000000006752
pendigits,22,73.0,37.0,6.0,,,cart_fixed,0.0068649999957415275
pendigits,22,125.0,63.0,9.0,0.05310798037168703,0.0,mags_tuned,4.932275400002254
pendigits,22,133.0,67.0,10.0,,,cart_tuned_depth,0.04681479999999283
pendigits,22,133.0,67.0,10.0,,,cart_pruned,0.07908299999689916
pendigits,22,87.0,44.0,6.0,,,noise_augmented_cart,0.025897000006807502
pendigits,22,,,,,,random_forest,0.17268699999840464
pendigits,22,,,,,,extra_trees,0.08412390000012238
pendigits,22,,,,,,linear_svm,0.015362600002845284
pendigits,22,,,,,,rbf_svm,0.019211999999242835
pendigits,23,69.0,35.0,6.0,0.046793511659763254,0.0,matched_gini,0.20303490000515012
pendigits,23,71.0,36.0,6.0,0.04141388834998774,0.0,mags_fixed,0.19550190000154544
pendigits,23,71.0,36.0,6.0,0.04141388834998774,0.0,mags_binary_excluded,0.24501609999424545
pendigits,23,73.0,37.0,6.0,0.03610956594743685,0.0,matched_gini_unrestricted,0.22943970000051195
pendigits,23,75.0,38.0,6.0,0.06112339009750463,0.0,mags_fixed_unrestricted,0.23362189999897964
pendigits,23,73.0,37.0,6.0,,,cart_fixed,0.0063464999984717
pendigits,23,125.0,63.0,9.0,0.06616380049049138,0.0,mags_tuned,4.885724700005085
pendigits,23,111.0,56.0,8.0,,,cart_tuned_depth,0.04741429999558022
pendigits,23,131.0,66.0,13.0,,,cart_pruned,0.08171220000076573
pendigits,23,83.0,42.0,6.0,,,noise_augmented_cart,0.01985719999356661
pendigits,23,,,,,,random_forest,0.2024204000044847
pendigits,23,,,,,,extra_trees,0.08240780000051018
pendigits,23,,,,,,linear_svm,0.015427199999976438
pendigits,23,,,,,,rbf_svm,0.01894489999540383
pendigits,24,79.0,40.0,6.0,0.043761583108948676,0.0,matched_gini,0.2177144999950542
pendigits,24,79.0,40.0,6.0,0.05359682938441235,0.0,mags_fixed,0.1968879999985802
pendigits,24,79.0,40.0,6.0,0.05359682938441235,0.0,mags_binary_excluded,0.2130777000056696
pendigits,24,71.0,36.0,6.0,0.04551354264537134,0.0,matched_gini_unrestricted,0.23783969999931287
pendigits,24,71.0,36.0,6.0,0.06406890834048691,0.0,mags_fixed_unrestricted,0.2507880000048317
pendigits,24,69.0,35.0,6.0,,,cart_fixed,0.006437199997890275
pendigits,24,135.0,68.0,9.0,0.06207894561730491,0.0,mags_tuned,5.193104300000414
pendigits,24,113.0,57.0,8.0,,,cart_tuned_depth,0.04516229999717325
pendigits,24,129.0,65.0,10.0,,,cart_pruned,0.07887470000423491
pendigits,24,85.0,43.0,6.0,,,noise_augmented_cart,0.02188159999786876
pendigits,24,,,,,,random_forest,0.2191942999997991
pendigits,24,,,,,,extra_trees,0.09436029999778839
pendigits,24,,,,,,linear_svm,0.015792400001373608
pendigits,24,,,,,,rbf_svm,0.019183699994755443
pendigits,26,77.0,39.0,6.0,0.056577045784014166,0.0,matched_gini,0.2113076000023284
pendigits,26,77.0,39.0,6.0,0.0763850675750594,0.0,mags_fixed,0.23801169999933336
pendigits,26,77.0,39.0,6.0,0.0763850675750594,0.0,mags_binary_excluded,0.19196870000450872
pendigits,26,71.0,36.0,6.0,0.04651964308730227,0.0,matched_gini_unrestricted,0.2601946999930078
pendigits,26,73.0,37.0,6.0,0.08300954139871708,0.0,mags_fixed_unrestricted,0.23257290000037756
pendigits,26,91.0,46.0,6.0,,,cart_fixed,0.007671799998206552
pendigits,26,133.0,67.0,9.0,0.09559545093474146,0.0,mags_tuned,5.435223600004974
pendigits,26,135.0,68.0,8.0,,,cart_tuned_depth,0.04462450000573881
pendigits,26,79.0,40.0,8.0,,,cart_pruned,0.10231409999687457
pendigits,26,85.0,43.0,6.0,,,noise_augmented_cart,0.03641399999469286
pendigits,26,,,,,,random_forest,0.30103869999584276
pendigits,26,,,,,,extra_trees,0.10508490000211168
pendigits,26,,,,,,linear_svm,0.017242800000531133
pendigits,26,,,,,,rbf_svm,0.02869220000138739
pendigits,25,79.0,40.0,6.0,0.0675567608193309,0.0,matched_gini,0.19500569999945583
pendigits,25,79.0,40.0,6.0,0.08185817369217234,0.0,mags_fixed,0.21134359999996377
pendigits,25,79.0,40.0,6.0,0.08185817369217234,0.0,mags_binary_excluded,0.26435740000306396
pendigits,25,79.0,40.0,6.0,0.05740469844630285,0.0,matched_gini_unrestricted,0.23815839999588206
pendigits,25,79.0,40.0,6.0,0.08575250070562361,0.0,mags_fixed_unrestricted,0.22559800000453833
pendigits,25,81.0,41.0,6.0,,,cart_fixed,0.0065227000013692304
pendigits,25,131.0,66.0,9.0,0.06345588429112488,0.0,mags_tuned,5.753699600005348
pendigits,25,117.0,59.0,8.0,,,cart_tuned_depth,0.08227880000049481
pendigits,25,55.0,28.0,8.0,,,cart_pruned,0.14023949999682372
pendigits,25,91.0,46.0,6.0,,,noise_augmented_cart,0.0356919999976526
pendigits,25,,,,,,random_forest,0.28480429999763146
pendigits,25,,,,,,extra_trees,0.11218109999754233
pendigits,25,,,,,,linear_svm,0.012381100001221057
pendigits,25,,,,,,rbf_svm,0.015747899997222703
pendigits,27,73.0,37.0,6.0,0.0318873179042366,0.0,matched_gini,0.18711120000079973
pendigits,27,73.0,37.0,6.0,0.04847730616472837,0.0,mags_fixed,0.22385249999933876
pendigits,27,73.0,37.0,6.0,0.04847730616472837,0.0,mags_binary_excluded,0.18650139999954263
pendigits,27,71.0,36.0,6.0,0.03549180135707053,0.0,matched_gini_unrestricted,0.24603639999986626
pendigits,27,69.0,35.0,6.0,0.05407486466466461,0.0,mags_fixed_unrestricted,0.21627340000122786
pendigits,27,71.0,36.0,6.0,,,cart_fixed,0.0065151999951922335
pendigits,27,137.0,69.0,9.0,0.05956987960448479,0.0,mags_tuned,5.365920600001118
pendigits,27,129.0,65.0,10.0,,,cart_tuned_depth,0.06317540000600275
pendigits,27,129.0,65.0,10.0,,,cart_pruned,0.07982210000045598
pendigits,27,91.0,46.0,6.0,,,noise_augmented_cart,0.05601520000345772
pendigits,27,,,,,,random_forest,0.17268419999891194
pendigits,27,,,,,,extra_trees,0.07672140000067884
pendigits,27,,,,,,linear_svm,0.016857800001162104
pendigits,27,,,,,,rbf_svm,0.028329299995675683
segment,0,15.0,8.0,5.0,0.03205606040673877,0.0,matched_gini,0.16267879999941215
segment,0,15.0,8.0,5.0,0.08752162943282736,0.0,mags_fixed,0.22265189999598078
segment,0,15.0,8.0,5.0,0.08752162943282736,0.0,mags_binary_excluded,0.15755020000506192
segment,0,21.0,11.0,5.0,0.012932386959767075,0.0,matched_gini_unrestricted,0.22033060000103433
segment,0,21.0,11.0,5.0,0.01711087402204021,0.0,mags_fixed_unrestricted,0.19424280000384897
segment,0,15.0,8.0,5.0,,,cart_fixed,0.0057960999984061345
segment,0,49.0,25.0,8.0,0.0879395923273108,0.0,mags_tuned,4.2378481999985524
segment,0,85.0,43.0,14.0,,,cart_tuned_depth,0.06701210000028368
segment,0,51.0,26.0,12.0,,,cart_pruned,0.08806519999779994
segment,0,19.0,10.0,5.0,,,noise_augmented_cart,0.022128800002974458
segment,0,,,,,,random_forest,0.15687549999711337
segment,0,,,,,,extra_trees,0.08064299999387003
segment,0,,,,,,linear_svm,0.008822200004942715
segment,0,,,,,,rbf_svm,0.014955499995267019
segment,1,17.0,9.0,5.0,0.05321862042480613,0.0,matched_gini,0.1340210999987903
segment,1,17.0,9.0,5.0,0.08808469732725142,0.0,mags_fixed,0.19045770000229822
segment,1,17.0,9.0,5.0,0.08808469732725142,0.0,mags_binary_excluded,0.17214200000307756
segment,1,19.0,10.0,5.0,0.044025582757474216,0.0,matched_gini_unrestricted,0.18491130000620615
segment,1,19.0,10.0,5.0,0.0449740715329044,0.0,mags_fixed_unrestricted,0.21030729999620235
segment,1,15.0,8.0,5.0,,,cart_fixed,0.00631019999855198
segment,1,41.0,21.0,8.0,0.04766256370754513,0.0,mags_tuned,4.179809200002637
segment,1,57.0,29.0,10.0,,,cart_tuned_depth,0.04375710000022082
segment,1,25.0,13.0,9.0,,,cart_pruned,0.10065559999929974
segment,1,19.0,10.0,5.0,,,noise_augmented_cart,0.01655439999740338
segment,1,,,,,,random_forest,0.16820320000260836
segment,1,,,,,,extra_trees,0.0768787000051816
segment,1,,,,,,linear_svm,0.010869800004002172
segment,1,,,,,,rbf_svm,0.016192999995837454
pendigits,28,79.0,40.0,6.0,0.04163871284765838,0.0,matched_gini,0.20984300000418443
pendigits,28,81.0,41.0,6.0,0.048730362178096134,0.0,mags_fixed,0.1695523000016692
pendigits,28,81.0,41.0,6.0,0.048730362178096134,0.0,mags_binary_excluded,0.17985879999469034
pendigits,28,81.0,41.0,6.0,0.040040456530876165,0.0,matched_gini_unrestricted,0.2250270999938948
pendigits,28,85.0,43.0,6.0,0.052163836942294484,0.0,mags_fixed_unrestricted,0.33927589999802876
pendigits,28,83.0,42.0,6.0,,,cart_fixed,0.006586100003914908
pendigits,28,121.0,61.0,9.0,0.061803869258834326,0.0,mags_tuned,5.230673600002774
pendigits,28,123.0,62.0,8.0,,,cart_tuned_depth,0.050251300002855714
pendigits,28,141.0,71.0,10.0,,,cart_pruned,0.08527179999509826
pendigits,28,89.0,45.0,6.0,,,noise_augmented_cart,0.022484400004032068
pendigits,28,,,,,,random_forest,0.2055530999932671
pendigits,28,,,,,,extra_trees,0.09546699999918928
pendigits,28,,,,,,linear_svm,0.01774219999788329
pendigits,28,,,,,,rbf_svm,0.02264100000320468
pendigits,29,71.0,36.0,6.0,0.05123183879990942,0.0,matched_gini,0.1829435999970883
pendigits,29,73.0,37.0,6.0,0.08057996749930586,0.0,mags_fixed,0.18425069999648258
pendigits,29,73.0,37.0,6.0,0.08057996749930586,0.0,mags_binary_excluded,0.24178679999749875
pendigits,29,73.0,37.0,6.0,0.04094204397969126,0.0,matched_gini_unrestricted,0.25165669999842066
pendigits,29,73.0,37.0,6.0,0.07728044724271424,0.0,mags_fixed_unrestricted,0.24251450000156183
pendigits,29,73.0,37.0,6.0,,,cart_fixed,0.006802099997003097
pendigits,29,91.0,46.0,7.0,0.05164013434600088,0.0,mags_tuned,4.970223500000429
pendigits,29,117.0,59.0,8.0,,,cart_tuned_depth,0.053429900006449316
pendigits,29,89.0,45.0,9.0,,,cart_pruned,0.09372839999559801
pendigits,29,83.0,42.0,6.0,,,noise_augmented_cart,0.02993590000551194
pendigits,29,,,,,,random_forest,0.20164479999948526
pendigits,29,,,,,,extra_trees,0.08583039999939501
pendigits,29,,,,,,linear_svm,0.016405800000939053
pendigits,29,,,,,,rbf_svm,0.021415700000943616
segment,2,17.0,9.0,5.0,0.05669171490730612,0.0,matched_gini,0.18393300000025192
segment,2,17.0,9.0,5.0,0.10307936152498876,0.0,mags_fixed,0.17587120000098366
segment,2,17.0,9.0,5.0,0.10307936152498876,0.0,mags_binary_excluded,0.16971259999991162
segment,2,19.0,10.0,5.0,0.027851186851143843,0.0,matched_gini_unrestricted,0.21533959999942454
segment,2,19.0,10.0,5.0,0.0485258383646291,0.0,mags_fixed_unrestricted,0.2333725000062259
segment,2,17.0,9.0,5.0,,,cart_fixed,0.005549599998630583
segment,2,43.0,22.0,8.0,0.06137429083186837,0.0,mags_tuned,5.11499829999957
segment,2,87.0,44.0,15.0,,,cart_tuned_depth,0.05039830000168877
segment,2,37.0,19.0,10.0,,,cart_pruned,0.08829630000400357
segment,2,19.0,10.0,5.0,,,noise_augmented_cart,0.01524240000435384
segment,2,,,,,,random_forest,0.14358329999959096
segment,2,,,,,,extra_trees,0.05637220000062371
segment,2,,,,,,linear_svm,0.009150800004135817
segment,2,,,,,,rbf_svm,0.014281999996455852
segment,4,15.0,8.0,5.0,0.050333681277477206,0.0,matched_gini,0.1669216000009328
segment,4,15.0,8.0,5.0,0.06644432465860461,0.0,mags_fixed,0.1919802999982494
segment,4,15.0,8.0,5.0,0.06644432465860461,0.0,mags_binary_excluded,0.21306290000211447
segment,4,17.0,9.0,5.0,0.13507364976155167,0.0,matched_gini_unrestricted,0.14877700000215555
segment,4,17.0,9.0,5.0,0.1398245951579925,0.0,mags_fixed_unrestricted,0.1937400999959209
segment,4,17.0,9.0,5.0,,,cart_fixed,0.005462100001750514
segment,4,43.0,22.0,8.0,0.06129787026499348,0.0,mags_tuned,5.116463799997291
segment,4,61.0,31.0,10.0,,,cart_tuned_depth,0.04742439999972703
segment,4,79.0,40.0,14.0,,,cart_pruned,0.0841045999986818
segment,4,19.0,10.0,5.0,,,noise_augmented_cart,0.015669100001105107
segment,4,,,,,,random_forest,0.1378887999962899
segment,4,,,,,,extra_trees,0.05624579999857815
segment,4,,,,,,linear_svm,0.009480499997152947
segment,4,,,,,,rbf_svm,0.013958399998955429
segment,3,15.0,8.0,5.0,0.05858932138005318,0.0,matched_gini,0.19214230000216048
segment,3,15.0,8.0,5.0,0.07410911048346729,0.0,mags_fixed,0.21799369999644114
segment,3,15.0,8.0,5.0,0.07410911048346729,0.0,mags_binary_excluded,0.21130779999657534
segment,3,21.0,11.0,5.0,0.012597368124853186,0.0,matched_gini_unrestricted,0.20149549999769079
segment,3,21.0,11.0,5.0,0.08104832834862066,0.0,mags_fixed_unrestricted,0.15483810000296216
segment,3,15.0,8.0,5.0,,,cart_fixed,0.005614499998046085
segment,3,43.0,22.0,8.0,0.0554471675678491,0.0,mags_tuned,5.588954699996975
segment,3,73.0,37.0,13.0,,,cart_tuned_depth,0.04664790000242647
segment,3,31.0,16.0,9.0,,,cart_pruned,0.09364169999753358
segment,3,19.0,10.0,5.0,,,noise_augmented_cart,0.014698799997859169
segment,3,,,,,,random_forest,0.13862360000348417
segment,3,,,,,,extra_trees,0.056314100002055056
segment,3,,,,,,linear_svm,0.011627199994109105
segment,3,,,,,,rbf_svm,0.014458400000876281
segment,5,17.0,9.0,5.0,0.052656647674518484,0.0,matched_gini,0.13571890000457643
segment,5,17.0,9.0,5.0,0.06852759937604103,0.0,mags_fixed,0.13735680000536377
segment,5,17.0,9.0,5.0,0.06852759937604103,0.0,mags_binary_excluded,0.30413140000018757
segment,5,19.0,10.0,5.0,0.0257140841872686,0.0,matched_gini_unrestricted,0.23619509999844013
segment,5,17.0,9.0,5.0,0.021690127766790454,0.0,mags_fixed_unrestricted,0.17653540000173962
segment,5,15.0,8.0,5.0,,,cart_fixed,0.005067500002041925
segment,5,23.0,12.0,6.0,0.051635443552455244,0.0,mags_tuned,4.8545898999946075
segment,5,75.0,38.0,14.0,,,cart_tuned_depth,0.04719459999614628
segment,5,39.0,20.0,10.0,,,cart_pruned,0.08205899999302346
segment,5,19.0,10.0,5.0,,,noise_augmented_cart,0.014594699998269789
segment,5,,,,,,random_forest,0.13919140000507468
segment,5,,,,,,extra_trees,0.056000599994149525
segment,5,,,,,,linear_svm,0.009565899999870453
segment,5,,,,,,rbf_svm,0.014068999997107312
segment,6,15.0,8.0,5.0,0.07285995133348723,0.0,matched_gini,0.15054239999881247
segment,6,15.0,8.0,5.0,0.0920437275169994,0.0,mags_fixed,0.1519851999983075
segment,6,15.0,8.0,5.0,0.0920437275169994,0.0,mags_binary_excluded,0.15298769999935757
segment,6,21.0,11.0,5.0,0.021001253720237034,0.0,matched_gini_unrestricted,0.18759739999950398
segment,6,21.0,11.0,5.0,0.029426533581621526,0.0,mags_fixed_unrestricted,0.18701019999571145
segment,6,15.0,8.0,5.0,,,cart_fixed,0.00560599999880651
segment,6,47.0,24.0,8.0,0.09148043932127893,0.0,mags_tuned,4.337787099997513
segment,6,55.0,28.0,10.0,,,cart_tuned_depth,0.04338889999780804
segment,6,75.0,38.0,14.0,,,cart_pruned,0.07808099999965634
segment,6,17.0,9.0,5.0,,,noise_augmented_cart,0.014374800004588906
segment,6,,,,,,random_forest,0.18823100000008708
segment,6,,,,,,extra_trees,0.058504000000539236
segment,6,,,,,,linear_svm,0.011973799999395851
segment,6,,,,,,rbf_svm,0.0126728000032017
segment,9,15.0,8.0,5.0,0.07991425893839683,0.0,matched_gini,0.17599560000235215
segment,9,15.0,8.0,5.0,0.09479592177733953,0.0,mags_fixed,0.16361909999977797
segment,9,15.0,8.0,5.0,0.09479592177733953,0.0,mags_binary_excluded,0.15644030000112252
segment,9,21.0,11.0,5.0,0.0211954583549175,0.0,matched_gini_unrestricted,0.2018614999979036
segment,9,21.0,11.0,5.0,0.04825339366837518,0.0,mags_fixed_unrestricted,0.18529940000007628
segment,9,15.0,8.0,5.0,,,cart_fixed,0.005353799999284092
segment,9,37.0,19.0,8.0,0.07543283203408949,0.0,mags_tuned,4.145655899999838
segment,9,57.0,29.0,10.0,,,cart_tuned_depth,0.05169890000252053
segment,9,47.0,24.0,11.0,,,cart_pruned,0.08121659999596886
segment,9,19.0,10.0,5.0,,,noise_augmented_cart,0.014802199999394361
segment,9,,,,,,random_forest,0.13669870000012452
segment,9,,,,,,extra_trees,0.06127839999680873
segment,9,,,,,,linear_svm,0.008447799998975825
segment,9,,,,,,rbf_svm,0.012128199996368494
segment,8,15.0,8.0,5.0,0.062051779860610244,0.0,matched_gini,0.17432240000198362
segment,8,15.0,8.0,5.0,0.06716737001331377,0.0,mags_fixed,0.14864470000611618
segment,8,15.0,8.0,5.0,0.06716737001331377,0.0,mags_binary_excluded,0.17767479999747593
segment,8,17.0,9.0,5.0,0.02573175837037811,0.0,matched_gini_unrestricted,0.20408499999757623
segment,8,17.0,9.0,5.0,0.028351318621551373,0.0,mags_fixed_unrestricted,0.16531009999744128
segment,8,17.0,9.0,5.0,,,cart_fixed,0.005236899996816646
segment,8,49.0,25.0,8.0,0.10075087930610939,0.0,mags_tuned,4.302932500002498
segment,8,89.0,45.0,14.0,,,cart_tuned_depth,0.05278250000264961
segment,8,89.0,45.0,14.0,,,cart_pruned,0.09774260000267532
segment,8,19.0,10.0,5.0,,,noise_augmented_cart,0.01474690000031842
segment,8,,,,,,random_forest,0.18587359999946784
segment,8,,,,,,extra_trees,0.05357840000215219
segment,8,,,,,,linear_svm,0.01068200000008801
segment,8,,,,,,rbf_svm,0.013998300004459452
segment,7,15.0,8.0,5.0,0.04520665574433277,0.0,matched_gini,0.16239990000030957
segment,7,15.0,8.0,5.0,0.06250196934010276,0.0,mags_fixed,0.15630469999450725
segment,7,15.0,8.0,5.0,0.06250196934010276,0.0,mags_binary_excluded,0.15422119999857387
segment,7,25.0,13.0,5.0,0.026496756467405087,0.0,matched_gini_unrestricted,0.22488619999785442
segment,7,21.0,11.0,5.0,0.04494292574251273,0.0,mags_fixed_unrestricted,0.2125942999991821
segment,7,15.0,8.0,5.0,,,cart_fixed,0.005094100000860635
segment,7,23.0,12.0,6.0,0.07848128493008878,0.0,mags_tuned,4.598878999997396
segment,7,77.0,39.0,15.0,,,cart_tuned_depth,0.0427200999984052
segment,7,19.0,10.0,7.0,,,cart_pruned,0.15160569999716245
segment,7,19.0,10.0,5.0,,,noise_augmented_cart,0.01590320000104839
segment,7,,,,,,random_forest,0.1446834999951534
segment,7,,,,,,extra_trees,0.11393500000122003
segment,7,,,,,,linear_svm,0.011239400002523325
segment,7,,,,,,rbf_svm,0.017414100002497435
segment,10,19.0,10.0,5.0,0.056508183837861554,0.0,matched_gini,0.131976399999985
segment,10,19.0,10.0,5.0,0.14772693957640926,0.0,mags_fixed,0.19686450000153854
segment,10,19.0,10.0,5.0,0.14772693957640926,0.0,mags_binary_excluded,0.1566875999997137
segment,10,21.0,11.0,5.0,0.0070046794561762745,0.0,matched_gini_unrestricted,0.19541369999933522
segment,10,21.0,11.0,5.0,0.008400139204356057,0.0,mags_fixed_unrestricted,0.2153290999995079
segment,10,15.0,8.0,5.0,,,cart_fixed,0.00601489999826299
segment,10,45.0,23.0,8.0,0.12388263769176806,0.0,mags_tuned,5.292418900004122
segment,10,43.0,22.0,8.0,,,cart_tuned_depth,0.048635699997248594
segment,10,21.0,11.0,8.0,,,cart_pruned,0.08729370000219205
segment,10,19.0,10.0,5.0,,,noise_augmented_cart,0.01479059999837773
segment,10,,,,,,random_forest,0.14917580000474118
segment,10,,,,,,extra_trees,0.07547879999765428
segment,10,,,,,,linear_svm,0.009611299996322487
segment,10,,,,,,rbf_svm,0.015057899996463675
segment,11,15.0,8.0,5.0,0.05095822491611185,0.0,matched_gini,0.1679398999986006
segment,11,15.0,8.0,5.0,0.06960401737725745,0.0,mags_fixed,0.1537384999974165
segment,11,15.0,8.0,5.0,0.06960401737725745,0.0,mags_binary_excluded,0.1697249999997439
segment,11,25.0,13.0,5.0,0.01787698406881209,0.0,matched_gini_unrestricted,0.25497709999763174
segment,11,25.0,13.0,5.0,0.04903793615482647,0.0,mags_fixed_unrestricted,0.2563226999991457
segment,11,15.0,8.0,5.0,,,cart_fixed,0.005602799996268004
segment,11,37.0,19.0,8.0,0.12393669787839727,0.0,mags_tuned,4.843149500004074
segment,11,79.0,40.0,15.0,,,cart_tuned_depth,0.04629220000060741
segment,11,43.0,22.0,13.0,,,cart_pruned,0.0853108000010252
segment,11,17.0,9.0,5.0,,,noise_augmented_cart,0.01537310000276193
segment,11,,,,,,random_forest,0.14347880000423174
segment,11,,,,,,extra_trees,0.11441409999679308
segment,11,,,,,,linear_svm,0.010318199994799215
segment,11,,,,,,rbf_svm,0.014605399999709334
segment,13,15.0,8.0,5.0,0.022042114666535054,0.0,matched_gini,0.2083003000007011
segment,13,15.0,8.0,5.0,0.06195290766148744,0.0,mags_fixed,0.18508789999759756
segment,13,15.0,8.0,5.0,0.06195290766148744,0.0,mags_binary_excluded,0.19440309999481542
segment,13,19.0,10.0,5.0,0.02294182199250241,0.0,matched_gini_unrestricted,0.29931099999521393
segment,13,19.0,10.0,5.0,0.05431930212355169,0.0,mags_fixed_unrestricted,0.27041430000099353
segment,13,15.0,8.0,5.0,,,cart_fixed,0.010396999998192769
segment,13,23.0,12.0,6.0,0.09442779339068998,0.0,mags_tuned,4.90817380000226
segment,13,77.0,39.0,13.0,,,cart_tuned_depth,0.04726640000444604
segment,13,59.0,30.0,12.0,,,cart_pruned,0.09661230000347132
segment,13,19.0,10.0,5.0,,,noise_augmented_cart,0.014663000001746695
segment,13,,,,,,random_forest,0.15728040000249166
segment,13,,,,,,extra_trees,0.06327299999975367
segment,13,,,,,,linear_svm,0.011238500002946239
segment,13,,,,,,rbf_svm,0.0193412000007811
segment,12,15.0,8.0,5.0,0.04255610521875487,0.0,matched_gini,0.13179849999869475
segment,12,15.0,8.0,5.0,0.0993279247742103,0.0,mags_fixed,0.1604892999966978
segment,12,15.0,8.0,5.0,0.0993279247742103,0.0,mags_binary_excluded,0.23168010000517825
segment,12,25.0,13.0,5.0,0.055763171375329844,0.0,matched_gini_unrestricted,0.35614589999750024
segment,12,19.0,10.0,5.0,0.1230332300064782,0.0,mags_fixed_unrestricted,0.30918150000070455
segment,12,15.0,8.0,5.0,,,cart_fixed,0.009957700000086334
segment,12,23.0,12.0,6.0,0.05685573807705277,0.0,mags_tuned,5.063147200002277
segment,12,81.0,41.0,15.0,,,cart_tuned_depth,0.07860829999845009
segment,12,35.0,18.0,10.0,,,cart_pruned,0.08131629999843426
segment,12,17.0,9.0,5.0,,,noise_augmented_cart,0.020879499999864493
segment,12,,,,,,random_forest,0.1581746000010753
segment,12,,,,,,extra_trees,0.06485679999605054
segment,12,,,,,,linear_svm,0.011340999997628387
segment,12,,,,,,rbf_svm,0.015432100000907667
segment,14,15.0,8.0,5.0,0.0640221920193934,0.0,matched_gini,0.15681760000006761
segment,14,15.0,8.0,5.0,0.07791097496919794,0.0,mags_fixed,0.1788522999995621
segment,14,15.0,8.0,5.0,0.07791097496919794,0.0,mags_binary_excluded,0.1651408999969135
segment,14,21.0,11.0,5.0,0.0065331499677927255,0.0,matched_gini_unrestricted,0.3711968000061461
segment,14,21.0,11.0,5.0,0.021947656366658092,0.0,mags_fixed_unrestricted,0.20658929999626707
segment,14,15.0,8.0,5.0,,,cart_fixed,0.005449499993119389
segment,14,41.0,21.0,8.0,0.058445171185827746,0.0,mags_tuned,5.497587700003351
segment,14,41.0,21.0,8.0,,,cart_tuned_depth,0.05310060000192607
segment,14,41.0,21.0,11.0,,,cart_pruned,0.09813980000035372
segment,14,17.0,9.0,5.0,,,noise_augmented_cart,0.016206200001761317
segment,14,,,,,,random_forest,0.15122120000160066
segment,14,,,,,,extra_trees,0.05597219999617664
segment,14,,,,,,linear_svm,0.009462199996050913
segment,14,,,,,,rbf_svm,0.014512900001136586
segment,15,15.0,8.0,5.0,0.030513377638544413,0.0,matched_gini,0.3276107000056072
segment,15,15.0,8.0,5.0,0.08128242774831029,0.0,mags_fixed,0.1685760999971535
segment,15,15.0,8.0,5.0,0.08128242774831029,0.0,mags_binary_excluded,0.16708930000459077
segment,15,17.0,9.0,5.0,0.033760011175184845,0.0,matched_gini_unrestricted,0.1864819999973406
segment,15,19.0,10.0,5.0,0.07476435850567163,0.0,mags_fixed_unrestricted,0.22470449999673292
segment,15,15.0,8.0,5.0,,,cart_fixed,0.0064796999940881506
segment,15,43.0,22.0,8.0,0.07337253999920319,0.0,mags_tuned,5.437388999998802
segment,15,59.0,30.0,10.0,,,cart_tuned_depth,0.05126389999350067
segment,15,81.0,41.0,15.0,,,cart_pruned,0.09049530000629602
segment,15,19.0,10.0,5.0,,,noise_augmented_cart,0.016470299997308757
segment,15,,,,,,random_forest,0.1524044000034337
segment,15,,,,,,extra_trees,0.06015010000555776
segment,15,,,,,,linear_svm,0.010456199997861404
segment,15,,,,,,rbf_svm,0.015039099998830352
segment,16,15.0,8.0,5.0,0.04795335736128446,0.0,matched_gini,0.17399280000245199
segment,16,15.0,8.0,5.0,0.07468754790886936,0.0,mags_fixed,0.16552010000305017
segment,16,15.0,8.0,5.0,0.07468754790886936,0.0,mags_binary_excluded,0.19503529999929015
segment,16,19.0,10.0,5.0,0.02725959822413021,0.0,matched_gini_unrestricted,0.20536620000348194
segment,16,19.0,10.0,5.0,0.03860283864573352,0.0,mags_fixed_unrestricted,0.18971919999603415
segment,16,15.0,8.0,5.0,,,cart_fixed,0.0058905000041704625
segment,16,45.0,23.0,8.0,0.11780012046285697,0.0,mags_tuned,5.430070499998692
segment,16,61.0,31.0,10.0,,,cart_tuned_depth,0.04970509999839123
segment,16,43.0,22.0,10.0,,,cart_pruned,0.1007742999936454
segment,16,17.0,9.0,5.0,,,noise_augmented_cart,0.014162399995257147
segment,16,,,,,,random_forest,0.1445114999951329
segment,16,,,,,,extra_trees,0.0471936000030837
segment,16,,,,,,linear_svm,0.008717800003068987
segment,16,,,,,,rbf_svm,0.011675399997329805
segment,17,15.0,8.0,5.0,0.05212809009406434,0.0,matched_gini,0.16017000000283588
segment,17,15.0,8.0,5.0,0.06145667910078495,0.0,mags_fixed,0.1721588000000338
segment,17,15.0,8.0,5.0,0.06145667910078495,0.0,mags_binary_excluded,0.19138160000147764
segment,17,21.0,11.0,5.0,0.015870594226587893,0.0,matched_gini_unrestricted,0.20174669999687467
segment,17,21.0,11.0,5.0,0.022269891942499835,0.0,mags_fixed_unrestricted,0.2915590000047814
segment,17,15.0,8.0,5.0,,,cart_fixed,0.005615199996100273
segment,17,37.0,19.0,8.0,0.04796690973691908,0.0,mags_tuned,5.4813767000014195
segment,17,57.0,29.0,10.0,,,cart_tuned_depth,0.06148820000089472
segment,17,43.0,22.0,12.0,,,cart_pruned,0.10549639999953797
segment,17,19.0,10.0,5.0,,,noise_augmented_cart,0.011728299999958836
segment,17,,,,,,random_forest,0.136590599999181
segment,17,,,,,,extra_trees,0.04353659999469528
segment,17,,,,,,linear_svm,0.007743299996946007
segment,17,,,,,,rbf_svm,0.010901499997999053
segment,18,17.0,9.0,5.0,0.04376542177223089,0.0,matched_gini,0.12190859999827808
segment,18,17.0,9.0,5.0,0.0855723959210507,0.0,mags_fixed,0.12525550000282237
segment,18,17.0,9.0,5.0,0.0855723959210507,0.0,mags_binary_excluded,0.1185412000049837
segment,18,19.0,10.0,5.0,0.1082902784843058,0.0,matched_gini_unrestricted,0.13719499999569962
segment,18,17.0,9.0,5.0,0.12149630697812205,0.0,mags_fixed_unrestricted,0.1844548000008217
segment,18,17.0,9.0,5.0,,,cart_fixed,0.006282099995587487
segment,18,25.0,13.0,6.0,0.04414487582766865,0.0,mags_tuned,4.479822900000727
segment,18,87.0,44.0,15.0,,,cart_tuned_depth,0.05391750000126194
segment,18,53.0,27.0,11.0,,,cart_pruned,0.10370449999754783
segment,18,17.0,9.0,5.0,,,noise_augmented_cart,0.014668199997686315
segment,18,,,,,,random_forest,0.15321489999769256
segment,18,,,,,,extra_trees,0.06198659999790834
segment,18,,,,,,linear_svm,0.009435300002223812
segment,18,,,,,,rbf_svm,0.015858600003411993
segment,19,17.0,9.0,5.0,0.0782900969016118,0.0,matched_gini,0.1423501999961445
segment,19,17.0,9.0,5.0,0.11016844959679713,0.0,mags_fixed,0.19850160000351025
segment,19,17.0,9.0,5.0,0.11016844959679713,0.0,mags_binary_excluded,0.17253779999737162
segment,19,21.0,11.0,5.0,0.015570124151450154,0.0,matched_gini_unrestricted,0.20813039999484317
segment,19,21.0,11.0,5.0,0.035048474543827146,0.0,mags_fixed_unrestricted,0.2013052999973297
segment,19,15.0,8.0,5.0,,,cart_fixed,0.00447369999892544
segment,19,43.0,22.0,8.0,0.1300661080770905,0.0,mags_tuned,4.567050999998173
segment,19,61.0,31.0,10.0,,,cart_tuned_depth,0.048700400002417155
segment,19,51.0,26.0,13.0,,,cart_pruned,0.08728179999889107
segment,19,19.0,10.0,5.0,,,noise_augmented_cart,0.030832199998258147
segment,19,,,,,,random_forest,0.15945579999970505
segment,19,,,,,,extra_trees,0.05886309999914374
segment,19,,,,,,linear_svm,0.010141600003407802
segment,19,,,,,,rbf_svm,0.014838299997791182
segment,21,15.0,8.0,5.0,0.023211938318384147,0.0,matched_gini,0.15350670000043465
segment,21,15.0,8.0,5.0,0.08149720573564363,0.0,mags_fixed,0.1551469000041834
segment,21,15.0,8.0,5.0,0.08149720573564363,0.0,mags_binary_excluded,0.20783559999836143
segment,21,19.0,10.0,5.0,0.08498475656827438,0.0,matched_gini_unrestricted,0.1800632999947993
segment,21,19.0,10.0,5.0,0.09447986255016663,0.0,mags_fixed_unrestricted,0.19029610000143293
segment,21,15.0,8.0,5.0,,,cart_fixed,0.004777399997692555
segment,21,43.0,22.0,8.0,0.04896189147231144,0.0,mags_tuned,4.632476499995391
segment,21,63.0,32.0,10.0,,,cart_tuned_depth,0.06090649999532616
segment,21,39.0,20.0,10.0,,,cart_pruned,0.10465089999343036
segment,21,19.0,10.0,5.0,,,noise_augmented_cart,0.01470780000090599
segment,21,,,,,,random_forest,0.1854005999994115
segment,21,,,,,,extra_trees,0.09417380000377307
segment,21,,,,,,linear_svm,0.017683300000499003
segment,21,,,,,,rbf_svm,0.027320199995301664
segment,20,17.0,9.0,5.0,0.05608203290579543,0.0,matched_gini,0.16196069999568863
segment,20,17.0,9.0,5.0,0.07621875529468145,0.0,mags_fixed,0.1871233999991091
segment,20,17.0,9.0,5.0,0.07621875529468145,0.0,mags_binary_excluded,0.12417489999643294
segment,20,21.0,11.0,5.0,0.023117464353420998,0.0,matched_gini_unrestricted,0.20810319999873172
segment,20,21.0,11.0,5.0,0.028389670587387877,0.0,mags_fixed_unrestricted,0.23358910000388278
segment,20,15.0,8.0,5.0,,,cart_fixed,0.011539200000697747
segment,20,43.0,22.0,8.0,0.051596087434644645,0.0,mags_tuned,5.070822599998792
segment,20,41.0,21.0,8.0,,,cart_tuned_depth,0.07237560000066878
segment,20,33.0,17.0,9.0,,,cart_pruned,0.11841949999507051
segment,20,19.0,10.0,5.0,,,noise_augmented_cart,0.015681899996707216
segment,20,,,,,,random_forest,0.270468400005484
segment,20,,,,,,extra_trees,0.07064770000579301
segment,20,,,,,,linear_svm,0.009433099992747884
segment,20,,,,,,rbf_svm,0.01906289999897126
segment,22,15.0,8.0,5.0,0.059486953074038514,0.0,matched_gini,0.17383509999490343
segment,22,15.0,8.0,5.0,0.08061485396654565,0.0,mags_fixed,0.1552464000051259
segment,22,15.0,8.0,5.0,0.08061485396654565,0.0,mags_binary_excluded,0.1526912999979686
segment,22,23.0,12.0,5.0,0.013578396005991268,0.0,matched_gini_unrestricted,0.21834780000062892
segment,22,23.0,12.0,5.0,0.025301193090503195,0.0,mags_fixed_unrestricted,0.2453996999975061
segment,22,15.0,8.0,5.0,,,cart_fixed,0.004492799998843111
segment,22,41.0,21.0,8.0,0.07881228309181355,0.0,mags_tuned,4.792297300002247
segment,22,75.0,38.0,15.0,,,cart_tuned_depth,0.04812769999989541
segment,22,75.0,38.0,15.0,,,cart_pruned,0.10524179999629268
segment,22,19.0,10.0,5.0,,,noise_augmented_cart,0.014060400004382245
segment,22,,,,,,random_forest,0.1556708999996772
segment,22,,,,,,extra_trees,0.062036499999521766
segment,22,,,,,,linear_svm,0.010874400002649054
segment,22,,,,,,rbf_svm,0.0149401000016951
segment,23,15.0,8.0,5.0,0.05348715566009249,0.0,matched_gini,0.2635988999973051
segment,23,15.0,8.0,5.0,0.08323603819027635,0.0,mags_fixed,0.18858500000351341
segment,23,15.0,8.0,5.0,0.08323603819027635,0.0,mags_binary_excluded,0.1594654000000446
segment,23,21.0,11.0,5.0,0.021121747205060867,0.0,matched_gini_unrestricted,0.18577139999979408
segment,23,21.0,11.0,5.0,0.046626013419493684,0.0,mags_fixed_unrestricted,0.1961924999995972
segment,23,15.0,8.0,5.0,,,cart_fixed,0.007476399994629901
segment,23,23.0,12.0,6.0,0.056636351395178856,0.0,mags_tuned,4.95467529999587
segment,23,59.0,30.0,10.0,,,cart_tuned_depth,0.049530000003869645
segment,23,53.0,27.0,12.0,,,cart_pruned,0.12466030000359751
segment,23,19.0,10.0,5.0,,,noise_augmented_cart,0.023380099999485537
segment,23,,,,,,random_forest,0.19984809999732533
segment,23,,,,,,extra_trees,0.07566249999945285
segment,23,,,,,,linear_svm,0.0115215999976499
segment,23,,,,,,rbf_svm,0.016825800004880875
segment,25,15.0,8.0,5.0,0.07949873483727499,0.0,matched_gini,0.1290579999986221
segment,25,15.0,8.0,5.0,0.08942206168790355,0.0,mags_fixed,0.18955699999787612
segment,25,15.0,8.0,5.0,0.08942206168790355,0.0,mags_binary_excluded,0.16836630000034347
segment,25,19.0,10.0,5.0,0.008753657584444262,0.0,matched_gini_unrestricted,0.2546218999996199
segment,25,19.0,10.0,5.0,0.016394421984683077,0.0,mags_fixed_unrestricted,0.174050100002205
segment,25,15.0,8.0,5.0,,,cart_fixed,0.006182799996167887
segment,25,23.0,12.0,6.0,0.0695998911513251,0.0,mags_tuned,4.60803489999671
segment,25,77.0,39.0,15.0,,,cart_tuned_depth,0.050236300005053636
segment,25,25.0,13.0,9.0,,,cart_pruned,0.0849244000055478
segment,25,17.0,9.0,5.0,,,noise_augmented_cart,0.014861200004816055
segment,25,,,,,,random_forest,0.14342169999872567
segment,25,,,,,,extra_trees,0.05893260000448208
segment,25,,,,,,linear_svm,0.009847699999227189
segment,25,,,,,,rbf_svm,0.01405009999871254
segment,24,15.0,8.0,5.0,0.055803571317479705,0.0,matched_gini,0.1544244999968214
segment,24,15.0,8.0,5.0,0.08504080837577506,0.0,mags_fixed,0.16636299999663606
segment,24,15.0,8.0,5.0,0.08504080837577506,0.0,mags_binary_excluded,0.1671423000007053
segment,24,23.0,12.0,5.0,0.019476641815763477,0.0,matched_gini_unrestricted,0.237272699996538
segment,24,23.0,12.0,5.0,0.022125950175780826,0.0,mags_fixed_unrestricted,0.2168554000018048
segment,24,15.0,8.0,5.0,,,cart_fixed,0.0062907999963499606
segment,24,45.0,23.0,8.0,0.046570000962627194,0.0,mags_tuned,4.75274360000185
segment,24,59.0,30.0,10.0,,,cart_tuned_depth,0.06468799999856856
segment,24,37.0,19.0,11.0,,,cart_pruned,0.09198759999708273
segment,24,19.0,10.0,5.0,,,noise_augmented_cart,0.04745759999786969
segment,24,,,,,,random_forest,0.14377499999682186
segment,24,,,,,,extra_trees,0.056714299993473105
segment,24,,,,,,linear_svm,0.010149299996555783
segment,24,,,,,,rbf_svm,0.014374400001543108
segment,26,15.0,8.0,5.0,0.05865289680980361,0.0,matched_gini,0.2077309000014793
segment,26,15.0,8.0,5.0,0.06989162373938447,0.0,mags_fixed,0.15611070000159089
segment,26,15.0,8.0,5.0,0.06989162373938447,0.0,mags_binary_excluded,0.1613526000001002
segment,26,21.0,11.0,5.0,0.04448703959889136,0.0,matched_gini_unrestricted,0.16295550000359071
segment,26,21.0,11.0,5.0,0.10029556094802099,0.0,mags_fixed_unrestricted,0.19749030000093626
segment,26,15.0,8.0,5.0,,,cart_fixed,0.007557099997939076
segment,26,45.0,23.0,8.0,0.0548995625524884,0.0,mags_tuned,4.462062899998273
segment,26,61.0,31.0,10.0,,,cart_tuned_depth,0.04518810000445228
segment,26,37.0,19.0,10.0,,,cart_pruned,0.09252519999427022
segment,26,19.0,10.0,5.0,,,noise_augmented_cart,0.014756099997612182
segment,26,,,,,,random_forest,0.15388439999514958
segment,26,,,,,,extra_trees,0.05540620000101626
segment,26,,,,,,linear_svm,0.0090219000048819
segment,26,,,,,,rbf_svm,0.014121500003966503
segment,27,15.0,8.0,5.0,0.0670087075008581,0.0,matched_gini,0.15338489999703597
segment,27,15.0,8.0,5.0,0.08028190610356276,0.0,mags_fixed,0.15443799999775365
segment,27,15.0,8.0,5.0,0.08028190610356276,0.0,mags_binary_excluded,0.16090660000190837
segment,27,23.0,12.0,5.0,0.03744159819520666,0.0,matched_gini_unrestricted,0.20607990000280552
segment,27,23.0,12.0,5.0,0.10762404291323105,0.0,mags_fixed_unrestricted,0.20608029999857536
segment,27,17.0,9.0,5.0,,,cart_fixed,0.005841699996381067
segment,27,47.0,24.0,8.0,0.07468913534982007,0.0,mags_tuned,4.473714900006598
segment,27,67.0,34.0,10.0,,,cart_tuned_depth,0.054149199997482356
segment,27,25.0,13.0,9.0,,,cart_pruned,0.11756169999716803
segment,27,19.0,10.0,5.0,,,noise_augmented_cart,0.014764500003366265
segment,27,,,,,,random_forest,0.14636420000169892
segment,27,,,,,,extra_trees,0.058479800005443394
segment,27,,,,,,linear_svm,0.00984479999897303
segment,27,,,,,,rbf_svm,0.015140499999688473
segment,28,15.0,8.0,5.0,0.05937261835695056,0.0,matched_gini,0.17152570000325795
segment,28,15.0,8.0,5.0,0.07233665332861303,0.0,mags_fixed,0.18931790000351612
segment,28,15.0,8.0,5.0,0.07233665332861303,0.0,mags_binary_excluded,0.10245990000112215
segment,28,21.0,11.0,5.0,0.009474665621422582,0.0,matched_gini_unrestricted,0.181616000001668
segment,28,21.0,11.0,5.0,0.03200307728029087,0.0,mags_fixed_unrestricted,0.1297171000041999
segment,28,15.0,8.0,5.0,,,cart_fixed,0.004469499996048398
segment,28,45.0,23.0,8.0,0.09171023989358265,0.0,mags_tuned,4.524082600000838
segment,28,77.0,39.0,16.0,,,cart_tuned_depth,0.04648079999606125
segment,28,33.0,17.0,9.0,,,cart_pruned,0.11320560000604019
segment,28,19.0,10.0,5.0,,,noise_augmented_cart,0.014744599997357
segment,28,,,,,,random_forest,0.14056439999694703
segment,28,,,,,,extra_trees,0.059549699995841365
segment,28,,,,,,linear_svm,0.011351699999067932
segment,28,,,,,,rbf_svm,0.024063099997874815
segment,29,15.0,8.0,5.0,0.08361420755437807,0.0,matched_gini,0.2249567999970168
segment,29,15.0,8.0,5.0,0.10199624045047165,0.0,mags_fixed,0.17271869999967748
segment,29,15.0,8.0,5.0,0.10199624045047165,0.0,mags_binary_excluded,0.1487007000032463
segment,29,19.0,10.0,5.0,0.03260479877941725,0.0,matched_gini_unrestricted,0.18009739999979502
segment,29,19.0,10.0,5.0,0.053669022443221415,0.0,mags_fixed_unrestricted,0.19545769999967888
segment,29,17.0,9.0,5.0,,,cart_fixed,0.005936300003668293
segment,29,43.0,22.0,8.0,0.09863149260692772,0.0,mags_tuned,4.51078779999807
segment,29,79.0,40.0,13.0,,,cart_tuned_depth,0.04560270000365563
segment,29,33.0,17.0,10.0,,,cart_pruned,0.08200819999910891
segment,29,19.0,10.0,5.0,,,noise_augmented_cart,0.014617099994211458
segment,29,,,,,,random_forest,0.13756550000107381
segment,29,,,,,,extra_trees,0.055898400001751725
segment,29,,,,,,linear_svm,0.010673299999325536
segment,29,,,,,,rbf_svm,0.014156800003547687
sonar,0,21.0,11.0,4.0,0.0714861191881453,0.0,matched_gini,0.18029859999660403
sonar,0,21.0,11.0,4.0,0.12838879698828548,0.0,mags_fixed,0.15718460000061896
sonar,0,21.0,11.0,4.0,0.12838879698828548,0.0,mags_binary_excluded,0.12500789999467088
sonar,0,21.0,11.0,4.0,0.06570784690784534,0.0,matched_gini_unrestricted,0.17225950000283774
sonar,0,21.0,11.0,4.0,0.1498544116759057,0.0,mags_fixed_unrestricted,0.19216559999767924
sonar,0,19.0,10.0,4.0,,,cart_fixed,0.0026255999982822686
sonar,0,7.0,4.0,2.0,0.02842417220002332,0.0,mags_tuned,3.475992400002724
sonar,0,19.0,10.0,4.0,,,cart_tuned_depth,0.01709639999899082
sonar,0,3.0,2.0,1.0,,,cart_pruned,0.016685100003087427
sonar,0,23.0,12.0,4.0,,,noise_augmented_cart,0.0033939999993890524
sonar,0,,,,,,random_forest,0.06570079999801237
sonar,0,,,,,,extra_trees,0.04120610000245506
sonar,0,,,,,,linear_svm,0.0016596999994362704
sonar,0,,,,,,rbf_svm,0.0009696999986772425
sonar,2,21.0,11.0,4.0,0.02184117488847116,0.0,matched_gini,0.13356360000034329
sonar,2,19.0,10.0,4.0,0.051259086515270634,0.0,mags_fixed,0.17127289999916684
sonar,2,19.0,10.0,4.0,0.051259086515270634,0.0,mags_binary_excluded,0.1660699999993085
sonar,2,19.0,10.0,4.0,0.023825622413686503,0.0,matched_gini_unrestricted,0.2723556000055396
sonar,2,19.0,10.0,4.0,0.025438083530637107,0.0,mags_fixed_unrestricted,0.21039359999849694
sonar,2,21.0,11.0,4.0,,,cart_fixed,0.0019473000065772794
sonar,2,13.0,7.0,3.0,0.0609788662972874,0.0,mags_tuned,2.763986099998874
sonar,2,7.0,4.0,2.0,,,cart_tuned_depth,0.046288500001537614
sonar,2,25.0,13.0,5.0,,,cart_pruned,0.02113380000082543
sonar,2,19.0,10.0,4.0,,,noise_augmented_cart,0.002932299998064991
sonar,2,,,,,,random_forest,0.06383780000032857
sonar,2,,,,,,extra_trees,0.04336370000237366
sonar,2,,,,,,linear_svm,0.0020260999954189174
sonar,2,,,,,,rbf_svm,0.000971399997069966
sonar,1,21.0,11.0,4.0,0.05430018633874467,0.0,matched_gini,0.23496190000150818
sonar,1,21.0,11.0,4.0,0.08911449888620318,0.0,mags_fixed,0.21102760000212584
sonar,1,21.0,11.0,4.0,0.08911449888620318,0.0,mags_binary_excluded,0.2020505000036792
sonar,1,25.0,13.0,4.0,0.04757675435178695,0.0,matched_gini_unrestricted,0.2880363999938709
sonar,1,25.0,13.0,4.0,0.117231544849202,0.0,mags_fixed_unrestricted,0.2753099000037764
sonar,1,21.0,11.0,4.0,,,cart_fixed,0.002198400004999712
sonar,1,25.0,13.0,5.0,0.07808803817063056,0.0,mags_tuned,3.3650602999987314
sonar,1,7.0,4.0,2.0,,,cart_tuned_depth,0.016553100002056453
sonar,1,23.0,12.0,5.0,,,cart_pruned,0.022196600002644118
sonar,1,25.0,13.0,4.0,,,noise_augmented_cart,0.003431500001170207
sonar,1,,,,,,random_forest,0.07525919999898179
sonar,1,,,,,,extra_trees,0.044967499998165295
sonar,1,,,,,,linear_svm,0.002077999997709412
sonar,1,,,,,,rbf_svm,0.001080900001397822
sonar,3,19.0,10.0,4.0,0.01856736493912828,0.0,matched_gini,0.13898940000217408
sonar,3,19.0,10.0,4.0,0.06728453227042358,0.0,mags_fixed,0.1756113000010373
sonar,3,19.0,10.0,4.0,0.06728453227042358,0.0,mags_binary_excluded,0.15321640000183834
sonar,3,19.0,10.0,4.0,0.019181403987700685,0.0,matched_gini_unrestricted,0.2315837000060128
sonar,3,19.0,10.0,4.0,0.07644761327883576,0.0,mags_fixed_unrestricted,0.18245709999609971
sonar,3,23.0,12.0,4.0,,,cart_fixed,0.0016815000053611584
sonar,3,13.0,7.0,3.0,0.022438815153863992,0.0,mags_tuned,3.377724500001932
sonar,3,7.0,4.0,2.0,,,cart_tuned_depth,0.011989900005573872
sonar,3,15.0,8.0,4.0,,,cart_pruned,0.016120299995236564
sonar,3,21.0,11.0,4.0,,,noise_augmented_cart,0.002394900002400391
sonar,3,,,,,,random_forest,0.04621140000381274
sonar,3,,,,,,extra_trees,0.029699700004130136
sonar,3,,,,,,linear_svm,0.001174899996840395
sonar,3,,,,,,rbf_svm,0.0006630999996559694
sonar,4,17.0,9.0,4.0,0.02107760775333356,0.0,matched_gini,0.15124500000092667
sonar,4,17.0,9.0,4.0,0.055957293960427396,0.0,mags_fixed,0.15084809999825666
sonar,4,17.0,9.0,4.0,0.055957293960427396,0.0,mags_binary_excluded,0.162568799998553
sonar,4,17.0,9.0,4.0,0.03899679172154224,0.0,matched_gini_unrestricted,0.22720879999542376
sonar,4,19.0,10.0,4.0,0.104884108482489,0.0,mags_fixed_unrestricted,0.26017110000248067
sonar,4,17.0,9.0,4.0,,,cart_fixed,0.0021081000013509765
sonar,4,19.0,10.0,4.0,0.09971835029388025,0.0,mags_tuned,3.1022634000037215
sonar,4,7.0,4.0,2.0,,,cart_tuned_depth,0.012074500002199784
sonar,4,3.0,2.0,1.0,,,cart_pruned,0.018483899999409914
sonar,4,19.0,10.0,4.0,,,noise_augmented_cart,0.0032572999989497475
sonar,4,,,,,,random_forest,0.06485209999664221
sonar,4,,,,,,extra_trees,0.040609499999845866
sonar,4,,,,,,linear_svm,0.0025278000030084513
sonar,4,,,,,,rbf_svm,0.0009887999985949136
sonar,5,25.0,13.0,4.0,0.03538689747939919,0.0,matched_gini,0.16665310000098543
sonar,5,25.0,13.0,4.0,0.1327118167533746,0.0,mags_fixed,0.10668170000280952
sonar,5,25.0,13.0,4.0,0.1327118167533746,0.0,mags_binary_excluded,0.15305080000689486
sonar,5,23.0,12.0,4.0,0.03338743323437847,0.0,matched_gini_unrestricted,0.2550651999990805
sonar,5,23.0,12.0,4.0,0.10709538994148668,0.0,mags_fixed_unrestricted,0.2488184000030742
sonar,5,25.0,13.0,4.0,,,cart_fixed,0.0021029999988968484
sonar,5,31.0,16.0,6.0,0.039056797008444076,0.0,mags_tuned,3.304987900002743
sonar,5,15.0,8.0,3.0,,,cart_tuned_depth,0.017177599998831283
sonar,5,5.0,3.0,2.0,,,cart_pruned,0.020590200001606718
sonar,5,25.0,13.0,4.0,,,noise_augmented_cart,0.003403399998205714
sonar,5,,,,,,random_forest,0.06461199999466771
sonar,5,,,,,,extra_trees,0.04253939999762224
sonar,5,,,,,,linear_svm,0.0016541000004508533
sonar,5,,,,,,rbf_svm,0.0009841999999480322
sonar,6,21.0,11.0,4.0,0.04679582174605072,0.0,matched_gini,0.17849830000341171
sonar,6,21.0,11.0,4.0,0.07523320284174902,0.0,mags_fixed,0.21737790000042878
sonar,6,21.0,11.0,4.0,0.07523320284174902,0.0,mags_binary_excluded,0.13266409999778261
sonar,6,15.0,8.0,4.0,0.021241631335691274,0.0,matched_gini_unrestricted,0.24367999999958556
sonar,6,15.0,8.0,4.0,0.030262283450310175,0.0,mags_fixed_unrestricted,0.20094609999796376
sonar,6,17.0,9.0,4.0,,,cart_fixed,0.002130099994246848
sonar,6,23.0,12.0,4.0,0.0963972515379146,0.0,mags_tuned,3.7047289999973145
sonar,6,13.0,7.0,3.0,,,cart_tuned_depth,0.016282500000670552
sonar,6,19.0,10.0,6.0,,,cart_pruned,0.021671500006050337
sonar,6,23.0,12.0,4.0,,,noise_augmented_cart,0.0044313999969745055
sonar,6,,,,,,random_forest,0.08456279999518301
sonar,6,,,,,,extra_trees,0.04982380000001285
sonar,6,,,,,,linear_svm,0.0016898000030778348
sonar,6,,,,,,rbf_svm,0.0010133999967365526
sonar,7,21.0,11.0,4.0,0.04895685487452557,0.0,matched_gini,0.22231279999687104
sonar,7,19.0,10.0,4.0,0.1563124564916805,0.0,mags_fixed,0.16773429999739164
sonar,7,19.0,10.0,4.0,0.1563124564916805,0.0,mags_binary_excluded,0.2302445000022999
sonar,7,21.0,11.0,4.0,0.028094260601924066,0.0,matched_gini_unrestricted,0.15803629999572877
sonar,7,21.0,11.0,4.0,0.15776029929641214,0.0,mags_fixed_unrestricted,0.1984567000035895
sonar,7,21.0,11.0,4.0,,,cart_fixed,0.002289899995957967
sonar,7,15.0,8.0,3.0,0.030159221581960573,0.0,mags_tuned,3.7763573999982327
sonar,7,21.0,11.0,4.0,,,cart_tuned_depth,0.020652900006098207
sonar,7,3.0,2.0,1.0,,,cart_pruned,0.026859300000069197
sonar,7,25.0,13.0,4.0,,,noise_augmented_cart,0.003337000001920387
sonar,7,,,,,,random_forest,0.07032020000042394
sonar,7,,,,,,extra_trees,0.07641149999835761
sonar,7,,,,,,linear_svm,0.0020491999966907315
sonar,7,,,,,,rbf_svm,0.001058900001225993
sonar,8,23.0,12.0,4.0,0.036914315855340794,0.0,matched_gini,0.1717172999997274
sonar,8,23.0,12.0,4.0,0.05915335558692876,0.0,mags_fixed,0.15178190000005998
sonar,8,23.0,12.0,4.0,0.05915335558692876,0.0,mags_binary_excluded,0.16486640000221087
sonar,8,23.0,12.0,4.0,0.043578828269152825,0.0,matched_gini_unrestricted,0.26809839999623364
sonar,8,23.0,12.0,4.0,0.10669698236851345,0.0,mags_fixed_unrestricted,0.2943851000018185
sonar,8,23.0,12.0,4.0,,,cart_fixed,0.002535599996917881
sonar,8,23.0,12.0,4.0,0.05915335558692876,0.0,mags_tuned,3.549121500000183
sonar,8,23.0,12.0,4.0,,,cart_tuned_depth,0.03233080000063637
sonar,8,3.0,2.0,1.0,,,cart_pruned,0.018221899998025037
sonar,8,27.0,14.0,4.0,,,noise_augmented_cart,0.003580099997634534
sonar,8,,,,,,random_forest,0.06688759999815375
sonar,8,,,,,,extra_trees,0.04063830000086455
sonar,8,,,,,,linear_svm,0.0014680000022053719
sonar,8,,,,,,rbf_svm,0.0007397000008495525
sonar,9,17.0,9.0,4.0,0.04575385944178467,0.0,matched_gini,0.15926629999739816
sonar,9,17.0,9.0,4.0,0.04575385944178467,0.0,mags_fixed,0.19801659999939147
sonar,9,17.0,9.0,4.0,0.04575385944178467,0.0,mags_binary_excluded,0.1578849000070477
sonar,9,21.0,11.0,4.0,0.03656320465323549,0.0,matched_gini_unrestricted,0.30054699999891454
sonar,9,21.0,11.0,4.0,0.11398059810754409,0.0,mags_fixed_unrestricted,0.30936949999886565
sonar,9,17.0,9.0,4.0,,,cart_fixed,0.002217500004917383
sonar,9,7.0,4.0,2.0,0.022264448468184244,0.0,mags_tuned,3.3905517000021064
sonar,9,17.0,9.0,4.0,,,cart_tuned_depth,0.016439799997897353
sonar,9,3.0,2.0,1.0,,,cart_pruned,0.01645200000348268
sonar,9,23.0,12.0,4.0,,,noise_augmented_cart,0.003472299998975359
sonar,9,,,,,,random_forest,0.06415189999825088
sonar,9,,,,,,extra_trees,0.040119099998264574
sonar,9,,,,,,linear_svm,0.0012674999961745925
sonar,9,,,,,,rbf_svm,0.0009589000037522055
sonar,11,21.0,11.0,4.0,0.05398325493927758,0.0,matched_gini,0.1532703000048059
sonar,11,19.0,10.0,4.0,0.040513968506293505,0.0,mags_fixed,0.1501678999993601
sonar,11,19.0,10.0,4.0,0.040513968506293505,0.0,mags_binary_excluded,0.11595360000501387
sonar,11,19.0,10.0,4.0,0.037469047979120255,0.0,matched_gini_unrestricted,0.18632260000595124
sonar,11,19.0,10.0,4.0,0.048670904438244254,0.0,mags_fixed_unrestricted,0.21199609999894165
sonar,11,17.0,9.0,4.0,,,cart_fixed,0.0018320000017411076
sonar,11,7.0,4.0,2.0,0.020188647276214024,0.0,mags_tuned,2.9802196999953594
sonar,11,7.0,4.0,2.0,,,cart_tuned_depth,0.015201099995465484
sonar,11,3.0,2.0,1.0,,,cart_pruned,0.017063400002371054
sonar,11,21.0,11.0,4.0,,,noise_augmented_cart,0.0030534999968949705
sonar,11,,,,,,random_forest,0.06562520000443328
sonar,11,,,,,,extra_trees,0.05181300000549527
sonar,11,,,,,,linear_svm,0.0017000000007101335
sonar,11,,,,,,rbf_svm,0.000938299999688752
sonar,10,19.0,10.0,4.0,0.04316241322962641,0.0,matched_gini,0.14853910000238102
sonar,10,19.0,10.0,4.0,0.08481375920002626,0.0,mags_fixed,0.1466816000029212
sonar,10,19.0,10.0,4.0,0.08481375920002626,0.0,mags_binary_excluded,0.14096979999885662
sonar,10,17.0,9.0,4.0,0.026905278159556692,0.0,matched_gini_unrestricted,0.25039039999683155
sonar,10,17.0,9.0,4.0,0.06558850489950949,0.0,mags_fixed_unrestricted,0.2836334000021452
sonar,10,19.0,10.0,4.0,,,cart_fixed,0.001898599999549333
sonar,10,15.0,8.0,3.0,0.03411140211446422,0.0,mags_tuned,3.3236996000050567
sonar,10,15.0,8.0,3.0,,,cart_tuned_depth,0.015800900000613183
sonar,10,17.0,9.0,5.0,,,cart_pruned,0.015646200001356192
sonar,10,21.0,11.0,4.0,,,noise_augmented_cart,0.003160200001730118
sonar,10,,,,,,random_forest,0.0642059000019799
sonar,10,,,,,,extra_trees,0.04059859999688342
sonar,10,,,,,,linear_svm,0.0019560000000637956
sonar,10,,,,,,rbf_svm,0.0014391000004252419
sonar,12,17.0,9.0,4.0,0.03260776265595016,0.0,matched_gini,0.1553182999996352
sonar,12,15.0,8.0,4.0,0.01993007082148093,0.0,mags_fixed,0.15929410000535427
sonar,12,15.0,8.0,4.0,0.01993007082148093,0.0,mags_binary_excluded,0.16387570000370033
sonar,12,23.0,12.0,4.0,0.030634330431171898,0.0,matched_gini_unrestricted,0.19629669999994803
sonar,12,25.0,13.0,4.0,0.13119852977001445,0.0,mags_fixed_unrestricted,0.25234500000078697
sonar,12,17.0,9.0,4.0,,,cart_fixed,0.0020221999948262237
sonar,12,17.0,9.0,4.0,0.03260776265595016,0.0,mags_tuned,3.1837488999954076
sonar,12,17.0,9.0,4.0,,,cart_tuned_depth,0.016235800001595635
sonar,12,23.0,12.0,5.0,,,cart_pruned,0.017762700001185294
sonar,12,23.0,12.0,4.0,,,noise_augmented_cart,0.0033378000007360242
sonar,12,,,,,,random_forest,0.07404319999477593
sonar,12,,,,,,extra_trees,0.04028180000022985
sonar,12,,,,,,linear_svm,0.0018270000000484288
sonar,12,,,,,,rbf_svm,0.0009186000024783425
sonar,13,17.0,9.0,4.0,0.027385295962542605,0.0,matched_gini,0.1628772999974899
sonar,13,19.0,10.0,4.0,0.06690638794760319,0.0,mags_fixed,0.16660529999353457
sonar,13,19.0,10.0,4.0,0.06690638794760319,0.0,mags_binary_excluded,0.14743240000098012
sonar,13,27.0,14.0,4.0,0.038884490615066034,0.0,matched_gini_unrestricted,0.25055630000133533
sonar,13,27.0,14.0,4.0,0.17395805413621648,0.0,mags_fixed_unrestricted,0.23857220000354573
sonar,13,17.0,9.0,4.0,,,cart_fixed,0.0016382000030716881
sonar,13,13.0,7.0,3.0,0.026501688978772284,0.0,mags_tuned,2.5948866000035196
sonar,13,7.0,4.0,2.0,,,cart_tuned_depth,0.01719730000331765
sonar,13,9.0,5.0,3.0,,,cart_pruned,0.02307489999657264
sonar,13,23.0,12.0,4.0,,,noise_augmented_cart,0.003610899999330286
sonar,13,,,,,,random_forest,0.06517549999989569
sonar,13,,,,,,extra_trees,0.05412420000357088
sonar,13,,,,,,linear_svm,0.0021987000000081025
sonar,13,,,,,,rbf_svm,0.0010591999962343834
sonar,14,19.0,10.0,4.0,0.07292017033344661,0.0,matched_gini,0.14463579999573994
sonar,14,19.0,10.0,4.0,0.11245400206332953,0.0,mags_fixed,0.13829760000226088
sonar,14,19.0,10.0,4.0,0.11245400206332953,0.0,mags_binary_excluded,0.14738789999682922
sonar,14,23.0,12.0,4.0,0.056301949207008366,0.0,matched_gini_unrestricted,0.19065240000054473
sonar,14,23.0,12.0,4.0,0.1294427784404957,0.0,mags_fixed_unrestricted,0.17718280000553932
sonar,14,19.0,10.0,4.0,,,cart_fixed,0.0017271999968215823
sonar,14,13.0,7.0,3.0,0.0179837514234781,0.0,mags_tuned,3.523444800004654
sonar,14,7.0,4.0,2.0,,,cart_tuned_depth,0.020443899993551895
sonar,14,13.0,7.0,3.0,,,cart_pruned,0.02280839999730233
sonar,14,31.0,16.0,4.0,,,noise_augmented_cart,0.0037182999949436635
sonar,14,,,,,,random_forest,0.0663289000003715
sonar,14,,,,,,extra_trees,0.04016119999869261
sonar,14,,,,,,linear_svm,0.0021892000004299916
sonar,14,,,,,,rbf_svm,0.000928000001295004
sonar,15,17.0,9.0,4.0,0.04642750212355986,0.0,matched_gini,0.14475129999482306
sonar,15,17.0,9.0,4.0,0.057119663944040264,0.0,mags_fixed,0.19137070000579115
sonar,15,17.0,9.0,4.0,0.057119663944040264,0.0,mags_binary_excluded,0.13084879999951227
sonar,15,19.0,10.0,4.0,0.030672140644017205,0.0,matched_gini_unrestricted,0.15073430000484223
sonar,15,19.0,10.0,4.0,0.08337470408205218,0.0,mags_fixed_unrestricted,0.19831759999942733
sonar,15,17.0,9.0,4.0,,,cart_fixed,0.001944599993294105
sonar,15,17.0,9.0,4.0,0.04642750212355986,0.0,mags_tuned,3.788983200000075
sonar,15,15.0,8.0,3.0,,,cart_tuned_depth,0.016808500004117377
sonar,15,23.0,12.0,7.0,,,cart_pruned,0.020160699998086784
sonar,15,21.0,11.0,4.0,,,noise_augmented_cart,0.0026526000001467764
sonar,15,,,,,,random_forest,0.06502710000495426
sonar,15,,,,,,extra_trees,0.039633099993807264
sonar,15,,,,,,linear_svm,0.002220199996372685
sonar,15,,,,,,rbf_svm,0.0010496000031707808
sonar,16,21.0,11.0,4.0,0.022587437930015428,0.0,matched_gini,0.15727970000443747
sonar,16,21.0,11.0,4.0,0.028429387312045994,0.0,mags_fixed,0.13607200000114972
sonar,16,21.0,11.0,4.0,0.028429387312045994,0.0,mags_binary_excluded,0.1766390999982832
sonar,16,21.0,11.0,4.0,0.04516882618866818,0.0,matched_gini_unrestricted,0.2950745000052848
sonar,16,21.0,11.0,4.0,0.1303199957106989,0.0,mags_fixed_unrestricted,0.32686370000010356
sonar,16,21.0,11.0,4.0,,,cart_fixed,0.00343550000252435
sonar,16,21.0,11.0,4.0,0.04421012170574155,0.0,mags_tuned,3.418029000000388
sonar,16,7.0,4.0,2.0,,,cart_tuned_depth,0.017805499999667518
sonar,16,3.0,2.0,1.0,,,cart_pruned,0.02041480000480078
sonar,16,25.0,13.0,4.0,,,noise_augmented_cart,0.004098600002180319
sonar,16,,,,,,random_forest,0.06888030000118306
sonar,16,,,,,,extra_trees,0.04038900000159629
sonar,16,,,,,,linear_svm,0.002089699999487493
sonar,16,,,,,,rbf_svm,0.0009391999992658384
sonar,17,19.0,10.0,4.0,0.0411852967904872,0.0,matched_gini,0.17985179999959655
sonar,17,19.0,10.0,4.0,0.07762675377546294,0.0,mags_fixed,0.2410024999990128
sonar,17,19.0,10.0,4.0,0.07762675377546294,0.0,mags_binary_excluded,0.18512779999582563
sonar,17,19.0,10.0,4.0,0.03795828128719613,0.0,matched_gini_unrestricted,0.23815800000011222
sonar,17,19.0,10.0,4.0,0.14809397380791295,0.0,mags_fixed_unrestricted,0.21856580000167014
sonar,17,19.0,10.0,4.0,,,cart_fixed,0.0018458000049577095
sonar,17,19.0,10.0,4.0,0.0411852967904872,0.0,mags_tuned,3.4638168000019505
sonar,17,19.0,10.0,4.0,,,cart_tuned_depth,0.016063499999290798
sonar,17,5.0,3.0,2.0,,,cart_pruned,0.021135499999218155
sonar,17,23.0,12.0,4.0,,,noise_augmented_cart,0.0031285000004572794
sonar,17,,,,,,random_forest,0.08007450000150129
sonar,17,,,,,,extra_trees,0.033810799999628216
sonar,17,,,,,,linear_svm,0.0018244999955641106
sonar,17,,,,,,rbf_svm,0.0007340000011026859
sonar,18,23.0,12.0,4.0,0.03487804600989799,0.0,matched_gini,0.1633901999957743
sonar,18,23.0,12.0,4.0,0.11328879035523891,0.0,mags_fixed,0.1821773999981815
sonar,18,23.0,12.0,4.0,0.11328879035523891,0.0,mags_binary_excluded,0.1578709000023082
sonar,18,23.0,12.0,4.0,0.02043575114044909,0.0,matched_gini_unrestricted,0.263845700006641
sonar,18,23.0,12.0,4.0,0.10686848617613252,0.0,mags_fixed_unrestricted,0.2319156000012299
sonar,18,17.0,9.0,4.0,,,cart_fixed,0.0020255000054021366
sonar,18,15.0,8.0,3.0,0.11302383639178448,0.0,mags_tuned,2.933768800001417
sonar,18,13.0,7.0,3.0,,,cart_tuned_depth,0.018591899999591988
sonar,18,3.0,2.0,1.0,,,cart_pruned,0.02329959999769926
sonar,18,21.0,11.0,4.0,,,noise_augmented_cart,0.020646500001021195
sonar,18,,,,,,random_forest,0.10318980000010924
sonar,18,,,,,,extra_trees,0.08598119999805931
sonar,18,,,,,,linear_svm,0.0019025999936275184
sonar,18,,,,,,rbf_svm,0.001103200003853999
sonar,19,19.0,10.0,4.0,0.021477605758927834,0.0,matched_gini,0.15277539999806322
sonar,19,19.0,10.0,4.0,0.04267258041414156,0.0,mags_fixed,0.14506339999934426
sonar,19,19.0,10.0,4.0,0.04267258041414156,0.0,mags_binary_excluded,0.12816999999631662
sonar,19,19.0,10.0,4.0,0.08462187854010006,0.0,matched_gini_unrestricted,0.18615000000136206
sonar,19,19.0,10.0,4.0,0.1088139848230509,0.0,mags_fixed_unrestricted,0.26256029999785824
sonar,19,21.0,11.0,4.0,,,cart_fixed,0.002189300001191441
sonar,19,25.0,13.0,5.0,0.0842337613874734,0.0,mags_tuned,3.0686657999976887
sonar,19,15.0,8.0,3.0,,,cart_tuned_depth,0.016524200000276323
sonar,19,7.0,4.0,3.0,,,cart_pruned,0.026022000005468726
sonar,19,25.0,13.0,4.0,,,noise_augmented_cart,0.0042498999973759055
sonar,19,,,,,,random_forest,0.0906907999960822
sonar,19,,,,,,extra_trees,0.052068000004510395
sonar,19,,,,,,linear_svm,0.0023585000017192215
sonar,19,,,,,,rbf_svm,0.0013758999994024634
sonar,20,23.0,12.0,4.0,0.041836947518072744,0.0,matched_gini,0.16548909999983152
sonar,20,23.0,12.0,4.0,0.12997594170856308,0.0,mags_fixed,0.17233739999937825
sonar,20,23.0,12.0,4.0,0.12997594170856308,0.0,mags_binary_excluded,0.12871119999908842
sonar,20,23.0,12.0,4.0,0.030168538216715137,0.0,matched_gini_unrestricted,0.2577454000056605
sonar,20,23.0,12.0,4.0,0.08456725414948232,0.0,mags_fixed_unrestricted,0.28086610000173096
sonar,20,21.0,11.0,4.0,,,cart_fixed,0.0021943999963696115
sonar,20,7.0,4.0,2.0,0.015992161673806113,0.0,mags_tuned,3.756467799998063
sonar,20,7.0,4.0,2.0,,,cart_tuned_depth,0.022034900001017377
sonar,20,7.0,4.0,2.0,,,cart_pruned,0.02474120000260882
sonar,20,23.0,12.0,4.0,,,noise_augmented_cart,0.003126600000541657
sonar,20,,,,,,random_forest,0.08210829999734415
sonar,20,,,,,,extra_trees,0.04047349999746075
sonar,20,,,,,,linear_svm,0.0018165000001317821
sonar,20,,,,,,rbf_svm,0.000971399997069966
sonar,21,19.0,10.0,4.0,0.06118633788326628,0.0,matched_gini,0.0989724999963073
sonar,21,19.0,10.0,4.0,0.0656489101140144,0.0,mags_fixed,0.10097359999781474
sonar,21,19.0,10.0,4.0,0.0656489101140144,0.0,mags_binary_excluded,0.1437067000006209
sonar,21,19.0,10.0,4.0,0.045908960182440596,0.0,matched_gini_unrestricted,0.22912380000343546
sonar,21,19.0,10.0,4.0,0.07815974916849082,0.0,mags_fixed_unrestricted,0.24711119999847142
sonar,21,19.0,10.0,4.0,,,cart_fixed,0.0019260999979451299
sonar,21,19.0,10.0,4.0,0.11216666115423826,0.0,mags_tuned,3.5602184000017587
sonar,21,15.0,8.0,3.0,,,cart_tuned_depth,0.021302400004060473
sonar,21,3.0,2.0,1.0,,,cart_pruned,0.01685400000133086
sonar,21,21.0,11.0,4.0,,,noise_augmented_cart,0.004262099995685276
sonar,21,,,,,,random_forest,0.08571410000149626
sonar,21,,,,,,extra_trees,0.051132200002030004
sonar,21,,,,,,linear_svm,0.0019213000050513074
sonar,21,,,,,,rbf_svm,0.0012292999963392504
sonar,22,23.0,12.0,4.0,0.05657497656879881,0.0,matched_gini,0.1819644999995944
sonar,22,23.0,12.0,4.0,0.08041621761711427,0.0,mags_fixed,0.15937790000316454
sonar,22,23.0,12.0,4.0,0.08041621761711427,0.0,mags_binary_excluded,0.16154689999530092
sonar,22,23.0,12.0,4.0,0.04937968556652159,0.0,matched_gini_unrestricted,0.27715989999705926
sonar,22,23.0,12.0,4.0,0.11648404435362768,0.0,mags_fixed_unrestricted,0.2815822000047774
sonar,22,23.0,12.0,4.0,,,cart_fixed,0.001854400004958734
sonar,22,23.0,12.0,4.0,0.08041621761711427,0.0,mags_tuned,3.3421741999991355
sonar,22,7.0,4.0,2.0,,,cart_tuned_depth,0.024408900004345924
sonar,22,13.0,7.0,5.0,,,cart_pruned,0.021144700003787875
sonar,22,23.0,12.0,4.0,,,noise_augmented_cart,0.00345509999897331
sonar,22,,,,,,random_forest,0.08138650000182679
sonar,22,,,,,,extra_trees,0.04048999999940861
sonar,22,,,,,,linear_svm,0.0018726999987848103
sonar,22,,,,,,rbf_svm,0.0010344000038458034
sonar,23,21.0,11.0,4.0,0.03438789502741979,0.0,matched_gini,0.1633614000020316
sonar,23,21.0,11.0,4.0,0.08315826272099563,0.0,mags_fixed,0.16924949999520322
sonar,23,21.0,11.0,4.0,0.08315826272099563,0.0,mags_binary_excluded,0.18298749999667052
sonar,23,23.0,12.0,4.0,0.04059137928763269,0.0,matched_gini_unrestricted,0.3304199999984121
sonar,23,23.0,12.0,4.0,0.08915732562438039,0.0,mags_fixed_unrestricted,0.2943398999996134
sonar,23,21.0,11.0,4.0,,,cart_fixed,0.0017800999994506128
sonar,23,7.0,4.0,2.0,0.009374776705943173,0.0,mags_tuned,3.3705631000048015
sonar,23,7.0,4.0,2.0,,,cart_tuned_depth,0.017388000000210013
sonar,23,3.0,2.0,1.0,,,cart_pruned,0.015838900006201584
sonar,23,21.0,11.0,4.0,,,noise_augmented_cart,0.0030299999998533167
sonar,23,,,,,,random_forest,0.0711998000042513
sonar,23,,,,,,extra_trees,0.04543759999796748
sonar,23,,,,,,linear_svm,0.0018639999980223365
sonar,23,,,,,,rbf_svm,0.0009556000004522502
sonar,25,23.0,12.0,4.0,0.023533846562536872,0.0,matched_gini,0.15955969999777153
sonar,25,23.0,12.0,4.0,0.0778486367458803,0.0,mags_fixed,0.15838519999670098
sonar,25,23.0,12.0,4.0,0.0778486367458803,0.0,mags_binary_excluded,0.15183669999532867
sonar,25,23.0,12.0,4.0,0.01554414682154434,0.0,matched_gini_unrestricted,0.28089680000266526
sonar,25,23.0,12.0,4.0,0.13115224763716254,0.0,mags_fixed_unrestricted,0.22870569999940926
sonar,25,23.0,12.0,4.0,,,cart_fixed,0.0020696999999927357
sonar,25,29.0,15.0,6.0,0.10078589313822194,0.0,mags_tuned,3.368669300005422
sonar,25,7.0,4.0,2.0,,,cart_tuned_depth,0.01568530000076862
sonar,25,13.0,7.0,4.0,,,cart_pruned,0.016639699999359436
sonar,25,23.0,12.0,4.0,,,noise_augmented_cart,0.0032741000031819567
sonar,25,,,,,,random_forest,0.06478610000340268
sonar,25,,,,,,extra_trees,0.04049700000177836
sonar,25,,,,,,linear_svm,0.001916599998367019
sonar,25,,,,,,rbf_svm,0.0010279000052832998
sonar,24,19.0,10.0,4.0,0.019087252764805114,0.0,matched_gini,0.15877650000038557
sonar,24,21.0,11.0,4.0,0.09291581719259215,0.0,mags_fixed,0.15460069999971893
sonar,24,21.0,11.0,4.0,0.09291581719259215,0.0,mags_binary_excluded,0.14209560000017518
sonar,24,21.0,11.0,4.0,0.020669734376127492,0.0,matched_gini_unrestricted,0.30612119999568677
sonar,24,21.0,11.0,4.0,0.0860216858367228,0.0,mags_fixed_unrestricted,0.2526715000058175
sonar,24,19.0,10.0,4.0,,,cart_fixed,0.0020581999997375533
sonar,24,21.0,11.0,4.0,0.1008527527264752,0.0,mags_tuned,3.6450726999973995
sonar,24,7.0,4.0,2.0,,,cart_tuned_depth,0.015918699995381758
sonar,24,5.0,3.0,2.0,,,cart_pruned,0.022536399999808054
sonar,24,25.0,13.0,4.0,,,noise_augmented_cart,0.003406099996936973
sonar,24,,,,,,random_forest,0.06622699999570614
sonar,24,,,,,,extra_trees,0.040219800001068506
sonar,24,,,,,,linear_svm,0.0025977999976021238
sonar,24,,,,,,rbf_svm,0.000990000000456348
sonar,26,19.0,10.0,4.0,0.03526262837816377,0.0,matched_gini,0.1526088000027812
sonar,26,19.0,10.0,4.0,0.04098658516728873,0.0,mags_fixed,0.18043899999611313
sonar,26,19.0,10.0,4.0,0.04098658516728873,0.0,mags_binary_excluded,0.1381734000024153
sonar,26,21.0,11.0,4.0,0.04054081839304722,0.0,matched_gini_unrestricted,0.2718165999976918
sonar,26,21.0,11.0,4.0,0.09010563323449466,0.0,mags_fixed_unrestricted,0.40719269999681273
sonar,26,25.0,13.0,4.0,,,cart_fixed,0.0030067000043345615
sonar,26,19.0,10.0,4.0,0.04098658516728873,0.0,mags_tuned,3.469797700003255
sonar,26,7.0,4.0,2.0,,,cart_tuned_depth,0.01631739999720594
sonar,26,3.0,2.0,1.0,,,cart_pruned,0.03040830000099959
sonar,26,27.0,14.0,4.0,,,noise_augmented_cart,0.0034461999966879375
sonar,26,,,,,,random_forest,0.0677099000022281
sonar,26,,,,,,extra_trees,0.05824610000126995
sonar,26,,,,,,linear_svm,0.001818299999285955
sonar,26,,,,,,rbf_svm,0.0009831000061240047
sonar,27,25.0,13.0,4.0,0.02351234592260525,0.0,matched_gini,0.17697040000348352
sonar,27,23.0,12.0,4.0,0.07692166436005715,0.0,mags_fixed,0.20980459999555023
sonar,27,23.0,12.0,4.0,0.07692166436005715,0.0,mags_binary_excluded,0.24722359999577748
sonar,27,23.0,12.0,4.0,0.0620293728298424,0.0,matched_gini_unrestricted,0.34342730000207666
sonar,27,23.0,12.0,4.0,0.07884866830970096,0.0,mags_fixed_unrestricted,0.26217560000077356
sonar,27,21.0,11.0,4.0,,,cart_fixed,0.002111400004650932
sonar,27,15.0,8.0,3.0,0.05101637959300168,0.0,mags_tuned,3.455054599995492
sonar,27,7.0,4.0,2.0,,,cart_tuned_depth,0.015993699998944066
sonar,27,23.0,12.0,5.0,,,cart_pruned,0.020607300000847317
sonar,27,23.0,12.0,4.0,,,noise_augmented_cart,0.004824999996344559
sonar,27,,,,,,random_forest,0.06615900000178954
sonar,27,,,,,,extra_trees,0.04020419999869773
sonar,27,,,,,,linear_svm,0.0017828999989433214
sonar,27,,,,,,rbf_svm,0.0012158999961684458
synthetic_xor,0,11.0,6.0,3.0,0.14398232255686114,0.0,matched_gini,0.023141500001656823
synthetic_xor,0,11.0,6.0,3.0,0.14398232255686114,0.0,mags_fixed,0.022666200005915016
synthetic_xor,0,11.0,6.0,3.0,0.14398232255686114,0.0,mags_binary_excluded,0.023960400001669768
synthetic_xor,0,11.0,6.0,3.0,0.08526451163080877,0.0,matched_gini_unrestricted,0.02602830000250833
synthetic_xor,0,11.0,6.0,3.0,0.08526451163080877,0.0,mags_fixed_unrestricted,0.02602179999666987
synthetic_xor,0,11.0,6.0,3.0,,,cart_fixed,0.001316200003202539
synthetic_xor,0,19.0,10.0,5.0,0.3058368280768855,0.0,mags_tuned,0.7545231999974931
synthetic_xor,0,15.0,8.0,4.0,,,cart_tuned_depth,0.011558800004422665
synthetic_xor,0,19.0,10.0,5.0,,,cart_pruned,0.01020530000096187
synthetic_xor,0,9.0,5.0,3.0,,,noise_augmented_cart,0.0014020999951753765
synthetic_xor,0,,,,,,random_forest,0.08027869999932591
synthetic_xor,0,,,,,,extra_trees,0.041931100000510924
synthetic_xor,0,,,,,,linear_svm,0.014704499997606035
synthetic_xor,0,,,,,,rbf_svm,0.0011081999982707202
synthetic_xor,1,11.0,6.0,3.0,0.14329230086444236,0.0,matched_gini,0.023738399999274407
synthetic_xor,1,11.0,6.0,3.0,0.14329230086444236,0.0,mags_fixed,0.030334999995830003
synthetic_xor,1,11.0,6.0,3.0,0.14329230086444236,0.0,mags_binary_excluded,0.04835580000508344
synthetic_xor,1,11.0,6.0,3.0,0.08590147962562185,0.0,matched_gini_unrestricted,0.02219679999689106
synthetic_xor,1,11.0,6.0,3.0,0.08590147962562185,0.0,mags_fixed_unrestricted,0.02698949999467004
synthetic_xor,1,11.0,6.0,3.0,,,cart_fixed,0.0011484999995445833
synthetic_xor,1,19.0,10.0,5.0,0.23357091249956058,0.0,mags_tuned,0.7687971999985166
synthetic_xor,1,19.0,10.0,5.0,,,cart_tuned_depth,0.01240670000697719
synthetic_xor,1,19.0,10.0,5.0,,,cart_pruned,0.012142599996877834
synthetic_xor,1,11.0,6.0,3.0,,,noise_augmented_cart,0.0012175999945611693
synthetic_xor,1,,,,,,random_forest,0.06731410000065807
synthetic_xor,1,,,,,,extra_trees,0.04957999999896856
synthetic_xor,1,,,,,,linear_svm,0.013608399996883236
synthetic_xor,1,,,,,,rbf_svm,0.0010966999980155379
synthetic_xor,2,9.0,5.0,3.0,0.08511293119014737,0.0,matched_gini,0.028764300004695542
synthetic_xor,2,9.0,5.0,3.0,0.08511293119014737,0.0,mags_fixed,0.024570300003688317
synthetic_xor,2,9.0,5.0,3.0,0.08511293119014737,0.0,mags_binary_excluded,0.024062600001343526
synthetic_xor,2,13.0,7.0,3.0,0.0799702360463984,0.0,matched_gini_unrestricted,0.026974800006428268
synthetic_xor,2,13.0,7.0,3.0,0.0915721012872715,0.0,mags_fixed_unrestricted,0.022367099998518825
synthetic_xor,2,11.0,6.0,3.0,,,cart_fixed,0.000964300001214724
synthetic_xor,2,21.0,11.0,6.0,0.22267540928167628,0.0,mags_tuned,0.8030891999951564
synthetic_xor,2,11.0,6.0,3.0,,,cart_tuned_depth,0.009043400001246482
synthetic_xor,2,15.0,8.0,4.0,,,cart_pruned,0.006121000005805399
synthetic_xor,2,9.0,5.0,3.0,,,noise_augmented_cart,0.0012501000019256026
synthetic_xor,2,,,,,,random_forest,0.07925960000284249
synthetic_xor,2,,,,,,extra_trees,0.0667814999978873
synthetic_xor,2,,,,,,linear_svm,0.024478999999701045
synthetic_xor,2,,,,,,rbf_svm,0.0018559000018285587
synthetic_xor,3,7.0,4.0,3.0,0.008531996224244984,0.0,matched_gini,0.03361910000239732
synthetic_xor,3,7.0,4.0,3.0,0.008531996224244984,0.0,mags_fixed,0.04557760000170674
synthetic_xor,3,7.0,4.0,3.0,0.008531996224244984,0.0,mags_binary_excluded,0.07272540000121808
synthetic_xor,3,13.0,7.0,3.0,0.10032750027867073,0.0,matched_gini_unrestricted,0.05311470000015106
synthetic_xor,3,13.0,7.0,3.0,0.10420376387537084,0.0,mags_fixed_unrestricted,0.052591399995435495
synthetic_xor,3,7.0,4.0,3.0,,,cart_fixed,0.001233000002685003
synthetic_xor,3,19.0,10.0,6.0,0.15606007353886395,0.0,mags_tuned,0.775121600003331
synthetic_xor,3,11.0,6.0,4.0,,,cart_tuned_depth,0.010762999998405576
synthetic_xor,3,19.0,10.0,6.0,,,cart_pruned,0.010204699996393174
synthetic_xor,3,9.0,5.0,3.0,,,noise_augmented_cart,0.0015255999969667755
synthetic_xor,3,,,,,,random_forest,0.0812355000016396
synthetic_xor,3,,,,,,extra_trees,0.03825420000066515
synthetic_xor,3,,,,,,linear_svm,0.012001700000837445
synthetic_xor,3,,,,,,rbf_svm,0.001229300003615208
sonar,28,25.0,13.0,4.0,0.047985930947358056,0.0,matched_gini,0.17072290000214707
sonar,28,25.0,13.0,4.0,0.09692889289831637,0.0,mags_fixed,0.1751083999988623
sonar,28,25.0,13.0,4.0,0.09692889289831637,0.0,mags_binary_excluded,0.15049659999931464
sonar,28,21.0,11.0,4.0,0.03377688205849043,0.0,matched_gini_unrestricted,0.25191919999633683
sonar,28,21.0,11.0,4.0,0.12410510772268131,0.0,mags_fixed_unrestricted,0.2531273999993573
sonar,28,19.0,10.0,4.0,,,cart_fixed,0.0015464999960386194
sonar,28,15.0,8.0,3.0,0.020887867359869618,0.0,mags_tuned,3.4794039000043995
sonar,28,7.0,4.0,2.0,,,cart_tuned_depth,0.014755800002603792
sonar,28,5.0,3.0,2.0,,,cart_pruned,0.019250800003646873
sonar,28,25.0,13.0,4.0,,,noise_augmented_cart,0.0038075999982538633
sonar,28,,,,,,random_forest,0.13313380000181496
sonar,28,,,,,,extra_trees,0.05302949999895645
sonar,28,,,,,,linear_svm,0.002096799995342735
sonar,28,,,,,,rbf_svm,0.0011892999973497353
sonar,29,21.0,11.0,4.0,0.01955084581003974,0.0,matched_gini,0.1406007999976282
sonar,29,21.0,11.0,4.0,0.049602163132596674,0.0,mags_fixed,0.14522410000063246
sonar,29,21.0,11.0,4.0,0.049602163132596674,0.0,mags_binary_excluded,0.14254600000276696
sonar,29,21.0,11.0,4.0,0.017209844472198255,0.0,matched_gini_unrestricted,0.24082300000009127
sonar,29,21.0,11.0,4.0,0.02940097473250532,0.0,mags_fixed_unrestricted,0.27413359999627573
sonar,29,21.0,11.0,4.0,,,cart_fixed,0.0021436000024550594
sonar,29,7.0,4.0,2.0,0.009903167846266454,0.0,mags_tuned,3.9171448000051896
sonar,29,7.0,4.0,2.0,,,cart_tuned_depth,0.017816699997638352
sonar,29,15.0,8.0,4.0,,,cart_pruned,0.016961000001174398
sonar,29,25.0,13.0,4.0,,,noise_augmented_cart,0.0033657000021776184
sonar,29,,,,,,random_forest,0.06425909999961732
sonar,29,,,,,,extra_trees,0.041887400002451614
sonar,29,,,,,,linear_svm,0.0016895000007934868
sonar,29,,,,,,rbf_svm,0.0010368000002927147
synthetic_xor,4,11.0,6.0,3.0,0.2884119208174248,0.0,matched_gini,0.017268800002057105
synthetic_xor,4,11.0,6.0,3.0,0.2884119208174248,0.0,mags_fixed,0.035768300003837794
synthetic_xor,4,11.0,6.0,3.0,0.2884119208174248,0.0,mags_binary_excluded,0.026274599993485026
synthetic_xor,4,11.0,6.0,3.0,0.09612497852644812,0.0,matched_gini_unrestricted,0.03789369999867631
synthetic_xor,4,11.0,6.0,3.0,0.09612497852644812,0.0,mags_fixed_unrestricted,0.04051220000110334
synthetic_xor,4,11.0,6.0,3.0,,,cart_fixed,0.001561600001878105
synthetic_xor,4,11.0,6.0,3.0,0.2884119208174248,0.0,mags_tuned,0.8702061000003596
synthetic_xor,4,19.0,10.0,5.0,,,cart_tuned_depth,0.012171000002126675
synthetic_xor,4,23.0,12.0,6.0,,,cart_pruned,0.009919799995259382
synthetic_xor,4,11.0,6.0,3.0,,,noise_augmented_cart,0.0013781000016024336
synthetic_xor,4,,,,,,random_forest,0.11424260000057984
synthetic_xor,4,,,,,,extra_trees,0.03974689999449765
synthetic_xor,4,,,,,,linear_svm,0.015674900001613423
synthetic_xor,4,,,,,,rbf_svm,0.0010862999988603406
synthetic_xor,5,9.0,5.0,3.0,0.09232551407433613,0.0,matched_gini,0.02719799999613315
synthetic_xor,5,9.0,5.0,3.0,0.09232551407433613,0.0,mags_fixed,0.02762839999923017
synthetic_xor,5,9.0,5.0,3.0,0.09232551407433613,0.0,mags_binary_excluded,0.03260259999660775
synthetic_xor,5,13.0,7.0,3.0,0.1115568057604371,0.0,matched_gini_unrestricted,0.03070109999680426
synthetic_xor,5,13.0,7.0,3.0,0.1115568057604371,0.0,mags_fixed_unrestricted,0.03318859999853885
synthetic_xor,5,9.0,5.0,3.0,,,cart_fixed,0.001334399996267166
synthetic_xor,5,17.0,9.0,5.0,0.22719557976814653,0.0,mags_tuned,0.6191951000000699
synthetic_xor,5,17.0,9.0,5.0,,,cart_tuned_depth,0.012305099997320212
synthetic_xor,5,17.0,9.0,5.0,,,cart_pruned,0.016637600005196873
synthetic_xor,5,11.0,6.0,3.0,,,noise_augmented_cart,0.0013832999975420535
synthetic_xor,5,,,,,,random_forest,0.0757625000042026
synthetic_xor,5,,,,,,extra_trees,0.041180899999744724
synthetic_xor,5,,,,,,linear_svm,0.01516039999842178
synthetic_xor,5,,,,,,rbf_svm,0.0011256999932811595
synthetic_xor,6,9.0,5.0,3.0,0.14450654419408093,0.0,matched_gini,0.02335540000058245
synthetic_xor,6,9.0,5.0,3.0,0.14450654419408093,0.0,mags_fixed,0.02607499999430729
synthetic_xor,6,9.0,5.0,3.0,0.14450654419408093,0.0,mags_binary_excluded,0.024404099996900186
synthetic_xor,6,11.0,6.0,3.0,0.09512219125969616,0.0,matched_gini_unrestricted,0.027067499999247957
synthetic_xor,6,11.0,6.0,3.0,0.09512219125969616,0.0,mags_fixed_unrestricted,0.028575399999681395
synthetic_xor,6,9.0,5.0,3.0,,,cart_fixed,0.0012223000012454577
synthetic_xor,6,9.0,5.0,3.0,0.14450654419408093,0.0,mags_tuned,0.5780284000065876
synthetic_xor,6,13.0,7.0,4.0,,,cart_tuned_depth,0.012009199999738485
synthetic_xor,6,21.0,11.0,6.0,,,cart_pruned,0.005252200004179031
synthetic_xor,6,9.0,5.0,3.0,,,noise_augmented_cart,0.0015214999948511831
synthetic_xor,6,,,,,,random_forest,0.1413306999966153
synthetic_xor,6,,,,,,extra_trees,0.04130010000517359
synthetic_xor,6,,,,,,linear_svm,0.015438199996424373
synthetic_xor,6,,,,,,rbf_svm,0.0011366999970050529
synthetic_xor,7,11.0,6.0,3.0,0.19872856999741478,0.0,matched_gini,0.04895050000050105
synthetic_xor,7,11.0,6.0,3.0,0.19872856999741478,0.0,mags_fixed,0.024423700000625104
synthetic_xor,7,11.0,6.0,3.0,0.19872856999741478,0.0,mags_binary_excluded,0.023626400005014148
synthetic_xor,7,11.0,6.0,3.0,0.07337137036203102,0.0,matched_gini_unrestricted,0.02726270000130171
synthetic_xor,7,11.0,6.0,3.0,0.07337137036203102,0.0,mags_fixed_unrestricted,0.027186999999685213
synthetic_xor,7,11.0,6.0,3.0,,,cart_fixed,0.0011555999953998253
synthetic_xor,7,11.0,6.0,3.0,0.19872856999741478,0.0,mags_tuned,0.5285712999975658
synthetic_xor,7,15.0,8.0,4.0,,,cart_tuned_depth,0.011714399995980784
synthetic_xor,7,15.0,8.0,4.0,,,cart_pruned,0.003388400000403635
synthetic_xor,7,11.0,6.0,3.0,,,noise_augmented_cart,0.0013620999961858615
synthetic_xor,7,,,,,,random_forest,0.07982189999893308
synthetic_xor,7,,,,,,extra_trees,0.04125489999569254
synthetic_xor,7,,,,,,linear_svm,0.01507839999976568
synthetic_xor,7,,,,,,rbf_svm,0.0010523999953875318
synthetic_xor,8,11.0,6.0,3.0,0.2009891923134212,0.0,matched_gini,0.024147299998730887
synthetic_xor,8,11.0,6.0,3.0,0.2009891923134212,0.0,mags_fixed,0.023630799994862173
synthetic_xor,8,11.0,6.0,3.0,0.2009891923134212,0.0,mags_binary_excluded,0.023620599997229874
synthetic_xor,8,11.0,6.0,3.0,0.12518975926289969,0.0,matched_gini_unrestricted,0.027613700003712438
synthetic_xor,8,11.0,6.0,3.0,0.12518975926289969,0.0,mags_fixed_unrestricted,0.02952710000681691
synthetic_xor,8,11.0,6.0,3.0,,,cart_fixed,0.0011631000015768223
synthetic_xor,8,21.0,11.0,6.0,0.2423261233844281,0.0,mags_tuned,0.5704138000000967
synthetic_xor,8,19.0,10.0,5.0,,,cart_tuned_depth,0.012013999999908265
synthetic_xor,8,19.0,10.0,5.0,,,cart_pruned,0.00797499999316642
synthetic_xor,8,11.0,6.0,3.0,,,noise_augmented_cart,0.0013591999959317036
synthetic_xor,8,,,,,,random_forest,0.0794566999975359
synthetic_xor,8,,,,,,extra_trees,0.047434899999643676
synthetic_xor,8,,,,,,linear_svm,0.01797179999994114
synthetic_xor,8,,,,,,rbf_svm,0.0012062000023433939
synthetic_xor,9,7.0,4.0,3.0,0.0016644944125587386,0.0,matched_gini,0.023806200006220024
synthetic_xor,9,7.0,4.0,3.0,0.0016644944125587386,0.0,mags_fixed,0.02358989999629557
synthetic_xor,9,7.0,4.0,3.0,0.0016644944125587386,0.0,mags_binary_excluded,0.024691600003279746
synthetic_xor,9,11.0,6.0,3.0,0.11460061393585685,0.0,matched_gini_unrestricted,0.028418100002454594
synthetic_xor,9,11.0,6.0,3.0,0.11460061393585685,0.0,mags_fixed_unrestricted,0.03128709999873536
synthetic_xor,9,9.0,5.0,3.0,,,cart_fixed,0.001171999996586237
synthetic_xor,9,17.0,9.0,6.0,0.1599690166922954,0.0,mags_tuned,0.6094729999967967
synthetic_xor,9,23.0,12.0,7.0,,,cart_tuned_depth,0.01312060000054771
synthetic_xor,9,23.0,12.0,7.0,,,cart_pruned,0.007996799999091309
synthetic_xor,9,11.0,6.0,3.0,,,noise_augmented_cart,0.0013818000006722286
synthetic_xor,9,,,,,,random_forest,0.0714122999997926
synthetic_xor,9,,,,,,extra_trees,0.04230210000241641
synthetic_xor,9,,,,,,linear_svm,0.01564850000431761
synthetic_xor,9,,,,,,rbf_svm,0.001196099998196587
synthetic_xor,10,11.0,6.0,3.0,0.2261593561109577,0.0,matched_gini,0.022849399996630382
synthetic_xor,10,11.0,6.0,3.0,0.2261593561109577,0.0,mags_fixed,0.022503099993627984
synthetic_xor,10,11.0,6.0,3.0,0.2261593561109577,0.0,mags_binary_excluded,0.02257649999955902
synthetic_xor,10,11.0,6.0,3.0,0.08277424837848804,0.0,matched_gini_unrestricted,0.02607690000149887
synthetic_xor,10,11.0,6.0,3.0,0.08277424837848804,0.0,mags_fixed_unrestricted,0.025940399995306507
synthetic_xor,10,11.0,6.0,3.0,,,cart_fixed,0.001153500001237262
synthetic_xor,10,15.0,8.0,4.0,0.27460050142678216,0.0,mags_tuned,0.6749909999998636
synthetic_xor,10,19.0,10.0,5.0,,,cart_tuned_depth,0.012590399994223844
synthetic_xor,10,23.0,12.0,6.0,,,cart_pruned,0.008053099998505786
synthetic_xor,10,11.0,6.0,3.0,,,noise_augmented_cart,0.0014872000028844923
synthetic_xor,10,,,,,,random_forest,0.07751609999831999
synthetic_xor,10,,,,,,extra_trees,0.04256349999923259
synthetic_xor,10,,,,,,linear_svm,0.016038000001572073
synthetic_xor,10,,,,,,rbf_svm,0.0011362000004737638
synthetic_xor,11,11.0,6.0,3.0,0.19455826660591996,0.0,matched_gini,0.0234377000015229
synthetic_xor,11,11.0,6.0,3.0,0.19455826660591996,0.0,mags_fixed,0.02418480000051204
synthetic_xor,11,11.0,6.0,3.0,0.19455826660591996,0.0,mags_binary_excluded,0.026706800003012177
synthetic_xor,11,13.0,7.0,3.0,0.09627683051837732,0.0,matched_gini_unrestricted,0.03255910000007134
synthetic_xor,11,13.0,7.0,3.0,0.09609918632777069,0.0,mags_fixed_unrestricted,0.03194939999957569
synthetic_xor,11,11.0,6.0,3.0,,,cart_fixed,0.001508999994257465
synthetic_xor,11,15.0,8.0,4.0,0.26499889680223165,0.0,mags_tuned,0.5294167999963975
synthetic_xor,11,15.0,8.0,4.0,,,cart_tuned_depth,0.011770900004194118
synthetic_xor,11,15.0,8.0,4.0,,,cart_pruned,0.008883499998773914
synthetic_xor,11,11.0,6.0,3.0,,,noise_augmented_cart,0.0013344999970286153
synthetic_xor,11,,,,,,random_forest,0.07131349999690428
synthetic_xor,11,,,,,,extra_trees,0.03970069999922998
synthetic_xor,11,,,,,,linear_svm,0.01415459999407176
synthetic_xor,11,,,,,,rbf_svm,0.0009735999992699362
synthetic_xor,12,11.0,6.0,3.0,0.20258117313458396,0.0,matched_gini,0.02168849999725353
synthetic_xor,12,11.0,6.0,3.0,0.20258117313458396,0.0,mags_fixed,0.021118099997693207
synthetic_xor,12,11.0,6.0,3.0,0.20258117313458396,0.0,mags_binary_excluded,0.02109970000310568
synthetic_xor,12,11.0,6.0,3.0,0.12017753423307623,0.0,matched_gini_unrestricted,0.02757220000057714
synthetic_xor,12,11.0,6.0,3.0,0.12017753423307623,0.0,mags_fixed_unrestricted,0.02494709999882616
synthetic_xor,12,11.0,6.0,3.0,,,cart_fixed,0.0010978999998769723
synthetic_xor,12,13.0,7.0,4.0,0.2431480512141738,0.0,mags_tuned,0.5109844999969937
synthetic_xor,12,13.0,7.0,4.0,,,cart_tuned_depth,0.011075999995227903
synthetic_xor,12,13.0,7.0,4.0,,,cart_pruned,0.005841600002895575
synthetic_xor,12,11.0,6.0,3.0,,,noise_augmented_cart,0.0012717999998130836
synthetic_xor,12,,,,,,random_forest,0.07113620000018273
synthetic_xor,12,,,,,,extra_trees,0.055385300001944415
synthetic_xor,12,,,,,,linear_svm,0.014927500000339933
synthetic_xor,12,,,,,,rbf_svm,0.0009369999970658682
synthetic_xor,13,11.0,6.0,3.0,0.20007616211108634,0.0,matched_gini,0.02137120000406867
synthetic_xor,13,11.0,6.0,3.0,0.20007616211108634,0.0,mags_fixed,0.01883570000063628
synthetic_xor,13,11.0,6.0,3.0,0.20007616211108634,0.0,mags_binary_excluded,0.02177990000200225
synthetic_xor,13,13.0,7.0,3.0,0.0247177717223159,0.0,matched_gini_unrestricted,0.023735800001304597
synthetic_xor,13,13.0,7.0,3.0,0.02900927650416223,0.0,mags_fixed_unrestricted,0.06767809999291785
synthetic_xor,13,11.0,6.0,3.0,,,cart_fixed,0.001363299998047296
synthetic_xor,13,13.0,7.0,4.0,0.23128766796255631,0.0,mags_tuned,0.4611204999964684
synthetic_xor,13,11.0,6.0,3.0,,,cart_tuned_depth,0.008927100003347732
synthetic_xor,13,11.0,6.0,3.0,,,cart_pruned,0.006038400002580602
synthetic_xor,13,11.0,6.0,3.0,,,noise_augmented_cart,0.0010855000000447035
synthetic_xor,13,,,,,,random_forest,0.055920099999639206
synthetic_xor,13,,,,,,extra_trees,0.04016000000410713
synthetic_xor,13,,,,,,linear_svm,0.015930499997921288
synthetic_xor,13,,,,,,rbf_svm,0.0010718999983510002
synthetic_xor,14,11.0,6.0,3.0,0.15723262988447942,0.0,matched_gini,0.023511700004746672
synthetic_xor,14,11.0,6.0,3.0,0.15723262988447942,0.0,mags_fixed,0.023277399996004533
synthetic_xor,14,11.0,6.0,3.0,0.15723262988447942,0.0,mags_binary_excluded,0.023232799998368137
synthetic_xor,14,11.0,6.0,3.0,0.0776086618539599,0.0,matched_gini_unrestricted,0.026686400000471622
synthetic_xor,14,11.0,6.0,3.0,0.0776086618539599,0.0,mags_fixed_unrestricted,0.026625799997418653
synthetic_xor,14,11.0,6.0,3.0,,,cart_fixed,0.0013050999987171963
synthetic_xor,14,17.0,9.0,5.0,0.23311457424280632,0.0,mags_tuned,0.6116413999989163
synthetic_xor,14,19.0,10.0,5.0,,,cart_tuned_depth,0.0107958000007784
synthetic_xor,14,23.0,12.0,6.0,,,cart_pruned,0.005106699994939845
synthetic_xor,14,11.0,6.0,3.0,,,noise_augmented_cart,0.0014632999955210835
synthetic_xor,14,,,,,,random_forest,0.07448310000472702
synthetic_xor,14,,,,,,extra_trees,0.04502670000510989
synthetic_xor,14,,,,,,linear_svm,0.01621560000057798
synthetic_xor,14,,,,,,rbf_svm,0.0013308999987202697
synthetic_xor,15,9.0,5.0,3.0,0.12620963220407322,0.0,matched_gini,0.03184029999829363
synthetic_xor,15,9.0,5.0,3.0,0.12620963220407322,0.0,mags_fixed,0.02065289999882225
synthetic_xor,15,9.0,5.0,3.0,0.12620963220407322,0.0,mags_binary_excluded,0.017501499998616055
synthetic_xor,15,11.0,6.0,3.0,0.08236886347065678,0.0,matched_gini_unrestricted,0.022533800001838244
synthetic_xor,15,11.0,6.0,3.0,0.08236886347065678,0.0,mags_fixed_unrestricted,0.02576009999756934
synthetic_xor,15,11.0,6.0,3.0,,,cart_fixed,0.0012458999990485609
synthetic_xor,15,21.0,11.0,6.0,0.2390185641707482,0.0,mags_tuned,0.8659418000024743
synthetic_xor,15,19.0,10.0,5.0,,,cart_tuned_depth,0.012087100003554951
synthetic_xor,15,23.0,12.0,6.0,,,cart_pruned,0.007759000000078231
synthetic_xor,15,11.0,6.0,3.0,,,noise_augmented_cart,0.001403900001605507
synthetic_xor,15,,,,,,random_forest,0.07141689999843948
synthetic_xor,15,,,,,,extra_trees,0.03997420000087004
synthetic_xor,15,,,,,,linear_svm,0.014566699996066745
synthetic_xor,15,,,,,,rbf_svm,0.0011472999976831488
synthetic_xor,16,11.0,6.0,3.0,0.13790358168143002,0.0,matched_gini,0.02352729999984149
synthetic_xor,16,11.0,6.0,3.0,0.13790358168143002,0.0,mags_fixed,0.023793700005626306
synthetic_xor,16,11.0,6.0,3.0,0.13790358168143002,0.0,mags_binary_excluded,0.023953500000061467
synthetic_xor,16,11.0,6.0,3.0,0.11272913167253576,0.0,matched_gini_unrestricted,0.029717699995671865
synthetic_xor,16,11.0,6.0,3.0,0.1578661341477974,0.0,mags_fixed_unrestricted,0.03465090000099735
synthetic_xor,16,11.0,6.0,3.0,,,cart_fixed,0.001148099996498786
synthetic_xor,16,17.0,9.0,5.0,0.22519797828712695,0.0,mags_tuned,0.5796214000001783
synthetic_xor,16,11.0,6.0,3.0,,,cart_tuned_depth,0.008151200003339909
synthetic_xor,16,19.0,10.0,5.0,,,cart_pruned,0.012414500000886619
synthetic_xor,16,11.0,6.0,3.0,,,noise_augmented_cart,0.0017259000014746562
synthetic_xor,16,,,,,,random_forest,0.11785179999424145
synthetic_xor,16,,,,,,extra_trees,0.05396450000262121
synthetic_xor,16,,,,,,linear_svm,0.023488600003474858
synthetic_xor,16,,,,,,rbf_svm,0.0015239999993355013
synthetic_xor,17,11.0,6.0,3.0,0.20448256738817344,0.0,matched_gini,0.023000900000624824
synthetic_xor,17,11.0,6.0,3.0,0.20448256738817344,0.0,mags_fixed,0.022843600003398024
synthetic_xor,17,11.0,6.0,3.0,0.20448256738817344,0.0,mags_binary_excluded,0.023307900002691895
synthetic_xor,17,13.0,7.0,3.0,0.10763042844884985,0.0,matched_gini_unrestricted,0.03607049999845913
synthetic_xor,17,13.0,7.0,3.0,0.10763042844884985,0.0,mags_fixed_unrestricted,0.030636199997388758
synthetic_xor,17,11.0,6.0,3.0,,,cart_fixed,0.0011946000013267621
synthetic_xor,17,15.0,8.0,4.0,0.2513284075082043,0.0,mags_tuned,0.6293267000000924
synthetic_xor,17,11.0,6.0,3.0,,,cart_tuned_depth,0.0127241000009235
synthetic_xor,17,11.0,6.0,3.0,,,cart_pruned,0.012854000000515953
synthetic_xor,17,11.0,6.0,3.0,,,noise_augmented_cart,0.002077000004646834
synthetic_xor,17,,,,,,random_forest,0.16122880000330042
synthetic_xor,17,,,,,,extra_trees,0.09314190000441158
synthetic_xor,17,,,,,,linear_svm,0.02300410000316333
synthetic_xor,17,,,,,,rbf_svm,0.0016421999971498735
synthetic_xor,18,11.0,6.0,3.0,0.17817316560473662,0.0,matched_gini,0.023929299997689668
synthetic_xor,18,11.0,6.0,3.0,0.17817316560473662,0.0,mags_fixed,0.020318000002589542
synthetic_xor,18,11.0,6.0,3.0,0.17817316560473662,0.0,mags_binary_excluded,0.01896880000276724
synthetic_xor,18,13.0,7.0,3.0,0.10024104193690786,0.0,matched_gini_unrestricted,0.04052159999992
synthetic_xor,18,13.0,7.0,3.0,0.10024104193690786,0.0,mags_fixed_unrestricted,0.02637459999823477
synthetic_xor,18,11.0,6.0,3.0,,,cart_fixed,0.0010162000035052188
synthetic_xor,18,19.0,10.0,5.0,0.24497728536274563,0.0,mags_tuned,0.6040550999969128
synthetic_xor,18,15.0,8.0,4.0,,,cart_tuned_depth,0.0116109000009601
synthetic_xor,18,15.0,8.0,4.0,,,cart_pruned,0.013664199999766424
synthetic_xor,18,11.0,6.0,3.0,,,noise_augmented_cart,0.0019090999994659796
synthetic_xor,18,,,,,,random_forest,0.09537060000002384
synthetic_xor,18,,,,,,extra_trees,0.04654160000063712
synthetic_xor,18,,,,,,linear_svm,0.014269100000092294
synthetic_xor,18,,,,,,rbf_svm,0.0010575999986031093
synthetic_xor,19,9.0,5.0,3.0,0.12526848855863396,0.0,matched_gini,0.04390150000108406
synthetic_xor,19,9.0,5.0,3.0,0.12526848855863396,0.0,mags_fixed,0.035274900001240894
synthetic_xor,19,9.0,5.0,3.0,0.12526848855863396,0.0,mags_binary_excluded,0.03396900000370806
synthetic_xor,19,11.0,6.0,3.0,0.10099610238179542,0.0,matched_gini_unrestricted,0.03965289999905508
synthetic_xor,19,11.0,6.0,3.0,0.10209750660122138,0.0,mags_fixed_unrestricted,0.01750500000343891
synthetic_xor,19,11.0,6.0,3.0,,,cart_fixed,0.0011264999993727542
synthetic_xor,19,19.0,10.0,6.0,0.17633020959290946,0.0,mags_tuned,0.743944099995133
synthetic_xor,19,15.0,8.0,4.0,,,cart_tuned_depth,0.02152310000383295
synthetic_xor,19,19.0,10.0,5.0,,,cart_pruned,0.01760669999930542
synthetic_xor,19,11.0,6.0,3.0,,,noise_augmented_cart,0.001142900000559166
synthetic_xor,19,,,,,,random_forest,0.07684980000340147
synthetic_xor,19,,,,,,extra_trees,0.043859400000656024
synthetic_xor,19,,,,,,linear_svm,0.0138470999954734
synthetic_xor,19,,,,,,rbf_svm,0.001505599997472018
synthetic_xor,20,11.0,6.0,3.0,0.15678232735863107,0.0,matched_gini,0.01748280000174418
synthetic_xor,20,11.0,6.0,3.0,0.15678232735863107,0.0,mags_fixed,0.01975329999550013
synthetic_xor,20,11.0,6.0,3.0,0.15678232735863107,0.0,mags_binary_excluded,0.03435249999893131
synthetic_xor,20,13.0,7.0,3.0,0.1089915525805703,0.0,matched_gini_unrestricted,0.032784800001536496
synthetic_xor,20,13.0,7.0,3.0,0.1089915525805703,0.0,mags_fixed_unrestricted,0.02730880000308389
synthetic_xor,20,11.0,6.0,3.0,,,cart_fixed,0.0011558999976841733
synthetic_xor,20,19.0,10.0,5.0,0.3036266522055819,0.0,mags_tuned,0.7226938999956474
synthetic_xor,20,15.0,8.0,4.0,,,cart_tuned_depth,0.00895479999599047
synthetic_xor,20,15.0,8.0,4.0,,,cart_pruned,0.007768499999656342
synthetic_xor,20,11.0,6.0,3.0,,,noise_augmented_cart,0.0019995999973616563
synthetic_xor,20,,,,,,random_forest,0.1465595999979996
synthetic_xor,20,,,,,,extra_trees,0.051303699998243246
synthetic_xor,20,,,,,,linear_svm,0.022430799996072892
synthetic_xor,20,,,,,,rbf_svm,0.0015552000040770508
synthetic_xor,21,11.0,6.0,3.0,0.2050749164612447,0.0,matched_gini,0.014382499997736886
synthetic_xor,21,11.0,6.0,3.0,0.2050749164612447,0.0,mags_fixed,0.03018080000038026
synthetic_xor,21,11.0,6.0,3.0,0.2050749164612447,0.0,mags_binary_excluded,0.02110940000420669
synthetic_xor,21,13.0,7.0,3.0,0.01648098810926742,0.0,matched_gini_unrestricted,0.020724099995277356
synthetic_xor,21,13.0,7.0,3.0,0.01648098810926742,0.0,mags_fixed_unrestricted,0.020748599999933504
synthetic_xor,21,11.0,6.0,3.0,,,cart_fixed,0.0013532000011764467
synthetic_xor,21,13.0,7.0,4.0,0.23788111057317182,0.0,mags_tuned,0.598652900000161
synthetic_xor,21,11.0,6.0,3.0,,,cart_tuned_depth,0.01964399999997113
synthetic_xor,21,11.0,6.0,3.0,,,cart_pruned,0.009893199996440671
synthetic_xor,21,9.0,5.0,3.0,,,noise_augmented_cart,0.0012401999993016943
synthetic_xor,21,,,,,,random_forest,0.14778819999628467
synthetic_xor,21,,,,,,extra_trees,0.06048539999756031
synthetic_xor,21,,,,,,linear_svm,0.01639699999941513
synthetic_xor,21,,,,,,rbf_svm,0.0009569999965606257
synthetic_xor,22,11.0,6.0,3.0,0.2020212616151363,0.0,matched_gini,0.021587999995972496
synthetic_xor,22,11.0,6.0,3.0,0.2020212616151363,0.0,mags_fixed,0.020697399995697197
synthetic_xor,22,11.0,6.0,3.0,0.2020212616151363,0.0,mags_binary_excluded,0.02073670000390848
synthetic_xor,22,11.0,6.0,3.0,0.12221327325621198,0.0,matched_gini_unrestricted,0.026614800000970718
synthetic_xor,22,11.0,6.0,3.0,0.12221327325621198,0.0,mags_fixed_unrestricted,0.026017399999545887
synthetic_xor,22,9.0,5.0,3.0,,,cart_fixed,0.0011712999985320494
synthetic_xor,22,15.0,8.0,4.0,0.2856905867974508,0.0,mags_tuned,0.8895621999981813
synthetic_xor,22,15.0,8.0,6.0,,,cart_tuned_depth,0.02517490000172984
synthetic_xor,22,35.0,18.0,11.0,,,cart_pruned,0.019964799997978844
synthetic_xor,22,11.0,6.0,3.0,,,noise_augmented_cart,0.0027329000004101545
synthetic_xor,22,,,,,,random_forest,0.13585719999537105
synthetic_xor,22,,,,,,extra_trees,0.07330039999942528
synthetic_xor,22,,,,,,linear_svm,0.025308299998869188
synthetic_xor,22,,,,,,rbf_svm,0.0016297999973176047
synthetic_xor,24,11.0,6.0,3.0,0.14798999092558535,0.0,matched_gini,0.023963799998455215
synthetic_xor,24,11.0,6.0,3.0,0.14798999092558535,0.0,mags_fixed,0.023377799996524118
synthetic_xor,24,11.0,6.0,3.0,0.14798999092558535,0.0,mags_binary_excluded,0.023594599995703902
synthetic_xor,24,11.0,6.0,3.0,0.0927434297511724,0.0,matched_gini_unrestricted,0.026687899997341447
synthetic_xor,24,11.0,6.0,3.0,0.11173331159210853,0.0,mags_fixed_unrestricted,0.02648609999596374
synthetic_xor,24,11.0,6.0,3.0,,,cart_fixed,0.0011614999966695905
synthetic_xor,24,19.0,10.0,5.0,0.2668086804846373,0.0,mags_tuned,0.6865900999982841
synthetic_xor,24,15.0,8.0,4.0,,,cart_tuned_depth,0.01205389999813633
synthetic_xor,24,15.0,8.0,4.0,,,cart_pruned,0.007648299993888941
synthetic_xor,24,11.0,6.0,3.0,,,noise_augmented_cart,0.001430700001947116
synthetic_xor,24,,,,,,random_forest,0.07293719999870518
synthetic_xor,24,,,,,,extra_trees,0.03540359999897191
synthetic_xor,24,,,,,,linear_svm,0.010659199993824586
synthetic_xor,24,,,,,,rbf_svm,0.000985800004855264
synthetic_xor,23,11.0,6.0,3.0,0.16325762951996178,0.0,matched_gini,0.017485199998191092
synthetic_xor,23,11.0,6.0,3.0,0.16608090458765196,0.0,mags_fixed,0.03540070000599371
synthetic_xor,23,11.0,6.0,3.0,0.16608090458765196,0.0,mags_binary_excluded,0.017580899999302346
synthetic_xor,23,13.0,7.0,3.0,0.02158929082472713,0.0,matched_gini_unrestricted,0.018575500005681533
synthetic_xor,23,13.0,7.0,3.0,0.02158929082472713,0.0,mags_fixed_unrestricted,0.05176719999872148
synthetic_xor,23,11.0,6.0,3.0,,,cart_fixed,0.001559399999678135
synthetic_xor,23,17.0,9.0,5.0,0.24742602697360416,0.0,mags_tuned,0.8745588000019779
synthetic_xor,23,11.0,6.0,3.0,,,cart_tuned_depth,0.014427699999941979
synthetic_xor,23,11.0,6.0,3.0,,,cart_pruned,0.008006899995962158
synthetic_xor,23,11.0,6.0,3.0,,,noise_augmented_cart,0.001691899997240398
synthetic_xor,23,,,,,,random_forest,0.1267604999957257
synthetic_xor,23,,,,,,extra_trees,0.06954759999644011
synthetic_xor,23,,,,,,linear_svm,0.011135499997180887
synthetic_xor,23,,,,,,rbf_svm,0.0008668000009492971
synthetic_xor,25,11.0,6.0,3.0,0.18488606858936354,0.0,matched_gini,0.024105800002871547
synthetic_xor,25,11.0,6.0,3.0,0.18488606858936354,0.0,mags_fixed,0.0236598999981652
synthetic_xor,25,11.0,6.0,3.0,0.18488606858936354,0.0,mags_binary_excluded,0.023232799998368137
synthetic_xor,25,11.0,6.0,3.0,0.18509577779633143,0.0,matched_gini_unrestricted,0.02657049999834271
synthetic_xor,25,11.0,6.0,3.0,0.18509577779633143,0.0,mags_fixed_unrestricted,0.026090100000146776
synthetic_xor,25,11.0,6.0,3.0,,,cart_fixed,0.0011089999970863573
synthetic_xor,25,23.0,12.0,6.0,0.2649458303219523,0.0,mags_tuned,0.746863200001826
synthetic_xor,25,21.0,11.0,6.0,,,cart_tuned_depth,0.010380899999290705
synthetic_xor,25,21.0,11.0,6.0,,,cart_pruned,0.00566380000236677
synthetic_xor,25,11.0,6.0,3.0,,,noise_augmented_cart,0.0011420000009820797
synthetic_xor,25,,,,,,random_forest,0.06736640000599436
synthetic_xor,25,,,,,,extra_trees,0.037507400003960356
synthetic_xor,25,,,,,,linear_svm,0.010763000005681533
synthetic_xor,25,,,,,,rbf_svm,0.004760700001497753
synthetic_xor,26,11.0,6.0,3.0,0.1898651595072514,0.0,matched_gini,0.019541000001481734
synthetic_xor,26,11.0,6.0,3.0,0.1898651595072514,0.0,mags_fixed,0.015405799997097347
synthetic_xor,26,11.0,6.0,3.0,0.1898651595072514,0.0,mags_binary_excluded,0.018693699996219948
synthetic_xor,26,13.0,7.0,3.0,0.09265464851631545,0.0,matched_gini_unrestricted,0.020934700005454943
synthetic_xor,26,13.0,7.0,3.0,0.09265464851631545,0.0,mags_fixed_unrestricted,0.019173799999407493
synthetic_xor,26,11.0,6.0,3.0,,,cart_fixed,0.0009251000010408461
synthetic_xor,26,11.0,6.0,3.0,0.1898651595072514,0.0,mags_tuned,0.5499318000001949
synthetic_xor,26,15.0,8.0,4.0,,,cart_tuned_depth,0.012736200005747378
synthetic_xor,26,15.0,8.0,4.0,,,cart_pruned,0.010690499999327585
synthetic_xor,26,11.0,6.0,3.0,,,noise_augmented_cart,0.0017942999984370545
synthetic_xor,26,,,,,,random_forest,0.09527160000288859
synthetic_xor,26,,,,,,extra_trees,0.05611290000524605
synthetic_xor,26,,,,,,linear_svm,0.018094499995640945
synthetic_xor,26,,,,,,rbf_svm,0.0013395999994827434
synthetic_xor,28,11.0,6.0,3.0,0.2017291807725993,0.0,matched_gini,0.016349999998055864
synthetic_xor,28,11.0,6.0,3.0,0.2017291807725993,0.0,mags_fixed,0.018846099999791477
synthetic_xor,28,11.0,6.0,3.0,0.2017291807725993,0.0,mags_binary_excluded,0.022599600000830833
synthetic_xor,28,13.0,7.0,3.0,0.0062988582478575965,0.0,matched_gini_unrestricted,0.02589550000266172
synthetic_xor,28,13.0,7.0,3.0,0.0062988582478575965,0.0,mags_fixed_unrestricted,0.0281533999950625
synthetic_xor,28,11.0,6.0,3.0,,,cart_fixed,0.0015406000020448118
synthetic_xor,28,13.0,7.0,4.0,0.24727743599755478,0.0,mags_tuned,0.7412595999994664
synthetic_xor,28,13.0,7.0,4.0,,,cart_tuned_depth,0.011544799999683164
synthetic_xor,28,13.0,7.0,4.0,,,cart_pruned,0.0059767999991890974
synthetic_xor,28,11.0,6.0,3.0,,,noise_augmented_cart,0.0012867000041296706
synthetic_xor,28,,,,,,random_forest,0.07265800000459421
synthetic_xor,28,,,,,,extra_trees,0.040000499997404404
synthetic_xor,28,,,,,,linear_svm,0.014401000000361819
synthetic_xor,28,,,,,,rbf_svm,0.0010284999953000806
synthetic_xor,27,7.0,4.0,3.0,0.002943647169970275,0.0,matched_gini,0.01658589999715332
synthetic_xor,27,7.0,4.0,3.0,0.002943647169970275,0.0,mags_fixed,0.0174059999990277
synthetic_xor,27,7.0,4.0,3.0,0.002943647169970275,0.0,mags_binary_excluded,0.016200300000491552
synthetic_xor,27,13.0,7.0,3.0,0.14364722351338496,0.0,matched_gini_unrestricted,0.02106900000217138
synthetic_xor,27,13.0,7.0,3.0,0.14364722351338496,0.0,mags_fixed_unrestricted,0.035143900000548456
synthetic_xor,27,9.0,5.0,3.0,,,cart_fixed,0.0011962999997194856
synthetic_xor,27,17.0,9.0,6.0,0.10367471300959244,0.0,mags_tuned,0.8279345000046305
synthetic_xor,27,25.0,13.0,7.0,,,cart_tuned_depth,0.014233499998226762
synthetic_xor,27,25.0,13.0,7.0,,,cart_pruned,0.01006089999282267
synthetic_xor,27,11.0,6.0,3.0,,,noise_augmented_cart,0.0014876999994157813
synthetic_xor,27,,,,,,random_forest,0.0888799000022118
synthetic_xor,27,,,,,,extra_trees,0.06259140000474872
synthetic_xor,27,,,,,,linear_svm,0.01416830000380287
synthetic_xor,27,,,,,,rbf_svm,0.0010771000015665777
synthetic_xor,29,11.0,6.0,3.0,0.19337974490678378,0.0,matched_gini,0.047779299995454494
synthetic_xor,29,11.0,6.0,3.0,0.19337974490678378,0.0,mags_fixed,0.02938920000451617
synthetic_xor,29,11.0,6.0,3.0,0.19337974490678378,0.0,mags_binary_excluded,0.07161679999990156
synthetic_xor,29,11.0,6.0,3.0,0.10758286430368655,0.0,matched_gini_unrestricted,0.03425270000298042
synthetic_xor,29,11.0,6.0,3.0,0.10758286430368655,0.0,mags_fixed_unrestricted,0.033769800000300165
synthetic_xor,29,11.0,6.0,3.0,,,cart_fixed,0.0015493000028072856
synthetic_xor,29,15.0,8.0,4.0,0.26042219665667027,0.0,mags_tuned,0.6056297999966773
synthetic_xor,29,15.0,8.0,4.0,,,cart_tuned_depth,0.013983199998619966
synthetic_xor,29,19.0,10.0,5.0,,,cart_pruned,0.012156600001617335
synthetic_xor,29,11.0,6.0,3.0,,,noise_augmented_cart,0.0013719999988097697
synthetic_xor,29,,,,,,random_forest,0.08448409999982687
synthetic_xor,29,,,,,,extra_trees,0.060064500001317356
synthetic_xor,29,,,,,,linear_svm,0.013800000000628643
synthetic_xor,29,,,,,,rbf_svm,0.0011506000009831041
spambase,2,51.0,26.0,6.0,0.010642434432502434,0.0,matched_gini,0.3081497000021045
spambase,2,51.0,26.0,6.0,0.012436263324508043,0.0,mags_fixed,0.25706880000507226
spambase,2,51.0,26.0,6.0,0.012436263324508043,0.0,mags_binary_excluded,0.33417029999691295
spambase,2,55.0,28.0,6.0,0.03070685931866382,0.0,matched_gini_unrestricted,0.4724781000040821
spambase,2,55.0,28.0,6.0,0.042810734771843974,0.0,mags_fixed_unrestricted,0.5694042999966769
spambase,2,53.0,27.0,6.0,,,cart_fixed,0.01352999999653548
spambase,2,25.0,13.0,4.0,0.015929484899687717,0.0,mags_tuned,8.67627899999934
spambase,2,89.0,45.0,10.0,,,cart_tuned_depth,0.068935600000259
spambase,2,19.0,10.0,6.0,,,cart_pruned,0.19852820000232896
spambase,2,57.0,29.0,6.0,,,noise_augmented_cart,0.059051399999589194
spambase,2,,,,,,random_forest,0.11985550000099465
spambase,2,,,,,,extra_trees,0.05668599999626167
spambase,2,,,,,,linear_svm,0.06697060000442434
spambase,2,,,,,,rbf_svm,0.03618319999804953
spambase,0,63.0,32.0,6.0,0.0321825069990385,0.0,matched_gini,0.38857300000381656
spambase,0,63.0,32.0,6.0,0.032994178796655955,0.0,mags_fixed,0.39588939999521244
spambase,0,63.0,32.0,6.0,0.032994178796655955,0.0,mags_binary_excluded,0.27379909999581287
spambase,0,63.0,32.0,6.0,0.025547587516808183,0.0,matched_gini_unrestricted,0.42637500000273576
spambase,0,65.0,33.0,6.0,0.030934168809558495,0.0,mags_fixed_unrestricted,0.5433966999989934
spambase,0,63.0,32.0,6.0,,,cart_fixed,0.012441200000466779
spambase,0,27.0,14.0,4.0,0.016156113096263826,0.0,mags_tuned,9.28629920000094
spambase,0,153.0,77.0,21.0,,,cart_tuned_depth,0.08590259999618866
spambase,0,33.0,17.0,7.0,,,cart_pruned,0.16487179999967339
spambase,0,73.0,37.0,6.0,,,noise_augmented_cart,0.05516390000411775
spambase,0,,,,,,random_forest,0.13541609999811044
spambase,0,,,,,,extra_trees,0.05916859999706503
spambase,0,,,,,,linear_svm,0.07876399999804562
spambase,0,,,,,,rbf_svm,0.03812859999743523
spambase,3,55.0,28.0,6.0,0.012525187724072377,0.0,matched_gini,0.2494003999963752
spambase,3,55.0,28.0,6.0,0.0170189074060939,0.0,mags_fixed,0.2662181999985478
spambase,3,55.0,28.0,6.0,0.0170189074060939,0.0,mags_binary_excluded,0.396467800004757
spambase,3,53.0,27.0,6.0,0.014121067002994482,0.0,matched_gini_unrestricted,0.4837820000029751
spambase,3,49.0,25.0,6.0,0.013589627239094413,0.0,mags_fixed_unrestricted,0.5666334999987157
spambase,3,53.0,27.0,6.0,,,cart_fixed,0.012321400005021133
spambase,3,77.0,39.0,7.0,0.02285248705427212,0.0,mags_tuned,8.827550100002554
spambase,3,53.0,27.0,6.0,,,cart_tuned_depth,0.11248920000070939
spambase,3,23.0,12.0,6.0,,,cart_pruned,0.18926880000071833
spambase,3,61.0,31.0,6.0,,,noise_augmented_cart,0.05143510000198148
spambase,3,,,,,,random_forest,0.1209076000013738
spambase,3,,,,,,extra_trees,0.062472099998558406
spambase,3,,,,,,linear_svm,0.07580519999464741
spambase,3,,,,,,rbf_svm,0.0385113000011188
spambase,1,57.0,29.0,6.0,0.024501384846601745,0.0,matched_gini,0.307497500005411
spambase,1,55.0,28.0,6.0,0.026381600365491014,0.0,mags_fixed,0.24703959999897052
spambase,1,55.0,28.0,6.0,0.026381600365491014,0.0,mags_binary_excluded,0.33468980000179727
spambase,1,57.0,29.0,6.0,0.029012551748696026,0.0,matched_gini_unrestricted,0.4731552999946871
spambase,1,55.0,28.0,6.0,0.0315728770940923,0.0,mags_fixed_unrestricted,0.4784224999966682
spambase,1,57.0,29.0,6.0,,,cart_fixed,0.01582110000163084
spambase,1,75.0,38.0,7.0,0.02753740833526439,0.0,mags_tuned,9.240064800003893
spambase,1,103.0,52.0,10.0,,,cart_tuned_depth,0.06833069999993313
spambase,1,21.0,11.0,5.0,,,cart_pruned,0.1341307000038796
spambase,1,55.0,28.0,6.0,,,noise_augmented_cart,0.07554079999681562
spambase,1,,,,,,random_forest,0.12765390000276966
spambase,1,,,,,,extra_trees,0.05689239999628626
spambase,1,,,,,,linear_svm,0.06597420000616694
spambase,1,,,,,,rbf_svm,0.06401860000187298
spambase,6,57.0,29.0,6.0,0.024781301579071352,0.0,matched_gini,0.34361169999465346
spambase,6,55.0,28.0,6.0,0.03439578729337226,0.0,mags_fixed,0.47396659999503754
spambase,6,55.0,28.0,6.0,0.03439578729337226,0.0,mags_binary_excluded,0.4854503000024124
spambase,6,55.0,28.0,6.0,0.019368578978597163,0.0,matched_gini_unrestricted,0.5137093000012101
spambase,6,55.0,28.0,6.0,0.029733581794093873,0.0,mags_fixed_unrestricted,0.5407344999985071
spambase,6,51.0,26.0,6.0,,,cart_fixed,0.010864799995033536
spambase,6,67.0,34.0,7.0,0.029954497331905826,0.0,mags_tuned,9.455137200005993
spambase,6,51.0,26.0,6.0,,,cart_tuned_depth,0.06083980000403244
spambase,6,45.0,23.0,9.0,,,cart_pruned,0.131682200000796
spambase,6,59.0,30.0,6.0,,,noise_augmented_cart,0.050854000000981614
spambase,6,,,,,,random_forest,0.1761534999968717
spambase,6,,,,,,extra_trees,0.045370600004389416
spambase,6,,,,,,linear_svm,0.05109200000151759
spambase,6,,,,,,rbf_svm,0.03429419999883976
spambase,7,65.0,33.0,6.0,0.03924909882631382,0.0,matched_gini,0.37804059999325546
spambase,7,65.0,33.0,6.0,0.04031479970944852,0.0,mags_fixed,0.5572232999984408
spambase,7,65.0,33.0,6.0,0.04031479970944852,0.0,mags_binary_excluded,0.4271006999988458
spambase,7,53.0,27.0,6.0,0.03047525932991528,0.0,matched_gini_unrestricted,0.3983825000032084
spambase,7,53.0,27.0,6.0,0.04581246720307386,0.0,mags_fixed_unrestricted,0.5206706000026315
spambase,7,55.0,28.0,6.0,,,cart_fixed,0.01106900000013411
spambase,7,65.0,33.0,6.0,0.0394396133730598,0.0,mags_tuned,9.86645480000152
spambase,7,23.0,12.0,4.0,,,cart_tuned_depth,0.06143669999437407
spambase,7,19.0,10.0,5.0,,,cart_pruned,0.13940150000416907
spambase,7,55.0,28.0,6.0,,,noise_augmented_cart,0.0540709999986575
spambase,7,,,,,,random_forest,0.13684959999955026
spambase,7,,,,,,extra_trees,0.05797370000072988
spambase,7,,,,,,linear_svm,0.06673399999999674
spambase,7,,,,,,rbf_svm,0.03604030000133207
spambase,4,53.0,27.0,6.0,0.02056067154914816,0.0,matched_gini,0.40168209999683313
spambase,4,53.0,27.0,6.0,0.02056067154914816,0.0,mags_fixed,0.4210665999999037
spambase,4,53.0,27.0,6.0,0.02056067154914816,0.0,mags_binary_excluded,0.5635012999991886
spambase,4,61.0,31.0,6.0,0.0295090139031169,0.0,matched_gini_unrestricted,0.5772013000023435
spambase,4,61.0,31.0,6.0,0.03201110448426169,0.0,mags_fixed_unrestricted,0.5623731000014232
spambase,4,65.0,33.0,6.0,,,cart_fixed,0.011562499996216502
spambase,4,53.0,27.0,6.0,0.02056067154914816,0.0,mags_tuned,9.96582479999779
spambase,4,161.0,81.0,16.0,,,cart_tuned_depth,0.07800980000320124
spambase,4,27.0,14.0,5.0,,,cart_pruned,0.20369729999947594
spambase,4,75.0,38.0,6.0,,,noise_augmented_cart,0.053406099999847356
spambase,4,,,,,,random_forest,0.1307500999973854
spambase,4,,,,,,extra_trees,0.0559958000012557
spambase,4,,,,,,linear_svm,0.07005869999557035
spambase,4,,,,,,rbf_svm,0.030046799998672213
spambase,5,61.0,31.0,6.0,0.03038762364677155,0.0,matched_gini,0.3616429000030621
spambase,5,61.0,31.0,6.0,0.037943179202327114,0.0,mags_fixed,0.5706064999976661
spambase,5,61.0,31.0,6.0,0.037943179202327114,0.0,mags_binary_excluded,0.5072096000003512
spambase,5,59.0,30.0,6.0,0.03920148629724525,0.0,matched_gini_unrestricted,0.554663700000674
spambase,5,59.0,30.0,6.0,0.04115896620390846,0.0,mags_fixed_unrestricted,0.462808700001915
spambase,5,57.0,29.0,6.0,,,cart_fixed,0.009503900000709109
spambase,5,109.0,55.0,9.0,0.0369487839057533,0.0,mags_tuned,10.037671400001273
spambase,5,43.0,22.0,5.0,,,cart_tuned_depth,0.0599445999978343
spambase,5,27.0,14.0,6.0,,,cart_pruned,0.17028900000150315
spambase,5,61.0,31.0,6.0,,,noise_augmented_cart,0.05031079999753274
spambase,5,,,,,,random_forest,0.1700972000035108
spambase,5,,,,,,extra_trees,0.05996959999902174
spambase,5,,,,,,linear_svm,0.06073579999792855
spambase,5,,,,,,rbf_svm,0.034820499997294974
spambase,8,63.0,32.0,6.0,0.026743935831615592,0.0,matched_gini,0.3483418999967398
spambase,8,63.0,32.0,6.0,0.028073991378931032,0.0,mags_fixed,0.3503430000055232
spambase,8,63.0,32.0,6.0,0.028073991378931032,0.0,mags_binary_excluded,0.38843159999669297
spambase,8,57.0,29.0,6.0,0.023660453161141754,0.0,matched_gini_unrestricted,0.4843503000010969
spambase,8,53.0,27.0,6.0,0.02756406598952016,0.0,mags_fixed_unrestricted,0.4810920999952941
spambase,8,57.0,29.0,6.0,,,cart_fixed,0.010527600003115367
spambase,8,25.0,13.0,4.0,0.01685422890432089,0.0,mags_tuned,8.55588940000598
spambase,8,141.0,71.0,24.0,,,cart_tuned_depth,0.07818770000449149
spambase,8,73.0,37.0,15.0,,,cart_pruned,0.14169810000021243
spambase,8,51.0,26.0,6.0,,,noise_augmented_cart,0.05604099999618484
spambase,8,,,,,,random_forest,0.1332987000059802
spambase,8,,,,,,extra_trees,0.05849060000036843
spambase,8,,,,,,linear_svm,0.0682334000011906
spambase,8,,,,,,rbf_svm,0.03888110000116285
spambase,9,55.0,28.0,6.0,0.01794016191417888,0.0,matched_gini,0.38638580000406364
spambase,9,55.0,28.0,6.0,0.019433091511785724,0.0,mags_fixed,0.4004378999961773
spambase,9,55.0,28.0,6.0,0.019433091511785724,0.0,mags_binary_excluded,0.3354704000012134
spambase,9,57.0,29.0,6.0,0.01919604747886427,0.0,matched_gini_unrestricted,0.481278300001577
spambase,9,57.0,29.0,6.0,0.029719424626449054,0.0,mags_fixed_unrestricted,0.4591923999978462
spambase,9,57.0,29.0,6.0,,,cart_fixed,0.009648100000049453
spambase,9,39.0,20.0,5.0,0.014509091671329868,0.0,mags_tuned,8.490580800003954
spambase,9,57.0,29.0,6.0,,,cart_tuned_depth,0.07061589999648277
spambase,9,33.0,17.0,9.0,,,cart_pruned,0.1802313999942271
spambase,9,53.0,27.0,6.0,,,noise_augmented_cart,0.05767710000509396
spambase,9,,,,,,random_forest,0.15170970000326633
spambase,9,,,,,,extra_trees,0.07280750000063563
spambase,9,,,,,,linear_svm,0.07438340000226162
spambase,9,,,,,,rbf_svm,0.03377990000444697
spambase,10,55.0,28.0,6.0,0.02568633422398851,0.0,matched_gini,0.4281429999973625
spambase,10,55.0,28.0,6.0,0.02568633422398851,0.0,mags_fixed,0.38233909999689786
spambase,10,55.0,28.0,6.0,0.02568633422398851,0.0,mags_binary_excluded,0.37090449999959674
spambase,10,67.0,34.0,6.0,0.027817038640178204,0.0,matched_gini_unrestricted,0.5250979999982519
spambase,10,65.0,33.0,6.0,0.030147280888587084,0.0,mags_fixed_unrestricted,0.45537440000043716
spambase,10,63.0,32.0,6.0,,,cart_fixed,0.009668999999121297
spambase,10,27.0,14.0,4.0,0.012954101648695596,0.0,mags_tuned,8.98389799999859
spambase,10,83.0,42.0,8.0,,,cart_tuned_depth,0.08537400000204798
spambase,10,25.0,13.0,6.0,,,cart_pruned,0.18693630000052508
spambase,10,55.0,28.0,6.0,,,noise_augmented_cart,0.05104439999558963
spambase,10,,,,,,random_forest,0.17229059999954188
spambase,10,,,,,,extra_trees,0.059910600000876
spambase,10,,,,,,linear_svm,0.07762260000163224
spambase,10,,,,,,rbf_svm,0.0363292999973055
spambase,11,65.0,33.0,6.0,0.03976020029579314,0.0,matched_gini,0.31246249999821885
spambase,11,65.0,33.0,6.0,0.03976020029579314,0.0,mags_fixed,0.4006793000007747
spambase,11,65.0,33.0,6.0,0.03976020029579314,0.0,mags_binary_excluded,0.37371790000179317
spambase,11,57.0,29.0,6.0,0.036042987020743766,0.0,matched_gini_unrestricted,0.5330431000038516
spambase,11,57.0,29.0,6.0,0.04708413349719807,0.0,mags_fixed_unrestricted,0.5115012999958708
spambase,11,63.0,32.0,6.0,,,cart_fixed,0.009662800002843142
spambase,11,49.0,25.0,5.0,0.03883181863274441,0.0,mags_tuned,9.424042700004065
spambase,11,145.0,73.0,15.0,,,cart_tuned_depth,0.08605309999984456
spambase,11,145.0,73.0,15.0,,,cart_pruned,0.16107100000226637
spambase,11,65.0,33.0,6.0,,,noise_augmented_cart,0.062413999999989755
spambase,11,,,,,,random_forest,0.1611447000032058
spambase,11,,,,,,extra_trees,0.0680690000008326
spambase,11,,,,,,linear_svm,0.04851310000231024
spambase,11,,,,,,rbf_svm,0.035403199995926116
spambase,13,57.0,29.0,6.0,0.03723860955821502,0.0,matched_gini,0.44268799999554176
spambase,13,57.0,29.0,6.0,0.0404580536655096,0.0,mags_fixed,0.4392325000007986
spambase,13,57.0,29.0,6.0,0.0404580536655096,0.0,mags_binary_excluded,0.4209179000026779
spambase,13,55.0,28.0,6.0,0.034149181440388296,0.0,matched_gini_unrestricted,0.6266940999994404
spambase,13,55.0,28.0,6.0,0.041675248512504315,0.0,mags_fixed_unrestricted,0.5244444999989355
spambase,13,57.0,29.0,6.0,,,cart_fixed,0.00783130000490928
spambase,13,57.0,29.0,6.0,0.03723860955821502,0.0,mags_tuned,9.919120600003225
spambase,13,89.0,45.0,8.0,,,cart_tuned_depth,0.08331439999892609
spambase,13,37.0,19.0,7.0,,,cart_pruned,0.162453099997947
spambase,13,49.0,25.0,6.0,,,noise_augmented_cart,0.06329169999662554
spambase,13,,,,,,random_forest,0.16225269999995362
spambase,13,,,,,,extra_trees,0.06887640000059037
spambase,13,,,,,,linear_svm,0.08357479999540374
spambase,13,,,,,,rbf_svm,0.05608590000338154
spambase,12,59.0,30.0,6.0,0.029961676013331745,0.0,matched_gini,0.404289099999005
spambase,12,59.0,30.0,6.0,0.04591631038338926,0.0,mags_fixed,0.4253365999975358
spambase,12,59.0,30.0,6.0,0.04591631038338926,0.0,mags_binary_excluded,0.41602050000074087
spambase,12,65.0,33.0,6.0,0.02516570231582386,0.0,matched_gini_unrestricted,0.779166799999075
spambase,12,65.0,33.0,6.0,0.0444564965010049,0.0,mags_fixed_unrestricted,0.6819130000003497
spambase,12,57.0,29.0,6.0,,,cart_fixed,0.008803999997326173
spambase,12,59.0,30.0,6.0,0.04591631038338926,0.0,mags_tuned,10.104413699998986
spambase,12,57.0,29.0,6.0,,,cart_tuned_depth,0.08136620000004768
spambase,12,37.0,19.0,7.0,,,cart_pruned,0.21934460000193212
spambase,12,67.0,34.0,6.0,,,noise_augmented_cart,0.05746910000016214
spambase,12,,,,,,random_forest,0.15664899999683257
spambase,12,,,,,,extra_trees,0.04912539999349974
spambase,12,,,,,,linear_svm,0.05558660000679083
spambase,12,,,,,,rbf_svm,0.03543509999872185
spambase,14,51.0,26.0,6.0,0.020847271258321195,0.0,matched_gini,0.5646647999965353
spambase,14,51.0,26.0,6.0,0.020847271258321195,0.0,mags_fixed,0.39916810000431724
spambase,14,51.0,26.0,6.0,0.020847271258321195,0.0,mags_binary_excluded,0.37929609999991953
spambase,14,51.0,26.0,6.0,0.02272374507775484,0.0,matched_gini_unrestricted,0.4536191000006511
spambase,14,53.0,27.0,6.0,0.029755547699279204,0.0,mags_fixed_unrestricted,0.5080954000004567
spambase,14,53.0,27.0,6.0,,,cart_fixed,0.009735599996929523
spambase,14,25.0,13.0,4.0,0.01509828795926821,0.0,mags_tuned,9.481433399996604
spambase,14,105.0,53.0,10.0,,,cart_tuned_depth,0.08486550000088755
spambase,14,35.0,18.0,8.0,,,cart_pruned,0.16789350000181003
spambase,14,59.0,30.0,6.0,,,noise_augmented_cart,0.06037069999729283
spambase,14,,,,,,random_forest,0.20058900000003632
spambase,14,,,,,,extra_trees,0.061656500001845416
spambase,14,,,,,,linear_svm,0.10948110000026645
spambase,14,,,,,,rbf_svm,0.03990010000416078
spambase,15,63.0,32.0,6.0,0.02809614097230563,0.0,matched_gini,0.4166750000003958
spambase,15,63.0,32.0,6.0,0.029711555670157604,0.0,mags_fixed,0.5518811000001733
spambase,15,63.0,32.0,6.0,0.029711555670157604,0.0,mags_binary_excluded,0.3959589000005508
spambase,15,57.0,29.0,6.0,0.024843360624858726,0.0,matched_gini_unrestricted,0.5596315000002505
spambase,15,57.0,29.0,6.0,0.033015818797316895,0.0,mags_fixed_unrestricted,0.6104248999981792
spambase,15,59.0,30.0,6.0,,,cart_fixed,0.009921500000928063
spambase,15,47.0,24.0,5.0,0.03256917162852039,0.0,mags_tuned,10.283302600000752
spambase,15,43.0,22.0,5.0,,,cart_tuned_depth,0.1328529999955208
spambase,15,21.0,11.0,6.0,,,cart_pruned,0.13267420000192942
spambase,15,55.0,28.0,6.0,,,noise_augmented_cart,0.05614719999721274
spambase,15,,,,,,random_forest,0.14264420000108657
spambase,15,,,,,,extra_trees,0.061749000000418164
spambase,15,,,,,,linear_svm,0.07073889999446692
spambase,15,,,,,,rbf_svm,0.03708799999731127
spambase,17,51.0,26.0,6.0,0.02763380669592692,0.0,matched_gini,0.4202404999959981
spambase,17,51.0,26.0,6.0,0.03143472379306523,0.0,mags_fixed,0.35906189999514027
spambase,17,51.0,26.0,6.0,0.03143472379306523,0.0,mags_binary_excluded,0.34427310000319267
spambase,17,51.0,26.0,6.0,0.036432549893281214,0.0,matched_gini_unrestricted,0.45194199999968987
spambase,17,51.0,26.0,6.0,0.04398211158979116,0.0,mags_fixed_unrestricted,0.5036684000006062
spambase,17,45.0,23.0,6.0,,,cart_fixed,0.01006480000069132
spambase,17,67.0,34.0,7.0,0.047464441893148086,0.0,mags_tuned,9.78717830000096
spambase,17,87.0,44.0,10.0,,,cart_tuned_depth,0.09838029999809805
spambase,17,145.0,73.0,20.0,,,cart_pruned,0.18697619999875315
spambase,17,71.0,36.0,6.0,,,noise_augmented_cart,0.08417369999369839
spambase,17,,,,,,random_forest,0.13960280000173952
spambase,17,,,,,,extra_trees,0.07816349999484373
spambase,17,,,,,,linear_svm,0.05382599999575177
spambase,17,,,,,,rbf_svm,0.03233819999877596
spambase,16,55.0,28.0,6.0,0.026430276171072985,0.0,matched_gini,0.3780121000017971
spambase,16,55.0,28.0,6.0,0.03758301701924531,0.0,mags_fixed,0.38891940000030445
spambase,16,55.0,28.0,6.0,0.03758301701924531,0.0,mags_binary_excluded,0.3432277999963844
spambase,16,53.0,27.0,6.0,0.03291578901097412,0.0,matched_gini_unrestricted,0.47405979999894043
spambase,16,53.0,27.0,6.0,0.03804837206667123,0.0,mags_fixed_unrestricted,0.5078494000044884
spambase,16,55.0,28.0,6.0,,,cart_fixed,0.011276099998212885
spambase,16,73.0,37.0,7.0,0.031212308364782535,0.0,mags_tuned,9.923677200000384
spambase,16,55.0,28.0,6.0,,,cart_tuned_depth,0.06620770000154153
spambase,16,17.0,9.0,4.0,,,cart_pruned,0.13535229999979492
spambase,16,61.0,31.0,6.0,,,noise_augmented_cart,0.0791977000044426
spambase,16,,,,,,random_forest,0.1685010000001057
spambase,16,,,,,,extra_trees,0.06929040000250097
spambase,16,,,,,,linear_svm,0.09560800000326708
spambase,16,,,,,,rbf_svm,0.035603500000433996
spambase,18,53.0,27.0,6.0,0.031001401714385944,0.0,matched_gini,0.32743499999924097
spambase,18,55.0,28.0,6.0,0.02953572641617832,0.0,mags_fixed,0.316099600000598
spambase,18,55.0,28.0,6.0,0.02953572641617832,0.0,mags_binary_excluded,0.34873679999873275
spambase,18,55.0,28.0,6.0,0.023168104658411664,0.0,matched_gini_unrestricted,0.4839263000030769
spambase,18,55.0,28.0,6.0,0.02952566983318114,0.0,mags_fixed_unrestricted,0.48760220000258414
spambase,18,51.0,26.0,6.0,,,cart_fixed,0.010184500002651475
spambase,18,55.0,28.0,6.0,0.03340367174245698,0.0,mags_tuned,9.816938600000867
spambase,18,27.0,14.0,4.0,,,cart_tuned_depth,0.07032079999771668
spambase,18,41.0,21.0,12.0,,,cart_pruned,0.13855709999916144
spambase,18,55.0,28.0,6.0,,,noise_augmented_cart,0.05360030000156257
spambase,18,,,,,,random_forest,0.16177380000590347
spambase,18,,,,,,extra_trees,0.06450790000235429
spambase,18,,,,,,linear_svm,0.06143270000029588
spambase,18,,,,,,rbf_svm,0.03480950000084704
spambase,19,63.0,32.0,6.0,0.029127939011134002,0.0,matched_gini,0.38730699999723583
spambase,19,63.0,32.0,6.0,0.03554371464281399,0.0,mags_fixed,0.3637100999985705
spambase,19,63.0,32.0,6.0,0.03554371464281399,0.0,mags_binary_excluded,0.35032009999849834
spambase,19,63.0,32.0,6.0,0.022641532142505333,0.0,matched_gini_unrestricted,0.5249676000021282
spambase,19,65.0,33.0,6.0,0.04096361581854053,0.0,mags_fixed_unrestricted,0.5319416999991518
spambase,19,63.0,32.0,6.0,,,cart_fixed,0.009630000000470318
spambase,19,101.0,51.0,9.0,0.037474056332902,0.0,mags_tuned,10.074215300002834
spambase,19,91.0,46.0,8.0,,,cart_tuned_depth,0.08589880000363337
spambase,19,25.0,13.0,6.0,,,cart_pruned,0.24955990000307793
spambase,19,59.0,30.0,6.0,,,noise_augmented_cart,0.07908809999935329
spambase,19,,,,,,random_forest,0.2699129000029643
spambase,19,,,,,,extra_trees,0.07549589999689488
spambase,19,,,,,,linear_svm,0.12379520000104094
spambase,19,,,,,,rbf_svm,0.03168860000005225
spambase,22,49.0,25.0,6.0,0.015490322570051056,0.0,matched_gini,0.35478950000106124
spambase,22,49.0,25.0,6.0,0.01673511982384514,0.0,mags_fixed,0.4193011999959708
spambase,22,49.0,25.0,6.0,0.01673511982384514,0.0,mags_binary_excluded,0.4463825999991968
spambase,22,49.0,25.0,6.0,0.009307308870110019,0.0,matched_gini_unrestricted,0.4898363000029349
spambase,22,49.0,25.0,6.0,0.012502965096806517,0.0,mags_fixed_unrestricted,0.5617380000039702
spambase,22,49.0,25.0,6.0,,,cart_fixed,0.0098641000004136
spambase,22,25.0,13.0,4.0,0.011675528029198164,0.0,mags_tuned,9.3678968000022
spambase,22,25.0,13.0,4.0,,,cart_tuned_depth,0.07940859999507666
spambase,22,43.0,22.0,9.0,,,cart_pruned,0.2178965999992215
spambase,22,55.0,28.0,6.0,,,noise_augmented_cart,0.05930349999835016
spambase,22,,,,,,random_forest,0.1651424000010593
spambase,22,,,,,,extra_trees,0.10385239999595797
spambase,22,,,,,,linear_svm,0.1017093999980716
spambase,22,,,,,,rbf_svm,0.06889919999957783
spambase,20,67.0,34.0,6.0,0.03262951711877434,0.0,matched_gini,0.35572890000185
spambase,20,67.0,34.0,6.0,0.03468750945760477,0.0,mags_fixed,0.36519339999358635
spambase,20,67.0,34.0,6.0,0.03468750945760477,0.0,mags_binary_excluded,0.34677759999613045
spambase,20,61.0,31.0,6.0,0.028697418397355876,0.0,matched_gini_unrestricted,0.5742709999976796
spambase,20,61.0,31.0,6.0,0.028856778475005212,0.0,mags_fixed_unrestricted,0.6512629999997444
spambase,20,65.0,33.0,6.0,,,cart_fixed,0.014833999994152691
spambase,20,67.0,34.0,6.0,0.03468750945760477,0.0,mags_tuned,10.191087400002289
spambase,20,65.0,33.0,6.0,,,cart_tuned_depth,0.07643410000309814
spambase,20,23.0,12.0,6.0,,,cart_pruned,0.30920969999715453
spambase,20,59.0,30.0,6.0,,,noise_augmented_cart,0.06648909999785246
spambase,20,,,,,,random_forest,0.15101829999912297
spambase,20,,,,,,extra_trees,0.057960099999036174
spambase,20,,,,,,linear_svm,0.050427700000000186
spambase,20,,,,,,rbf_svm,0.036857599996437784
spambase,21,49.0,25.0,6.0,0.013108875597134901,0.0,matched_gini,0.31191210000542924
spambase,21,49.0,25.0,6.0,0.013108875597134901,0.0,mags_fixed,0.4223039000062272
spambase,21,49.0,25.0,6.0,0.013108875597134901,0.0,mags_binary_excluded,0.4536599999992177
spambase,21,51.0,26.0,6.0,0.02731343649160066,0.0,matched_gini_unrestricted,0.5213533999994979
spambase,21,51.0,26.0,6.0,0.04163431210514683,0.0,mags_fixed_unrestricted,0.6162344999975176
spambase,21,47.0,24.0,6.0,,,cart_fixed,0.011579199999687262
spambase,21,27.0,14.0,4.0,0.011936135217660864,0.0,mags_tuned,10.65195830000448
spambase,21,47.0,24.0,6.0,,,cart_tuned_depth,0.07194429999799468
spambase,21,29.0,15.0,7.0,,,cart_pruned,0.14896310000040103
spambase,21,59.0,30.0,6.0,,,noise_augmented_cart,0.06351980000181356
spambase,21,,,,,,random_forest,0.1698374000043259
spambase,21,,,,,,extra_trees,0.11925859999610111
spambase,21,,,,,,linear_svm,0.09826060000341386
spambase,21,,,,,,rbf_svm,0.058837700002186466
spambase,23,53.0,27.0,6.0,0.01830705544068446,0.0,matched_gini,0.39016690000426024
spambase,23,53.0,27.0,6.0,0.019099420969892096,0.0,mags_fixed,0.3937450000012177
spambase,23,53.0,27.0,6.0,0.019099420969892096,0.0,mags_binary_excluded,0.3599988000059966
spambase,23,57.0,29.0,6.0,0.030059404948020674,0.0,matched_gini_unrestricted,0.5464741999967373
spambase,23,57.0,29.0,6.0,0.030059404948020674,0.0,mags_fixed_unrestricted,0.53155390000029
spambase,23,57.0,29.0,6.0,,,cart_fixed,0.012898199995106552
spambase,23,31.0,16.0,4.0,0.018419697278972535,0.0,mags_tuned,10.849385900000925
spambase,23,43.0,22.0,5.0,,,cart_tuned_depth,0.1021586000060779
spambase,23,75.0,38.0,14.0,,,cart_pruned,0.15853120000247145
spambase,23,71.0,36.0,6.0,,,noise_augmented_cart,0.08879609999712557
spambase,23,,,,,,random_forest,0.12645640000118874
spambase,23,,,,,,extra_trees,0.05505129999801284
spambase,23,,,,,,linear_svm,0.06302750000031665
spambase,23,,,,,,rbf_svm,0.02730650000012247
spambase,24,61.0,31.0,6.0,0.020641721984802776,0.0,matched_gini,0.5444207999971695
spambase,24,61.0,31.0,6.0,0.020091482541995078,0.0,mags_fixed,0.42661629999929573
spambase,24,61.0,31.0,6.0,0.020091482541995078,0.0,mags_binary_excluded,0.32904430000053253
spambase,24,59.0,30.0,6.0,0.03310238075021321,0.0,matched_gini_unrestricted,0.44661769999947865
spambase,24,59.0,30.0,6.0,0.03310238075021321,0.0,mags_fixed_unrestricted,0.48109180000028573
spambase,24,59.0,30.0,6.0,,,cart_fixed,0.02155240000138292
spambase,24,27.0,14.0,4.0,0.030358893606006063,0.0,mags_tuned,9.450539299999946
spambase,24,101.0,51.0,8.0,,,cart_tuned_depth,0.08440499999414897
spambase,24,27.0,14.0,6.0,,,cart_pruned,0.16823850000218954
spambase,24,49.0,25.0,6.0,,,noise_augmented_cart,0.06527359999745386
spambase,24,,,,,,random_forest,0.14993929999764077
spambase,24,,,,,,extra_trees,0.09017120000498835
spambase,24,,,,,,linear_svm,0.06721539999853121
spambase,24,,,,,,rbf_svm,0.036668200002168305
spambase,26,55.0,28.0,6.0,0.03730927058675745,0.0,matched_gini,0.3535284999961732
spambase,26,55.0,28.0,6.0,0.03799332134680889,0.0,mags_fixed,0.3354098999989219
spambase,26,55.0,28.0,6.0,0.03799332134680889,0.0,mags_binary_excluded,0.31253750000178115
spambase,26,57.0,29.0,6.0,0.032717273942923966,0.0,matched_gini_unrestricted,0.41155639999487903
spambase,26,57.0,29.0,6.0,0.043278306478560465,0.0,mags_fixed_unrestricted,0.5223317000054521
spambase,26,55.0,28.0,6.0,,,cart_fixed,0.010921399996732362
spambase,26,37.0,19.0,5.0,0.02306366966933216,0.0,mags_tuned,8.844938000002003
spambase,26,81.0,41.0,8.0,,,cart_tuned_depth,0.07520649999787565
spambase,26,21.0,11.0,5.0,,,cart_pruned,0.16979039999569068
spambase,26,59.0,30.0,6.0,,,noise_augmented_cart,0.06545740000001388
spambase,26,,,,,,random_forest,0.16930810000485508
spambase,26,,,,,,extra_trees,0.07930019999912474
spambase,26,,,,,,linear_svm,0.07701359999919077
spambase,26,,,,,,rbf_svm,0.0384598000018741
spambase,25,55.0,28.0,6.0,0.037292111631641374,0.0,matched_gini,0.4343148999978439
spambase,25,55.0,28.0,6.0,0.037292111631641374,0.0,mags_fixed,0.37506820000271546
spambase,25,55.0,28.0,6.0,0.037292111631641374,0.0,mags_binary_excluded,0.3451519999944139
spambase,25,53.0,27.0,6.0,0.04897795880080299,0.0,matched_gini_unrestricted,0.43431820000114385
spambase,25,53.0,27.0,6.0,0.05844101445844403,0.0,mags_fixed_unrestricted,0.3920295999996597
spambase,25,55.0,28.0,6.0,,,cart_fixed,0.0090490000002319
spambase,25,39.0,20.0,5.0,0.05597735769209696,0.0,mags_tuned,9.531265199999325
spambase,25,15.0,8.0,3.0,,,cart_tuned_depth,0.07438969999930123
spambase,25,25.0,13.0,6.0,,,cart_pruned,0.19068569999944884
spambase,25,53.0,27.0,6.0,,,noise_augmented_cart,0.0959690999952727
spambase,25,,,,,,random_forest,0.17209169999841833
spambase,25,,,,,,extra_trees,0.06809359999897424
spambase,25,,,,,,linear_svm,0.06329009999899426
spambase,25,,,,,,rbf_svm,0.03539420000015525
spambase,27,57.0,29.0,6.0,0.025698308961692777,0.0,matched_gini,0.39027570000325795
spambase,27,57.0,29.0,6.0,0.03515937586432081,0.0,mags_fixed,0.390589299997373
spambase,27,57.0,29.0,6.0,0.03515937586432081,0.0,mags_binary_excluded,0.3721452000027057
spambase,27,53.0,27.0,6.0,0.014909182818173026,0.0,matched_gini_unrestricted,0.41324159999931
spambase,27,53.0,27.0,6.0,0.02001669227198494,0.0,mags_fixed_unrestricted,0.4592573999980232
spambase,27,57.0,29.0,6.0,,,cart_fixed,0.01397960000031162
spambase,27,39.0,20.0,5.0,0.014348100447204573,0.0,mags_tuned,9.193497699998261
spambase,27,101.0,51.0,10.0,,,cart_tuned_depth,0.11264769999979762
spambase,27,95.0,48.0,17.0,,,cart_pruned,0.24331529999471968
spambase,27,59.0,30.0,6.0,,,noise_augmented_cart,0.053035700002510566
spambase,27,,,,,,random_forest,0.14859900000010384
spambase,27,,,,,,extra_trees,0.06251260000135517
spambase,27,,,,,,linear_svm,0.11175770000409102
spambase,27,,,,,,rbf_svm,0.06420010000147158
ionosphere,0,15.0,8.0,4.0,0.03736075703284176,0.0,matched_gini,0.09223560000100406
ionosphere,0,11.0,6.0,4.0,0.21151600000000004,0.2,mags_fixed,0.08290400000259979
ionosphere,0,15.0,8.0,4.0,0.049229309507054876,0.0,mags_binary_excluded,0.07949639999424107
ionosphere,0,15.0,8.0,4.0,0.03298414767032792,0.0,matched_gini_unrestricted,0.11530360000324436
ionosphere,0,11.0,6.0,4.0,0.26688000000000006,0.2,mags_fixed_unrestricted,0.12184790000173962
ionosphere,0,15.0,8.0,4.0,,,cart_fixed,0.0018360000030952506
ionosphere,0,15.0,8.0,4.0,0.049229309507054876,0.0,mags_tuned,2.347781800002849
ionosphere,0,5.0,3.0,2.0,,,cart_tuned_depth,0.014618900000641588
ionosphere,0,9.0,5.0,3.0,,,cart_pruned,0.016722200001822785
ionosphere,0,11.0,6.0,4.0,,,noise_augmented_cart,0.0023915999991004355
ionosphere,0,,,,,,random_forest,0.06317020000278717
ionosphere,0,,,,,,extra_trees,0.04013269999995828
ionosphere,0,,,,,,linear_svm,0.001593900000443682
ionosphere,0,,,,,,rbf_svm,0.0016068999975686893
ionosphere,1,15.0,8.0,4.0,0.02644831949078817,0.0,matched_gini,0.08341159999690717
ionosphere,1,15.0,8.0,4.0,0.17745058074653502,0.14285714285714285,mags_fixed,0.08966869999858318
ionosphere,1,15.0,8.0,4.0,0.08740342343153373,0.0,mags_binary_excluded,0.08240439999644877
ionosphere,1,13.0,7.0,4.0,0.031090005400647214,0.0,matched_gini_unrestricted,0.12261790000047768
ionosphere,1,13.0,7.0,4.0,0.19339137361324724,0.16666666666666666,mags_fixed_unrestricted,0.10547580000275047
ionosphere,1,15.0,8.0,4.0,,,cart_fixed,0.0019064000007347204
ionosphere,1,5.0,3.0,2.0,0.009455003163970039,0.0,mags_tuned,2.5838671999954386
ionosphere,1,5.0,3.0,2.0,,,cart_tuned_depth,0.01939000000129454
ionosphere,1,5.0,3.0,2.0,,,cart_pruned,0.03189149999525398
ionosphere,1,21.0,11.0,4.0,,,noise_augmented_cart,0.005444599999464117
ionosphere,1,,,,,,random_forest,0.11351360000116983
ionosphere,1,,,,,,extra_trees,0.06250840000575408
ionosphere,1,,,,,,linear_svm,0.0024431999991065823
ionosphere,1,,,,,,rbf_svm,0.0016830000022309832
ionosphere,2,15.0,8.0,4.0,0.05587175857297021,0.0,matched_gini,0.1490403999996488
ionosphere,2,15.0,8.0,4.0,0.1746438636341648,0.14285714285714285,mags_fixed,0.08935059999930672
ionosphere,2,15.0,8.0,4.0,0.06179092912337752,0.0,mags_binary_excluded,0.059977899996738415
ionosphere,2,15.0,8.0,4.0,0.04110248217918049,0.0,matched_gini_unrestricted,0.08381969999754801
ionosphere,2,15.0,8.0,4.0,0.16556113097568206,0.14285714285714285,mags_fixed_unrestricted,0.09917200000199955
ionosphere,2,15.0,8.0,4.0,,,cart_fixed,0.0017874000041047111
ionosphere,2,21.0,11.0,5.0,0.04602170732742099,0.0,mags_tuned,2.799951399996644
ionosphere,2,5.0,3.0,2.0,,,cart_tuned_depth,0.020425700000487268
ionosphere,2,5.0,3.0,2.0,,,cart_pruned,0.02094299999589566
ionosphere,2,19.0,10.0,4.0,,,noise_augmented_cart,0.004119500001252163
ionosphere,2,,,,,,random_forest,0.08470010000019101
ionosphere,2,,,,,,extra_trees,0.05870229999709409
ionosphere,2,,,,,,linear_svm,0.0018572000044514425
ionosphere,2,,,,,,rbf_svm,0.0011331000059726648
ionosphere,3,17.0,9.0,4.0,0.03675099280202224,0.0,matched_gini,0.10249149999435758
ionosphere,3,15.0,8.0,4.0,0.15903904728580917,0.14285714285714285,mags_fixed,0.09945090000110213
ionosphere,3,17.0,9.0,4.0,0.03675099280202224,0.0,mags_binary_excluded,0.09397210000315681
ionosphere,3,17.0,9.0,4.0,0.05529006247164926,0.0,matched_gini_unrestricted,0.16056180000305176
ionosphere,3,15.0,8.0,4.0,0.18022655547966862,0.14285714285714285,mags_fixed_unrestricted,0.12915610000345623
ionosphere,3,15.0,8.0,4.0,,,cart_fixed,0.00199869999778457
ionosphere,3,7.0,4.0,3.0,0.33991405547995357,0.0,mags_tuned,2.166483100001642
ionosphere,3,5.0,3.0,2.0,,,cart_tuned_depth,0.015614600000844803
ionosphere,3,7.0,4.0,3.0,,,cart_pruned,0.018541200006438885
ionosphere,3,19.0,10.0,4.0,,,noise_augmented_cart,0.00316210000164574
ionosphere,3,,,,,,random_forest,0.08581989999947837
ionosphere,3,,,,,,extra_trees,0.07610570000542793
ionosphere,3,,,,,,linear_svm,0.0018890999999712221
ionosphere,3,,,,,,rbf_svm,0.0012057999992975965
ionosphere,4,17.0,9.0,4.0,0.047719077449314154,0.0,matched_gini,0.06944800000201212
ionosphere,4,17.0,9.0,4.0,0.05546470244931416,0.0,mags_fixed,0.08453900000313297
ionosphere,4,17.0,9.0,4.0,0.05546470244931416,0.0,mags_binary_excluded,0.09559530000115046
ionosphere,4,17.0,9.0,4.0,0.013644517529893355,0.0,matched_gini_unrestricted,0.13790270000026794
ionosphere,4,17.0,9.0,4.0,0.0447014720157172,0.0,mags_fixed_unrestricted,0.13880210000206716
ionosphere,4,17.0,9.0,4.0,,,cart_fixed,0.0020025999983772635
ionosphere,4,21.0,11.0,5.0,0.1494040220108826,0.0,mags_tuned,2.259615199996915
ionosphere,4,7.0,4.0,2.0,,,cart_tuned_depth,0.016054700005042832
ionosphere,4,5.0,3.0,2.0,,,cart_pruned,0.015626799999154173
ionosphere,4,17.0,9.0,4.0,,,noise_augmented_cart,0.002847499999916181
ionosphere,4,,,,,,random_forest,0.07919050000054995
ionosphere,4,,,,,,extra_trees,0.0687125999975251
ionosphere,4,,,,,,linear_svm,0.0014995000019553117
ionosphere,4,,,,,,rbf_svm,0.0009836000026552938
ionosphere,5,15.0,8.0,4.0,0.040083380119379654,0.0,matched_gini,0.07881540000380483
ionosphere,5,15.0,8.0,4.0,0.1517005387322503,0.14285714285714285,mags_fixed,0.11255589999927906
ionosphere,5,15.0,8.0,4.0,0.05634553873225029,0.0,mags_binary_excluded,0.09515870000177529
ionosphere,5,15.0,8.0,4.0,0.04030769364219933,0.0,matched_gini_unrestricted,0.11867230000643758
ionosphere,5,15.0,8.0,4.0,0.15192485225507,0.14285714285714285,mags_fixed_unrestricted,0.12821660000190604
ionosphere,5,13.0,7.0,4.0,,,cart_fixed,0.0017406000042683445
ionosphere,5,9.0,5.0,3.0,0.250618262195122,0.0,mags_tuned,2.503671899998153
ionosphere,5,5.0,3.0,2.0,,,cart_tuned_depth,0.01640420000330778
ionosphere,5,19.0,10.0,6.0,,,cart_pruned,0.021454399997310247
ionosphere,5,15.0,8.0,4.0,,,noise_augmented_cart,0.0030107000056887046
ionosphere,5,,,,,,random_forest,0.08492999999725726
ionosphere,5,,,,,,extra_trees,0.04702710000128718
ionosphere,5,,,,,,linear_svm,0.0021737999995821156
ionosphere,5,,,,,,rbf_svm,0.005422099995485041
ionosphere,6,15.0,8.0,4.0,0.1749697318311315,0.14285714285714285,matched_gini,0.09280020000005607
ionosphere,6,15.0,8.0,4.0,0.18799258897398863,0.14285714285714285,mags_fixed,0.09243319999950472
ionosphere,6,15.0,8.0,4.0,0.08542330325970293,0.0,mags_binary_excluded,0.08265490000485443
ionosphere,6,17.0,9.0,4.0,0.14059564530395477,0.125,matched_gini_unrestricted,0.13514569999824744
ionosphere,6,17.0,9.0,4.0,0.1750804269721949,0.125,mags_fixed_unrestricted,0.14207829999941168
ionosphere,6,15.0,8.0,4.0,,,cart_fixed,0.0018099000008078292
ionosphere,6,13.0,7.0,4.0,0.21875619918699188,0.0,mags_tuned,2.2164805000065826
ionosphere,6,7.0,4.0,2.0,,,cart_tuned_depth,0.01659789999393979
ionosphere,6,13.0,7.0,5.0,,,cart_pruned,0.019300400002975948
ionosphere,6,13.0,7.0,4.0,,,noise_augmented_cart,0.0035473000025376678
ionosphere,6,,,,,,random_forest,0.08777170000394108
ionosphere,6,,,,,,extra_trees,0.04768879999755882
ionosphere,6,,,,,,linear_svm,0.002530300000216812
ionosphere,6,,,,,,rbf_svm,0.001228699999046512
spambase,29,57.0,29.0,6.0,0.023622006281309647,0.0,matched_gini,0.4322161000018241
spambase,29,57.0,29.0,6.0,0.031801345999653126,0.0,mags_fixed,0.3477035000032629
spambase,29,57.0,29.0,6.0,0.031801345999653126,0.0,mags_binary_excluded,0.3588940999979968
spambase,29,57.0,29.0,6.0,0.03194886898379842,0.0,matched_gini_unrestricted,0.4602962999997544
spambase,29,57.0,29.0,6.0,0.03194886898379842,0.0,mags_fixed_unrestricted,0.4517522999958601
spambase,29,57.0,29.0,6.0,,,cart_fixed,0.007999700006621424
spambase,29,25.0,13.0,4.0,0.04437255732043268,0.0,mags_tuned,10.216575700003887
spambase,29,57.0,29.0,6.0,,,cart_tuned_depth,0.07147839999379357
spambase,29,17.0,9.0,5.0,,,cart_pruned,0.1655207000003429
spambase,29,63.0,32.0,6.0,,,noise_augmented_cart,0.05966049999551615
spambase,29,,,,,,random_forest,0.14322810000157915
spambase,29,,,,,,extra_trees,0.06963180000457214
spambase,29,,,,,,linear_svm,0.07532260000152746
spambase,29,,,,,,rbf_svm,0.036404799997399095
spambase,28,63.0,32.0,6.0,0.020813276790220585,0.0,matched_gini,0.4564758999986225
spambase,28,61.0,31.0,6.0,0.03453582135606563,0.0,mags_fixed,0.386396900001273
spambase,28,61.0,31.0,6.0,0.03453582135606563,0.0,mags_binary_excluded,0.3763926000028732
spambase,28,59.0,30.0,6.0,0.020400635333237074,0.0,matched_gini_unrestricted,0.6590109999960987
spambase,28,59.0,30.0,6.0,0.020400635333237074,0.0,mags_fixed_unrestricted,0.5448679000037373
spambase,28,55.0,28.0,6.0,,,cart_fixed,0.010063199995784089
spambase,28,63.0,32.0,6.0,0.020813276790220585,0.0,mags_tuned,10.82927870000276
spambase,28,89.0,45.0,8.0,,,cart_tuned_depth,0.08381699999881675
spambase,28,23.0,12.0,6.0,,,cart_pruned,0.18256570000085048
spambase,28,69.0,35.0,6.0,,,noise_augmented_cart,0.06828430000314256
spambase,28,,,,,,random_forest,0.15808039999683388
spambase,28,,,,,,extra_trees,0.07377049999922747
spambase,28,,,,,,linear_svm,0.06509329999971669
spambase,28,,,,,,rbf_svm,0.038993699999991804
ionosphere,7,17.0,9.0,4.0,0.031866581364680985,0.0,matched_gini,0.09742450000339886
ionosphere,7,15.0,8.0,4.0,0.16271941358851097,0.14285714285714285,mags_fixed,0.1009589999957825
ionosphere,7,17.0,9.0,4.0,0.03452783136468099,0.0,mags_binary_excluded,0.09862710000015795
ionosphere,7,17.0,9.0,4.0,0.0349230637789361,0.0,matched_gini_unrestricted,0.15027459999691928
ionosphere,7,15.0,8.0,4.0,0.1575994380354409,0.14285714285714285,mags_fixed_unrestricted,0.13984479999635369
ionosphere,7,17.0,9.0,4.0,,,cart_fixed,0.002020799998717848
ionosphere,7,7.0,4.0,3.0,0.3532633333333333,0.0,mags_tuned,1.7822509999969043
ionosphere,7,5.0,3.0,2.0,,,cart_tuned_depth,0.012565700002596714
ionosphere,7,9.0,5.0,4.0,,,cart_pruned,0.01390979999996489
ionosphere,7,13.0,7.0,4.0,,,noise_augmented_cart,0.004120199999306351
ionosphere,7,,,,,,random_forest,0.07004070000402862
ionosphere,7,,,,,,extra_trees,0.04761609999695793
ionosphere,7,,,,,,linear_svm,0.001508800000010524
ionosphere,7,,,,,,rbf_svm,0.0010653999997884966
ionosphere,8,15.0,8.0,4.0,0.021347273360677425,0.0,matched_gini,0.10652780000236817
ionosphere,8,15.0,8.0,4.0,0.16130007214165784,0.14285714285714285,mags_fixed,0.1027200000025914
ionosphere,8,15.0,8.0,4.0,0.02205737504042621,0.0,mags_binary_excluded,0.10774710000259802
ionosphere,8,15.0,8.0,4.0,0.026272520700174645,0.0,matched_gini_unrestricted,0.1504060000006575
ionosphere,8,15.0,8.0,4.0,0.1673678680087156,0.14285714285714285,mags_fixed_unrestricted,0.16668339999887394
ionosphere,8,15.0,8.0,4.0,,,cart_fixed,0.0017271999968215823
ionosphere,8,9.0,5.0,3.0,0.25276442731596455,0.0,mags_tuned,2.2562348999999813
ionosphere,8,25.0,13.0,6.0,,,cart_tuned_depth,0.017069900000933558
ionosphere,8,13.0,7.0,5.0,,,cart_pruned,0.022222399995371234
ionosphere,8,19.0,10.0,4.0,,,noise_augmented_cart,0.002977099997224286
ionosphere,8,,,,,,random_forest,0.0636850000009872
ionosphere,8,,,,,,extra_trees,0.04278679999697488
ionosphere,8,,,,,,linear_svm,0.001749700000800658
ionosphere,8,,,,,,rbf_svm,0.0009824000007938594
ionosphere,9,17.0,9.0,4.0,0.1342404306169426,0.125,matched_gini,0.10153469999931986
ionosphere,9,17.0,9.0,4.0,0.1342404306169426,0.125,mags_fixed,0.10969740000291495
ionosphere,9,17.0,9.0,4.0,0.04251105561694261,0.0,mags_binary_excluded,0.08894710000458872
ionosphere,9,17.0,9.0,4.0,0.041506984306029754,0.0,matched_gini_unrestricted,0.12334179999743355
ionosphere,9,17.0,9.0,4.0,0.09245714125639018,0.0,mags_fixed_unrestricted,0.1825336000038078
ionosphere,9,17.0,9.0,4.0,,,cart_fixed,0.0018849999978556298
ionosphere,9,19.0,10.0,5.0,0.12124593832617123,0.0,mags_tuned,2.2693944000056945
ionosphere,9,17.0,9.0,4.0,,,cart_tuned_depth,0.020389800003613345
ionosphere,9,5.0,3.0,2.0,,,cart_pruned,0.017619600002944935
ionosphere,9,11.0,6.0,4.0,,,noise_augmented_cart,0.00316989999555517
ionosphere,9,,,,,,random_forest,0.06949239999812562
ionosphere,9,,,,,,extra_trees,0.03644989999884274
ionosphere,9,,,,,,linear_svm,0.0015764999989187345
ionosphere,9,,,,,,rbf_svm,0.001207199995405972
ionosphere,10,15.0,8.0,4.0,0.03844216060109012,0.0,matched_gini,0.08447180000075605
ionosphere,10,11.0,6.0,4.0,0.23578692739273932,0.2,mags_fixed,0.09541280000121333
ionosphere,10,15.0,8.0,4.0,0.06620358917251869,0.0,mags_binary_excluded,0.0889041000045836
ionosphere,10,19.0,10.0,4.0,0.027292164051824278,0.0,matched_gini_unrestricted,0.14091900000494206
ionosphere,10,13.0,7.0,4.0,0.21689660616061612,0.16666666666666666,mags_fixed_unrestricted,0.1014355999941472
ionosphere,10,15.0,8.0,4.0,,,cart_fixed,0.0017700999960652553
ionosphere,10,11.0,6.0,4.0,0.23578692739273932,0.0,mags_tuned,2.110590800002683
ionosphere,10,15.0,8.0,4.0,,,cart_tuned_depth,0.02073730000120122
ionosphere,10,25.0,13.0,7.0,,,cart_pruned,0.031950299999152776
ionosphere,10,19.0,10.0,4.0,,,noise_augmented_cart,0.006354299999657087
ionosphere,10,,,,,,random_forest,0.08865910000167787
ionosphere,10,,,,,,extra_trees,0.04948139999760315
ionosphere,10,,,,,,linear_svm,0.0016486000022268854
ionosphere,10,,,,,,rbf_svm,0.0011467000003904104
ionosphere,11,15.0,8.0,4.0,0.15556777633483646,0.14285714285714285,matched_gini,0.06940680000116117
ionosphere,11,11.0,6.0,4.0,0.26790577424336826,0.2,mags_fixed,0.1452311000030022
ionosphere,11,15.0,8.0,4.0,0.15556777633483646,0.14285714285714285,mags_binary_excluded,0.07909259999723872
ionosphere,11,17.0,9.0,4.0,0.13833995532049378,0.125,matched_gini_unrestricted,0.1203492000058759
ionosphere,11,13.0,7.0,4.0,0.17955185784903596,0.16666666666666666,mags_fixed_unrestricted,0.1147378999958164
ionosphere,11,15.0,8.0,4.0,,,cart_fixed,0.0028851000024587847
ionosphere,11,7.0,4.0,2.0,0.019069625848260437,0.0,mags_tuned,2.090769200003706
ionosphere,11,7.0,4.0,2.0,,,cart_tuned_depth,0.016378300002543256
ionosphere,11,5.0,3.0,2.0,,,cart_pruned,0.026447800002642907
ionosphere,11,13.0,7.0,4.0,,,noise_augmented_cart,0.0057890000025508925
ionosphere,11,,,,,,random_forest,0.11323999999876833
ionosphere,11,,,,,,extra_trees,0.07724180000514025
ionosphere,11,,,,,,linear_svm,0.0032011000002967194
ionosphere,11,,,,,,rbf_svm,0.002104699997289572
ionosphere,12,15.0,8.0,4.0,0.07157133263301915,0.0,matched_gini,0.0762207000007038
ionosphere,12,11.0,6.0,4.0,0.23508019882813472,0.2,mags_fixed,0.07149439999921015
ionosphere,12,15.0,8.0,4.0,0.08174038011937812,0.0,mags_binary_excluded,0.08428920000005746
ionosphere,12,15.0,8.0,4.0,0.07614334715210425,0.0,matched_gini_unrestricted,0.12051199999405071
ionosphere,12,13.0,7.0,4.0,0.1959458704099705,0.16666666666666666,mags_fixed_unrestricted,0.11114290000114124
ionosphere,12,15.0,8.0,4.0,,,cart_fixed,0.0029481000019586645
ionosphere,12,7.0,4.0,2.0,0.3639236647135578,0.0,mags_tuned,2.355997800004843
ionosphere,12,7.0,4.0,2.0,,,cart_tuned_depth,0.017565099995408673
ionosphere,12,17.0,9.0,5.0,,,cart_pruned,0.025798100003157742
ionosphere,12,15.0,8.0,4.0,,,noise_augmented_cart,0.002736199996434152
ionosphere,12,,,,,,random_forest,0.07006019999971613
ionosphere,12,,,,,,extra_trees,0.04723999999987427
ionosphere,12,,,,,,linear_svm,0.0019394000046304427
ionosphere,12,,,,,,rbf_svm,0.000911999995878432
ionosphere,13,15.0,8.0,4.0,0.05309499913061305,0.0,matched_gini,0.08158890000049723
ionosphere,13,9.0,5.0,4.0,0.25631875,0.25,mags_fixed,0.09540939999715192
ionosphere,13,15.0,8.0,4.0,0.05309499913061305,0.0,mags_binary_excluded,0.07985770000232151
ionosphere,13,15.0,8.0,4.0,0.05243224614306986,0.0,matched_gini_unrestricted,0.11409329999878537
ionosphere,13,11.0,6.0,4.0,0.20186499999999996,0.2,mags_fixed_unrestricted,0.09643489999871235
ionosphere,13,15.0,8.0,4.0,,,cart_fixed,0.0017436999987694435
ionosphere,13,25.0,13.0,7.0,0.20778875991875956,0.0,mags_tuned,2.3191231999953743
ionosphere,13,5.0,3.0,2.0,,,cart_tuned_depth,0.020528799999738112
ionosphere,13,5.0,3.0,2.0,,,cart_pruned,0.021311399999831337
ionosphere,13,19.0,10.0,4.0,,,noise_augmented_cart,0.003509200003463775
ionosphere,13,,,,,,random_forest,0.0723712000035448
ionosphere,13,,,,,,extra_trees,0.05794509999395814
ionosphere,13,,,,,,linear_svm,0.0030952000015531667
ionosphere,13,,,,,,rbf_svm,0.0024721000008867122
ionosphere,14,17.0,9.0,4.0,0.029722930325301277,0.0,matched_gini,0.0818693000037456
ionosphere,14,17.0,9.0,4.0,0.15738129595393902,0.125,mags_fixed,0.08037319999857573
ionosphere,14,17.0,9.0,4.0,0.04334444772665681,0.0,mags_binary_excluded,0.07010989999980666
ionosphere,14,15.0,8.0,4.0,0.025745898393560836,0.0,matched_gini_unrestricted,0.1252323000007891
ionosphere,14,15.0,8.0,4.0,0.1560737249390262,0.14285714285714285,mags_fixed_unrestricted,0.13298829999985173
ionosphere,14,15.0,8.0,4.0,,,cart_fixed,0.002969500004837755
ionosphere,14,23.0,12.0,5.0,0.13907883111680483,0.0,mags_tuned,2.466176000001724
ionosphere,14,7.0,4.0,2.0,,,cart_tuned_depth,0.016223200000240467
ionosphere,14,5.0,3.0,2.0,,,cart_pruned,0.017457599999033846
ionosphere,14,13.0,7.0,4.0,,,noise_augmented_cart,0.030837099999189377
ionosphere,14,,,,,,random_forest,0.06864829999540234
ionosphere,14,,,,,,extra_trees,0.057321100000990555
ionosphere,14,,,,,,linear_svm,0.0017117000024882145
ionosphere,14,,,,,,rbf_svm,0.0010578999936114997
ionosphere,15,13.0,7.0,4.0,0.03446750343649698,0.0,matched_gini,0.11812460000510328
ionosphere,15,15.0,8.0,4.0,0.15689214289093842,0.14285714285714285,mags_fixed,0.07624319999740692
ionosphere,15,15.0,8.0,4.0,0.08937964185494096,0.0,mags_binary_excluded,0.07576459999836516
ionosphere,15,17.0,9.0,4.0,0.040486461896845766,0.0,matched_gini_unrestricted,0.10151630000473233
ionosphere,15,17.0,9.0,4.0,0.15478667013294928,0.0,mags_fixed_unrestricted,0.10956289999739965
ionosphere,15,13.0,7.0,4.0,,,cart_fixed,0.0020143000001553446
ionosphere,15,7.0,4.0,3.0,0.35828,0.0,mags_tuned,1.854592000003322
ionosphere,15,9.0,5.0,3.0,,,cart_tuned_depth,0.016149199997016694
ionosphere,15,7.0,4.0,3.0,,,cart_pruned,0.017005699999572244
ionosphere,15,11.0,6.0,4.0,,,noise_augmented_cart,0.0031120999992708676
ionosphere,15,,,,,,random_forest,0.06853189999674214
ionosphere,15,,,,,,extra_trees,0.045121800001652446
ionosphere,15,,,,,,linear_svm,0.0012289000005694106
ionosphere,15,,,,,,rbf_svm,0.0010342000023229048
ionosphere,16,13.0,7.0,4.0,0.08068827480568098,0.0,matched_gini,0.1198489000016707
ionosphere,16,15.0,8.0,4.0,0.1823597334495049,0.14285714285714285,mags_fixed,0.08750879999570316
ionosphere,16,15.0,8.0,4.0,0.09714687630664777,0.0,mags_binary_excluded,0.07709320000139996
ionosphere,16,15.0,8.0,4.0,0.0728354477352192,0.0,matched_gini_unrestricted,0.10107729999435833
ionosphere,16,15.0,8.0,4.0,0.1769104477352192,0.14285714285714285,mags_fixed_unrestricted,0.10490450000361307
ionosphere,16,13.0,7.0,4.0,,,cart_fixed,0.0016905000011320226
ionosphere,16,7.0,4.0,2.0,0.4022216666666667,0.0,mags_tuned,2.0706138999958057
ionosphere,16,17.0,9.0,5.0,,,cart_tuned_depth,0.01792310000018915
ionosphere,16,11.0,6.0,4.0,,,cart_pruned,0.02305250000063097
ionosphere,16,15.0,8.0,4.0,,,noise_augmented_cart,0.003158599996822886
ionosphere,16,,,,,,random_forest,0.08701009999640519
ionosphere,16,,,,,,extra_trees,0.04445500000292668
ionosphere,16,,,,,,linear_svm,0.002131799999915529
ionosphere,16,,,,,,rbf_svm,0.001126700000895653
ionosphere,17,15.0,8.0,4.0,0.08762509522709065,0.0,matched_gini,0.0874855000001844
ionosphere,17,15.0,8.0,4.0,0.17041009522709064,0.14285714285714285,mags_fixed,0.08859690000099363
ionosphere,17,15.0,8.0,4.0,0.08762509522709065,0.0,mags_binary_excluded,0.0897497999976622
ionosphere,17,17.0,9.0,4.0,0.06162964250330836,0.0,matched_gini_unrestricted,0.15766330000042217
ionosphere,17,17.0,9.0,4.0,0.13406651750330836,0.125,mags_fixed_unrestricted,0.14408350000303471
ionosphere,17,15.0,8.0,4.0,,,cart_fixed,0.0028785999966203235
ionosphere,17,25.0,13.0,7.0,0.13855145898263593,0.0,mags_tuned,2.2093394999974407
ionosphere,17,11.0,6.0,3.0,,,cart_tuned_depth,0.03255679999710992
ionosphere,17,5.0,3.0,2.0,,,cart_pruned,0.021041599997261073
ionosphere,17,17.0,9.0,4.0,,,noise_augmented_cart,0.003137200001219753
ionosphere,17,,,,,,random_forest,0.0715208999972674
ionosphere,17,,,,,,extra_trees,0.05133629999909317
ionosphere,17,,,,,,linear_svm,0.00203979999787407
ionosphere,17,,,,,,rbf_svm,0.0013427000012598
ionosphere,18,15.0,8.0,4.0,0.16643996031316521,0.14285714285714285,matched_gini,0.08692220000375528
ionosphere,18,9.0,5.0,4.0,0.27177875,0.25,mags_fixed,0.09106649999739602
ionosphere,18,15.0,8.0,4.0,0.20124340630399126,0.14285714285714285,mags_binary_excluded,0.07051689999934752
ionosphere,18,13.0,7.0,4.0,0.22972190251572325,0.16666666666666666,matched_gini_unrestricted,0.07677459999831626
ionosphere,18,9.0,5.0,4.0,0.2715175,0.25,mags_fixed_unrestricted,0.10522899999341462
ionosphere,18,15.0,8.0,4.0,,,cart_fixed,0.0017878999933600426
ionosphere,18,11.0,6.0,3.0,0.23322227772593843,0.0,mags_tuned,1.906015300002764
ionosphere,18,5.0,3.0,2.0,,,cart_tuned_depth,0.017702899996947963
ionosphere,18,13.0,7.0,4.0,,,cart_pruned,0.017767199999070726
ionosphere,18,13.0,7.0,4.0,,,noise_augmented_cart,0.0034846999988076277
ionosphere,18,,,,,,random_forest,0.0794677000012598
ionosphere,18,,,,,,extra_trees,0.04811650000192458
ionosphere,18,,,,,,linear_svm,0.0017100999975809827
ionosphere,18,,,,,,rbf_svm,0.001215800002682954
ionosphere,19,13.0,7.0,4.0,0.0926418595158322,0.0,matched_gini,0.07051990000036312
ionosphere,19,9.0,5.0,4.0,0.30793125,0.25,mags_fixed,0.08684999999968568
ionosphere,19,13.0,7.0,4.0,0.0926418595158322,0.0,mags_binary_excluded,0.08733569999458268
ionosphere,19,15.0,8.0,4.0,0.06335025373309888,0.0,matched_gini_unrestricted,0.11892300000181422
ionosphere,19,9.0,5.0,4.0,0.298325,0.25,mags_fixed_unrestricted,0.08203369999682764
ionosphere,19,13.0,7.0,4.0,,,cart_fixed,0.002198599999246653
ionosphere,19,11.0,6.0,5.0,0.25523,0.0,mags_tuned,2.2603854999979376
ionosphere,19,13.0,7.0,4.0,,,cart_tuned_depth,0.02498580000246875
ionosphere,19,19.0,10.0,6.0,,,cart_pruned,0.018066999997245148
ionosphere,19,9.0,5.0,4.0,,,noise_augmented_cart,0.003098399996815715
ionosphere,19,,,,,,random_forest,0.06776920000265818
ionosphere,19,,,,,,extra_trees,0.045942100005049724
ionosphere,19,,,,,,linear_svm,0.001357000001007691
ionosphere,19,,,,,,rbf_svm,0.0009946999998646788
ionosphere,20,17.0,9.0,4.0,0.03829401444392265,0.0,matched_gini,0.079634999994596
ionosphere,20,17.0,9.0,4.0,0.06224345006428915,0.0,mags_fixed,0.13168270000460325
ionosphere,20,17.0,9.0,4.0,0.06224345006428915,0.0,mags_binary_excluded,0.09109780000289902
ionosphere,20,17.0,9.0,4.0,0.03811489174476899,0.0,matched_gini_unrestricted,0.14217890000145417
ionosphere,20,17.0,9.0,4.0,0.04373495631286993,0.0,mags_fixed_unrestricted,0.12756800000352086
ionosphere,20,17.0,9.0,4.0,,,cart_fixed,0.0019107999978587031
ionosphere,20,9.0,5.0,3.0,0.2923725,0.0,mags_tuned,2.076011600001948
ionosphere,20,7.0,4.0,2.0,,,cart_tuned_depth,0.015765099997224752
ionosphere,20,5.0,3.0,2.0,,,cart_pruned,0.014050500001758337
ionosphere,20,13.0,7.0,4.0,,,noise_augmented_cart,0.0030372999972314574
ionosphere,20,,,,,,random_forest,0.07933929999853717
ionosphere,20,,,,,,extra_trees,0.042954199998348486
ionosphere,20,,,,,,linear_svm,0.0023707000000285916
ionosphere,20,,,,,,rbf_svm,0.0011482000045361929
ionosphere,21,17.0,9.0,4.0,0.04953215819724646,0.0,matched_gini,0.09698389999539359
ionosphere,21,13.0,7.0,4.0,0.22243531737330435,0.16666666666666666,mags_fixed,0.09870819999923697
ionosphere,21,17.0,9.0,4.0,0.09020675213665427,0.0,mags_binary_excluded,0.09647860000404762
ionosphere,21,15.0,8.0,4.0,0.040249172151118555,0.0,matched_gini_unrestricted,0.1172528000024613
ionosphere,21,11.0,6.0,4.0,0.30219000000000007,0.2,mags_fixed_unrestricted,0.11764190000394592
ionosphere,21,17.0,9.0,4.0,,,cart_fixed,0.001695899998594541
ionosphere,21,19.0,10.0,7.0,0.15628467094944523,0.0,mags_tuned,2.159261900000274
ionosphere,21,11.0,6.0,3.0,,,cart_tuned_depth,0.021332199998141732
ionosphere,21,27.0,14.0,8.0,,,cart_pruned,0.03305890000046929
ionosphere,21,17.0,9.0,4.0,,,noise_augmented_cart,0.0026049000007333234
ionosphere,21,,,,,,random_forest,0.07099559999915073
ionosphere,21,,,,,,extra_trees,0.05188500000076601
ionosphere,21,,,,,,linear_svm,0.0027017999964300543
ionosphere,21,,,,,,rbf_svm,0.001905999997688923
ionosphere,22,19.0,10.0,4.0,0.08127839788100731,0.0,matched_gini,0.09490180000284454
ionosphere,22,17.0,9.0,4.0,0.15669444761613321,0.125,mags_fixed,0.09842989999742713
ionosphere,22,19.0,10.0,4.0,0.08127839788100731,0.0,mags_binary_excluded,0.09650539999711327
ionosphere,22,19.0,10.0,4.0,0.061244808736012506,0.0,matched_gini_unrestricted,0.12782399999559857
ionosphere,22,17.0,9.0,4.0,0.16614979455889,0.125,mags_fixed_unrestricted,0.13211959999898681
ionosphere,22,19.0,10.0,4.0,,,cart_fixed,0.0020073999985470437
ionosphere,22,19.0,10.0,5.0,0.184225075792675,0.0,mags_tuned,2.351569999998901
ionosphere,22,13.0,7.0,3.0,,,cart_tuned_depth,0.021563900001638103
ionosphere,22,5.0,3.0,2.0,,,cart_pruned,0.014748599998711143
ionosphere,22,19.0,10.0,4.0,,,noise_augmented_cart,0.003048899998248089
ionosphere,22,,,,,,random_forest,0.06975889999739593
ionosphere,22,,,,,,extra_trees,0.04230690000258619
ionosphere,22,,,,,,linear_svm,0.0018535000053816475
ionosphere,22,,,,,,rbf_svm,0.0009500000014668331
ionosphere,23,15.0,8.0,4.0,0.157733300874413,0.14285714285714285,matched_gini,0.08249369999975897
ionosphere,23,11.0,6.0,4.0,0.22044508130081297,0.2,mags_fixed,0.07798499999626074
ionosphere,23,15.0,8.0,4.0,0.08630472944584157,0.0,mags_binary_excluded,0.08240500000101747
ionosphere,23,17.0,9.0,4.0,0.14119294812579192,0.125,matched_gini_unrestricted,0.1278980999995838
ionosphere,23,11.0,6.0,4.0,0.2824382078489348,0.2,mags_fixed_unrestricted,0.10209770000074059
ionosphere,23,15.0,8.0,4.0,,,cart_fixed,0.0018649999983608723
ionosphere,23,19.0,10.0,5.0,0.1362092317510481,0.0,mags_tuned,2.0664727999974275
ionosphere,23,7.0,4.0,2.0,,,cart_tuned_depth,0.016673700003593694
ionosphere,23,5.0,3.0,2.0,,,cart_pruned,0.013472699996782467
ionosphere,23,17.0,9.0,4.0,,,noise_augmented_cart,0.0032202000002143905
ionosphere,23,,,,,,random_forest,0.07951390000380343
ionosphere,23,,,,,,extra_trees,0.046021900001505855
ionosphere,23,,,,,,linear_svm,0.0012795000002370216
ionosphere,23,,,,,,rbf_svm,0.0013032999995630234
ionosphere,24,17.0,9.0,4.0,0.15420067199992166,0.125,matched_gini,0.09694499999750406
ionosphere,24,9.0,5.0,4.0,0.28531875,0.25,mags_fixed,0.12221150000550551
ionosphere,24,13.0,7.0,4.0,0.19396336599462696,0.16666666666666666,mags_binary_excluded,0.10079419999965467
ionosphere,24,17.0,9.0,4.0,0.16877608409680636,0.125,matched_gini_unrestricted,0.1637750000008964
ionosphere,24,13.0,7.0,4.0,0.20243213299585142,0.16666666666666666,mags_fixed_unrestricted,0.13139970000338508
ionosphere,24,17.0,9.0,4.0,,,cart_fixed,0.0019967999978689477
ionosphere,24,19.0,10.0,7.0,0.14811536796114277,0.0,mags_tuned,2.5902623000001768
ionosphere,24,11.0,6.0,3.0,,,cart_tuned_depth,0.02156299999478506
ionosphere,24,5.0,3.0,2.0,,,cart_pruned,0.04110569999465952
ionosphere,24,13.0,7.0,4.0,,,noise_augmented_cart,0.0038531000027433038
ionosphere,24,,,,,,random_forest,0.07882840000092983
ionosphere,24,,,,,,extra_trees,0.048637899999448564
ionosphere,24,,,,,,linear_svm,0.0016453999996883795
ionosphere,24,,,,,,rbf_svm,0.001253599999472499
ionosphere,25,17.0,9.0,4.0,0.0836190104961882,0.0,matched_gini,0.07840330000180984
ionosphere,25,17.0,9.0,4.0,0.08923907506428913,0.0,mags_fixed,0.09957139999460196
ionosphere,25,17.0,9.0,4.0,0.08923907506428913,0.0,mags_binary_excluded,0.08524340000440134
ionosphere,25,19.0,10.0,4.0,0.07276170175107771,0.0,matched_gini_unrestricted,0.17040350000024773
ionosphere,25,19.0,10.0,4.0,0.07276170175107771,0.0,mags_fixed_unrestricted,0.16544500000600237
ionosphere,25,17.0,9.0,4.0,,,cart_fixed,0.0020957000015187077
ionosphere,25,13.0,7.0,4.0,0.20421333333333336,0.0,mags_tuned,2.697447300000931
ionosphere,25,11.0,6.0,3.0,,,cart_tuned_depth,0.02001159999781521
ionosphere,25,21.0,11.0,7.0,,,cart_pruned,0.020443800000066403
ionosphere,25,21.0,11.0,4.0,,,noise_augmented_cart,0.0036917000034009106
ionosphere,25,,,,,,random_forest,0.08304570000473177
ionosphere,25,,,,,,extra_trees,0.059600000000500586
ionosphere,25,,,,,,linear_svm,0.002337400001124479
ionosphere,25,,,,,,rbf_svm,0.0013842999978805892
ionosphere,26,15.0,8.0,4.0,0.16520146998869595,0.14285714285714285,matched_gini,0.09536430000298424
ionosphere,26,13.0,7.0,4.0,0.22023666666666672,0.16666666666666666,mags_fixed,0.094527699999162
ionosphere,26,15.0,8.0,4.0,0.19086432713155313,0.14285714285714285,mags_binary_excluded,0.0860432999979821
ionosphere,26,15.0,8.0,4.0,0.17976296304875566,0.14285714285714285,matched_gini_unrestricted,0.12278130000049714
ionosphere,26,13.0,7.0,4.0,0.2202594897882464,0.16666666666666666,mags_fixed_unrestricted,0.1262129999959143
ionosphere,26,15.0,8.0,4.0,,,cart_fixed,0.002050399998552166
ionosphere,26,13.0,7.0,4.0,0.22023666666666672,0.0,mags_tuned,2.489220600000408
ionosphere,26,7.0,4.0,2.0,,,cart_tuned_depth,0.018350800004554912
ionosphere,26,7.0,4.0,3.0,,,cart_pruned,0.025611099998059217
ionosphere,26,13.0,7.0,4.0,,,noise_augmented_cart,0.0035535999995772727
ionosphere,26,,,,,,random_forest,0.08478820000163978
ionosphere,26,,,,,,extra_trees,0.04980059999797959
ionosphere,26,,,,,,linear_svm,0.0028942999997525476
ionosphere,26,,,,,,rbf_svm,0.0016190999958780594
ionosphere,27,13.0,7.0,4.0,0.02505321963480173,0.0,matched_gini,0.09476010000071255
ionosphere,27,9.0,5.0,4.0,0.27934125,0.25,mags_fixed,0.11846499999955995
ionosphere,27,13.0,7.0,4.0,0.09757602690966784,0.0,mags_binary_excluded,0.08899620000011055
ionosphere,27,13.0,7.0,4.0,0.02505321963480173,0.0,matched_gini_unrestricted,0.159710100000666
ionosphere,27,11.0,6.0,4.0,0.2831130756793774,0.2,mags_fixed_unrestricted,0.11503759999322938
ionosphere,27,13.0,7.0,4.0,,,cart_fixed,0.0016720000057830475
ionosphere,27,5.0,3.0,2.0,0.509425,0.0,mags_tuned,2.5800799999997253
ionosphere,27,13.0,7.0,4.0,,,cart_tuned_depth,0.01980119999643648
ionosphere,27,27.0,14.0,8.0,,,cart_pruned,0.016623100003926083
ionosphere,27,13.0,7.0,4.0,,,noise_augmented_cart,0.003698100001201965
ionosphere,27,,,,,,random_forest,0.08305219999601832
ionosphere,27,,,,,,extra_trees,0.05279710000468185
ionosphere,27,,,,,,linear_svm,0.002340400002140086
ionosphere,27,,,,,,rbf_svm,0.001298899995163083
tic_tac_toe,0,43.0,22.0,5.0,1.0,1.0,matched_gini,0.01659940000536153
tic_tac_toe,0,43.0,22.0,5.0,1.0,1.0,mags_fixed,0.01685719999659341
tic_tac_toe,0,43.0,22.0,5.0,1.0,1.0,mags_binary_excluded,0.02452080000512069
tic_tac_toe,0,43.0,22.0,5.0,1.0,1.0,matched_gini_unrestricted,0.016534399997908622
tic_tac_toe,0,43.0,22.0,5.0,1.0,1.0,mags_fixed_unrestricted,0.015132799999264535
tic_tac_toe,0,43.0,22.0,5.0,,,cart_fixed,0.0013006000008317642
tic_tac_toe,0,79.0,40.0,8.0,1.0,0.0,mags_tuned,0.7661681000026874
tic_tac_toe,0,79.0,40.0,8.0,,,cart_tuned_depth,0.026378199996543117
tic_tac_toe,0,65.0,33.0,7.0,,,cart_pruned,0.038386699998227414
tic_tac_toe,0,47.0,24.0,5.0,,,noise_augmented_cart,0.006078200000047218
tic_tac_toe,0,,,,,,random_forest,0.10510149999754503
tic_tac_toe,0,,,,,,extra_trees,0.08270789999369299
tic_tac_toe,0,,,,,,linear_svm,0.005270400004519615
tic_tac_toe,0,,,,,,rbf_svm,0.009427699995285366
tic_tac_toe,1,45.0,23.0,5.0,1.0,1.0,matched_gini,0.016775099997175857
tic_tac_toe,1,45.0,23.0,5.0,1.0,1.0,mags_fixed,0.014987300004577264
tic_tac_toe,1,45.0,23.0,5.0,1.0,1.0,mags_binary_excluded,0.021002900000894442
tic_tac_toe,1,45.0,23.0,5.0,1.0,1.0,matched_gini_unrestricted,0.018837600000551902
tic_tac_toe,1,45.0,23.0,5.0,1.0,1.0,mags_fixed_unrestricted,0.012833100001444109
tic_tac_toe,1,45.0,23.0,5.0,,,cart_fixed,0.0013739999994868413
tic_tac_toe,1,77.0,39.0,7.0,1.0,0.0,mags_tuned,0.6458963999975822
tic_tac_toe,1,77.0,39.0,7.0,,,cart_tuned_depth,0.013489199998730328
tic_tac_toe,1,47.0,24.0,6.0,,,cart_pruned,0.021014700003433973
tic_tac_toe,1,49.0,25.0,5.0,,,noise_augmented_cart,0.006210999999893829
tic_tac_toe,1,,,,,,random_forest,0.10446109999611508
tic_tac_toe,1,,,,,,extra_trees,0.08313500000076601
tic_tac_toe,1,,,,,,linear_svm,0.005842899998242501
tic_tac_toe,1,,,,,,rbf_svm,0.009129400001256727
ionosphere,28,15.0,8.0,4.0,0.14798329268292681,0.14285714285714285,matched_gini,0.10774339999625226
ionosphere,28,11.0,6.0,4.0,0.25622809677419356,0.2,mags_fixed,0.0912123000016436
ionosphere,28,15.0,8.0,4.0,0.15972506912442394,0.14285714285714285,mags_binary_excluded,0.09834240000054706
ionosphere,28,13.0,7.0,4.0,0.17249856643584482,0.16666666666666666,matched_gini_unrestricted,0.14935749999858672
ionosphere,28,9.0,5.0,4.0,0.29615955188679244,0.25,mags_fixed_unrestricted,0.11310709999816027
ionosphere,28,15.0,8.0,4.0,,,cart_fixed,0.002167300001019612
ionosphere,28,9.0,5.0,3.0,0.30054875,0.0,mags_tuned,2.4225296000004164
ionosphere,28,11.0,6.0,3.0,,,cart_tuned_depth,0.046424099993600976
ionosphere,28,13.0,7.0,5.0,,,cart_pruned,0.04460960000142222
ionosphere,28,13.0,7.0,4.0,,,noise_augmented_cart,0.003560900004231371
ionosphere,28,,,,,,random_forest,0.09342539999488508
ionosphere,28,,,,,,extra_trees,0.05316609999863431
ionosphere,28,,,,,,linear_svm,0.0016777999990154058
ionosphere,28,,,,,,rbf_svm,0.0013837000005878508
tic_tac_toe,2,45.0,23.0,5.0,1.0,1.0,matched_gini,0.018219799996586516
tic_tac_toe,2,45.0,23.0,5.0,1.0,1.0,mags_fixed,0.024058399998466484
tic_tac_toe,2,45.0,23.0,5.0,1.0,1.0,mags_binary_excluded,0.01914530000067316
tic_tac_toe,2,45.0,23.0,5.0,1.0,1.0,matched_gini_unrestricted,0.01955889999953797
tic_tac_toe,2,45.0,23.0,5.0,1.0,1.0,mags_fixed_unrestricted,0.01814810000360012
tic_tac_toe,2,45.0,23.0,5.0,,,cart_fixed,0.0013985000041429885
tic_tac_toe,2,75.0,38.0,7.0,1.0,0.0,mags_tuned,0.7494269999951939
tic_tac_toe,2,75.0,38.0,7.0,,,cart_tuned_depth,0.01168830000096932
tic_tac_toe,2,59.0,30.0,7.0,,,cart_pruned,0.02042520000395598
tic_tac_toe,2,51.0,26.0,5.0,,,noise_augmented_cart,0.006572699996468145
tic_tac_toe,2,,,,,,random_forest,0.08725759999651928
tic_tac_toe,2,,,,,,extra_trees,0.08684050000010757
tic_tac_toe,2,,,,,,linear_svm,0.005157000006875023
tic_tac_toe,2,,,,,,rbf_svm,0.009351000000606291
tic_tac_toe,3,45.0,23.0,5.0,1.0,1.0,matched_gini,0.01537580000149319
tic_tac_toe,3,45.0,23.0,5.0,1.0,1.0,mags_fixed,0.023100399994291365
tic_tac_toe,3,45.0,23.0,5.0,1.0,1.0,mags_binary_excluded,0.020012100001622457
tic_tac_toe,3,45.0,23.0,5.0,1.0,1.0,matched_gini_unrestricted,0.022495600002002902
tic_tac_toe,3,45.0,23.0,5.0,1.0,1.0,mags_fixed_unrestricted,0.017576400001416914
tic_tac_toe,3,45.0,23.0,5.0,,,cart_fixed,0.0018943999966722913
tic_tac_toe,3,65.0,33.0,6.0,1.0,0.0,mags_tuned,0.6342260999954306
tic_tac_toe,3,83.0,42.0,8.0,,,cart_tuned_depth,0.021597200000542216
tic_tac_toe,3,39.0,20.0,6.0,,,cart_pruned,0.020477600002777763
tic_tac_toe,3,51.0,26.0,5.0,,,noise_augmented_cart,0.0060207999995327555
tic_tac_toe,3,,,,,,random_forest,0.07987700000376208
tic_tac_toe,3,,,,,,extra_trees,0.06405329999688547
tic_tac_toe,3,,,,,,linear_svm,0.00596380000206409
tic_tac_toe,3,,,,,,rbf_svm,0.00936350000120001
tic_tac_toe,4,43.0,22.0,5.0,1.0,1.0,matched_gini,0.0218931000053999
tic_tac_toe,4,43.0,22.0,5.0,1.0,1.0,mags_fixed,0.018882000003941357
tic_tac_toe,4,43.0,22.0,5.0,1.0,1.0,mags_binary_excluded,0.018667399999685585
tic_tac_toe,4,43.0,22.0,5.0,1.0,1.0,matched_gini_unrestricted,0.019202700001187623
tic_tac_toe,4,43.0,22.0,5.0,1.0,1.0,mags_fixed_unrestricted,0.01793560000078287
tic_tac_toe,4,43.0,22.0,5.0,,,cart_fixed,0.0014295000000856817
tic_tac_toe,4,81.0,41.0,8.0,1.0,0.0,mags_tuned,0.7307104999999865
tic_tac_toe,4,81.0,41.0,8.0,,,cart_tuned_depth,0.014452999996137805
tic_tac_toe,4,57.0,29.0,7.0,,,cart_pruned,0.02244990000326652
tic_tac_toe,4,53.0,27.0,5.0,,,noise_augmented_cart,0.006611299999349285
tic_tac_toe,4,,,,,,random_forest,0.08675419999781298
tic_tac_toe,4,,,,,,extra_trees,0.06340999999520136
tic_tac_toe,4,,,,,,linear_svm,0.005736299994168803
tic_tac_toe,4,,,,,,rbf_svm,0.009344799997052178
ionosphere,29,13.0,7.0,4.0,0.05854343498596765,0.0,matched_gini,0.11006990000169026
ionosphere,29,15.0,8.0,4.0,0.19074505447265536,0.14285714285714285,mags_fixed,0.1335075000024517
ionosphere,29,15.0,8.0,4.0,0.06510648304408394,0.0,mags_binary_excluded,0.1101695999968797
ionosphere,29,17.0,9.0,4.0,0.03732604178829919,0.0,matched_gini_unrestricted,0.15238110000063898
ionosphere,29,17.0,9.0,4.0,0.14725979178829918,0.125,mags_fixed_unrestricted,0.1715163000044413
ionosphere,29,13.0,7.0,4.0,,,cart_fixed,0.0022049000035622157
ionosphere,29,9.0,5.0,3.0,0.2758223930449892,0.0,mags_tuned,3.13542310000048
ionosphere,29,5.0,3.0,2.0,,,cart_tuned_depth,0.03605020000395598
ionosphere,29,11.0,6.0,5.0,,,cart_pruned,0.044768400002794806
ionosphere,29,15.0,8.0,4.0,,,noise_augmented_cart,0.007268200002727099
ionosphere,29,,,,,,random_forest,0.08501470000192057
ionosphere,29,,,,,,extra_trees,0.0502866000024369
ionosphere,29,,,,,,linear_svm,0.0019885000001522712
ionosphere,29,,,,,,rbf_svm,0.0013399000017670915
tic_tac_toe,5,45.0,23.0,5.0,1.0,1.0,matched_gini,0.02026300000579795
tic_tac_toe,5,45.0,23.0,5.0,1.0,1.0,mags_fixed,0.01641830000153277
tic_tac_toe,5,45.0,23.0,5.0,1.0,1.0,mags_binary_excluded,0.014602399998693727
tic_tac_toe,5,45.0,23.0,5.0,1.0,1.0,matched_gini_unrestricted,0.025796199995966163
tic_tac_toe,5,45.0,23.0,5.0,1.0,1.0,mags_fixed_unrestricted,0.01837599999998929
tic_tac_toe,5,45.0,23.0,5.0,,,cart_fixed,0.0012509000007412396
tic_tac_toe,5,65.0,33.0,6.0,1.0,0.0,mags_tuned,0.7578064999979688
tic_tac_toe,5,65.0,33.0,6.0,,,cart_tuned_depth,0.020587700004398357
tic_tac_toe,5,51.0,26.0,7.0,,,cart_pruned,0.030699800001457334
tic_tac_toe,5,53.0,27.0,5.0,,,noise_augmented_cart,0.0077679000023636036
tic_tac_toe,5,,,,,,random_forest,0.09149719999550143
tic_tac_toe,5,,,,,,extra_trees,0.06685060000017984
tic_tac_toe,5,,,,,,linear_svm,0.011820799998531584
tic_tac_toe,5,,,,,,rbf_svm,0.018860700001823716
tic_tac_toe,6,43.0,22.0,5.0,1.0,1.0,matched_gini,0.019864700007019565
tic_tac_toe,6,43.0,22.0,5.0,1.0,1.0,mags_fixed,0.015739400005259085
tic_tac_toe,6,43.0,22.0,5.0,1.0,1.0,mags_binary_excluded,0.018926099997770507
tic_tac_toe,6,43.0,22.0,5.0,1.0,1.0,matched_gini_unrestricted,0.017140500000095926
tic_tac_toe,6,43.0,22.0,5.0,1.0,1.0,mags_fixed_unrestricted,0.020614900000509806
tic_tac_toe,6,43.0,22.0,5.0,,,cart_fixed,0.0016341999944415875
tic_tac_toe,6,57.0,29.0,6.0,1.0,0.0,mags_tuned,0.6460334000003058
tic_tac_toe,6,71.0,36.0,8.0,,,cart_tuned_depth,0.013144699994882103
tic_tac_toe,6,71.0,36.0,8.0,,,cart_pruned,0.02076890000171261
tic_tac_toe,6,53.0,27.0,5.0,,,noise_augmented_cart,0.00588449999486329
tic_tac_toe,6,,,,,,random_forest,0.11044740000215825
tic_tac_toe,6,,,,,,extra_trees,0.10497100000065984
tic_tac_toe,6,,,,,,linear_svm,0.005617399998300243
tic_tac_toe,6,,,,,,rbf_svm,0.00899859999481123
tic_tac_toe,7,45.0,23.0,5.0,1.0,1.0,matched_gini,0.019959900004323572
tic_tac_toe,7,45.0,23.0,5.0,1.0,1.0,mags_fixed,0.01876730000367388
tic_tac_toe,7,45.0,23.0,5.0,1.0,1.0,mags_binary_excluded,0.016684099995472934
tic_tac_toe,7,45.0,23.0,5.0,1.0,1.0,matched_gini_unrestricted,0.016952000005403534
tic_tac_toe,7,45.0,23.0,5.0,1.0,1.0,mags_fixed_unrestricted,0.0206043999933172
tic_tac_toe,7,45.0,23.0,5.0,,,cart_fixed,0.0013181999966036528
tic_tac_toe,7,65.0,33.0,6.0,1.0,0.0,mags_tuned,0.671081000000413
tic_tac_toe,7,65.0,33.0,6.0,,,cart_tuned_depth,0.01441970000450965
tic_tac_toe,7,81.0,41.0,8.0,,,cart_pruned,0.016545500002393965
tic_tac_toe,7,53.0,27.0,5.0,,,noise_augmented_cart,0.005282099999021739
tic_tac_toe,7,,,,,,random_forest,0.0954111000028206
tic_tac_toe,7,,,,,,extra_trees,0.06090099999710219
tic_tac_toe,7,,,,,,linear_svm,0.005548499997530598
tic_tac_toe,7,,,,,,rbf_svm,0.009474099999351893
tic_tac_toe,8,45.0,23.0,5.0,1.0,1.0,matched_gini,0.020146399998338893
tic_tac_toe,8,45.0,23.0,5.0,1.0,1.0,mags_fixed,0.015592700001434423
tic_tac_toe,8,45.0,23.0,5.0,1.0,1.0,mags_binary_excluded,0.018861600001400802
tic_tac_toe,8,45.0,23.0,5.0,1.0,1.0,matched_gini_unrestricted,0.02406150000024354
tic_tac_toe,8,45.0,23.0,5.0,1.0,1.0,mags_fixed_unrestricted,0.020126099996559788
tic_tac_toe,8,45.0,23.0,5.0,,,cart_fixed,0.0013242999993963167
tic_tac_toe,8,69.0,35.0,6.0,1.0,0.0,mags_tuned,0.6977905000021565
tic_tac_toe,8,89.0,45.0,8.0,,,cart_tuned_depth,0.03166159999818774
tic_tac_toe,8,49.0,25.0,7.0,,,cart_pruned,0.02907440000126371
tic_tac_toe,8,47.0,24.0,5.0,,,noise_augmented_cart,0.0062968999991426244
tic_tac_toe,8,,,,,,random_forest,0.07900759999756701
tic_tac_toe,8,,,,,,extra_trees,0.06658579999930225
tic_tac_toe,8,,,,,,linear_svm,0.005644400000164751
tic_tac_toe,8,,,,,,rbf_svm,0.009108300000661984
tic_tac_toe,9,45.0,23.0,5.0,1.0,1.0,matched_gini,0.017923299994436093
tic_tac_toe,9,45.0,23.0,5.0,1.0,1.0,mags_fixed,0.022872599998663645
tic_tac_toe,9,45.0,23.0,5.0,1.0,1.0,mags_binary_excluded,0.03081430000020191
tic_tac_toe,9,45.0,23.0,5.0,1.0,1.0,matched_gini_unrestricted,0.018154099998355377
tic_tac_toe,9,45.0,23.0,5.0,1.0,1.0,mags_fixed_unrestricted,0.017690000000584405
tic_tac_toe,9,45.0,23.0,5.0,,,cart_fixed,0.0015763000046717934
tic_tac_toe,9,79.0,40.0,7.0,1.0,0.0,mags_tuned,0.7122030000027735
tic_tac_toe,9,79.0,40.0,7.0,,,cart_tuned_depth,0.012279599999601487
tic_tac_toe,9,69.0,35.0,7.0,,,cart_pruned,0.01942150000104448
tic_tac_toe,9,53.0,27.0,5.0,,,noise_augmented_cart,0.006031100005202461
tic_tac_toe,9,,,,,,random_forest,0.07785040000453591
tic_tac_toe,9,,,,,,extra_trees,0.10751539999910165
tic_tac_toe,9,,,,,,linear_svm,0.005109600002469961
tic_tac_toe,9,,,,,,rbf_svm,0.008270599995739758
tic_tac_toe,10,43.0,22.0,5.0,1.0,1.0,matched_gini,0.01532279999810271
tic_tac_toe,10,43.0,22.0,5.0,1.0,1.0,mags_fixed,0.017513300001155585
tic_tac_toe,10,43.0,22.0,5.0,1.0,1.0,mags_binary_excluded,0.02925849999883212
tic_tac_toe,10,43.0,22.0,5.0,1.0,1.0,matched_gini_unrestricted,0.017213200000696816
tic_tac_toe,10,43.0,22.0,5.0,1.0,1.0,mags_fixed_unrestricted,0.016624900003080256
tic_tac_toe,10,43.0,22.0,5.0,,,cart_fixed,0.0012634000013349578
tic_tac_toe,10,75.0,38.0,8.0,1.0,0.0,mags_tuned,0.5842418999964138
tic_tac_toe,10,65.0,33.0,6.0,,,cart_tuned_depth,0.011333700000250246
tic_tac_toe,10,53.0,27.0,7.0,,,cart_pruned,0.0168444000009913
tic_tac_toe,10,53.0,27.0,5.0,,,noise_augmented_cart,0.005388400000811089
tic_tac_toe,10,,,,,,random_forest,0.07370029999583494
tic_tac_toe,10,,,,,,extra_trees,0.06534549999923911
tic_tac_toe,10,,,,,,linear_svm,0.0049307000008411705
tic_tac_toe,10,,,,,,rbf_svm,0.008125200001813937
tic_tac_toe,11,43.0,22.0,5.0,1.0,1.0,matched_gini,0.021781600000394974
tic_tac_toe,11,43.0,22.0,5.0,1.0,1.0,mags_fixed,0.01649899999756599
tic_tac_toe,11,43.0,22.0,5.0,1.0,1.0,mags_binary_excluded,0.016611299994110595
tic_tac_toe,11,43.0,22.0,5.0,1.0,1.0,matched_gini_unrestricted,0.016194799994991627
tic_tac_toe,11,43.0,22.0,5.0,1.0,1.0,mags_fixed_unrestricted,0.014969099996960722
tic_tac_toe,11,43.0,22.0,5.0,,,cart_fixed,0.0010369999945396557
tic_tac_toe,11,43.0,22.0,5.0,1.0,0.0,mags_tuned,0.529258700000355
tic_tac_toe,11,85.0,43.0,8.0,,,cart_tuned_depth,0.011080000003858004
tic_tac_toe,11,45.0,23.0,6.0,,,cart_pruned,0.017480399998021312
tic_tac_toe,11,49.0,25.0,5.0,,,noise_augmented_cart,0.005944799995631911
tic_tac_toe,11,,,,,,random_forest,0.06486710000172025
tic_tac_toe,11,,,,,,extra_trees,0.07541199999832315
tic_tac_toe,11,,,,,,linear_svm,0.0051300000050105155
tic_tac_toe,11,,,,,,rbf_svm,0.0077968000041437335
tic_tac_toe,12,45.0,23.0,5.0,1.0,1.0,matched_gini,0.031091099997865967
tic_tac_toe,12,45.0,23.0,5.0,1.0,1.0,mags_fixed,0.021299799998814706
tic_tac_toe,12,45.0,23.0,5.0,1.0,1.0,mags_binary_excluded,0.01712269999552518
tic_tac_toe,12,45.0,23.0,5.0,1.0,1.0,matched_gini_unrestricted,0.01568290000432171
tic_tac_toe,12,45.0,23.0,5.0,1.0,1.0,mags_fixed_unrestricted,0.016550499996810686
tic_tac_toe,12,45.0,23.0,5.0,,,cart_fixed,0.0012457999982871115
tic_tac_toe,12,95.0,48.0,8.0,1.0,0.0,mags_tuned,0.6734362999995938
tic_tac_toe,12,65.0,33.0,6.0,,,cart_tuned_depth,0.02200210000592051
tic_tac_toe,12,65.0,33.0,8.0,,,cart_pruned,0.017589299997780472
tic_tac_toe,12,55.0,28.0,5.0,,,noise_augmented_cart,0.005363699994632043
tic_tac_toe,12,,,,,,random_forest,0.06452209999406477
tic_tac_toe,12,,,,,,extra_trees,0.05545960000017658
tic_tac_toe,12,,,,,,linear_svm,0.005401900001743343
tic_tac_toe,12,,,,,,rbf_svm,0.007862799997383263
tic_tac_toe,13,43.0,22.0,5.0,1.0,1.0,matched_gini,0.01507570000103442
tic_tac_toe,13,43.0,22.0,5.0,1.0,1.0,mags_fixed,0.01659559999825433
tic_tac_toe,13,43.0,22.0,5.0,1.0,1.0,mags_binary_excluded,0.015277600003173575
tic_tac_toe,13,43.0,22.0,5.0,1.0,1.0,matched_gini_unrestricted,0.014686300004541408
tic_tac_toe,13,43.0,22.0,5.0,1.0,1.0,mags_fixed_unrestricted,0.01494049999746494
tic_tac_toe,13,43.0,22.0,5.0,,,cart_fixed,0.0012099000014131889
tic_tac_toe,13,63.0,32.0,6.0,1.0,0.0,mags_tuned,0.5056604999990668
tic_tac_toe,13,87.0,44.0,8.0,,,cart_tuned_depth,0.012591999999131076
tic_tac_toe,13,59.0,30.0,8.0,,,cart_pruned,0.016669399999955203
tic_tac_toe,13,53.0,27.0,5.0,,,noise_augmented_cart,0.005880199998500757
tic_tac_toe,13,,,,,,random_forest,0.08130399999936344
tic_tac_toe,13,,,,,,extra_trees,0.05109600000287173
tic_tac_toe,13,,,,,,linear_svm,0.005063299999164883
tic_tac_toe,13,,,,,,rbf_svm,0.007775599995511584
tic_tac_toe,14,45.0,23.0,5.0,1.0,1.0,matched_gini,0.008849000005284324
tic_tac_toe,14,45.0,23.0,5.0,1.0,1.0,mags_fixed,0.014143899999908172
tic_tac_toe,14,45.0,23.0,5.0,1.0,1.0,mags_binary_excluded,0.0159196000022348
tic_tac_toe,14,45.0,23.0,5.0,1.0,1.0,matched_gini_unrestricted,0.029303499999514315
tic_tac_toe,14,45.0,23.0,5.0,1.0,1.0,mags_fixed_unrestricted,0.02895630000421079
tic_tac_toe,14,45.0,23.0,5.0,,,cart_fixed,0.001972699996258598
tic_tac_toe,14,75.0,38.0,8.0,1.0,0.0,mags_tuned,0.47967380000045523
tic_tac_toe,14,75.0,38.0,8.0,,,cart_tuned_depth,0.010953899996820837
tic_tac_toe,14,35.0,18.0,6.0,,,cart_pruned,0.0164671999955317
tic_tac_toe,14,55.0,28.0,5.0,,,noise_augmented_cart,0.005563699996855576
tic_tac_toe,14,,,,,,random_forest,0.06642419999843696
tic_tac_toe,14,,,,,,extra_trees,0.056043300006422214
tic_tac_toe,14,,,,,,linear_svm,0.006773000000976026
tic_tac_toe,14,,,,,,rbf_svm,0.011175199993886054
tic_tac_toe,15,43.0,22.0,5.0,1.0,1.0,matched_gini,0.009710400001495145
tic_tac_toe,15,43.0,22.0,5.0,1.0,1.0,mags_fixed,0.01678869999886956
tic_tac_toe,15,43.0,22.0,5.0,1.0,1.0,mags_binary_excluded,0.00940670000272803
tic_tac_toe,15,43.0,22.0,5.0,1.0,1.0,matched_gini_unrestricted,0.010329500000807457
tic_tac_toe,15,43.0,22.0,5.0,1.0,1.0,mags_fixed_unrestricted,0.01667720000114059
tic_tac_toe,15,43.0,22.0,5.0,,,cart_fixed,0.0016675000006216578
tic_tac_toe,15,65.0,33.0,6.0,1.0,0.0,mags_tuned,0.5734718999956385
tic_tac_toe,15,65.0,33.0,6.0,,,cart_tuned_depth,0.011893599999893922
tic_tac_toe,15,49.0,25.0,7.0,,,cart_pruned,0.017041999999491964
tic_tac_toe,15,53.0,27.0,5.0,,,noise_augmented_cart,0.005365500001062173
tic_tac_toe,15,,,,,,random_forest,0.06412080000154674
tic_tac_toe,15,,,,,,extra_trees,0.07088640000438318
tic_tac_toe,15,,,,,,linear_svm,0.008454000002529938
tic_tac_toe,15,,,,,,rbf_svm,0.01336040000023786
tic_tac_toe,16,47.0,24.0,5.0,1.0,1.0,matched_gini,0.02237349999631988
tic_tac_toe,16,47.0,24.0,5.0,1.0,1.0,mags_fixed,0.015366600004199427
tic_tac_toe,16,47.0,24.0,5.0,1.0,1.0,mags_binary_excluded,0.015202599999611266
tic_tac_toe,16,47.0,24.0,5.0,1.0,1.0,matched_gini_unrestricted,0.015222300004097633
tic_tac_toe,16,47.0,24.0,5.0,1.0,1.0,mags_fixed_unrestricted,0.015246700000716373
tic_tac_toe,16,47.0,24.0,5.0,,,cart_fixed,0.0013299000056576915
tic_tac_toe,16,79.0,40.0,7.0,1.0,0.0,mags_tuned,0.5921096999954898
tic_tac_toe,16,81.0,41.0,7.0,,,cart_tuned_depth,0.015331499998865183
tic_tac_toe,16,51.0,26.0,7.0,,,cart_pruned,0.016961499997705687
tic_tac_toe,16,53.0,27.0,5.0,,,noise_augmented_cart,0.005356499998015352
tic_tac_toe,16,,,,,,random_forest,0.06889349999983096
tic_tac_toe,16,,,,,,extra_trees,0.05193850000068778
tic_tac_toe,16,,,,,,linear_svm,0.006379500002367422
tic_tac_toe,16,,,,,,rbf_svm,0.008186899998690933
tic_tac_toe,17,45.0,23.0,5.0,1.0,1.0,matched_gini,0.015232899997499771
tic_tac_toe,17,45.0,23.0,5.0,1.0,1.0,mags_fixed,0.031192800001008436
tic_tac_toe,17,45.0,23.0,5.0,1.0,1.0,mags_binary_excluded,0.018221700003778096
tic_tac_toe,17,45.0,23.0,5.0,1.0,1.0,matched_gini_unrestricted,0.027771100001700688
tic_tac_toe,17,45.0,23.0,5.0,1.0,1.0,mags_fixed_unrestricted,0.020876099995803088
tic_tac_toe,17,45.0,23.0,5.0,,,cart_fixed,0.0011478000014903955
tic_tac_toe,17,81.0,41.0,8.0,1.0,0.0,mags_tuned,0.5219819999983883
tic_tac_toe,17,65.0,33.0,6.0,,,cart_tuned_depth,0.011221000000659842
tic_tac_toe,17,23.0,12.0,6.0,,,cart_pruned,0.020469399998546578
tic_tac_toe,17,53.0,27.0,5.0,,,noise_augmented_cart,0.011019500001566485
tic_tac_toe,17,,,,,,random_forest,0.06680960000085179
tic_tac_toe,17,,,,,,extra_trees,0.04980500000237953
tic_tac_toe,17,,,,,,linear_svm,0.004899899999145418
tic_tac_toe,17,,,,,,rbf_svm,0.007569499997771345
tic_tac_toe,18,43.0,22.0,5.0,1.0,1.0,matched_gini,0.030938200005039107
tic_tac_toe,18,43.0,22.0,5.0,1.0,1.0,mags_fixed,0.026839999998628628
tic_tac_toe,18,43.0,22.0,5.0,1.0,1.0,mags_binary_excluded,0.010168400003749412
tic_tac_toe,18,43.0,22.0,5.0,1.0,1.0,matched_gini_unrestricted,0.015460399998119101
tic_tac_toe,18,43.0,22.0,5.0,1.0,1.0,mags_fixed_unrestricted,0.00948449999850709
tic_tac_toe,18,43.0,22.0,5.0,,,cart_fixed,0.0014117000027908944
tic_tac_toe,18,63.0,32.0,6.0,1.0,0.0,mags_tuned,0.5829774999947404
tic_tac_toe,18,73.0,37.0,7.0,,,cart_tuned_depth,0.017977900002733804
tic_tac_toe,18,37.0,19.0,6.0,,,cart_pruned,0.027227600003243424
tic_tac_toe,18,45.0,23.0,5.0,,,noise_augmented_cart,0.006458799995016307
tic_tac_toe,18,,,,,,random_forest,0.06794089999311836
tic_tac_toe,18,,,,,,extra_trees,0.06845740000426304
tic_tac_toe,18,,,,,,linear_svm,0.007171800003561657
tic_tac_toe,18,,,,,,rbf_svm,0.007881300000008196
tic_tac_toe,19,45.0,23.0,5.0,1.0,1.0,matched_gini,0.015461800001503434
tic_tac_toe,19,45.0,23.0,5.0,1.0,1.0,mags_fixed,0.013712399995711166
tic_tac_toe,19,45.0,23.0,5.0,1.0,1.0,mags_binary_excluded,0.01883550000638934
tic_tac_toe,19,45.0,23.0,5.0,1.0,1.0,matched_gini_unrestricted,0.017111499997554347
tic_tac_toe,19,45.0,23.0,5.0,1.0,1.0,mags_fixed_unrestricted,0.015037600001960527
tic_tac_toe,19,45.0,23.0,5.0,,,cart_fixed,0.001141000000643544
tic_tac_toe,19,73.0,37.0,8.0,1.0,0.0,mags_tuned,0.5921238999944762
tic_tac_toe,19,63.0,32.0,6.0,,,cart_tuned_depth,0.011302600003546104
tic_tac_toe,19,73.0,37.0,8.0,,,cart_pruned,0.024171000004571397
tic_tac_toe,19,51.0,26.0,5.0,,,noise_augmented_cart,0.007324000005610287
tic_tac_toe,19,,,,,,random_forest,0.0684252999999444
tic_tac_toe,19,,,,,,extra_trees,0.05322790000354871
tic_tac_toe,19,,,,,,linear_svm,0.005217699996137526
tic_tac_toe,19,,,,,,rbf_svm,0.007731600002443884
tic_tac_toe,20,45.0,23.0,5.0,1.0,1.0,matched_gini,0.010507699997106101
tic_tac_toe,20,45.0,23.0,5.0,1.0,1.0,mags_fixed,0.009582499995303806
tic_tac_toe,20,45.0,23.0,5.0,1.0,1.0,mags_binary_excluded,0.015336199998273514
tic_tac_toe,20,45.0,23.0,5.0,1.0,1.0,matched_gini_unrestricted,0.026289499997801613
tic_tac_toe,20,45.0,23.0,5.0,1.0,1.0,mags_fixed_unrestricted,0.015103400000953116
tic_tac_toe,20,45.0,23.0,5.0,,,cart_fixed,0.0013190000026952475
tic_tac_toe,20,87.0,44.0,8.0,1.0,0.0,mags_tuned,0.5477390999949421
tic_tac_toe,20,87.0,44.0,8.0,,,cart_tuned_depth,0.011612000002060086
tic_tac_toe,20,73.0,37.0,7.0,,,cart_pruned,0.017416999995475635
tic_tac_toe,20,59.0,30.0,5.0,,,noise_augmented_cart,0.0056905999954324216
tic_tac_toe,20,,,,,,random_forest,0.07014389999676496
tic_tac_toe,20,,,,,,extra_trees,0.0510359999971115
tic_tac_toe,20,,,,,,linear_svm,0.004907400005322415
tic_tac_toe,20,,,,,,rbf_svm,0.00807389999681618
tic_tac_toe,21,45.0,23.0,5.0,1.0,1.0,matched_gini,0.015461200004210696
tic_tac_toe,21,45.0,23.0,5.0,1.0,1.0,mags_fixed,0.018813000002410263
tic_tac_toe,21,45.0,23.0,5.0,1.0,1.0,mags_binary_excluded,0.021726200000557583
tic_tac_toe,21,45.0,23.0,5.0,1.0,1.0,matched_gini_unrestricted,0.016792599999462254
tic_tac_toe,21,45.0,23.0,5.0,1.0,1.0,mags_fixed_unrestricted,0.01899319999938598
tic_tac_toe,21,45.0,23.0,5.0,,,cart_fixed,0.001323299999057781
tic_tac_toe,21,69.0,35.0,6.0,1.0,0.0,mags_tuned,0.5350637000010465
tic_tac_toe,21,85.0,43.0,7.0,,,cart_tuned_depth,0.011477300002297852
tic_tac_toe,21,59.0,30.0,7.0,,,cart_pruned,0.01712740000220947
tic_tac_toe,21,53.0,27.0,5.0,,,noise_augmented_cart,0.007532900002843235
tic_tac_toe,21,,,,,,random_forest,0.08502880000014557
tic_tac_toe,21,,,,,,extra_trees,0.05181799999991199
tic_tac_toe,21,,,,,,linear_svm,0.004970700007106643
tic_tac_toe,21,,,,,,rbf_svm,0.008570300000428688
tic_tac_toe,22,43.0,22.0,5.0,1.0,1.0,matched_gini,0.014849200000753626
tic_tac_toe,22,43.0,22.0,5.0,1.0,1.0,mags_fixed,0.014433199998165946
tic_tac_toe,22,43.0,22.0,5.0,1.0,1.0,mags_binary_excluded,0.014687300004879944
tic_tac_toe,22,43.0,22.0,5.0,1.0,1.0,matched_gini_unrestricted,0.02084100000502076
tic_tac_toe,22,43.0,22.0,5.0,1.0,1.0,mags_fixed_unrestricted,0.020930699996824842
tic_tac_toe,22,43.0,22.0,5.0,,,cart_fixed,0.00175199999648612
tic_tac_toe,22,75.0,38.0,7.0,1.0,0.0,mags_tuned,0.5578720000048634
tic_tac_toe,22,63.0,32.0,6.0,,,cart_tuned_depth,0.01201730000320822
tic_tac_toe,22,49.0,25.0,7.0,,,cart_pruned,0.017251900004339404
tic_tac_toe,22,51.0,26.0,5.0,,,noise_augmented_cart,0.0050759000005200505
tic_tac_toe,22,,,,,,random_forest,0.07484289999410976
tic_tac_toe,22,,,,,,extra_trees,0.050846999998611864
tic_tac_toe,22,,,,,,linear_svm,0.013767500000540167
tic_tac_toe,22,,,,,,rbf_svm,0.007815500001015607
tic_tac_toe,23,45.0,23.0,5.0,1.0,1.0,matched_gini,0.01523079999606125
tic_tac_toe,23,45.0,23.0,5.0,1.0,1.0,mags_fixed,0.015164099997491576
tic_tac_toe,23,45.0,23.0,5.0,1.0,1.0,mags_binary_excluded,0.01508750000357395
tic_tac_toe,23,45.0,23.0,5.0,1.0,1.0,matched_gini_unrestricted,0.014956899998651352
tic_tac_toe,23,45.0,23.0,5.0,1.0,1.0,mags_fixed_unrestricted,0.025999599994975142
tic_tac_toe,23,45.0,23.0,5.0,,,cart_fixed,0.0013362999961827882
tic_tac_toe,23,85.0,43.0,8.0,1.0,0.0,mags_tuned,0.5549007000008714
tic_tac_toe,23,67.0,34.0,6.0,,,cart_tuned_depth,0.011308499997539911
tic_tac_toe,23,53.0,27.0,7.0,,,cart_pruned,0.017378199998347554
tic_tac_toe,23,55.0,28.0,5.0,,,noise_augmented_cart,0.00531300000147894
tic_tac_toe,23,,,,,,random_forest,0.06453870000405004
tic_tac_toe,23,,,,,,extra_trees,0.05397400000219932
tic_tac_toe,23,,,,,,linear_svm,0.005266899999696761
tic_tac_toe,23,,,,,,rbf_svm,0.008353400000487454
tic_tac_toe,24,47.0,24.0,5.0,1.0,1.0,matched_gini,0.009676300003775395
tic_tac_toe,24,47.0,24.0,5.0,1.0,1.0,mags_fixed,0.009030100001837127
tic_tac_toe,24,47.0,24.0,5.0,1.0,1.0,mags_binary_excluded,0.010649799995007925
tic_tac_toe,24,47.0,24.0,5.0,1.0,1.0,matched_gini_unrestricted,0.011187900003278628
tic_tac_toe,24,47.0,24.0,5.0,1.0,1.0,mags_fixed_unrestricted,0.015584600005240645
tic_tac_toe,24,47.0,24.0,5.0,,,cart_fixed,0.0011343000005581416
tic_tac_toe,24,87.0,44.0,7.0,1.0,0.0,mags_tuned,0.5361133999977028
tic_tac_toe,24,87.0,44.0,7.0,,,cart_tuned_depth,0.013389600004302338
tic_tac_toe,24,41.0,21.0,6.0,,,cart_pruned,0.017794200000935234
tic_tac_toe,24,51.0,26.0,5.0,,,noise_augmented_cart,0.006364599998050835
tic_tac_toe,24,,,,,,random_forest,0.06782039999961853
tic_tac_toe,24,,,,,,extra_trees,0.05447029999777442
tic_tac_toe,24,,,,,,linear_svm,0.005091200000606477
tic_tac_toe,24,,,,,,rbf_svm,0.008496700000250712
tic_tac_toe,25,45.0,23.0,5.0,1.0,1.0,matched_gini,0.011916299998119939
tic_tac_toe,25,45.0,23.0,5.0,1.0,1.0,mags_fixed,0.013978099996165838
tic_tac_toe,25,45.0,23.0,5.0,1.0,1.0,mags_binary_excluded,0.015060700003232341
tic_tac_toe,25,45.0,23.0,5.0,1.0,1.0,matched_gini_unrestricted,0.015553999997791834
tic_tac_toe,25,45.0,23.0,5.0,1.0,1.0,mags_fixed_unrestricted,0.013226099996245466
tic_tac_toe,25,45.0,23.0,5.0,,,cart_fixed,0.0010671999989426695
tic_tac_toe,25,45.0,23.0,5.0,1.0,0.0,mags_tuned,0.5008715999938431
tic_tac_toe,25,65.0,33.0,6.0,,,cart_tuned_depth,0.011246399997617118
tic_tac_toe,25,45.0,23.0,6.0,,,cart_pruned,0.01784590000170283
tic_tac_toe,25,49.0,25.0,5.0,,,noise_augmented_cart,0.005778799997642636
tic_tac_toe,25,,,,,,random_forest,0.06648439999844413
tic_tac_toe,25,,,,,,extra_trees,0.05266059999848949
tic_tac_toe,25,,,,,,linear_svm,0.005015700000512879
tic_tac_toe,25,,,,,,rbf_svm,0.007855000003473833
tic_tac_toe,26,45.0,23.0,5.0,1.0,1.0,matched_gini,0.022253699993598275
tic_tac_toe,26,45.0,23.0,5.0,1.0,1.0,mags_fixed,0.013506200004485436
tic_tac_toe,26,45.0,23.0,5.0,1.0,1.0,mags_binary_excluded,0.026302700003725477
tic_tac_toe,26,45.0,23.0,5.0,1.0,1.0,matched_gini_unrestricted,0.02741470000182744
tic_tac_toe,26,45.0,23.0,5.0,1.0,1.0,mags_fixed_unrestricted,0.015050800000608433
tic_tac_toe,26,45.0,23.0,5.0,,,cart_fixed,0.0011104999939561822
tic_tac_toe,26,75.0,38.0,7.0,1.0,0.0,mags_tuned,0.4583855999953812
tic_tac_toe,26,75.0,38.0,7.0,,,cart_tuned_depth,0.009147099997790065
tic_tac_toe,26,55.0,28.0,7.0,,,cart_pruned,0.013866200002667028
tic_tac_toe,26,47.0,24.0,5.0,,,noise_augmented_cart,0.004700500001490582
tic_tac_toe,26,,,,,,random_forest,0.05996009999944363
tic_tac_toe,26,,,,,,extra_trees,0.04986040000221692
tic_tac_toe,26,,,,,,linear_svm,0.004745899997942615
tic_tac_toe,26,,,,,,rbf_svm,0.007951100000354927
tic_tac_toe,27,43.0,22.0,5.0,1.0,1.0,matched_gini,0.015220100001897663
tic_tac_toe,27,43.0,22.0,5.0,1.0,1.0,mags_fixed,0.016472700001031626
tic_tac_toe,27,43.0,22.0,5.0,1.0,1.0,mags_binary_excluded,0.028580199999851175
tic_tac_toe,27,43.0,22.0,5.0,1.0,1.0,matched_gini_unrestricted,0.014926200004993007
tic_tac_toe,27,43.0,22.0,5.0,1.0,1.0,mags_fixed_unrestricted,0.015548299998044968
tic_tac_toe,27,43.0,22.0,5.0,,,cart_fixed,0.0011402000018279068
tic_tac_toe,27,73.0,37.0,8.0,1.0,0.0,mags_tuned,0.4984238999968511
tic_tac_toe,27,73.0,37.0,8.0,,,cart_tuned_depth,0.011569200003577862
tic_tac_toe,27,65.0,33.0,7.0,,,cart_pruned,0.020194700002321042
tic_tac_toe,27,45.0,23.0,5.0,,,noise_augmented_cart,0.004960599995683879
tic_tac_toe,27,,,,,,random_forest,0.06432150000182446
tic_tac_toe,27,,,,,,extra_trees,0.08982639999885578
tic_tac_toe,27,,,,,,linear_svm,0.005079800001112744
tic_tac_toe,27,,,,,,rbf_svm,0.007347899998421781
tic_tac_toe,28,45.0,23.0,5.0,1.0,1.0,matched_gini,0.01521580000553513
tic_tac_toe,28,45.0,23.0,5.0,1.0,1.0,mags_fixed,0.014871399995172396
tic_tac_toe,28,45.0,23.0,5.0,1.0,1.0,mags_binary_excluded,0.015287700000044424
tic_tac_toe,28,45.0,23.0,5.0,1.0,1.0,matched_gini_unrestricted,0.01886240000021644
tic_tac_toe,28,45.0,23.0,5.0,1.0,1.0,mags_fixed_unrestricted,0.01899330000014743
tic_tac_toe,28,45.0,23.0,5.0,,,cart_fixed,0.002638599995407276
tic_tac_toe,28,77.0,39.0,8.0,1.0,0.0,mags_tuned,0.478465000000142
tic_tac_toe,28,77.0,39.0,8.0,,,cart_tuned_depth,0.011275599994405638
tic_tac_toe,28,41.0,21.0,6.0,,,cart_pruned,0.01778579999518115
tic_tac_toe,28,53.0,27.0,5.0,,,noise_augmented_cart,0.005184899993764702
tic_tac_toe,28,,,,,,random_forest,0.06168869999964954
tic_tac_toe,28,,,,,,extra_trees,0.09562410000216914
tic_tac_toe,28,,,,,,linear_svm,0.004958000004990026
tic_tac_toe,28,,,,,,rbf_svm,0.007767700000840705
tic_tac_toe,29,43.0,22.0,5.0,1.0,1.0,matched_gini,0.02097450000292156
tic_tac_toe,29,43.0,22.0,5.0,1.0,1.0,mags_fixed,0.014487700005702209
tic_tac_toe,29,43.0,22.0,5.0,1.0,1.0,mags_binary_excluded,0.031154600001173094
tic_tac_toe,29,43.0,22.0,5.0,1.0,1.0,matched_gini_unrestricted,0.014685800000734162
tic_tac_toe,29,43.0,22.0,5.0,1.0,1.0,mags_fixed_unrestricted,0.014588599995477125
tic_tac_toe,29,43.0,22.0,5.0,,,cart_fixed,0.0011403999960748479
tic_tac_toe,29,65.0,33.0,6.0,1.0,0.0,mags_tuned,0.5624960999994073
tic_tac_toe,29,43.0,22.0,5.0,,,cart_tuned_depth,0.011476599996967707
tic_tac_toe,29,45.0,23.0,7.0,,,cart_pruned,0.017130500003986526
tic_tac_toe,29,51.0,26.0,5.0,,,noise_augmented_cart,0.005489200004376471
tic_tac_toe,29,,,,,,random_forest,0.0673601999951643
tic_tac_toe,29,,,,,,extra_trees,0.053019799997855444
tic_tac_toe,29,,,,,,linear_svm,0.005268299995805137
tic_tac_toe,29,,,,,,rbf_svm,0.008074800003669225
vehicle,0,43.0,22.0,5.0,0.05145263665940357,0.0,matched_gini,0.06073309999919729
vehicle,0,43.0,22.0,5.0,0.1263262322629762,0.0,mags_fixed,0.0785773000025074
vehicle,0,43.0,22.0,5.0,0.1263262322629762,0.0,mags_binary_excluded,0.13402689999929862
vehicle,0,43.0,22.0,5.0,0.053207825914592825,0.0,matched_gini_unrestricted,0.09808020000491524
vehicle,0,43.0,22.0,5.0,0.12055842126260707,0.0,mags_fixed_unrestricted,0.10376389999873936
vehicle,0,43.0,22.0,5.0,,,cart_fixed,0.0023503000047639944
vehicle,0,27.0,14.0,4.0,0.09347516923545547,0.0,mags_tuned,2.4745839000024716
vehicle,0,15.0,8.0,3.0,,,cart_tuned_depth,0.01894219999667257
vehicle,0,35.0,18.0,7.0,,,cart_pruned,0.033203300001332536
vehicle,0,51.0,26.0,5.0,,,noise_augmented_cart,0.00494520000211196
vehicle,0,,,,,,random_forest,0.08900580000045011
vehicle,0,,,,,,extra_trees,0.05121979999967152
vehicle,0,,,,,,linear_svm,0.0060281999976723455
vehicle,0,,,,,,rbf_svm,0.005750600001192652
vehicle,1,43.0,22.0,5.0,0.070605094862679,0.0,matched_gini,0.0978118999992148
vehicle,1,43.0,22.0,5.0,0.1159801952455038,0.0,mags_fixed,0.09228270000312477
vehicle,1,43.0,22.0,5.0,0.1159801952455038,0.0,mags_binary_excluded,0.08938399999897229
vehicle,1,43.0,22.0,5.0,0.07582330100824218,0.0,matched_gini_unrestricted,0.10810930000297958
vehicle,1,43.0,22.0,5.0,0.11792389811656369,0.0,mags_fixed_unrestricted,0.10487470000225585
vehicle,1,43.0,22.0,5.0,,,cart_fixed,0.002165599995350931
vehicle,1,101.0,51.0,8.0,0.09300798799991838,0.0,mags_tuned,2.660357799999474
vehicle,1,115.0,58.0,10.0,,,cart_tuned_depth,0.02107370000157971
vehicle,1,31.0,16.0,7.0,,,cart_pruned,0.026191699995251838
vehicle,1,47.0,24.0,5.0,,,noise_augmented_cart,0.00402590000157943
vehicle,1,,,,,,random_forest,0.07876000000396743
vehicle,1,,,,,,extra_trees,0.12630869999702554
vehicle,1,,,,,,linear_svm,0.005717699998058379
vehicle,1,,,,,,rbf_svm,0.005521999999473337
vehicle,2,47.0,24.0,5.0,0.07264989524572511,0.0,matched_gini,0.08691220000036992
vehicle,2,47.0,24.0,5.0,0.1792020471531825,0.0,mags_fixed,0.08892179999384098
vehicle,2,47.0,24.0,5.0,0.1792020471531825,0.0,mags_binary_excluded,0.08569859999988694
vehicle,2,45.0,23.0,5.0,0.061661483031335076,0.0,matched_gini_unrestricted,0.10512380000000121
vehicle,2,45.0,23.0,5.0,0.13281663516770129,0.0,mags_fixed_unrestricted,0.11923859999660635
vehicle,2,45.0,23.0,5.0,,,cart_fixed,0.0021572999976342544
vehicle,2,93.0,47.0,8.0,0.12966415737304612,0.0,mags_tuned,2.633764300000621
vehicle,2,15.0,8.0,3.0,,,cart_tuned_depth,0.018583000004582573
vehicle,2,35.0,18.0,7.0,,,cart_pruned,0.029671700001927093
vehicle,2,49.0,25.0,5.0,,,noise_augmented_cart,0.004920100000163075
vehicle,2,,,,,,random_forest,0.0885370999967563
vehicle,2,,,,,,extra_trees,0.052114599995547906
vehicle,2,,,,,,linear_svm,0.00528420000046026
vehicle,2,,,,,,rbf_svm,0.020354199994471855
vehicle,3,41.0,21.0,5.0,0.06356526149422838,0.0,matched_gini,0.086078100001032
vehicle,3,41.0,21.0,5.0,0.11452654320317364,0.0,mags_fixed,0.08353299999726005
vehicle,3,41.0,21.0,5.0,0.11452654320317364,0.0,mags_binary_excluded,0.08311259999754839
vehicle,3,41.0,21.0,5.0,0.0627960992838897,0.0,matched_gini_unrestricted,0.10063030000310391
vehicle,3,41.0,21.0,5.0,0.11798937423179412,0.0,mags_fixed_unrestricted,0.11097650000010617
vehicle,3,41.0,21.0,5.0,,,cart_fixed,0.0035047999990638345
vehicle,3,95.0,48.0,8.0,0.1558157425596605,0.0,mags_tuned,2.4116719999947236
vehicle,3,15.0,8.0,3.0,,,cart_tuned_depth,0.018340800001169555
vehicle,3,17.0,9.0,5.0,,,cart_pruned,0.029988300004333723
vehicle,3,51.0,26.0,5.0,,,noise_augmented_cart,0.004312899996875785
vehicle,3,,,,,,random_forest,0.08651059999829158
vehicle,3,,,,,,extra_trees,0.09939540000050329
vehicle,3,,,,,,linear_svm,0.007509700000809971
vehicle,3,,,,,,rbf_svm,0.005796600002213381
vehicle,4,45.0,23.0,5.0,0.06613888708408115,0.0,matched_gini,0.08835510000062641
vehicle,4,45.0,23.0,5.0,0.08462903777530663,0.0,mags_fixed,0.06252230000245618
vehicle,4,45.0,23.0,5.0,0.08462903777530663,0.0,mags_binary_excluded,0.08570449999388075
vehicle,4,45.0,23.0,5.0,0.0607400671857077,0.0,matched_gini_unrestricted,0.10997299999871757
vehicle,4,45.0,23.0,5.0,0.0945821349925548,0.0,mags_fixed_unrestricted,0.0815292999977828
vehicle,4,45.0,23.0,5.0,,,cart_fixed,0.001844799997343216
vehicle,4,27.0,14.0,4.0,0.07693618192782072,0.0,mags_tuned,2.287392099999124
vehicle,4,45.0,23.0,5.0,,,cart_tuned_depth,0.019032600001082756
vehicle,4,19.0,10.0,5.0,,,cart_pruned,0.03167859999666689
vehicle,4,53.0,27.0,5.0,,,noise_augmented_cart,0.005238500001723878
vehicle,4,,,,,,random_forest,0.10640770000463817
vehicle,4,,,,,,extra_trees,0.037837299998500384
vehicle,4,,,,,,linear_svm,0.01192799999989802
vehicle,4,,,,,,rbf_svm,0.004181399999652058
vehicle,6,47.0,24.0,5.0,0.06198191035620403,0.0,matched_gini,0.09265859999868553
vehicle,6,45.0,23.0,5.0,0.08185245149150122,0.0,mags_fixed,0.09110729999520117
vehicle,6,45.0,23.0,5.0,0.08185245149150122,0.0,mags_binary_excluded,0.08926620000420371
vehicle,6,47.0,24.0,5.0,0.0647999457829351,0.0,matched_gini_unrestricted,0.13459480000165058
vehicle,6,45.0,23.0,5.0,0.08185245149150122,0.0,mags_fixed_unrestricted,0.10161579999839887
vehicle,6,47.0,24.0,5.0,,,cart_fixed,0.0019354999967617914
vehicle,6,87.0,44.0,8.0,0.1311403571957163,0.0,mags_tuned,2.450428700001794
vehicle,6,47.0,24.0,5.0,,,cart_tuned_depth,0.019002399996679742
vehicle,6,63.0,32.0,9.0,,,cart_pruned,0.03240440000081435
vehicle,6,51.0,26.0,5.0,,,noise_augmented_cart,0.005178100000193808
vehicle,6,,,,,,random_forest,0.08580529999744613
vehicle,6,,,,,,extra_trees,0.04957920000015292
vehicle,6,,,,,,linear_svm,0.005900199997995514
vehicle,6,,,,,,rbf_svm,0.005718599997635465
vehicle,7,43.0,22.0,5.0,0.05003680784440136,0.0,matched_gini,0.09401110000180779
vehicle,7,43.0,22.0,5.0,0.0767287431223177,0.0,mags_fixed,0.08985140000004321
vehicle,7,43.0,22.0,5.0,0.0767287431223177,0.0,mags_binary_excluded,0.08769559999927878
vehicle,7,43.0,22.0,5.0,0.06688324388992205,0.0,matched_gini_unrestricted,0.10167969999747584
vehicle,7,43.0,22.0,5.0,0.07766534964898635,0.0,mags_fixed_unrestricted,0.10507850000431063
vehicle,7,43.0,22.0,5.0,,,cart_fixed,0.0024741000015637837
vehicle,7,93.0,47.0,8.0,0.10857650763711094,0.0,mags_tuned,2.4717185999979847
vehicle,7,127.0,64.0,14.0,,,cart_tuned_depth,0.023141000005125534
vehicle,7,33.0,17.0,6.0,,,cart_pruned,0.035575000001699664
vehicle,7,53.0,27.0,5.0,,,noise_augmented_cart,0.005062800002633594
vehicle,7,,,,,,random_forest,0.09754330000578193
vehicle,7,,,,,,extra_trees,0.049414000000979286
vehicle,7,,,,,,linear_svm,0.00676019999809796
vehicle,7,,,,,,rbf_svm,0.0058099000016227365
vehicle,5,55.0,28.0,5.0,0.06778778713752637,0.0,matched_gini,0.09654640000371728
vehicle,5,55.0,28.0,5.0,0.0751773882771275,0.0,mags_fixed,0.10439730000507552
vehicle,5,55.0,28.0,5.0,0.0751773882771275,0.0,mags_binary_excluded,0.10431770000286633
vehicle,5,55.0,28.0,5.0,0.061739546878759814,0.0,matched_gini_unrestricted,0.12055549999786308
vehicle,5,55.0,28.0,5.0,0.0751773882771275,0.0,mags_fixed_unrestricted,0.09315300000162097
vehicle,5,55.0,28.0,5.0,,,cart_fixed,0.002085800006170757
vehicle,5,55.0,28.0,5.0,0.06778778713752637,0.0,mags_tuned,2.724845600001572
vehicle,5,75.0,38.0,6.0,,,cart_tuned_depth,0.019639999998616986
vehicle,5,87.0,44.0,11.0,,,cart_pruned,0.0326435999959358
vehicle,5,57.0,29.0,5.0,,,noise_augmented_cart,0.006000599998515099
vehicle,5,,,,,,random_forest,0.08917880000080913
vehicle,5,,,,,,extra_trees,0.05661659999896074
vehicle,5,,,,,,linear_svm,0.006631199998082593
vehicle,5,,,,,,rbf_svm,0.005646300000080373
vehicle,8,47.0,24.0,5.0,0.06412127014188164,0.0,matched_gini,0.10479399999894667
vehicle,8,45.0,23.0,5.0,0.09020323815603264,0.0,mags_fixed,0.09592010000051232
vehicle,8,45.0,23.0,5.0,0.09020323815603264,0.0,mags_binary_excluded,0.09117590000096243
vehicle,8,47.0,24.0,5.0,0.06046057392059263,0.0,matched_gini_unrestricted,0.10789910000312375
vehicle,8,47.0,24.0,5.0,0.07852771231591106,0.0,mags_fixed_unrestricted,0.1104191999984323
vehicle,8,47.0,24.0,5.0,,,cart_fixed,0.0025374000033480115
vehicle,8,101.0,51.0,8.0,0.11964579970875927,0.0,mags_tuned,2.7489332999975886
vehicle,8,69.0,35.0,6.0,,,cart_tuned_depth,0.025790399995457847
vehicle,8,49.0,25.0,9.0,,,cart_pruned,0.04103279999981169
vehicle,8,47.0,24.0,5.0,,,noise_augmented_cart,0.00986150000244379
vehicle,8,,,,,,random_forest,0.13385900000139372
vehicle,8,,,,,,extra_trees,0.08620700000028592
vehicle,8,,,,,,linear_svm,0.009891100002278108
vehicle,8,,,,,,rbf_svm,0.00978439999744296
vehicle,9,49.0,25.0,5.0,0.08410976950858966,0.0,matched_gini,0.09310050000203773
vehicle,9,49.0,25.0,5.0,0.1083593618398294,0.0,mags_fixed,0.11390379999647848
vehicle,9,49.0,25.0,5.0,0.1083593618398294,0.0,mags_binary_excluded,0.08664480000152253
vehicle,9,49.0,25.0,5.0,0.0684031947988685,0.0,matched_gini_unrestricted,0.11186240000097314
vehicle,9,49.0,25.0,5.0,0.1083593618398294,0.0,mags_fixed_unrestricted,0.12908460000471678
vehicle,9,49.0,25.0,5.0,,,cart_fixed,0.002261599998746533
vehicle,9,49.0,25.0,5.0,0.08410976950858966,0.0,mags_tuned,3.0323979999957373
vehicle,9,49.0,25.0,5.0,,,cart_tuned_depth,0.019778399997449014
vehicle,9,125.0,63.0,11.0,,,cart_pruned,0.03216499999689404
vehicle,9,53.0,27.0,5.0,,,noise_augmented_cart,0.005188600000110455
vehicle,9,,,,,,random_forest,0.09159039999940433
vehicle,9,,,,,,extra_trees,0.05695529999502469
vehicle,9,,,,,,linear_svm,0.036307900001702365
vehicle,9,,,,,,rbf_svm,0.011875999996846076
vehicle,11,39.0,20.0,5.0,0.10602427393353044,0.0,matched_gini,0.08578880000277422
vehicle,11,39.0,20.0,5.0,0.11413810690305103,0.0,mags_fixed,0.07310319999669446
vehicle,11,39.0,20.0,5.0,0.11413810690305103,0.0,mags_binary_excluded,0.0773985999985598
vehicle,11,43.0,22.0,5.0,0.06528384571165413,0.0,matched_gini_unrestricted,0.10570670000015525
vehicle,11,43.0,22.0,5.0,0.10614984125619492,0.0,mags_fixed_unrestricted,0.10957499999494758
vehicle,11,39.0,20.0,5.0,,,cart_fixed,0.002102700003888458
vehicle,11,83.0,42.0,8.0,0.0880775977329342,0.0,mags_tuned,2.833344800004852
vehicle,11,23.0,12.0,4.0,,,cart_tuned_depth,0.024521999999706168
vehicle,11,25.0,13.0,6.0,,,cart_pruned,0.03232249999564374
vehicle,11,47.0,24.0,5.0,,,noise_augmented_cart,0.005036900001869071
vehicle,11,,,,,,random_forest,0.10503429999516811
vehicle,11,,,,,,extra_trees,0.09145499999431195
vehicle,11,,,,,,linear_svm,0.011238999999477528
vehicle,11,,,,,,rbf_svm,0.011475199993583374
vehicle,10,33.0,17.0,5.0,0.052846765347228535,0.0,matched_gini,0.08930169999803184
vehicle,10,33.0,17.0,5.0,0.07193577859337207,0.0,mags_fixed,0.08008289999997942
vehicle,10,33.0,17.0,5.0,0.07193577859337207,0.0,mags_binary_excluded,0.0763890000016545
vehicle,10,43.0,22.0,5.0,0.07396714150608506,0.0,matched_gini_unrestricted,0.11166740000044229
vehicle,10,43.0,22.0,5.0,0.0809371739245594,0.0,mags_fixed_unrestricted,0.15114489999541547
vehicle,10,35.0,18.0,5.0,,,cart_fixed,0.004032500000903383
vehicle,10,97.0,49.0,8.0,0.16701806078986348,0.0,mags_tuned,2.946162899999763
vehicle,10,35.0,18.0,5.0,,,cart_tuned_depth,0.019264900001871865
vehicle,10,25.0,13.0,6.0,,,cart_pruned,0.031788100000994746
vehicle,10,45.0,23.0,5.0,,,noise_augmented_cart,0.005019600001105573
vehicle,10,,,,,,random_forest,0.1860923000058392
vehicle,10,,,,,,extra_trees,0.054142099994351156
vehicle,10,,,,,,linear_svm,0.005574199996772222
vehicle,10,,,,,,rbf_svm,0.005590699998720083
vehicle,12,39.0,20.0,5.0,0.06953090209583097,0.0,matched_gini,0.08846160000393866
vehicle,12,47.0,24.0,5.0,0.08215165901008216,0.0,mags_fixed,0.09018529999593738
vehicle,12,47.0,24.0,5.0,0.08215165901008216,0.0,mags_binary_excluded,0.09342849999666214
vehicle,12,47.0,24.0,5.0,0.056145009778965235,0.0,matched_gini_unrestricted,0.13811600000190083
vehicle,12,47.0,24.0,5.0,0.08215165901008216,0.0,mags_fixed_unrestricted,0.14847709999594372
vehicle,12,35.0,18.0,5.0,,,cart_fixed,0.0023012000019662082
vehicle,12,15.0,8.0,3.0,0.12883744275048623,0.0,mags_tuned,2.76695739999559
vehicle,12,23.0,12.0,4.0,,,cart_tuned_depth,0.03923590000340482
vehicle,12,123.0,62.0,11.0,,,cart_pruned,0.03137799999967683
vehicle,12,43.0,22.0,5.0,,,noise_augmented_cart,0.008660999999847263
vehicle,12,,,,,,random_forest,0.133884399998351
vehicle,12,,,,,,extra_trees,0.07113450000179
vehicle,12,,,,,,linear_svm,0.005759100000432227
vehicle,12,,,,,,rbf_svm,0.005521999999473337
vehicle,14,49.0,25.0,5.0,0.05741679069327904,0.0,matched_gini,0.09061099999962607
vehicle,14,49.0,25.0,5.0,0.09225170174543251,0.0,mags_fixed,0.08535259999916889
vehicle,14,49.0,25.0,5.0,0.09225170174543251,0.0,mags_binary_excluded,0.0792148000036832
vehicle,14,49.0,25.0,5.0,0.053544391508379856,0.0,matched_gini_unrestricted,0.1180882000044221
vehicle,14,49.0,25.0,5.0,0.07186379145315433,0.0,mags_fixed_unrestricted,0.09622059999674093
vehicle,14,45.0,23.0,5.0,,,cart_fixed,0.0021919999999227002
vehicle,14,101.0,51.0,8.0,0.10782079315307126,0.0,mags_tuned,2.7824216000008164
vehicle,14,111.0,56.0,12.0,,,cart_tuned_depth,0.02612589999625925
vehicle,14,43.0,22.0,7.0,,,cart_pruned,0.031120899999223184
vehicle,14,51.0,26.0,5.0,,,noise_augmented_cart,0.005118399996717926
vehicle,14,,,,,,random_forest,0.08593719999771565
vehicle,14,,,,,,extra_trees,0.051809500000672415
vehicle,14,,,,,,linear_svm,0.007100000002537854
vehicle,14,,,,,,rbf_svm,0.005333400004019495
vehicle,13,45.0,23.0,5.0,0.06948386346369771,0.0,matched_gini,0.06447440000192728
vehicle,13,43.0,22.0,5.0,0.10102989182159293,0.0,mags_fixed,0.10779880000336561
vehicle,13,43.0,22.0,5.0,0.10102989182159293,0.0,mags_binary_excluded,0.09017350000067381
vehicle,13,47.0,24.0,5.0,0.07066947189726784,0.0,matched_gini_unrestricted,0.11542429999826709
vehicle,13,45.0,23.0,5.0,0.10083188962649156,0.0,mags_fixed_unrestricted,0.09612200000265148
vehicle,13,45.0,23.0,5.0,,,cart_fixed,0.0020546000014292076
vehicle,13,73.0,37.0,6.0,0.17450871277286129,0.0,mags_tuned,2.9805076000047848
vehicle,13,119.0,60.0,10.0,,,cart_tuned_depth,0.03955080000014277
vehicle,13,95.0,48.0,10.0,,,cart_pruned,0.06248829999822192
vehicle,13,49.0,25.0,5.0,,,noise_augmented_cart,0.010404799999378156
vehicle,13,,,,,,random_forest,0.13067120000050636
vehicle,13,,,,,,extra_trees,0.05906149999646004
vehicle,13,,,,,,linear_svm,0.00582350000331644
vehicle,13,,,,,,rbf_svm,0.005888800005777739
vehicle,15,45.0,23.0,5.0,0.07085978028465281,0.0,matched_gini,0.07444229999964591
vehicle,15,45.0,23.0,5.0,0.08121331563818818,0.0,mags_fixed,0.1031278000009479
vehicle,15,45.0,23.0,5.0,0.08121331563818818,0.0,mags_binary_excluded,0.0893655999971088
vehicle,15,45.0,23.0,5.0,0.07585993857230998,0.0,matched_gini_unrestricted,0.09359379999659723
vehicle,15,45.0,23.0,5.0,0.10660346851441721,0.0,mags_fixed_unrestricted,0.12521800000104122
vehicle,15,47.0,24.0,5.0,,,cart_fixed,0.002289000003656838
vehicle,15,111.0,56.0,8.0,0.13860379770935632,0.0,mags_tuned,3.280349600005138
vehicle,15,127.0,64.0,13.0,,,cart_tuned_depth,0.019037199999729637
vehicle,15,33.0,17.0,7.0,,,cart_pruned,0.03775280000263592
vehicle,15,53.0,27.0,5.0,,,noise_augmented_cart,0.00499629999831086
vehicle,15,,,,,,random_forest,0.08268929999758257
vehicle,15,,,,,,extra_trees,0.07323129999713274
vehicle,15,,,,,,linear_svm,0.011909200002264697
vehicle,15,,,,,,rbf_svm,0.008859199995640665
vehicle,16,47.0,24.0,5.0,0.05999977116763354,0.0,matched_gini,0.08640839999861782
vehicle,16,47.0,24.0,5.0,0.1229323979202189,0.0,mags_fixed,0.09989739999582525
vehicle,16,47.0,24.0,5.0,0.1229323979202189,0.0,mags_binary_excluded,0.08302549999643816
vehicle,16,47.0,24.0,5.0,0.05543036951675294,0.0,matched_gini_unrestricted,0.1595082000058028
vehicle,16,47.0,24.0,5.0,0.11527120882972478,0.0,mags_fixed_unrestricted,0.1043266999986372
vehicle,16,47.0,24.0,5.0,,,cart_fixed,0.0022737000035704114
vehicle,16,61.0,31.0,6.0,0.145964678915868,0.0,mags_tuned,3.054667000003974
vehicle,16,29.0,15.0,4.0,,,cart_tuned_depth,0.020443599998543505
vehicle,16,111.0,56.0,12.0,,,cart_pruned,0.032532900004298426
vehicle,16,49.0,25.0,5.0,,,noise_augmented_cart,0.005201100000704173
vehicle,16,,,,,,random_forest,0.09800130000076024
vehicle,16,,,,,,extra_trees,0.05443519999971613
vehicle,16,,,,,,linear_svm,0.005021099997975398
vehicle,16,,,,,,rbf_svm,0.00907290000031935
vehicle,17,47.0,24.0,5.0,0.0798300792075601,0.0,matched_gini,0.08544160000019474
vehicle,17,47.0,24.0,5.0,0.17104054127204615,0.0,mags_fixed,0.09064209999633022
vehicle,17,47.0,24.0,5.0,0.17104054127204615,0.0,mags_binary_excluded,0.08809770000516437
vehicle,17,47.0,24.0,5.0,0.0776287480359772,0.0,matched_gini_unrestricted,0.1970590999990236
vehicle,17,47.0,24.0,5.0,0.13160184792030938,0.0,mags_fixed_unrestricted,0.17965920000278857
vehicle,17,47.0,24.0,5.0,,,cart_fixed,0.0034585000030347146
vehicle,17,89.0,45.0,8.0,0.14005779411529354,0.0,mags_tuned,2.8786445000005187
vehicle,17,47.0,24.0,5.0,,,cart_tuned_depth,0.019824599999992643
vehicle,17,57.0,29.0,9.0,,,cart_pruned,0.031926000003295485
vehicle,17,53.0,27.0,5.0,,,noise_augmented_cart,0.008407700006500818
vehicle,17,,,,,,random_forest,0.10579639999923529
vehicle,17,,,,,,extra_trees,0.08137720000377158
vehicle,17,,,,,,linear_svm,0.02800569999817526
vehicle,17,,,,,,rbf_svm,0.011679600000206847
vehicle,18,49.0,25.0,5.0,0.04957698495672846,0.0,matched_gini,0.16016830000444315
vehicle,18,49.0,25.0,5.0,0.08223236915553116,0.0,mags_fixed,0.16421189999527996
vehicle,18,49.0,25.0,5.0,0.08223236915553116,0.0,mags_binary_excluded,0.1571022999996785
vehicle,18,49.0,25.0,5.0,0.05500999149267618,0.0,matched_gini_unrestricted,0.18864849999954458
vehicle,18,49.0,25.0,5.0,0.08769322774138975,0.0,mags_fixed_unrestricted,0.2155512999961502
vehicle,18,49.0,25.0,5.0,,,cart_fixed,0.003976200001488905
vehicle,18,101.0,51.0,8.0,0.08297940934028389,0.0,mags_tuned,3.051473599996825
vehicle,18,49.0,25.0,5.0,,,cart_tuned_depth,0.019130899992887862
vehicle,18,67.0,34.0,9.0,,,cart_pruned,0.03124200000456767
vehicle,18,49.0,25.0,5.0,,,noise_augmented_cart,0.004340200001024641
vehicle,18,,,,,,random_forest,0.09864639999432256
vehicle,18,,,,,,extra_trees,0.05221549999987474
vehicle,18,,,,,,linear_svm,0.0069014000036986545
vehicle,18,,,,,,rbf_svm,0.005482000000483822
vehicle,19,45.0,23.0,5.0,0.060433630173363034,0.0,matched_gini,0.1249071999991429
vehicle,19,45.0,23.0,5.0,0.07019470243443529,0.0,mags_fixed,0.1419296999956714
vehicle,19,45.0,23.0,5.0,0.07019470243443529,0.0,mags_binary_excluded,0.17548299999907613
vehicle,19,45.0,23.0,5.0,0.06069116300879955,0.0,matched_gini_unrestricted,0.16523009999946225
vehicle,19,45.0,23.0,5.0,0.07120981102744757,0.0,mags_fixed_unrestricted,0.1624277999944752
vehicle,19,43.0,22.0,5.0,,,cart_fixed,0.0022552999944309704
vehicle,19,105.0,53.0,8.0,0.09734010739393387,0.0,mags_tuned,2.7225862000050256
vehicle,19,65.0,33.0,6.0,,,cart_tuned_depth,0.02045459999499144
vehicle,19,33.0,17.0,7.0,,,cart_pruned,0.03483099999721162
vehicle,19,47.0,24.0,5.0,,,noise_augmented_cart,0.0054630000013276
vehicle,19,,,,,,random_forest,0.08939549999922747
vehicle,19,,,,,,extra_trees,0.054173000004084315
vehicle,19,,,,,,linear_svm,0.0066719000024022534
vehicle,19,,,,,,rbf_svm,0.0061550000027637
vehicle,20,43.0,22.0,5.0,0.05630476338663115,0.0,matched_gini,0.09647480000421638
vehicle,20,43.0,22.0,5.0,0.12194275784947592,0.0,mags_fixed,0.08752069999900414
vehicle,20,43.0,22.0,5.0,0.12194275784947592,0.0,mags_binary_excluded,0.10405090000131167
vehicle,20,43.0,22.0,5.0,0.049474780357820325,0.0,matched_gini_unrestricted,0.12324470000021392
vehicle,20,43.0,22.0,5.0,0.11671996278748674,0.0,mags_fixed_unrestricted,0.10665940000035334
vehicle,20,43.0,22.0,5.0,,,cart_fixed,0.0024403999996138737
vehicle,20,29.0,15.0,4.0,0.06989547810523539,0.0,mags_tuned,2.854784400005883
vehicle,20,113.0,57.0,10.0,,,cart_tuned_depth,0.020395100000314415
vehicle,20,61.0,31.0,8.0,,,cart_pruned,0.03167299999768147
vehicle,20,51.0,26.0,5.0,,,noise_augmented_cart,0.00516300000163028
vehicle,20,,,,,,random_forest,0.1245245000027353
vehicle,20,,,,,,extra_trees,0.03822780000336934
vehicle,20,,,,,,linear_svm,0.014290499995695427
vehicle,20,,,,,,rbf_svm,0.004355600001872517
vehicle,21,47.0,24.0,5.0,0.05742572951487361,0.0,matched_gini,0.05848079999850597
vehicle,21,47.0,24.0,5.0,0.12226896434205621,0.0,mags_fixed,0.08516609999787761
vehicle,21,47.0,24.0,5.0,0.12226896434205621,0.0,mags_binary_excluded,0.09545159999834141
vehicle,21,47.0,24.0,5.0,0.0575357774510085,0.0,matched_gini_unrestricted,0.12185500000487082
vehicle,21,47.0,24.0,5.0,0.12226896434205622,0.0,mags_fixed_unrestricted,0.11763869999413146
vehicle,21,47.0,24.0,5.0,,,cart_fixed,0.0021380000034696423
vehicle,21,15.0,8.0,3.0,0.09229659229659226,0.0,mags_tuned,2.8963550999978906
vehicle,21,119.0,60.0,10.0,,,cart_tuned_depth,0.02206799999839859
vehicle,21,29.0,15.0,6.0,,,cart_pruned,0.06238440000015544
vehicle,21,55.0,28.0,5.0,,,noise_augmented_cart,0.007512199998018332
vehicle,21,,,,,,random_forest,0.08008659999904921
vehicle,21,,,,,,extra_trees,0.05872359999921173
vehicle,21,,,,,,linear_svm,0.004767700003867503
vehicle,21,,,,,,rbf_svm,0.00574610000330722
vehicle,23,51.0,26.0,5.0,0.043407356046405686,0.0,matched_gini,0.10360940000100527
vehicle,23,49.0,25.0,5.0,0.05854748982279362,0.0,mags_fixed,0.17202090000500903
vehicle,23,49.0,25.0,5.0,0.05854748982279362,0.0,mags_binary_excluded,0.13574630000221077
vehicle,23,51.0,26.0,5.0,0.04131254088833752,0.0,matched_gini_unrestricted,0.11920480000117095
vehicle,23,49.0,25.0,5.0,0.05940219067749447,0.0,mags_fixed_unrestricted,0.1149749999967753
vehicle,23,51.0,26.0,5.0,,,cart_fixed,0.002492899999197107
vehicle,23,49.0,25.0,5.0,0.05854748982279362,0.0,mags_tuned,2.974185300001409
vehicle,23,51.0,26.0,5.0,,,cart_tuned_depth,0.018226300002424978
vehicle,23,61.0,31.0,9.0,,,cart_pruned,0.031071600002178457
vehicle,23,53.0,27.0,5.0,,,noise_augmented_cart,0.004986099993402604
vehicle,23,,,,,,random_forest,0.10701600000174949
vehicle,23,,,,,,extra_trees,0.05135990000417223
vehicle,23,,,,,,linear_svm,0.005689999998139683
vehicle,23,,,,,,rbf_svm,0.005852499998582061
vehicle,22,51.0,26.0,5.0,0.07517931888351263,0.0,matched_gini,0.10185039999487344
vehicle,22,51.0,26.0,5.0,0.09655095936039769,0.0,mags_fixed,0.1813010999976541
vehicle,22,51.0,26.0,5.0,0.09655095936039769,0.0,mags_binary_excluded,0.14570970000204397
vehicle,22,49.0,25.0,5.0,0.06620251603405329,0.0,matched_gini_unrestricted,0.10459139999875333
vehicle,22,49.0,25.0,5.0,0.09188270342210096,0.0,mags_fixed_unrestricted,0.11799400000018068
vehicle,22,51.0,26.0,5.0,,,cart_fixed,0.0022328999984893017
vehicle,22,101.0,51.0,8.0,0.1363493239845493,0.0,mags_tuned,3.0358312999960617
vehicle,22,29.0,15.0,4.0,,,cart_tuned_depth,0.017900799997732975
vehicle,22,21.0,11.0,5.0,,,cart_pruned,0.031899800000246614
vehicle,22,53.0,27.0,5.0,,,noise_augmented_cart,0.0049875999975483865
vehicle,22,,,,,,random_forest,0.09893030000239378
vehicle,22,,,,,,extra_trees,0.051454399996146094
vehicle,22,,,,,,linear_svm,0.006055800004105549
vehicle,22,,,,,,rbf_svm,0.005588499996520113
vehicle,24,49.0,25.0,5.0,0.07018476965964743,0.0,matched_gini,0.13474609999684617
vehicle,24,49.0,25.0,5.0,0.08531838238308732,0.0,mags_fixed,0.11445650000678143
vehicle,24,49.0,25.0,5.0,0.08531838238308732,0.0,mags_binary_excluded,0.13318389999767533
vehicle,24,49.0,25.0,5.0,0.07111521719888497,0.0,matched_gini_unrestricted,0.13212989999738056
vehicle,24,49.0,25.0,5.0,0.09110541942012436,0.0,mags_fixed_unrestricted,0.12219670000195038
vehicle,24,49.0,25.0,5.0,,,cart_fixed,0.002082200000586454
vehicle,24,69.0,35.0,6.0,0.0881577357040549,0.0,mags_tuned,3.1557508999976562
vehicle,24,31.0,16.0,4.0,,,cart_tuned_depth,0.03261699999711709
vehicle,24,79.0,40.0,13.0,,,cart_pruned,0.04822039999999106
vehicle,24,51.0,26.0,5.0,,,noise_augmented_cart,0.004996099996787962
vehicle,24,,,,,,random_forest,0.1191945000027772
vehicle,24,,,,,,extra_trees,0.07793739999760874
vehicle,24,,,,,,linear_svm,0.00909049999609124
vehicle,24,,,,,,rbf_svm,0.008499399998981971
vehicle,25,49.0,25.0,5.0,0.07699631458731333,0.0,matched_gini,0.10110039999563014
vehicle,25,49.0,25.0,5.0,0.09407514161572324,0.0,mags_fixed,0.09541249999892898
vehicle,25,49.0,25.0,5.0,0.09407514161572324,0.0,mags_binary_excluded,0.08865549999609357
vehicle,25,47.0,24.0,5.0,0.06570929279700163,0.0,matched_gini_unrestricted,0.10822040000493871
vehicle,25,47.0,24.0,5.0,0.08171893151831083,0.0,mags_fixed_unrestricted,0.11852899999939837
vehicle,25,47.0,24.0,5.0,,,cart_fixed,0.0024110000013024546
vehicle,25,15.0,8.0,3.0,0.08819085676228533,0.0,mags_tuned,2.9596953999935067
vehicle,25,121.0,61.0,16.0,,,cart_tuned_depth,0.016219600001932122
vehicle,25,15.0,8.0,5.0,,,cart_pruned,0.034156699999584816
vehicle,25,47.0,24.0,5.0,,,noise_augmented_cart,0.0049813000005087815
vehicle,25,,,,,,random_forest,0.08796959999745013
vehicle,25,,,,,,extra_trees,0.04778760000044713
vehicle,25,,,,,,linear_svm,0.006171899993205443
vehicle,25,,,,,,rbf_svm,0.006135799994808622
vehicle,27,45.0,23.0,5.0,0.07636200976890815,0.0,matched_gini,0.12765650000073947
vehicle,27,45.0,23.0,5.0,0.11458762262367785,0.0,mags_fixed,0.11271690000285162
vehicle,27,45.0,23.0,5.0,0.11458762262367785,0.0,mags_binary_excluded,0.11930869999923743
vehicle,27,45.0,23.0,5.0,0.07641798827316251,0.0,matched_gini_unrestricted,0.1295802000022377
vehicle,27,45.0,23.0,5.0,0.11458762262367785,0.0,mags_fixed_unrestricted,0.11055800000031013
vehicle,27,45.0,23.0,5.0,,,cart_fixed,0.004411299996718299
vehicle,27,29.0,15.0,4.0,0.08091422568516962,0.0,mags_tuned,2.9857286999977077
vehicle,27,123.0,62.0,12.0,,,cart_tuned_depth,0.021311799995601177
vehicle,27,79.0,40.0,10.0,,,cart_pruned,0.03362629999901401
vehicle,27,55.0,28.0,5.0,,,noise_augmented_cart,0.006299499997112434
vehicle,27,,,,,,random_forest,0.09363280000252416
vehicle,27,,,,,,extra_trees,0.05415820000052918
vehicle,27,,,,,,linear_svm,0.007121299997379538
vehicle,27,,,,,,rbf_svm,0.004668199995649047
vehicle,26,43.0,22.0,5.0,0.07492195632644917,0.0,matched_gini,0.17988649999460904
vehicle,26,43.0,22.0,5.0,0.11155801300317518,0.0,mags_fixed,0.1849112999989302
vehicle,26,43.0,22.0,5.0,0.11155801300317518,0.0,mags_binary_excluded,0.09643539999524364
vehicle,26,43.0,22.0,5.0,0.07492195632644917,0.0,matched_gini_unrestricted,0.10653459999593906
vehicle,26,43.0,22.0,5.0,0.11155801300317518,0.0,mags_fixed_unrestricted,0.09818459999951301
vehicle,26,43.0,22.0,5.0,,,cart_fixed,0.0020106000010855496
vehicle,26,69.0,35.0,6.0,0.10594577909699254,0.0,mags_tuned,3.0524646999983815
vehicle,26,115.0,58.0,10.0,,,cart_tuned_depth,0.02124090000143042
vehicle,26,43.0,22.0,6.0,,,cart_pruned,0.03661139999894658
vehicle,26,45.0,23.0,5.0,,,noise_augmented_cart,0.005182499997317791
vehicle,26,,,,,,random_forest,0.0982914999985951
vehicle,26,,,,,,extra_trees,0.05584810000436846
vehicle,26,,,,,,linear_svm,0.0062063000004854985
vehicle,26,,,,,,rbf_svm,0.006203499993716832
vote,0,17.0,9.0,4.0,1.0,1.0,matched_gini,0.004406699998071417
vote,0,17.0,9.0,4.0,1.0,1.0,mags_fixed,0.004237699999066535
vote,0,17.0,9.0,4.0,1.0,1.0,mags_binary_excluded,0.004866100003710017
vote,0,17.0,9.0,4.0,1.0,1.0,matched_gini_unrestricted,0.005428799995570444
vote,0,17.0,9.0,4.0,1.0,1.0,mags_fixed_unrestricted,0.006819100002758205
vote,0,17.0,9.0,4.0,,,cart_fixed,0.005089400001452304
vote,0,13.0,7.0,3.0,1.0,0.0,mags_tuned,0.23394769999868004
vote,0,7.0,4.0,2.0,,,cart_tuned_depth,0.007469899996067397
vote,0,21.0,11.0,5.0,,,cart_pruned,0.0061088000002200715
vote,0,19.0,10.0,4.0,,,noise_augmented_cart,0.0023064999986672774
vote,0,,,,,,random_forest,0.060382099996786565
vote,0,,,,,,extra_trees,0.0460566000037943
vote,0,,,,,,linear_svm,0.001291300002776552
vote,0,,,,,,rbf_svm,0.0011995000022579916
vote,1,23.0,12.0,4.0,1.0,1.0,matched_gini,0.007110500002454501
vote,1,23.0,12.0,4.0,1.0,1.0,mags_fixed,0.010467899999639485
vote,1,23.0,12.0,4.0,1.0,1.0,mags_binary_excluded,0.009481599998252932
vote,1,23.0,12.0,4.0,1.0,1.0,matched_gini_unrestricted,0.007704099996772129
vote,1,23.0,12.0,4.0,1.0,1.0,mags_fixed_unrestricted,0.00833490000513848
vote,1,23.0,12.0,4.0,,,cart_fixed,0.000926900000195019
vote,1,7.0,4.0,2.0,1.0,0.0,mags_tuned,0.23787639999500243
vote,1,23.0,12.0,4.0,,,cart_tuned_depth,0.012102699998649769
vote,1,29.0,15.0,6.0,,,cart_pruned,0.0068824999980279244
vote,1,23.0,12.0,4.0,,,noise_augmented_cart,0.0023211000006995164
vote,1,,,,,,random_forest,0.06033779999415856
vote,1,,,,,,extra_trees,0.05280259999562986
vote,1,,,,,,linear_svm,0.001064599993696902
vote,1,,,,,,rbf_svm,0.0011140000060549937
vote,2,23.0,12.0,4.0,1.0,1.0,matched_gini,0.008346299997356255
vote,2,23.0,12.0,4.0,1.0,1.0,mags_fixed,0.010499099997105077
vote,2,23.0,12.0,4.0,1.0,1.0,mags_binary_excluded,0.007022600002528634
vote,2,23.0,12.0,4.0,1.0,1.0,matched_gini_unrestricted,0.00529159999859985
vote,2,23.0,12.0,4.0,1.0,1.0,mags_fixed_unrestricted,0.005564099999901373
vote,2,21.0,11.0,4.0,,,cart_fixed,0.0007543999963672832
vote,2,7.0,4.0,2.0,1.0,0.0,mags_tuned,0.20683219999773428
vote,2,15.0,8.0,3.0,,,cart_tuned_depth,0.010276599998178426
vote,2,5.0,3.0,2.0,,,cart_pruned,0.010318800006643869
vote,2,27.0,14.0,4.0,,,noise_augmented_cart,0.002562599998782389
vote,2,,,,,,random_forest,0.05778189999546157
vote,2,,,,,,extra_trees,0.04869100000360049
vote,2,,,,,,linear_svm,0.0011363000012352131
vote,2,,,,,,rbf_svm,0.0011501999979373068
vote,3,21.0,11.0,4.0,1.0,1.0,matched_gini,0.00577530000009574
vote,3,21.0,11.0,4.0,1.0,1.0,mags_fixed,0.008432499998889398
vote,3,21.0,11.0,4.0,1.0,1.0,mags_binary_excluded,0.006107000001065899
vote,3,21.0,11.0,4.0,1.0,1.0,matched_gini_unrestricted,0.005520600003364962
vote,3,21.0,11.0,4.0,1.0,1.0,mags_fixed_unrestricted,0.005426600000646431
vote,3,21.0,11.0,4.0,,,cart_fixed,0.0007885999948484823
vote,3,7.0,4.0,2.0,1.0,0.0,mags_tuned,0.24422430000413442
vote,3,15.0,8.0,3.0,,,cart_tuned_depth,0.016240299999481067
vote,3,9.0,5.0,4.0,,,cart_pruned,0.010975199998938479
vote,3,21.0,11.0,4.0,,,noise_augmented_cart,0.0026337999952374958
vote,3,,,,,,random_forest,0.06665339999744901
vote,3,,,,,,extra_trees,0.048852899999474175
vote,3,,,,,,linear_svm,0.001622199997655116
vote,3,,,,,,rbf_svm,0.001502999999502208
vote,4,21.0,11.0,4.0,1.0,1.0,matched_gini,0.005546399996092077
vote,4,21.0,11.0,4.0,1.0,1.0,mags_fixed,0.005581400000664871
vote,4,21.0,11.0,4.0,1.0,1.0,mags_binary_excluded,0.009257300000172108
vote,4,21.0,11.0,4.0,1.0,1.0,matched_gini_unrestricted,0.011581500002648681
vote,4,21.0,11.0,4.0,1.0,1.0,mags_fixed_unrestricted,0.014010599996254314
vote,4,21.0,11.0,4.0,,,cart_fixed,0.0008565999960410409
vote,4,7.0,4.0,2.0,1.0,0.0,mags_tuned,0.18813210000371328
vote,4,15.0,8.0,3.0,,,cart_tuned_depth,0.007453999998688232
vote,4,3.0,2.0,1.0,,,cart_pruned,0.005902599994442426
vote,4,21.0,11.0,4.0,,,noise_augmented_cart,0.002299300002050586
vote,4,,,,,,random_forest,0.06982880000578007
vote,4,,,,,,extra_trees,0.06105070000194246
vote,4,,,,,,linear_svm,0.0008774999951128848
vote,4,,,,,,rbf_svm,0.0008771000066190027
vote,5,21.0,11.0,4.0,1.0,1.0,matched_gini,0.008965900000475813
vote,5,21.0,11.0,4.0,1.0,1.0,mags_fixed,0.00876780000544386
vote,5,21.0,11.0,4.0,1.0,1.0,mags_binary_excluded,0.006403799998224713
vote,5,21.0,11.0,4.0,1.0,1.0,matched_gini_unrestricted,0.005199999999604188
vote,5,21.0,11.0,4.0,1.0,1.0,mags_fixed_unrestricted,0.005299799995555077
vote,5,21.0,11.0,4.0,,,cart_fixed,0.0007556999989901669
vote,5,7.0,4.0,2.0,1.0,0.0,mags_tuned,0.2365460000000894
vote,5,7.0,4.0,2.0,,,cart_tuned_depth,0.010417199999210425
vote,5,3.0,2.0,1.0,,,cart_pruned,0.008810100000118837
vote,5,21.0,11.0,4.0,,,noise_augmented_cart,0.002762099997198675
vote,5,,,,,,random_forest,0.06241969999973662
vote,5,,,,,,extra_trees,0.04563350000535138
vote,5,,,,,,linear_svm,0.0010366999995312653
vote,5,,,,,,rbf_svm,0.0012103000044589862
vehicle,28,49.0,25.0,5.0,0.07580565362960544,0.0,matched_gini,0.12130230000184383
vehicle,28,47.0,24.0,5.0,0.11313990936802097,0.0,mags_fixed,0.10053999999945518
vehicle,28,47.0,24.0,5.0,0.11313990936802097,0.0,mags_binary_excluded,0.09567110000352841
vehicle,28,45.0,23.0,5.0,0.06593827528186798,0.0,matched_gini_unrestricted,0.1982854000016232
vehicle,28,45.0,23.0,5.0,0.10846248876220485,0.0,mags_fixed_unrestricted,0.21948049999627983
vehicle,28,45.0,23.0,5.0,,,cart_fixed,0.0040613000019220635
vehicle,28,29.0,15.0,4.0,0.04868843262333782,0.0,mags_tuned,2.8134795000005397
vehicle,28,29.0,15.0,4.0,,,cart_tuned_depth,0.019928599998820573
vehicle,28,23.0,12.0,5.0,,,cart_pruned,0.031863199998042546
vehicle,28,53.0,27.0,5.0,,,noise_augmented_cart,0.005458700004965067
vehicle,28,,,,,,random_forest,0.08134969999809982
vehicle,28,,,,,,extra_trees,0.052022500000020955
vehicle,28,,,,,,linear_svm,0.006393299998308066
vehicle,28,,,,,,rbf_svm,0.006324800000584219
vote,6,23.0,12.0,4.0,1.0,1.0,matched_gini,0.010184099999605678
vote,6,23.0,12.0,4.0,1.0,1.0,mags_fixed,0.009238300001015887
vote,6,23.0,12.0,4.0,1.0,1.0,mags_binary_excluded,0.009341499993752223
vote,6,23.0,12.0,4.0,1.0,1.0,matched_gini_unrestricted,0.008922300003177952
vote,6,23.0,12.0,4.0,1.0,1.0,mags_fixed_unrestricted,0.005860799996298738
vote,6,23.0,12.0,4.0,,,cart_fixed,0.0007226000016089529
vote,6,15.0,8.0,3.0,1.0,0.0,mags_tuned,0.17826049999712268
vote,6,7.0,4.0,2.0,,,cart_tuned_depth,0.007522599997173529
vote,6,27.0,14.0,5.0,,,cart_pruned,0.00757510000403272
vote,6,17.0,9.0,4.0,,,noise_augmented_cart,0.0025459999960730784
vote,6,,,,,,random_forest,0.050923800001328345
vote,6,,,,,,extra_trees,0.04743650000455091
vote,6,,,,,,linear_svm,0.0009801000051083975
vote,6,,,,,,rbf_svm,0.0011555999953998253
vehicle,29,49.0,25.0,5.0,0.05204831113468241,0.0,matched_gini,0.11421140000311425
vehicle,29,45.0,23.0,5.0,0.07481773872862504,0.0,mags_fixed,0.0915000000022701
vehicle,29,45.0,23.0,5.0,0.07481773872862504,0.0,mags_binary_excluded,0.09835390000080224
vehicle,29,49.0,25.0,5.0,0.052826930663301935,0.0,matched_gini_unrestricted,0.12305690000357572
vehicle,29,47.0,24.0,5.0,0.07650241614940656,0.0,mags_fixed_unrestricted,0.12278589999914402
vehicle,29,49.0,25.0,5.0,,,cart_fixed,0.0020403000016813166
vehicle,29,45.0,23.0,5.0,0.08294152983113955,0.0,mags_tuned,2.3929639999987558
vehicle,29,95.0,48.0,8.0,,,cart_tuned_depth,0.018780800004606135
vehicle,29,53.0,27.0,8.0,,,cart_pruned,0.035884400000213645
vehicle,29,53.0,27.0,5.0,,,noise_augmented_cart,0.004679899997427128
vehicle,29,,,,,,random_forest,0.09004739999363665
vehicle,29,,,,,,extra_trees,0.050880000002507586
vehicle,29,,,,,,linear_svm,0.006234699998458382
vehicle,29,,,,,,rbf_svm,0.005980599999020342
vote,7,23.0,12.0,4.0,1.0,1.0,matched_gini,0.006466200000431854
vote,7,23.0,12.0,4.0,1.0,1.0,mags_fixed,0.0059202000047662295
vote,7,23.0,12.0,4.0,1.0,1.0,mags_binary_excluded,0.005970499994873535
vote,7,23.0,12.0,4.0,1.0,1.0,matched_gini_unrestricted,0.006209700004546903
vote,7,23.0,12.0,4.0,1.0,1.0,mags_fixed_unrestricted,0.009868000001006294
vote,7,23.0,12.0,4.0,,,cart_fixed,0.0011333000002196059
vote,7,7.0,4.0,2.0,1.0,0.0,mags_tuned,0.2055255999948713
vote,7,7.0,4.0,2.0,,,cart_tuned_depth,0.010118400001374539
vote,7,5.0,3.0,2.0,,,cart_pruned,0.00592309999774443
vote,7,19.0,10.0,4.0,,,noise_augmented_cart,0.0022723000001860783
vote,7,,,,,,random_forest,0.06269329999486217
vote,7,,,,,,extra_trees,0.04415490000246791
vote,7,,,,,,linear_svm,0.0010059999985969625
vote,7,,,,,,rbf_svm,0.001327799996943213
vote,9,19.0,10.0,4.0,1.0,1.0,matched_gini,0.008302599999296945
vote,9,19.0,10.0,4.0,1.0,1.0,mags_fixed,0.007229700000607409
vote,9,19.0,10.0,4.0,1.0,1.0,mags_binary_excluded,0.005318299998180009
vote,9,19.0,10.0,4.0,1.0,1.0,matched_gini_unrestricted,0.01668229999631876
vote,9,19.0,10.0,4.0,1.0,1.0,mags_fixed_unrestricted,0.008007199998246506
vote,9,19.0,10.0,4.0,,,cart_fixed,0.0012079000007361174
vote,9,23.0,12.0,5.0,1.0,0.0,mags_tuned,0.2223675999994157
vote,9,13.0,7.0,3.0,,,cart_tuned_depth,0.007430700003169477
vote,9,23.0,12.0,5.0,,,cart_pruned,0.004426999999850523
vote,9,21.0,11.0,4.0,,,noise_augmented_cart,0.002105300001858268
vote,9,,,,,,random_forest,0.05519500000082189
vote,9,,,,,,extra_trees,0.03984389999823179
vote,9,,,,,,linear_svm,0.001061499999195803
vote,9,,,,,,rbf_svm,0.0013073000009171665
vote,8,21.0,11.0,4.0,1.0,1.0,matched_gini,0.009520600004179869
vote,8,21.0,11.0,4.0,1.0,1.0,mags_fixed,0.011802700006228406
vote,8,21.0,11.0,4.0,1.0,1.0,mags_binary_excluded,0.008021299996471498
vote,8,21.0,11.0,4.0,1.0,1.0,matched_gini_unrestricted,0.008190300002752338
vote,8,21.0,11.0,4.0,1.0,1.0,mags_fixed_unrestricted,0.0055697999996482395
vote,8,21.0,11.0,4.0,,,cart_fixed,0.0007458000036422163
vote,8,7.0,4.0,2.0,1.0,0.0,mags_tuned,0.19343620000290684
vote,8,7.0,4.0,2.0,,,cart_tuned_depth,0.007571100002678577
vote,8,25.0,13.0,5.0,,,cart_pruned,0.015578500002447981
vote,8,25.0,13.0,4.0,,,noise_augmented_cart,0.0030518999992636964
vote,8,,,,,,random_forest,0.05892959999619052
vote,8,,,,,,extra_trees,0.06956150000041816
vote,8,,,,,,linear_svm,0.0007189999960246496
vote,8,,,,,,rbf_svm,0.0007849999965401366
vote,10,17.0,9.0,4.0,1.0,1.0,matched_gini,0.004235499996866565
vote,10,17.0,9.0,4.0,1.0,1.0,mags_fixed,0.004010100004961714
vote,10,17.0,9.0,4.0,1.0,1.0,mags_binary_excluded,0.0038427000035881065
vote,10,17.0,9.0,4.0,1.0,1.0,matched_gini_unrestricted,0.004114199997275136
vote,10,17.0,9.0,4.0,1.0,1.0,mags_fixed_unrestricted,0.006638799997745082
vote,10,17.0,9.0,4.0,,,cart_fixed,0.0008267000011983328
vote,10,11.0,6.0,3.0,1.0,0.0,mags_tuned,0.22652029999881051
vote,10,11.0,6.0,3.0,,,cart_tuned_depth,0.006635699995968025
vote,10,3.0,2.0,1.0,,,cart_pruned,0.005370099999709055
vote,10,17.0,9.0,4.0,,,noise_augmented_cart,0.001961200003279373
vote,10,,,,,,random_forest,0.0591774999993504
vote,10,,,,,,extra_trees,0.03488340000330936
vote,10,,,,,,linear_svm,0.0011244999986956827
vote,10,,,,,,rbf_svm,0.0016812999965623021
vote,11,21.0,11.0,4.0,1.0,1.0,matched_gini,0.006554999999934807
vote,11,21.0,11.0,4.0,1.0,1.0,mags_fixed,0.00895400000445079
vote,11,21.0,11.0,4.0,1.0,1.0,mags_binary_excluded,0.008941899999626912
vote,11,21.0,11.0,4.0,1.0,1.0,matched_gini_unrestricted,0.007277199998497963
vote,11,21.0,11.0,4.0,1.0,1.0,mags_fixed_unrestricted,0.004981699996278621
vote,11,21.0,11.0,4.0,,,cart_fixed,0.0010118999998667277
vote,11,21.0,11.0,4.0,1.0,0.0,mags_tuned,0.2659930000008899
vote,11,7.0,4.0,2.0,,,cart_tuned_depth,0.007028200001514051
vote,11,5.0,3.0,2.0,,,cart_pruned,0.01262700000370387
vote,11,21.0,11.0,4.0,,,noise_augmented_cart,0.0026892000023508444
vote,11,,,,,,random_forest,0.05680939999729162
vote,11,,,,,,extra_trees,0.0441073999973014
vote,11,,,,,,linear_svm,0.0010935999962384813
vote,11,,,,,,rbf_svm,0.0011153000014019199
vote,13,19.0,10.0,4.0,1.0,1.0,matched_gini,0.004651799994462635
vote,13,19.0,10.0,4.0,1.0,1.0,mags_fixed,0.004436700000951532
vote,13,19.0,10.0,4.0,1.0,1.0,mags_binary_excluded,0.004411800000525545
vote,13,19.0,10.0,4.0,1.0,1.0,matched_gini_unrestricted,0.006419799996365327
vote,13,19.0,10.0,4.0,1.0,1.0,mags_fixed_unrestricted,0.007579599994642194
vote,13,19.0,10.0,4.0,,,cart_fixed,0.0008334999947692268
vote,13,7.0,4.0,2.0,1.0,0.0,mags_tuned,0.2326145000042743
vote,13,7.0,4.0,2.0,,,cart_tuned_depth,0.014613999999710359
vote,13,3.0,2.0,1.0,,,cart_pruned,0.011442300005001016
vote,13,19.0,10.0,4.0,,,noise_augmented_cart,0.0038491999948746525
vote,13,,,,,,random_forest,0.0911437000031583
vote,13,,,,,,extra_trees,0.05626160000247182
vote,13,,,,,,linear_svm,0.0009642000004532747
vote,13,,,,,,rbf_svm,0.0010470999986864626
vote,12,19.0,10.0,4.0,1.0,1.0,matched_gini,0.008168599997588899
vote,12,19.0,10.0,4.0,1.0,1.0,mags_fixed,0.007913800000096671
vote,12,19.0,10.0,4.0,1.0,1.0,mags_binary_excluded,0.00811690000409726
vote,12,19.0,10.0,4.0,1.0,1.0,matched_gini_unrestricted,0.005377300003601704
vote,12,19.0,10.0,4.0,1.0,1.0,mags_fixed_unrestricted,0.022125199997390155
vote,12,19.0,10.0,4.0,,,cart_fixed,0.000989200001640711
vote,12,7.0,4.0,2.0,1.0,0.0,mags_tuned,0.2577116000029491
vote,12,7.0,4.0,2.0,,,cart_tuned_depth,0.010931099997833371
vote,12,23.0,12.0,5.0,,,cart_pruned,0.017949099994439166
vote,12,25.0,13.0,4.0,,,noise_augmented_cart,0.005155200000444893
vote,12,,,,,,random_forest,0.09151230000134092
vote,12,,,,,,extra_trees,0.05486470000323607
vote,12,,,,,,linear_svm,0.0010048999974969774
vote,12,,,,,,rbf_svm,0.0011250999959884211
vote,14,23.0,12.0,4.0,1.0,1.0,matched_gini,0.005677900000591762
vote,14,23.0,12.0,4.0,1.0,1.0,mags_fixed,0.008212600005208515
vote,14,23.0,12.0,4.0,1.0,1.0,mags_binary_excluded,0.01082950000272831
vote,14,23.0,12.0,4.0,1.0,1.0,matched_gini_unrestricted,0.008385499997530133
vote,14,23.0,12.0,4.0,1.0,1.0,mags_fixed_unrestricted,0.005561700003454462
vote,14,23.0,12.0,4.0,,,cart_fixed,0.0007769000003463589
vote,14,15.0,8.0,3.0,1.0,0.0,mags_tuned,0.26477060000615893
vote,14,15.0,8.0,3.0,,,cart_tuned_depth,0.017302600004768465
vote,14,27.0,14.0,5.0,,,cart_pruned,0.00925479999568779
vote,14,23.0,12.0,4.0,,,noise_augmented_cart,0.0025883999987854622
vote,14,,,,,,random_forest,0.06838630000129342
vote,14,,,,,,extra_trees,0.04654139999911422
vote,14,,,,,,linear_svm,0.0009715999985928647
vote,14,,,,,,rbf_svm,0.0010194000060437247
vote,15,13.0,7.0,4.0,1.0,1.0,matched_gini,0.005100700000184588
vote,15,13.0,7.0,4.0,1.0,1.0,mags_fixed,0.004951700000674464
vote,15,13.0,7.0,4.0,1.0,1.0,mags_binary_excluded,0.004939799997373484
vote,15,13.0,7.0,4.0,1.0,1.0,matched_gini_unrestricted,0.01982970000244677
vote,15,13.0,7.0,4.0,1.0,1.0,mags_fixed_unrestricted,0.01474690000031842
vote,15,13.0,7.0,4.0,,,cart_fixed,0.0008756000024732202
vote,15,5.0,3.0,2.0,1.0,0.0,mags_tuned,0.1846642999953474
vote,15,5.0,3.0,2.0,,,cart_tuned_depth,0.01664419999724487
vote,15,3.0,2.0,1.0,,,cart_pruned,0.010018000000854954
vote,15,15.0,8.0,4.0,,,noise_augmented_cart,0.0029033000027993694
vote,15,,,,,,random_forest,0.06609089999983553
vote,15,,,,,,extra_trees,0.0663771000035922
vote,15,,,,,,linear_svm,0.0009732999969855882
vote,15,,,,,,rbf_svm,0.001050400001986418
vote,17,19.0,10.0,4.0,1.0,1.0,matched_gini,0.007233000003907364
vote,17,19.0,10.0,4.0,1.0,1.0,mags_fixed,0.007064099998387974
vote,17,19.0,10.0,4.0,1.0,1.0,mags_binary_excluded,0.008604700000432786
vote,17,19.0,10.0,4.0,1.0,1.0,matched_gini_unrestricted,0.011036400006560143
vote,17,19.0,10.0,4.0,1.0,1.0,mags_fixed_unrestricted,0.008953900003689341
vote,17,19.0,10.0,4.0,,,cart_fixed,0.0012424999949871562
vote,17,7.0,4.0,2.0,1.0,0.0,mags_tuned,0.2073621000017738
vote,17,7.0,4.0,2.0,,,cart_tuned_depth,0.011800200001744088
vote,17,19.0,10.0,4.0,,,cart_pruned,0.005511700001079589
vote,17,15.0,8.0,4.0,,,noise_augmented_cart,0.0025891999976010993
vote,17,,,,,,random_forest,0.06729310000082478
vote,17,,,,,,extra_trees,0.05898019999585813
vote,17,,,,,,linear_svm,0.0012799999967683107
vote,17,,,,,,rbf_svm,0.0015916999982437119
vote,16,19.0,10.0,4.0,1.0,1.0,matched_gini,0.004502499999944121
vote,16,19.0,10.0,4.0,1.0,1.0,mags_fixed,0.005925799996475689
vote,16,19.0,10.0,4.0,1.0,1.0,mags_binary_excluded,0.007726600000751205
vote,16,19.0,10.0,4.0,1.0,1.0,matched_gini_unrestricted,0.00750289999996312
vote,16,19.0,10.0,4.0,1.0,1.0,mags_fixed_unrestricted,0.005669500002113637
vote,16,19.0,10.0,4.0,,,cart_fixed,0.0006906000053277239
vote,16,13.0,7.0,3.0,1.0,0.0,mags_tuned,0.2681125000017346
vote,16,13.0,7.0,3.0,,,cart_tuned_depth,0.009191900004225317
vote,16,5.0,3.0,2.0,,,cart_pruned,0.0077264999999897555
vote,16,21.0,11.0,4.0,,,noise_augmented_cart,0.001970400000573136
vote,16,,,,,,random_forest,0.06671700000151759
vote,16,,,,,,extra_trees,0.060587200001464225
vote,16,,,,,,linear_svm,0.0009878999990178272
vote,16,,,,,,rbf_svm,0.0011547000030986965
vote,19,21.0,11.0,4.0,1.0,1.0,matched_gini,0.00773279999702936
vote,19,21.0,11.0,4.0,1.0,1.0,mags_fixed,0.008664400003908668
vote,19,21.0,11.0,4.0,1.0,1.0,mags_binary_excluded,0.013279600003443193
vote,19,21.0,11.0,4.0,1.0,1.0,matched_gini_unrestricted,0.012729600006423425
vote,19,21.0,11.0,4.0,1.0,1.0,mags_fixed_unrestricted,0.007506699999794364
vote,19,21.0,11.0,4.0,,,cart_fixed,0.0009394000007887371
vote,19,7.0,4.0,2.0,1.0,0.0,mags_tuned,0.21930760000395821
vote,19,13.0,7.0,3.0,,,cart_tuned_depth,0.010901599998760503
vote,19,21.0,11.0,4.0,,,cart_pruned,0.01095970000460511
vote,19,21.0,11.0,4.0,,,noise_augmented_cart,0.004231300001265481
vote,19,,,,,,random_forest,0.071360599999025
vote,19,,,,,,extra_trees,0.04843599999730941
vote,19,,,,,,linear_svm,0.0010296000036760233
vote,19,,,,,,rbf_svm,0.0010859000030905008
vote,18,21.0,11.0,4.0,1.0,1.0,matched_gini,0.010353699995903298
vote,18,21.0,11.0,4.0,1.0,1.0,mags_fixed,0.008909500000299886
vote,18,21.0,11.0,4.0,1.0,1.0,mags_binary_excluded,0.011658199997327756
vote,18,21.0,11.0,4.0,1.0,1.0,matched_gini_unrestricted,0.010528899998462293
vote,18,21.0,11.0,4.0,1.0,1.0,mags_fixed_unrestricted,0.008254200001829304
vote,18,21.0,11.0,4.0,,,cart_fixed,0.0008945000008679926
vote,18,21.0,11.0,4.0,1.0,0.0,mags_tuned,0.2953207999962615
vote,18,13.0,7.0,3.0,,,cart_tuned_depth,0.009233400000084657
vote,18,5.0,3.0,2.0,,,cart_pruned,0.009035499999299645
vote,18,25.0,13.0,4.0,,,noise_augmented_cart,0.0023329000032390468
vote,18,,,,,,random_forest,0.06534380000084639
vote,18,,,,,,extra_trees,0.052462700004980434
vote,18,,,,,,linear_svm,0.001210700000228826
vote,18,,,,,,rbf_svm,0.0011090999978478067
vote,20,23.0,12.0,4.0,1.0,1.0,matched_gini,0.008681300001626369
vote,20,23.0,12.0,4.0,1.0,1.0,mags_fixed,0.008747500003664754
vote,20,23.0,12.0,4.0,1.0,1.0,mags_binary_excluded,0.008532799998647533
vote,20,23.0,12.0,4.0,1.0,1.0,matched_gini_unrestricted,0.009036199997353833
vote,20,23.0,12.0,4.0,1.0,1.0,mags_fixed_unrestricted,0.008486499995342456
vote,20,23.0,12.0,4.0,,,cart_fixed,0.0008680000028107315
vote,20,7.0,4.0,2.0,1.0,0.0,mags_tuned,0.25379090000205906
vote,20,15.0,8.0,3.0,,,cart_tuned_depth,0.008902900000975933
vote,20,5.0,3.0,2.0,,,cart_pruned,0.008137600001646206
vote,20,23.0,12.0,4.0,,,noise_augmented_cart,0.0033720999999786727
vote,20,,,,,,random_forest,0.07020270000066375
vote,20,,,,,,extra_trees,0.051388300002145115
vote,20,,,,,,linear_svm,0.000967699998000171
vote,20,,,,,,rbf_svm,0.001000100004603155
vote,21,21.0,11.0,4.0,1.0,1.0,matched_gini,0.010849700003745966
vote,21,21.0,11.0,4.0,1.0,1.0,mags_fixed,0.012754600000334904
vote,21,21.0,11.0,4.0,1.0,1.0,mags_binary_excluded,0.009903800004394725
vote,21,21.0,11.0,4.0,1.0,1.0,matched_gini_unrestricted,0.0080493000059505
vote,21,21.0,11.0,4.0,1.0,1.0,mags_fixed_unrestricted,0.012127900001360103
vote,21,21.0,11.0,4.0,,,cart_fixed,0.0011327000029268675
vote,21,7.0,4.0,2.0,1.0,0.0,mags_tuned,0.28054559999873163
vote,21,7.0,4.0,2.0,,,cart_tuned_depth,0.011496200000692625
vote,21,27.0,14.0,6.0,,,cart_pruned,0.007168900003307499
vote,21,23.0,12.0,4.0,,,noise_augmented_cart,0.0021456999966176227
vote,21,,,,,,random_forest,0.06362480000098003
vote,21,,,,,,extra_trees,0.042230400002154056
vote,21,,,,,,linear_svm,0.0009865999963949434
vote,21,,,,,,rbf_svm,0.0011558999976841733
vote,22,21.0,11.0,4.0,1.0,1.0,matched_gini,0.010034999999334104
vote,22,21.0,11.0,4.0,1.0,1.0,mags_fixed,0.013974000001326203
vote,22,21.0,11.0,4.0,1.0,1.0,mags_binary_excluded,0.010317899999790825
vote,22,21.0,11.0,4.0,1.0,1.0,matched_gini_unrestricted,0.009594299997843336
vote,22,21.0,11.0,4.0,1.0,1.0,mags_fixed_unrestricted,0.010627799994836096
vote,22,21.0,11.0,4.0,,,cart_fixed,0.00087340000027325
vote,22,15.0,8.0,3.0,1.0,0.0,mags_tuned,0.27060899999924004
vote,22,7.0,4.0,2.0,,,cart_tuned_depth,0.008767400002398062
vote,22,3.0,2.0,1.0,,,cart_pruned,0.008036999999603722
vote,22,25.0,13.0,4.0,,,noise_augmented_cart,0.002316699996299576
vote,22,,,,,,random_forest,0.05651480000233278
vote,22,,,,,,extra_trees,0.04534419999981765
vote,22,,,,,,linear_svm,0.001050599996233359
vote,22,,,,,,rbf_svm,0.0011321999991196208
vote,23,19.0,10.0,4.0,1.0,1.0,matched_gini,0.012647800002014264
vote,23,19.0,10.0,4.0,1.0,1.0,mags_fixed,0.009472500001720618
vote,23,19.0,10.0,4.0,1.0,1.0,mags_binary_excluded,0.007962000003317371
vote,23,19.0,10.0,4.0,1.0,1.0,matched_gini_unrestricted,0.010464699997100979
vote,23,19.0,10.0,4.0,1.0,1.0,mags_fixed_unrestricted,0.011649499996565282
vote,23,19.0,10.0,4.0,,,cart_fixed,0.0011469999953988008
vote,23,13.0,7.0,3.0,1.0,0.0,mags_tuned,0.3182038999948418
vote,23,13.0,7.0,3.0,,,cart_tuned_depth,0.010538800001086202
vote,23,27.0,14.0,5.0,,,cart_pruned,0.009653599998273421
vote,23,21.0,11.0,4.0,,,noise_augmented_cart,0.0037561999997706152
vote,23,,,,,,random_forest,0.06246969999483554
vote,23,,,,,,extra_trees,0.04395630000362871
vote,23,,,,,,linear_svm,0.0010378000006312504
vote,23,,,,,,rbf_svm,0.001048600002832245
vote,24,17.0,9.0,4.0,1.0,1.0,matched_gini,0.007323099998757243
vote,24,17.0,9.0,4.0,1.0,1.0,mags_fixed,0.0070903000014368445
vote,24,17.0,9.0,4.0,1.0,1.0,mags_binary_excluded,0.0070106000057421625
vote,24,17.0,9.0,4.0,1.0,1.0,matched_gini_unrestricted,0.0072146000020438805
vote,24,17.0,9.0,4.0,1.0,1.0,mags_fixed_unrestricted,0.007136200001696125
vote,24,17.0,9.0,4.0,,,cart_fixed,0.0008416000055149198
vote,24,7.0,4.0,2.0,1.0,0.0,mags_tuned,0.2162356000044383
vote,24,17.0,9.0,4.0,,,cart_tuned_depth,0.011767199997848365
vote,24,19.0,10.0,5.0,,,cart_pruned,0.009982900002796669
vote,24,21.0,11.0,4.0,,,noise_augmented_cart,0.0024193000062950887
vote,24,,,,,,random_forest,0.06405810000433121
vote,24,,,,,,extra_trees,0.04019539999717381
vote,24,,,,,,linear_svm,0.0009038999996846542
vote,24,,,,,,rbf_svm,0.0008941999985836446
vote,27,15.0,8.0,4.0,1.0,1.0,matched_gini,0.005870200002391357
vote,27,15.0,8.0,4.0,1.0,1.0,mags_fixed,0.00607010000385344
vote,27,15.0,8.0,4.0,1.0,1.0,mags_binary_excluded,0.007729399992967956
vote,27,15.0,8.0,4.0,1.0,1.0,matched_gini_unrestricted,0.007687899997108616
vote,27,15.0,8.0,4.0,1.0,1.0,mags_fixed_unrestricted,0.007634100002178457
vote,27,15.0,8.0,4.0,,,cart_fixed,0.0010034000006271526
vote,27,11.0,6.0,3.0,1.0,0.0,mags_tuned,0.14143800000601914
vote,27,7.0,4.0,2.0,,,cart_tuned_depth,0.01416560000507161
vote,27,5.0,3.0,2.0,,,cart_pruned,0.004296300001442432
vote,27,17.0,9.0,4.0,,,noise_augmented_cart,0.004510800004936755
vote,27,,,,,,random_forest,0.04751810000016121
vote,27,,,,,,extra_trees,0.05451549999997951
vote,27,,,,,,linear_svm,0.0014104000001680106
vote,27,,,,,,rbf_svm,0.001592799999343697
vote,25,25.0,13.0,4.0,1.0,1.0,matched_gini,0.009858500001428183
vote,25,25.0,13.0,4.0,1.0,1.0,mags_fixed,0.009391499996127095
vote,25,25.0,13.0,4.0,1.0,1.0,mags_binary_excluded,0.009800199994060677
vote,25,25.0,13.0,4.0,1.0,1.0,matched_gini_unrestricted,0.012268799997400492
vote,25,25.0,13.0,4.0,1.0,1.0,mags_fixed_unrestricted,0.012262399999599438
vote,25,25.0,13.0,4.0,,,cart_fixed,0.0011672000036924146
vote,25,7.0,4.0,2.0,1.0,0.0,mags_tuned,0.27275960000406485
vote,25,7.0,4.0,2.0,,,cart_tuned_depth,0.01249429999734275
vote,25,31.0,16.0,6.0,,,cart_pruned,0.018671799996809568
vote,25,27.0,14.0,4.0,,,noise_augmented_cart,0.002310099996975623
vote,25,,,,,,random_forest,0.05064660000061849
vote,25,,,,,,extra_trees,0.04366940000181785
vote,25,,,,,,linear_svm,0.0009713000035844743
vote,25,,,,,,rbf_svm,0.0009960000024875626
vote,26,19.0,10.0,4.0,1.0,1.0,matched_gini,0.0076649999973597005
vote,26,19.0,10.0,4.0,1.0,1.0,mags_fixed,0.006678500001726206
vote,26,19.0,10.0,4.0,1.0,1.0,mags_binary_excluded,0.007311100001970772
vote,26,19.0,10.0,4.0,1.0,1.0,matched_gini_unrestricted,0.006393700001353864
vote,26,19.0,10.0,4.0,1.0,1.0,mags_fixed_unrestricted,0.007780200001434423
vote,26,19.0,10.0,4.0,,,cart_fixed,0.000887700000021141
vote,26,13.0,7.0,3.0,1.0,0.0,mags_tuned,0.23098619999655057
vote,26,13.0,7.0,3.0,,,cart_tuned_depth,0.00780549999763025
vote,26,25.0,13.0,6.0,,,cart_pruned,0.008021699999517296
vote,26,23.0,12.0,4.0,,,noise_augmented_cart,0.002271199999086093
vote,26,,,,,,random_forest,0.05029579999973066
vote,26,,,,,,extra_trees,0.035863099998096004
vote,26,,,,,,linear_svm,0.001004300000204239
vote,26,,,,,,rbf_svm,0.0010830999963218346
vote,28,17.0,9.0,4.0,1.0,1.0,matched_gini,0.010470799999893643
vote,28,17.0,9.0,4.0,1.0,1.0,mags_fixed,0.004877100000157952
vote,28,17.0,9.0,4.0,1.0,1.0,mags_binary_excluded,0.003938699999707751
vote,28,17.0,9.0,4.0,1.0,1.0,matched_gini_unrestricted,0.003948600002331659
vote,28,17.0,9.0,4.0,1.0,1.0,mags_fixed_unrestricted,0.004160100004810374
vote,28,17.0,9.0,4.0,,,cart_fixed,0.0006426999971154146
vote,28,13.0,7.0,3.0,1.0,0.0,mags_tuned,0.0889175000047544
vote,28,7.0,4.0,2.0,,,cart_tuned_depth,0.0077133000013418496
vote,28,17.0,9.0,4.0,,,cart_pruned,0.004767099999298807
vote,28,19.0,10.0,4.0,,,noise_augmented_cart,0.0018319000009796582
vote,28,,,,,,random_forest,0.049736399996618275
vote,28,,,,,,extra_trees,0.06579539999802364
vote,28,,,,,,linear_svm,0.0008715000003576279
vote,28,,,,,,rbf_svm,0.000836300001537893
vote,29,23.0,12.0,4.0,1.0,1.0,matched_gini,0.006054600002244115
vote,29,23.0,12.0,4.0,1.0,1.0,mags_fixed,0.006298399996012449
vote,29,23.0,12.0,4.0,1.0,1.0,mags_binary_excluded,0.00762879999820143
vote,29,23.0,12.0,4.0,1.0,1.0,matched_gini_unrestricted,0.022336099995300174
vote,29,23.0,12.0,4.0,1.0,1.0,mags_fixed_unrestricted,0.007717699998465832
vote,29,23.0,12.0,4.0,,,cart_fixed,0.0009234999961336143
vote,29,7.0,4.0,2.0,1.0,0.0,mags_tuned,0.1933874999958789
vote,29,7.0,4.0,2.0,,,cart_tuned_depth,0.00972130000445759
vote,29,27.0,14.0,5.0,,,cart_pruned,0.00876070000231266
vote,29,25.0,13.0,4.0,,,noise_augmented_cart,0.0028883999984827824
vote,29,,,,,,random_forest,0.059755299997050315
vote,29,,,,,,extra_trees,0.044140099998912774
vote,29,,,,,,linear_svm,0.001076599997759331
vote,29,,,,,,rbf_svm,0.0011204999973415397
wine,1,13.0,7.0,4.0,0.05190271466237714,0.0,matched_gini,0.013480699999490753
wine,1,15.0,8.0,4.0,0.0462841497273042,0.0,mags_fixed,0.013869599999452475
wine,1,15.0,8.0,4.0,0.0462841497273042,0.0,mags_binary_excluded,0.011541300002136268
wine,1,15.0,8.0,3.0,0.10407619029706941,0.0,matched_gini_unrestricted,0.025047000002814457
wine,1,15.0,8.0,3.0,0.16800817365648776,0.0,mags_fixed_unrestricted,0.04099710000446066
wine,1,13.0,7.0,4.0,,,cart_fixed,0.0009798999963095412
wine,1,15.0,8.0,4.0,0.0462841497273042,0.0,mags_tuned,0.4671846999990521
wine,1,7.0,4.0,2.0,,,cart_tuned_depth,0.009039099997607991
wine,1,13.0,7.0,4.0,,,cart_pruned,0.009599400000297464
wine,1,17.0,9.0,4.0,,,noise_augmented_cart,0.0009108000012929551
wine,1,,,,,,random_forest,0.06458500000007916
wine,1,,,,,,extra_trees,0.04771240000263788
wine,1,,,,,,linear_svm,0.0007738000058452599
wine,1,,,,,,rbf_svm,0.0007089999999152496
wine,0,11.0,6.0,4.0,0.10172615385246253,0.0,matched_gini,0.013710899998841342
wine,0,13.0,7.0,4.0,0.028751286430404546,0.0,mags_fixed,0.013719100003072526
wine,0,13.0,7.0,4.0,0.028751286430404546,0.0,mags_binary_excluded,0.03430350000417093
wine,0,11.0,6.0,4.0,0.10143307255196139,0.0,matched_gini_unrestricted,0.03786799999943469
wine,0,13.0,7.0,4.0,0.050309690977288095,0.0,mags_fixed_unrestricted,0.04710070000146516
wine,0,11.0,6.0,4.0,,,cart_fixed,0.0011217999999644235
wine,0,13.0,7.0,4.0,0.028751286430404546,0.0,mags_tuned,0.5146614000041154
wine,0,7.0,4.0,2.0,,,cart_tuned_depth,0.008911900004022755
wine,0,13.0,7.0,5.0,,,cart_pruned,0.005617399998300243
wine,0,13.0,7.0,4.0,,,noise_augmented_cart,0.0010646000009728596
wine,0,,,,,,random_forest,0.06950489999871934
wine,0,,,,,,extra_trees,0.0665958999961731
wine,0,,,,,,linear_svm,0.0047770000019227155
wine,0,,,,,,rbf_svm,0.006661100000201259
wine,2,11.0,6.0,3.0,0.025221576133244696,0.0,matched_gini,0.030083900004683528
wine,2,11.0,6.0,3.0,0.0781304067344084,0.0,mags_fixed,0.03877830000419635
wine,2,11.0,6.0,3.0,0.0781304067344084,0.0,mags_binary_excluded,0.01168129999859957
wine,2,9.0,5.0,3.0,0.06294913914792216,0.0,matched_gini_unrestricted,0.039182200001960155
wine,2,9.0,5.0,3.0,0.06294913914792216,0.0,mags_fixed_unrestricted,0.02275579999695765
wine,2,11.0,6.0,3.0,,,cart_fixed,0.0009049000000231899
wine,2,7.0,4.0,2.0,0.011663276843926651,0.0,mags_tuned,0.4577955999993719
wine,2,7.0,4.0,2.0,,,cart_tuned_depth,0.00807100000383798
wine,2,11.0,6.0,3.0,,,cart_pruned,0.00549709999904735
wine,2,13.0,7.0,4.0,,,noise_augmented_cart,0.0006729000015184283
wine,2,,,,,,random_forest,0.05283659999986412
wine,2,,,,,,extra_trees,0.03938249999919208
wine,2,,,,,,linear_svm,0.0007325999977183528
wine,2,,,,,,rbf_svm,0.0006825000018579885
wine,3,13.0,7.0,4.0,0.06041388173850925,0.0,matched_gini,0.022315900001558475
wine,3,13.0,7.0,4.0,0.0385485100019145,0.0,mags_fixed,0.020395199993799906
wine,3,13.0,7.0,4.0,0.0385485100019145,0.0,mags_binary_excluded,0.024224599997978657
wine,3,13.0,7.0,4.0,0.03970898502517242,0.0,matched_gini_unrestricted,0.03254860000015469
wine,3,13.0,7.0,4.0,0.09703346009078921,0.0,mags_fixed_unrestricted,0.060009000000718515
wine,3,13.0,7.0,4.0,,,cart_fixed,0.002128899999661371
wine,3,13.0,7.0,4.0,0.0385485100019145,0.0,mags_tuned,0.43096430000150576
wine,3,11.0,6.0,3.0,,,cart_tuned_depth,0.009373900000355206
wine,3,13.0,7.0,4.0,,,cart_pruned,0.0061790000036126
wine,3,15.0,8.0,4.0,,,noise_augmented_cart,0.0009408000041730702
wine,3,,,,,,random_forest,0.060416299995267764
wine,3,,,,,,extra_trees,0.04071520000434248
wine,3,,,,,,linear_svm,0.0007029999978840351
wine,3,,,,,,rbf_svm,0.0006690999944112264
wine,4,13.0,7.0,4.0,0.03525233580488522,0.0,matched_gini,0.015717800000857096
wine,4,17.0,9.0,4.0,0.14690138060504632,0.0,mags_fixed,0.013744700001552701
wine,4,17.0,9.0,4.0,0.14690138060504632,0.0,mags_binary_excluded,0.013182599999709055
wine,4,13.0,7.0,4.0,0.03525233580488522,0.0,matched_gini_unrestricted,0.02869279999868013
wine,4,15.0,8.0,4.0,0.11616226028258203,0.0,mags_fixed_unrestricted,0.035095700004603714
wine,4,13.0,7.0,4.0,,,cart_fixed,0.0007702000002609566
wine,4,7.0,4.0,2.0,0.15347533444882264,0.0,mags_tuned,0.37620150000293506
wine,4,11.0,6.0,3.0,,,cart_tuned_depth,0.0124433000019053
wine,4,13.0,7.0,4.0,,,cart_pruned,0.008040600005188026
wine,4,21.0,11.0,4.0,,,noise_augmented_cart,0.0012789000029442832
wine,4,,,,,,random_forest,0.08132000000478001
wine,4,,,,,,extra_trees,0.053822499998204876
wine,4,,,,,,linear_svm,0.001032400003168732
wine,4,,,,,,rbf_svm,0.000847399998747278
wine,5,11.0,6.0,3.0,0.058335385360519895,0.0,matched_gini,0.012664200003200676
wine,5,11.0,6.0,3.0,0.07154560132839619,0.0,mags_fixed,0.023834800005715806
wine,5,11.0,6.0,3.0,0.07154560132839619,0.0,mags_binary_excluded,0.01628809999965597
wine,5,11.0,6.0,3.0,0.05997580009872148,0.0,matched_gini_unrestricted,0.02676130000327248
wine,5,11.0,6.0,3.0,0.106168600265205,0.0,mags_fixed_unrestricted,0.016859900002600625
wine,5,11.0,6.0,3.0,,,cart_fixed,0.0008156999974744394
wine,5,7.0,4.0,2.0,0.08290741943065644,0.0,mags_tuned,0.4505490000010468
wine,5,7.0,4.0,2.0,,,cart_tuned_depth,0.010373099998105317
wine,5,11.0,6.0,3.0,,,cart_pruned,0.005560199999308679
wine,5,13.0,7.0,3.0,,,noise_augmented_cart,0.0008181000011973083
wine,5,,,,,,random_forest,0.07001899999886518
wine,5,,,,,,extra_trees,0.05164910000166856
wine,5,,,,,,linear_svm,0.0008519999973941594
wine,5,,,,,,rbf_svm,0.0008246999932453036
wine,6,15.0,8.0,4.0,0.06020764980171883,0.0,matched_gini,0.014481300000625197
wine,6,15.0,8.0,4.0,0.07296612274015275,0.0,mags_fixed,0.01526709999598097
wine,6,15.0,8.0,4.0,0.07296612274015275,0.0,mags_binary_excluded,0.027353299999958836
wine,6,15.0,8.0,4.0,0.06903141256494709,0.0,matched_gini_unrestricted,0.03799589999835007
wine,6,15.0,8.0,4.0,0.10521286579835486,0.0,mags_fixed_unrestricted,0.036404400001629256
wine,6,15.0,8.0,4.0,,,cart_fixed,0.0009197000035783276
wine,6,15.0,8.0,4.0,0.07296612274015275,0.0,mags_tuned,0.5521886999995331
wine,6,13.0,7.0,3.0,,,cart_tuned_depth,0.009057599992956966
wine,6,15.0,8.0,4.0,,,cart_pruned,0.00672610000037821
wine,6,17.0,9.0,4.0,,,noise_augmented_cart,0.0009183000001939945
wine,6,,,,,,random_forest,0.05749320000177249
wine,6,,,,,,extra_trees,0.04660370000055991
wine,6,,,,,,linear_svm,0.0009605000013834797
wine,6,,,,,,rbf_svm,0.0008450000023003668
wine,7,15.0,8.0,4.0,0.07051048675263381,0.0,matched_gini,0.02117569999973057
wine,7,15.0,8.0,4.0,0.1634909816496755,0.0,mags_fixed,0.02404469999601133
wine,7,15.0,8.0,4.0,0.1634909816496755,0.0,mags_binary_excluded,0.023896200000308454
wine,7,11.0,6.0,4.0,0.08309468576486878,0.0,matched_gini_unrestricted,0.03088160000334028
wine,7,11.0,6.0,4.0,0.10326843093861393,0.0,mags_fixed_unrestricted,0.030566699999326374
wine,7,15.0,8.0,4.0,,,cart_fixed,0.0013671999986399896
wine,7,15.0,8.0,4.0,0.1634909816496755,0.0,mags_tuned,0.48088840000127675
wine,7,13.0,7.0,3.0,,,cart_tuned_depth,0.010059600004751701
wine,7,15.0,8.0,4.0,,,cart_pruned,0.006543099996633828
wine,7,11.0,6.0,4.0,,,noise_augmented_cart,0.0009222000007866882
wine,7,,,,,,random_forest,0.06909969999833265
wine,7,,,,,,extra_trees,0.046646200004033744
wine,7,,,,,,linear_svm,0.0009046999985002913
wine,7,,,,,,rbf_svm,0.0007935999965411611
wine,8,9.0,5.0,4.0,0.03304155041626482,0.0,matched_gini,0.014864000004308764
wine,8,9.0,5.0,4.0,0.02503031044462628,0.0,mags_fixed,0.018713600002229214
wine,8,9.0,5.0,4.0,0.02503031044462628,0.0,mags_binary_excluded,0.015976999995473307
wine,8,15.0,8.0,4.0,0.03415423207745001,0.0,matched_gini_unrestricted,0.032107500002894085
wine,8,15.0,8.0,4.0,0.04183300347402657,0.0,mags_fixed_unrestricted,0.041146200004732236
wine,8,9.0,5.0,4.0,,,cart_fixed,0.0008215000052587129
wine,8,9.0,5.0,3.0,0.039222692165457596,0.0,mags_tuned,0.4976556999972672
wine,8,7.0,4.0,3.0,,,cart_tuned_depth,0.00934419999975944
wine,8,9.0,5.0,4.0,,,cart_pruned,0.0048774000024423
wine,8,9.0,5.0,4.0,,,noise_augmented_cart,0.0008146999971359037
wine,8,,,,,,random_forest,0.062007699998503085
wine,8,,,,,,extra_trees,0.04296539999631932
wine,8,,,,,,linear_svm,0.0006989999965298921
wine,8,,,,,,rbf_svm,0.0006744999991497025
wine,9,13.0,7.0,4.0,0.048779773334615195,0.0,matched_gini,0.018333599997276906
wine,9,13.0,7.0,4.0,0.11160895866833771,0.0,mags_fixed,0.01639969999814639
wine,9,13.0,7.0,4.0,0.11160895866833771,0.0,mags_binary_excluded,0.017911099996126723
wine,9,15.0,8.0,4.0,0.07082162134650659,0.0,matched_gini_unrestricted,0.03126169999450212
wine,9,15.0,8.0,4.0,0.15006184049231855,0.0,mags_fixed_unrestricted,0.031127299997024238
wine,9,13.0,7.0,4.0,,,cart_fixed,0.0011702999981935136
wine,9,11.0,6.0,3.0,0.12050318856454947,0.0,mags_tuned,0.49069340000278316
wine,9,11.0,6.0,3.0,,,cart_tuned_depth,0.009075299996766262
wine,9,15.0,8.0,5.0,,,cart_pruned,0.00593010000011418
wine,9,15.0,8.0,4.0,,,noise_augmented_cart,0.0009156000014627352
wine,9,,,,,,random_forest,0.06179619999602437
wine,9,,,,,,extra_trees,0.041996399995696265
wine,9,,,,,,linear_svm,0.0008142000006046146
wine,9,,,,,,rbf_svm,0.000698499999998603
wine,10,15.0,8.0,4.0,0.04523321753616254,0.0,matched_gini,0.021817399996507447
wine,10,15.0,8.0,4.0,0.08615937827001555,0.0,mags_fixed,0.022913399996468797
wine,10,15.0,8.0,4.0,0.08615937827001555,0.0,mags_binary_excluded,0.022771500000089873
wine,10,15.0,8.0,4.0,0.04397726217865093,0.0,matched_gini_unrestricted,0.041810199996689335
wine,10,15.0,8.0,4.0,0.08631387409862815,0.0,mags_fixed_unrestricted,0.04081820000283187
wine,10,15.0,8.0,4.0,,,cart_fixed,0.0010240999981760979
wine,10,15.0,8.0,4.0,0.08615937827001555,0.0,mags_tuned,0.5311642000015127
wine,10,13.0,7.0,3.0,,,cart_tuned_depth,0.009223499997460749
wine,10,15.0,8.0,4.0,,,cart_pruned,0.0070210999983828515
wine,10,15.0,8.0,4.0,,,noise_augmented_cart,0.0009445000032428652
wine,10,,,,,,random_forest,0.06118550000246614
wine,10,,,,,,extra_trees,0.04126100000576116
wine,10,,,,,,linear_svm,0.0007184999994933605
wine,10,,,,,,rbf_svm,0.0007009999972069636
wine,11,17.0,9.0,4.0,0.04294754170078456,0.0,matched_gini,0.020123700000112876
wine,11,15.0,8.0,4.0,0.0957239181085766,0.0,mags_fixed,0.01939239999774145
wine,11,15.0,8.0,4.0,0.0957239181085766,0.0,mags_binary_excluded,0.01927310000610305
wine,11,13.0,7.0,3.0,0.04155039533396856,0.0,matched_gini_unrestricted,0.030954499998188112
wine,11,13.0,7.0,3.0,0.056876433129182204,0.0,mags_fixed_unrestricted,0.030915299998014234
wine,11,17.0,9.0,4.0,,,cart_fixed,0.0009284999978262931
wine,11,17.0,9.0,4.0,0.04294754170078456,0.0,mags_tuned,0.4414738999985275
wine,11,7.0,4.0,2.0,,,cart_tuned_depth,0.008507500002451707
wine,11,17.0,9.0,4.0,,,cart_pruned,0.005705700001271907
wine,11,15.0,8.0,4.0,,,noise_augmented_cart,0.0008490999971400015
wine,11,,,,,,random_forest,0.059029399999417365
wine,11,,,,,,extra_trees,0.04071200000180397
wine,11,,,,,,linear_svm,0.0007220999978017062
wine,11,,,,,,rbf_svm,0.0006333000055747107
wine,12,9.0,5.0,3.0,0.041572635610492625,0.0,matched_gini,0.015485799995076377
wine,12,9.0,5.0,3.0,0.041572635610492625,0.0,mags_fixed,0.016562699995120056
wine,12,9.0,5.0,3.0,0.041572635610492625,0.0,mags_binary_excluded,0.016217599993979093
wine,12,11.0,6.0,4.0,0.05252829024828405,0.0,matched_gini_unrestricted,0.024839199999405537
wine,12,11.0,6.0,4.0,0.061796582931210785,0.0,mags_fixed_unrestricted,0.023617800005013123
wine,12,9.0,5.0,3.0,,,cart_fixed,0.0008933999997680075
wine,12,7.0,4.0,2.0,0.04308450180164449,0.0,mags_tuned,0.4266487999993842
wine,12,9.0,5.0,3.0,,,cart_tuned_depth,0.008466999999654945
wine,12,9.0,5.0,3.0,,,cart_pruned,0.004476699999941047
wine,12,13.0,7.0,4.0,,,noise_augmented_cart,0.0008574000021326356
wine,12,,,,,,random_forest,0.0592599000010523
wine,12,,,,,,extra_trees,0.046217700000852346
wine,12,,,,,,linear_svm,0.0008194999973056838
wine,12,,,,,,rbf_svm,0.0006627999973716214
wine,13,9.0,5.0,3.0,0.018850113446780135,0.0,matched_gini,0.014952199999243021
wine,13,11.0,6.0,3.0,0.0560273397647979,0.0,mags_fixed,0.01598359999479726
wine,13,11.0,6.0,3.0,0.0560273397647979,0.0,mags_binary_excluded,0.01589840000087861
wine,13,9.0,5.0,3.0,0.01847730571831383,0.0,matched_gini_unrestricted,0.022846199994091876
wine,13,9.0,5.0,3.0,0.01847730571831383,0.0,mags_fixed_unrestricted,0.02294170000095619
wine,13,9.0,5.0,3.0,,,cart_fixed,0.0008383000022149645
wine,13,7.0,4.0,2.0,0.08351869397081314,0.0,mags_tuned,0.45221950000268407
wine,13,7.0,4.0,2.0,,,cart_tuned_depth,0.006433299997297581
wine,13,9.0,5.0,3.0,,,cart_pruned,0.02641379999840865
wine,13,13.0,7.0,4.0,,,noise_augmented_cart,0.001069500001904089
wine,13,,,,,,random_forest,0.05843710000044666
wine,13,,,,,,extra_trees,0.040333999997528736
wine,13,,,,,,linear_svm,0.0006906000053277239
wine,13,,,,,,rbf_svm,0.0006672999952570535
wine,14,11.0,6.0,3.0,0.034181483370049906,0.0,matched_gini,0.016290899999148678
wine,14,11.0,6.0,3.0,0.049023361361151305,0.0,mags_fixed,0.015879799997492228
wine,14,11.0,6.0,3.0,0.049023361361151305,0.0,mags_binary_excluded,0.01575349999620812
wine,14,11.0,6.0,3.0,0.05749728354897208,0.0,matched_gini_unrestricted,0.026426500000525266
wine,14,11.0,6.0,3.0,0.084235682026501,0.0,mags_fixed_unrestricted,0.026546099994448014
wine,14,11.0,6.0,3.0,,,cart_fixed,0.001054700005624909
wine,14,11.0,6.0,3.0,0.049023361361151305,0.0,mags_tuned,0.3764649000004283
wine,14,11.0,6.0,3.0,,,cart_tuned_depth,0.00933459999941988
wine,14,11.0,6.0,3.0,,,cart_pruned,0.0055309000017587095
wine,14,11.0,6.0,3.0,,,noise_augmented_cart,0.0007935000030556694
wine,14,,,,,,random_forest,0.05787440000131028
wine,14,,,,,,extra_trees,0.07107279999763705
wine,14,,,,,,linear_svm,0.0008031000033952296
wine,14,,,,,,rbf_svm,0.0006990999972913414
wine,15,9.0,5.0,4.0,0.06352640118924133,0.0,matched_gini,0.015400600001157727
wine,15,11.0,6.0,4.0,0.12188491308975032,0.0,mags_fixed,0.015273899996827822
wine,15,11.0,6.0,4.0,0.12188491308975032,0.0,mags_binary_excluded,0.015444699994986877
wine,15,13.0,7.0,4.0,0.0498956871709507,0.0,matched_gini_unrestricted,0.03457440000056522
wine,15,11.0,6.0,3.0,0.09402916003807119,0.0,mags_fixed_unrestricted,0.026755400002002716
wine,15,9.0,5.0,4.0,,,cart_fixed,0.0008464000056846999
wine,15,7.0,4.0,3.0,0.03631477147812828,0.0,mags_tuned,0.3904656000013347
wine,15,7.0,4.0,3.0,,,cart_tuned_depth,0.010491100001672748
wine,15,9.0,5.0,4.0,,,cart_pruned,0.004481899995880667
wine,15,15.0,8.0,4.0,,,noise_augmented_cart,0.0008204000041587278
wine,15,,,,,,random_forest,0.05867349999607541
wine,15,,,,,,extra_trees,0.04080999999860069
wine,15,,,,,,linear_svm,0.0006852000005892478
wine,15,,,,,,rbf_svm,0.0006759999960195273
wine,16,19.0,10.0,4.0,0.0676326393052511,0.0,matched_gini,0.022078900001361035
wine,16,19.0,10.0,4.0,0.09417204825979504,0.0,mags_fixed,0.019998299998405855
wine,16,19.0,10.0,4.0,0.09417204825979504,0.0,mags_binary_excluded,0.019752400003199
wine,16,19.0,10.0,4.0,0.05139702391631765,0.0,matched_gini_unrestricted,0.03506560000096215
wine,16,17.0,9.0,4.0,0.12946809855187658,0.0,mags_fixed_unrestricted,0.05026439999346621
wine,16,19.0,10.0,4.0,,,cart_fixed,0.0009167000025627203
wine,16,7.0,4.0,2.0,0.08914228483057875,0.0,mags_tuned,0.41791319999902043
wine,16,19.0,10.0,4.0,,,cart_tuned_depth,0.009099199996853713
wine,16,19.0,10.0,4.0,,,cart_pruned,0.005603699995845091
wine,16,15.0,8.0,4.0,,,noise_augmented_cart,0.0008693000054336153
wine,16,,,,,,random_forest,0.05850510000163922
wine,16,,,,,,extra_trees,0.0403574000010849
wine,16,,,,,,linear_svm,0.0007089999999152496
wine,16,,,,,,rbf_svm,0.0006418999982997775
wine,17,11.0,6.0,4.0,0.0322232825664147,0.0,matched_gini,0.021598499995889142
wine,17,11.0,6.0,4.0,0.03561809678721129,0.0,mags_fixed,0.01891089999844553
wine,17,11.0,6.0,4.0,0.03561809678721129,0.0,mags_binary_excluded,0.01680099999794038
wine,17,11.0,6.0,4.0,0.0322232825664147,0.0,matched_gini_unrestricted,0.02592509999522008
wine,17,11.0,6.0,4.0,0.06179964606092424,0.0,mags_fixed_unrestricted,0.031077299994649366
wine,17,11.0,6.0,4.0,,,cart_fixed,0.001417299994500354
wine,17,9.0,5.0,3.0,0.03446514971964629,0.0,mags_tuned,0.43121270000119694
wine,17,11.0,6.0,4.0,,,cart_tuned_depth,0.009119399997871369
wine,17,11.0,6.0,4.0,,,cart_pruned,0.005708600001526065
wine,17,15.0,8.0,4.0,,,noise_augmented_cart,0.0008030000026337802
wine,17,,,,,,random_forest,0.058305899998231325
wine,17,,,,,,extra_trees,0.040338799997698516
wine,17,,,,,,linear_svm,0.0007753000027150847
wine,17,,,,,,rbf_svm,0.0006674000032944605
wine,18,11.0,6.0,3.0,0.02931827531348132,0.0,matched_gini,0.015986900005373172
wine,18,13.0,7.0,3.0,0.12395332605166605,0.0,mags_fixed,0.017026300003635697
wine,18,13.0,7.0,3.0,0.12395332605166605,0.0,mags_binary_excluded,0.017221399997652043
wine,18,11.0,6.0,3.0,0.02931827531348132,0.0,matched_gini_unrestricted,0.026340799995523412
wine,18,13.0,7.0,3.0,0.12395332605166605,0.0,mags_fixed_unrestricted,0.030975100002251565
wine,18,11.0,6.0,3.0,,,cart_fixed,0.0008901999972295016
wine,18,7.0,4.0,2.0,0.14754478088293838,0.0,mags_tuned,0.3772434999991674
wine,18,7.0,4.0,2.0,,,cart_tuned_depth,0.0063592000005883165
wine,18,11.0,6.0,3.0,,,cart_pruned,0.004120899997360539
wine,18,17.0,9.0,4.0,,,noise_augmented_cart,0.0007033000001683831
wine,18,,,,,,random_forest,0.0550096000006306
wine,18,,,,,,extra_trees,0.0371582000007038
wine,18,,,,,,linear_svm,0.0005403000031947158
wine,18,,,,,,rbf_svm,0.0004985999985365197
wine,19,11.0,6.0,4.0,0.029016618443445247,0.0,matched_gini,0.022514599993883166
wine,19,11.0,6.0,4.0,0.05376758527808723,0.0,mags_fixed,0.01606500000343658
wine,19,11.0,6.0,4.0,0.05376758527808723,0.0,mags_binary_excluded,0.01613519999955315
wine,19,11.0,6.0,3.0,0.021783159131241507,0.0,matched_gini_unrestricted,0.027210799999011215
wine,19,11.0,6.0,3.0,0.029154335172774066,0.0,mags_fixed_unrestricted,0.027633999998215586
wine,19,11.0,6.0,4.0,,,cart_fixed,0.0029603000002680346
wine,19,7.0,4.0,2.0,0.025681404285863966,0.0,mags_tuned,0.3630377999943448
wine,19,7.0,4.0,2.0,,,cart_tuned_depth,0.008527400001185015
wine,19,11.0,6.0,4.0,,,cart_pruned,0.005484499997692183
wine,19,11.0,6.0,4.0,,,noise_augmented_cart,0.0008056999940890819
wine,19,,,,,,random_forest,0.05953600000066217
wine,19,,,,,,extra_trees,0.03441250000469154
wine,19,,,,,,linear_svm,0.0007141000023693778
wine,19,,,,,,rbf_svm,0.0006571000049007125
wine,20,13.0,7.0,4.0,0.07193134788031448,0.0,matched_gini,0.012831000000005588
wine,20,13.0,7.0,4.0,0.16175639340061024,0.0,mags_fixed,0.011069599997426849
wine,20,13.0,7.0,4.0,0.16175639340061024,0.0,mags_binary_excluded,0.014402799999515992
wine,20,13.0,7.0,4.0,0.05404476611613004,0.0,matched_gini_unrestricted,0.01926199999434175
wine,20,15.0,8.0,4.0,0.15848104196422647,0.0,mags_fixed_unrestricted,0.036598300001060124
wine,20,13.0,7.0,4.0,,,cart_fixed,0.0007508999988203868
wine,20,7.0,4.0,2.0,0.16986045415615955,0.0,mags_tuned,0.4310274999952526
wine,20,7.0,4.0,2.0,,,cart_tuned_depth,0.006562100003066007
wine,20,13.0,7.0,4.0,,,cart_pruned,0.004173499997705221
wine,20,15.0,8.0,4.0,,,noise_augmented_cart,0.0006448999993153848
wine,20,,,,,,random_forest,0.05928709999716375
wine,20,,,,,,extra_trees,0.040473700006259605
wine,20,,,,,,linear_svm,0.0007143999973777682
wine,20,,,,,,rbf_svm,0.0006706000058329664
wine,21,9.0,5.0,3.0,0.03196637636979083,0.0,matched_gini,0.01296100000035949
wine,21,9.0,5.0,3.0,0.03840993281334726,0.0,mags_fixed,0.01305560000037076
wine,21,9.0,5.0,3.0,0.03840993281334726,0.0,mags_binary_excluded,0.012295100001210812
wine,21,13.0,7.0,3.0,0.13166866856960752,0.0,matched_gini_unrestricted,0.02600469999742927
wine,21,13.0,7.0,3.0,0.1402407911506648,0.0,mags_fixed_unrestricted,0.027060799999162555
wine,21,9.0,5.0,3.0,,,cart_fixed,0.0008681000035721809
wine,21,9.0,5.0,3.0,0.03840993281334726,0.0,mags_tuned,0.4127738000024692
wine,21,5.0,3.0,2.0,,,cart_tuned_depth,0.008709200003067963
wine,21,9.0,5.0,3.0,,,cart_pruned,0.004519100002653431
wine,21,19.0,10.0,4.0,,,noise_augmented_cart,0.0009315999996033497
wine,21,,,,,,random_forest,0.058743599998706486
wine,21,,,,,,extra_trees,0.04047590000118362
wine,21,,,,,,linear_svm,0.0006788999962736852
wine,21,,,,,,rbf_svm,0.0006958000012673438
wine,22,9.0,5.0,3.0,0.04915374366699084,0.0,matched_gini,0.010172300004342105
wine,22,9.0,5.0,3.0,0.05362646102397581,0.0,mags_fixed,0.010603800001263153
wine,22,9.0,5.0,3.0,0.05362646102397581,0.0,mags_binary_excluded,0.01425089999975171
wine,22,9.0,5.0,3.0,0.025811243291797986,0.0,matched_gini_unrestricted,0.02282089999789605
wine,22,11.0,6.0,4.0,0.1253726747816323,0.0,mags_fixed_unrestricted,0.026305999999749474
wine,22,9.0,5.0,3.0,,,cart_fixed,0.0008658999940962531
wine,22,5.0,3.0,2.0,0.06489818198678958,0.0,mags_tuned,0.3430822000009357
wine,22,5.0,3.0,2.0,,,cart_tuned_depth,0.00879269999859389
wine,22,9.0,5.0,3.0,,,cart_pruned,0.005590799999481533
wine,22,13.0,7.0,4.0,,,noise_augmented_cart,0.000774300002376549
wine,22,,,,,,random_forest,0.060568499997316394
wine,22,,,,,,extra_trees,0.04078660000232048
wine,22,,,,,,linear_svm,0.0007603999983984977
wine,22,,,,,,rbf_svm,0.000636500000837259
wine,23,9.0,5.0,3.0,0.03671830661802348,0.0,matched_gini,0.015161800001806114
wine,23,13.0,7.0,4.0,0.15753639432355523,0.0,mags_fixed,0.01398959999642102
wine,23,13.0,7.0,4.0,0.15753639432355523,0.0,mags_binary_excluded,0.02752169999439502
wine,23,11.0,6.0,3.0,0.05946516838043344,0.0,matched_gini_unrestricted,0.027290399993944447
wine,23,11.0,6.0,3.0,0.08628201232441476,0.0,mags_fixed_unrestricted,0.02755359999719076
wine,23,9.0,5.0,3.0,,,cart_fixed,0.0008705000000190921
wine,23,7.0,4.0,2.0,0.1149341933922362,0.0,mags_tuned,0.36643950000143377
wine,23,7.0,4.0,2.0,,,cart_tuned_depth,0.008735600000363775
wine,23,9.0,5.0,3.0,,,cart_pruned,0.005499799997778609
wine,23,11.0,6.0,3.0,,,noise_augmented_cart,0.0007923000011942349
wine,23,,,,,,random_forest,0.05828509999992093
wine,23,,,,,,extra_trees,0.040111700000124983
wine,23,,,,,,linear_svm,0.0007007000021985732
wine,23,,,,,,rbf_svm,0.0006533999985549599
wine,24,11.0,6.0,3.0,0.013953597487062814,0.0,matched_gini,0.01719250000314787
wine,24,11.0,6.0,3.0,0.09614008504989449,0.0,mags_fixed,0.012807999999495223
wine,24,11.0,6.0,3.0,0.09614008504989449,0.0,mags_binary_excluded,0.01143920000322396
wine,24,11.0,6.0,4.0,0.023738296625557577,0.0,matched_gini_unrestricted,0.021750100000645034
wine,24,13.0,7.0,4.0,0.12040187194397932,0.0,mags_fixed_unrestricted,0.02669420000165701
wine,24,11.0,6.0,3.0,,,cart_fixed,0.001000299998850096
wine,24,11.0,6.0,3.0,0.09614008504989449,0.0,mags_tuned,0.39787970000179484
wine,24,7.0,4.0,2.0,,,cart_tuned_depth,0.008711199996469077
wine,24,11.0,6.0,3.0,,,cart_pruned,0.005519300000742078
wine,24,19.0,10.0,4.0,,,noise_augmented_cart,0.0009005999963846989
wine,24,,,,,,random_forest,0.05780159999994794
wine,24,,,,,,extra_trees,0.040103900006215554
wine,24,,,,,,linear_svm,0.0007333999965339899
wine,24,,,,,,rbf_svm,0.0006533000050694682
wine,25,13.0,7.0,3.0,0.0776179331868689,0.0,matched_gini,0.01754139999684412
wine,25,13.0,7.0,3.0,0.11648363362943026,0.0,mags_fixed,0.017544599999382626
wine,25,13.0,7.0,3.0,0.11648363362943026,0.0,mags_binary_excluded,0.01424330000008922
wine,25,13.0,7.0,3.0,0.04229127923752351,0.0,matched_gini_unrestricted,0.022505000000819564
wine,25,13.0,7.0,3.0,0.09546813815060108,0.0,mags_fixed_unrestricted,0.03876899999886518
wine,25,13.0,7.0,3.0,,,cart_fixed,0.0009196000028168783
wine,25,7.0,4.0,2.0,0.12497046507752724,0.0,mags_tuned,0.37756570000055945
wine,25,7.0,4.0,2.0,,,cart_tuned_depth,0.008672000003571156
wine,25,13.0,7.0,3.0,,,cart_pruned,0.005597200004558545
wine,25,15.0,8.0,4.0,,,noise_augmented_cart,0.0009170000048470683
wine,25,,,,,,random_forest,0.05470700000296347
wine,25,,,,,,extra_trees,0.03207750000001397
wine,25,,,,,,linear_svm,0.0004894000012427568
wine,25,,,,,,rbf_svm,0.0005155999970156699
wine,26,15.0,8.0,4.0,0.05088900755353611,0.0,matched_gini,0.018291899999894667
wine,26,15.0,8.0,4.0,0.06272031858111367,0.0,mags_fixed,0.02294629999960307
wine,26,15.0,8.0,4.0,0.06272031858111367,0.0,mags_binary_excluded,0.02518269999563927
wine,26,11.0,6.0,3.0,0.0283975536153953,0.0,matched_gini_unrestricted,0.02667959999962477
wine,26,11.0,6.0,3.0,0.029150945981579485,0.0,mags_fixed_unrestricted,0.02661949999310309
wine,26,13.0,7.0,3.0,,,cart_fixed,0.0009000999998534098
wine,26,7.0,4.0,2.0,0.16500033816139356,0.0,mags_tuned,0.4284516999978223
wine,26,13.0,7.0,3.0,,,cart_tuned_depth,0.008878700005880091
wine,26,13.0,7.0,3.0,,,cart_pruned,0.003531700000166893
wine,26,17.0,9.0,4.0,,,noise_augmented_cart,0.0008818999995128252
wine,26,,,,,,random_forest,0.05836519999866141
wine,26,,,,,,extra_trees,0.04025969999929657
wine,26,,,,,,linear_svm,0.0007748999996692874
wine,26,,,,,,rbf_svm,0.0006533999985549599
wine,27,17.0,9.0,4.0,0.042643285969640427,0.0,matched_gini,0.030941599994548596
wine,27,13.0,7.0,4.0,0.09509632975235245,0.0,mags_fixed,0.011862100000143982
wine,27,13.0,7.0,4.0,0.09509632975235245,0.0,mags_binary_excluded,0.011875000003783498
wine,27,17.0,9.0,4.0,0.06305803852534847,0.0,matched_gini_unrestricted,0.03179860000091139
wine,27,15.0,8.0,4.0,0.12362670944367946,0.0,mags_fixed_unrestricted,0.03191010000591632
wine,27,17.0,9.0,4.0,,,cart_fixed,0.0010932000004686415
wine,27,15.0,8.0,5.0,0.11842927782946422,0.0,mags_tuned,0.45829430000594584
wine,27,15.0,8.0,3.0,,,cart_tuned_depth,0.008512600004905835
wine,27,17.0,9.0,4.0,,,cart_pruned,0.00667539999994915
wine,27,15.0,8.0,4.0,,,noise_augmented_cart,0.0008811999941826798
wine,27,,,,,,random_forest,0.05803590000141412
wine,27,,,,,,extra_trees,0.04024159999971744
wine,27,,,,,,linear_svm,0.0006694999974570237
wine,27,,,,,,rbf_svm,0.0006307000003289431
wine,28,11.0,6.0,3.0,0.058834388910685986,0.0,matched_gini,0.015126599995710421
wine,28,11.0,6.0,3.0,0.058834388910685986,0.0,mags_fixed,0.015045100000861567
wine,28,11.0,6.0,3.0,0.058834388910685986,0.0,mags_binary_excluded,0.014899800000421237
wine,28,11.0,6.0,3.0,0.05824820241907262,0.0,matched_gini_unrestricted,0.02338189999863971
wine,28,11.0,6.0,3.0,0.05824820241907262,0.0,mags_fixed_unrestricted,0.023429599998053163
wine,28,11.0,6.0,3.0,,,cart_fixed,0.0008642000029794872
wine,28,11.0,6.0,3.0,0.058834388910685986,0.0,mags_tuned,0.4001399999979185
wine,28,7.0,4.0,2.0,,,cart_tuned_depth,0.008714799994777422
wine,28,11.0,6.0,3.0,,,cart_pruned,0.004496100002143066
wine,28,11.0,6.0,3.0,,,noise_augmented_cart,0.000766799996199552
wine,28,,,,,,random_forest,0.05795680000301218
wine,28,,,,,,extra_trees,0.04151350000029197
wine,28,,,,,,linear_svm,0.000654199997370597
wine,28,,,,,,rbf_svm,0.0006446999977924861
wine,29,13.0,7.0,4.0,0.031207528576477184,0.0,matched_gini,0.018568600004073232
wine,29,13.0,7.0,4.0,0.03868785958621997,0.0,mags_fixed,0.018329099999391474
wine,29,13.0,7.0,4.0,0.03868785958621997,0.0,mags_binary_excluded,0.018399100001261104
wine,29,11.0,6.0,4.0,0.020232854758004647,0.0,matched_gini_unrestricted,0.027962899999693036
wine,29,11.0,6.0,4.0,0.03654039063849427,0.0,mags_fixed_unrestricted,0.027817100002721418
wine,29,13.0,7.0,4.0,,,cart_fixed,0.0010891999991144985
wine,29,5.0,3.0,2.0,0.01797667382546127,0.0,mags_tuned,0.4299280000050203
wine,29,11.0,6.0,3.0,,,cart_tuned_depth,0.008995199998025782
wine,29,13.0,7.0,4.0,,,cart_pruned,0.006733099995472003
wine,29,15.0,8.0,4.0,,,noise_augmented_cart,0.0009148000026470982
wine,29,,,,,,random_forest,0.05985580000560731
wine,29,,,,,,extra_trees,0.040694799994525965
wine,29,,,,,,linear_svm,0.0007465000016964041
wine,29,,,,,,rbf_svm,0.0006690000009257346
